Unity Editor version:    2022.3.62f2 (7670c08855a9)
Branch:                  2022.3/respin/2022.3.62f2-4af31df585-v2
Build type:              Release
Batch mode:              YES
macOS version:           Version 26.5.2 (Build 25F84)
Darwin version:          25.5.0
Architecture:            arm64
Running under Rosetta:   NO
Available memory:        16384 MB
[Licensing::Module] Trying to connect to existing licensing client channel...
[Licensing::IpcConnector] Successfully connected to: "LicenseClient-ah" at "2026-08-28T13:49:02.178448Z"
[Licensing::Client] Code 10 while verifying Licensing Client signature (process Id: 1178, path: "/Applications/Unity Hub.app/Contents/Frameworks/UnityLicensingClient_V1.app/Contents/MacOS/Unity.Licensing.Client")
[Licensing::Module] LicensingClient has failed validation; ignoring
[Licensing::Client] Handshaking with LicensingClient:
  Version:                 1.17.4+4293ba1
  Session Id:              3744589cfb5347a78d49d1acdb9d998f
  Correlation Id:          23bec5edb52c04c3c14770915b66c008
  External correlation Id: 7924550173932554303
  Machine Id:              QTbwZpmVHn8IER/kXaS7sHTplvE=
[Licensing::Module] Successfully connected to LicensingClient on channel: "LicenseClient-ah" (connect: 0.00s, validation: 0.01s, handshake: 0.32s)
[Licensing::IpcConnector] Successfully connected to: "LicenseClient-ah-notifications" at "2026-08-28T13:49:02.511628Z"
[Licensing::Module] Error: Access token is unavailable; failed to update
[Licensing::Client] Successfully updated license
[Licensing::Client] Successfully resolved entitlement details
[Licensing::Module] Serial number assigned to: "1375968193622-UnityPersXXXX"
Pro License: NO
[Licensing::Client] Successfully resolved entitlement details
Launching external process: /Applications/Unity/Hub/Editor/2022.3.62f2/Unity.app/Contents/Resources/PackageManager/Server/UnityPackageManager

COMMAND LINE ARGUMENTS:
/Applications/Unity/Hub/Editor/2022.3.62f2/Unity.app/Contents/MacOS/Unity
-projectPath
/Users/ah/GitHub/hybridclr/hybridclr_demo_shadow
-batchmode
-quit
-logFile
/Users/ah/GitHub/hybridclr/hybridclr_demo_shadow/_temp/UnityExec_20260828_064902.log
-executeMethod
AssemblyShadowDemo.Editor.M05RawTypeAdmissionBuild.Generate
Successfully changed project path to: /Users/ah/GitHub/hybridclr/hybridclr_demo_shadow
/Users/ah/GitHub/hybridclr/hybridclr_demo_shadow
[UnityMemory] Configuration Parameters - Can be set up in boot.config
    "memorysetup-bucket-allocator-granularity=16"
    "memorysetup-bucket-allocator-bucket-count=8"
    "memorysetup-bucket-allocator-block-size=33554432"
    "memorysetup-bucket-allocator-block-count=8"
    "memorysetup-main-allocator-block-size=16777216"
    "memorysetup-thread-allocator-block-size=16777216"
    "memorysetup-gfx-main-allocator-block-size=16777216"
    "memorysetup-gfx-thread-allocator-block-size=16777216"
    "memorysetup-cache-allocator-block-size=4194304"
    "memorysetup-typetree-allocator-block-size=2097152"
    "memorysetup-profiler-bucket-allocator-granularity=16"
    "memorysetup-profiler-bucket-allocator-bucket-count=8"
    "memorysetup-profiler-bucket-allocator-block-size=33554432"
    "memorysetup-profiler-bucket-allocator-block-count=8"
    "memorysetup-profiler-allocator-block-size=16777216"
    "memorysetup-profiler-editor-allocator-block-size=1048576"
    "memorysetup-temp-allocator-size-main=16777216"
    "memorysetup-job-temp-allocator-block-size=2097152"
    "memorysetup-job-temp-allocator-block-size-background=1048576"
    "memorysetup-job-temp-allocator-reduction-small-platforms=262144"
    "memorysetup-allocator-temp-initial-block-size-main=262144"
    "memorysetup-allocator-temp-initial-block-size-worker=262144"
    "memorysetup-temp-allocator-size-background-worker=32768"
    "memorysetup-temp-allocator-size-job-worker=262144"
    "memorysetup-temp-allocator-size-preload-manager=33554432"
    "memorysetup-temp-allocator-size-nav-mesh-worker=65536"
    "memorysetup-temp-allocator-size-audio-worker=65536"
    "memorysetup-temp-allocator-size-cloud-worker=32768"
    "memorysetup-temp-allocator-size-gi-baking-worker=262144"
    "memorysetup-temp-allocator-size-gfx=262144"
Player connection [8416632192]  Target information:

Player connection [8416632192]  * "[IP] 192.168.1.54 [Port] 55505 [Flags] 2 [Guid] 46117363 [EditorId] 46117363 [Version] 1048832 [Id] OSXEditor(0,Mac) [Debug] 1 [PackageName] OSXEditor [ProjectName] Editor" 

Player connection [8416632192] Host joined multi-casting on [225.0.0.222:54997]...
Player connection [8416632192] Host joined alternative multi-casting on [225.0.0.222:34997]...
Input System module state changed to: Initialized.
[PhysX] Initialized MultithreadedTaskDispatcher with 10 workers.
[Package Manager] UpmClient::Connect -- Connected to IPC stream "Upm-11401" after 0.5 seconds.
[Package Manager] Restoring resolved packages state from cache
[Licensing::Client] Successfully resolved entitlement details
[Package Manager] Registered 62 packages:
  Packages from [https://packages.unity.com]:
    com.unity.collab-proxy@2.7.1 (location: /Users/ah/GitHub/hybridclr/hybridclr_demo_shadow/Library/PackageCache/com.unity.collab-proxy@2.7.1)
    com.unity.ide.rider@3.0.36 (location: /Users/ah/GitHub/hybridclr/hybridclr_demo_shadow/Library/PackageCache/com.unity.ide.rider@3.0.36)
    com.unity.ide.visualstudio@2.0.22 (location: /Users/ah/GitHub/hybridclr/hybridclr_demo_shadow/Library/PackageCache/com.unity.ide.visualstudio@2.0.22)
    com.unity.test-framework@1.1.33 (location: /Users/ah/GitHub/hybridclr/hybridclr_demo_shadow/Library/PackageCache/com.unity.test-framework@1.1.33)
    com.unity.textmeshpro@3.0.7 (location: /Users/ah/GitHub/hybridclr/hybridclr_demo_shadow/Library/PackageCache/com.unity.textmeshpro@3.0.7)
    com.unity.timeline@1.7.7 (location: /Users/ah/GitHub/hybridclr/hybridclr_demo_shadow/Library/PackageCache/com.unity.timeline@1.7.7)
    com.unity.visualscripting@1.9.4 (location: /Users/ah/GitHub/hybridclr/hybridclr_demo_shadow/Library/PackageCache/com.unity.visualscripting@1.9.4)
    com.unity.ext.nunit@1.0.6 (location: /Users/ah/GitHub/hybridclr/hybridclr_demo_shadow/Library/PackageCache/com.unity.ext.nunit@1.0.6)
    com.unity.mathematics@1.2.6 (location: /Users/ah/GitHub/hybridclr/hybridclr_demo_shadow/Library/PackageCache/com.unity.mathematics@1.2.6)
    com.unity.burst@1.8.21 (location: /Users/ah/GitHub/hybridclr/hybridclr_demo_shadow/Library/PackageCache/com.unity.burst@1.8.21)
    com.unity.2d.animation@9.2.0 (location: /Users/ah/GitHub/hybridclr/hybridclr_demo_shadow/Library/PackageCache/com.unity.2d.animation@9.2.0)
    com.unity.2d.pixel-perfect@5.1.0 (location: /Users/ah/GitHub/hybridclr/hybridclr_demo_shadow/Library/PackageCache/com.unity.2d.pixel-perfect@5.1.0)
    com.unity.2d.psdimporter@8.1.0 (location: /Users/ah/GitHub/hybridclr/hybridclr_demo_shadow/Library/PackageCache/com.unity.2d.psdimporter@8.1.0)
    com.unity.2d.spriteshape@9.1.0 (location: /Users/ah/GitHub/hybridclr/hybridclr_demo_shadow/Library/PackageCache/com.unity.2d.spriteshape@9.1.0)
    com.unity.2d.tilemap.extras@3.1.3 (location: /Users/ah/GitHub/hybridclr/hybridclr_demo_shadow/Library/PackageCache/com.unity.2d.tilemap.extras@3.1.3)
    com.unity.2d.aseprite@1.1.9 (location: /Users/ah/GitHub/hybridclr/hybridclr_demo_shadow/Library/PackageCache/com.unity.2d.aseprite@1.1.9)
    com.unity.nuget.newtonsoft-json@3.2.1 (location: /Users/ah/GitHub/hybridclr/hybridclr_demo_shadow/Library/PackageCache/com.unity.nuget.newtonsoft-json@3.2.1)
    com.unity.searcher@4.9.2 (location: /Users/ah/GitHub/hybridclr/hybridclr_demo_shadow/Library/PackageCache/com.unity.searcher@4.9.2)
    com.unity.2d.common@8.1.0 (location: /Users/ah/GitHub/hybridclr/hybridclr_demo_shadow/Library/PackageCache/com.unity.2d.common@8.1.0)
    com.unity.collections@1.2.4 (location: /Users/ah/GitHub/hybridclr/hybridclr_demo_shadow/Library/PackageCache/com.unity.collections@1.2.4)
  Built-in packages:
    com.unity.feature.2d@2.0.1 (location: /Users/ah/GitHub/hybridclr/hybridclr_demo_shadow/Library/PackageCache/com.unity.feature.2d@2.0.1)
    com.unity.render-pipelines.universal@14.0.12 (location: /Users/ah/GitHub/hybridclr/hybridclr_demo_shadow/Library/PackageCache/com.unity.render-pipelines.universal@14.0.12)
    com.unity.ugui@1.0.0 (location: /Users/ah/GitHub/hybridclr/hybridclr_demo_shadow/Library/PackageCache/com.unity.ugui@1.0.0)
    com.unity.modules.ai@1.0.0 (location: /Users/ah/GitHub/hybridclr/hybridclr_demo_shadow/Library/PackageCache/com.unity.modules.ai@1.0.0)
    com.unity.modules.androidjni@1.0.0 (location: /Users/ah/GitHub/hybridclr/hybridclr_demo_shadow/Library/PackageCache/com.unity.modules.androidjni@1.0.0)
    com.unity.modules.animation@1.0.0 (location: /Users/ah/GitHub/hybridclr/hybridclr_demo_shadow/Library/PackageCache/com.unity.modules.animation@1.0.0)
    com.unity.modules.assetbundle@1.0.0 (location: /Users/ah/GitHub/hybridclr/hybridclr_demo_shadow/Library/PackageCache/com.unity.modules.assetbundle@1.0.0)
    com.unity.modules.audio@1.0.0 (location: /Users/ah/GitHub/hybridclr/hybridclr_demo_shadow/Library/PackageCache/com.unity.modules.audio@1.0.0)
    com.unity.modules.cloth@1.0.0 (location: /Users/ah/GitHub/hybridclr/hybridclr_demo_shadow/Library/PackageCache/com.unity.modules.cloth@1.0.0)
    com.unity.modules.director@1.0.0 (location: /Users/ah/GitHub/hybridclr/hybridclr_demo_shadow/Library/PackageCache/com.unity.modules.director@1.0.0)
    com.unity.modules.imageconversion@1.0.0 (location: /Users/ah/GitHub/hybridclr/hybridclr_demo_shadow/Library/PackageCache/com.unity.modules.imageconversion@1.0.0)
    com.unity.modules.imgui@1.0.0 (location: /Users/ah/GitHub/hybridclr/hybridclr_demo_shadow/Library/PackageCache/com.unity.modules.imgui@1.0.0)
    com.unity.modules.jsonserialize@1.0.0 (location: /Users/ah/GitHub/hybridclr/hybridclr_demo_shadow/Library/PackageCache/com.unity.modules.jsonserialize@1.0.0)
    com.unity.modules.particlesystem@1.0.0 (location: /Users/ah/GitHub/hybridclr/hybridclr_demo_shadow/Library/PackageCache/com.unity.modules.particlesystem@1.0.0)
    com.unity.modules.physics@1.0.0 (location: /Users/ah/GitHub/hybridclr/hybridclr_demo_shadow/Library/PackageCache/com.unity.modules.physics@1.0.0)
    com.unity.modules.physics2d@1.0.0 (location: /Users/ah/GitHub/hybridclr/hybridclr_demo_shadow/Library/PackageCache/com.unity.modules.physics2d@1.0.0)
    com.unity.modules.screencapture@1.0.0 (location: /Users/ah/GitHub/hybridclr/hybridclr_demo_shadow/Library/PackageCache/com.unity.modules.screencapture@1.0.0)
    com.unity.modules.terrain@1.0.0 (location: /Users/ah/GitHub/hybridclr/hybridclr_demo_shadow/Library/PackageCache/com.unity.modules.terrain@1.0.0)
    com.unity.modules.terrainphysics@1.0.0 (location: /Users/ah/GitHub/hybridclr/hybridclr_demo_shadow/Library/PackageCache/com.unity.modules.terrainphysics@1.0.0)
    com.unity.modules.tilemap@1.0.0 (location: /Users/ah/GitHub/hybridclr/hybridclr_demo_shadow/Library/PackageCache/com.unity.modules.tilemap@1.0.0)
    com.unity.modules.ui@1.0.0 (location: /Users/ah/GitHub/hybridclr/hybridclr_demo_shadow/Library/PackageCache/com.unity.modules.ui@1.0.0)
    com.unity.modules.uielements@1.0.0 (location: /Users/ah/GitHub/hybridclr/hybridclr_demo_shadow/Library/PackageCache/com.unity.modules.uielements@1.0.0)
    com.unity.modules.umbra@1.0.0 (location: /Users/ah/GitHub/hybridclr/hybridclr_demo_shadow/Library/PackageCache/com.unity.modules.umbra@1.0.0)
    com.unity.modules.unityanalytics@1.0.0 (location: /Users/ah/GitHub/hybridclr/hybridclr_demo_shadow/Library/PackageCache/com.unity.modules.unityanalytics@1.0.0)
    com.unity.modules.unitywebrequest@1.0.0 (location: /Users/ah/GitHub/hybridclr/hybridclr_demo_shadow/Library/PackageCache/com.unity.modules.unitywebrequest@1.0.0)
    com.unity.modules.unitywebrequestassetbundle@1.0.0 (location: /Users/ah/GitHub/hybridclr/hybridclr_demo_shadow/Library/PackageCache/com.unity.modules.unitywebrequestassetbundle@1.0.0)
    com.unity.modules.unitywebrequestaudio@1.0.0 (location: /Users/ah/GitHub/hybridclr/hybridclr_demo_shadow/Library/PackageCache/com.unity.modules.unitywebrequestaudio@1.0.0)
    com.unity.modules.unitywebrequesttexture@1.0.0 (location: /Users/ah/GitHub/hybridclr/hybridclr_demo_shadow/Library/PackageCache/com.unity.modules.unitywebrequesttexture@1.0.0)
    com.unity.modules.unitywebrequestwww@1.0.0 (location: /Users/ah/GitHub/hybridclr/hybridclr_demo_shadow/Library/PackageCache/com.unity.modules.unitywebrequestwww@1.0.0)
    com.unity.modules.vehicles@1.0.0 (location: /Users/ah/GitHub/hybridclr/hybridclr_demo_shadow/Library/PackageCache/com.unity.modules.vehicles@1.0.0)
    com.unity.modules.video@1.0.0 (location: /Users/ah/GitHub/hybridclr/hybridclr_demo_shadow/Library/PackageCache/com.unity.modules.video@1.0.0)
    com.unity.modules.vr@1.0.0 (location: /Users/ah/GitHub/hybridclr/hybridclr_demo_shadow/Library/PackageCache/com.unity.modules.vr@1.0.0)
    com.unity.modules.wind@1.0.0 (location: /Users/ah/GitHub/hybridclr/hybridclr_demo_shadow/Library/PackageCache/com.unity.modules.wind@1.0.0)
    com.unity.modules.xr@1.0.0 (location: /Users/ah/GitHub/hybridclr/hybridclr_demo_shadow/Library/PackageCache/com.unity.modules.xr@1.0.0)
    com.unity.modules.subsystems@1.0.0 (location: /Users/ah/GitHub/hybridclr/hybridclr_demo_shadow/Library/PackageCache/com.unity.modules.subsystems@1.0.0)
    com.unity.render-pipelines.core@14.0.12 (location: /Users/ah/GitHub/hybridclr/hybridclr_demo_shadow/Library/PackageCache/com.unity.render-pipelines.core@14.0.12)
    com.unity.shadergraph@14.0.12 (location: /Users/ah/GitHub/hybridclr/hybridclr_demo_shadow/Library/PackageCache/com.unity.shadergraph@14.0.12)
    com.unity.render-pipelines.universal-config@14.0.10 (location: /Users/ah/GitHub/hybridclr/hybridclr_demo_shadow/Library/PackageCache/com.unity.render-pipelines.universal-config@14.0.10)
    com.unity.2d.sprite@1.0.0 (location: /Users/ah/GitHub/hybridclr/hybridclr_demo_shadow/Library/PackageCache/com.unity.2d.sprite@1.0.0)
    com.unity.2d.tilemap@1.0.0 (location: /Users/ah/GitHub/hybridclr/hybridclr_demo_shadow/Library/PackageCache/com.unity.2d.tilemap@1.0.0)
  Embedded packages:
    com.coplaydev.unity-mcp@file:/Users/ah/GitHub/hybridclr/hybridclr_demo_shadow/Packages/com.coplaydev.unity-mcp (location: /Users/ah/GitHub/hybridclr/hybridclr_demo_shadow/Packages/com.coplaydev.unity-mcp)
  Local packages:
    com.code-philosophy.hybridclr@file:/Users/ah/GitHub/hybridclr/hybridclr_unity (location: /Users/ah/GitHub/hybridclr/hybridclr_unity)
[Subsystems] No new subsystems found in resolved package list.
Package Manager log level set to [2]
[Package Manager] Done registering packages in 0.13 seconds
Refreshing native plugins compatible for Editor in 6.83 ms, found 7 plugins.
Preloading 0 native plugins for Editor in 0.00 ms.
Initialize engine version: 2022.3.62f2 (7670c08855a9)
[Subsystems] Discovering subsystems at path /Applications/Unity/Hub/Editor/2022.3.62f2/Unity.app/Contents/Resources/UnitySubsystems
[Subsystems] Discovering subsystems at path /Users/ah/GitHub/hybridclr/hybridclr_demo_shadow/Assets
GfxDevice: creating device client; threaded=0; jobified=0
 preferred device: Apple M4 (high power)
Metal devices available: 1
0: Apple M4 (high power)
Using device Apple M4 (high power)
Initializing Metal device caps: Apple M4
[Licensing::Client] Successfully resolved entitlement details
Initialize mono
Mono path[0] = '/Applications/Unity/Hub/Editor/2022.3.62f2/Unity.app/Contents/Managed'
Mono path[1] = '/Applications/Unity/Hub/Editor/2022.3.62f2/Unity.app/Contents/MonoBleedingEdge/lib/mono/unityjit-macos'
Mono config path = '/Applications/Unity/Hub/Editor/2022.3.62f2/Unity.app/Contents/MonoBleedingEdge/etc'
Using monoOptions --debugger-agent=transport=dt_socket,embedding=1,server=y,suspend=n,address=127.0.0.1:56401
Using cacheserver namespaces - metadata:defaultmetadata, artifacts:defaultartifacts
Using cacheserver namespaces - metadata:defaultmetadata, artifacts:defaultartifacts
ImportWorker Server TCP listen port: 0
Begin MonoManager ReloadAssembly
Registering precompiled unity dll's ...
Register platform support module: /Applications/Unity/Hub/Editor/2022.3.62f2/Unity.app/Contents/PlaybackEngines/MacStandaloneSupport/UnityEditor.OSXStandalone.Extensions.dll
[Licensing::Client] Successfully resolved entitlement details
Register platform support module: /Applications/Unity/Hub/Editor/2022.3.62f2/PlaybackEngines/AndroidPlayer/UnityEditor.Android.Extensions.dll
[Licensing::Client] Successfully resolved entitlement details
Register platform support module: /Applications/Unity/Hub/Editor/2022.3.62f2/PlaybackEngines/iOSSupport/UnityEditor.iOS.Extensions.dll
Registered in 0.025241 seconds.
- Loaded All Assemblies, in  0.284 seconds
[usbmuxd] Start listen thread
[usbmuxd] Listen thread started
[usbmuxd] Send listen message
Native extension for iOS target not found
Native extension for Android target not found
Android Extension - Scanning For ADB Devices 187 ms
Native extension for OSXStandalone target not found
Mono: successfully reloaded assembly
- Finished resetting the current domain, in  0.462 seconds
Domain Reload Profiling: 746ms
	BeginReloadAssembly (60ms)
		ExecutionOrderSort (0ms)
		DisableScriptedObjects (0ms)
		BackupInstance (0ms)
		ReleaseScriptingObjects (0ms)
		CreateAndSetChildDomain (1ms)
	RebuildCommonClasses (28ms)
	RebuildNativeTypeToScriptingClass (10ms)
	initialDomainReloadingComplete (63ms)
	LoadAllAssembliesAndSetupDomain (123ms)
		LoadAssemblies (59ms)
		RebuildTransferFunctionScriptingTraits (0ms)
		AnalyzeDomain (122ms)
			TypeCache.Refresh (120ms)
				TypeCache.ScanAssembly (106ms)
			ScanForSourceGeneratedMonoScriptInfo (0ms)
			ResolveRequiredComponents (0ms)
	FinalizeReload (462ms)
		ReleaseScriptCaches (0ms)
		RebuildScriptCaches (0ms)
		SetupLoadedEditorAssemblies (423ms)
			LogAssemblyErrors (0ms)
			InitializePlatformSupportModulesInManaged (308ms)
			SetLoadedEditorAssemblies (4ms)
			RefreshPlugins (0ms)
			BeforeProcessingInitializeOnLoad (2ms)
			ProcessInitializeOnLoadAttributes (79ms)
			ProcessInitializeOnLoadMethodAttributes (31ms)
			AfterProcessingInitializeOnLoad (0ms)
			EditorAssembliesLoaded (0ms)
		ExecutionOrderSort2 (0ms)
		AwakeInstancesAfterBackupRestoration (0ms)
[Licensing::Client] Successfully resolved entitlement details
Application.AssetDatabase Initial Refresh Start
[40m[32minfo[39m[22m[49m: Microsoft.Hosting.Lifetime[14]
      Now listening on: http://unix:/tmp/ilpp.sock-6bfb419590cbbc64989d39d95a4e287a
[40m[32minfo[39m[22m[49m: Microsoft.Hosting.Lifetime[0]
      Application started. Press Ctrl+C to shut down.
[40m[32minfo[39m[22m[49m: Microsoft.Hosting.Lifetime[0]
      Hosting environment: Production
[40m[32minfo[39m[22m[49m: Microsoft.Hosting.Lifetime[0]
      Content root path: /Users/ah/GitHub/hybridclr/hybridclr_demo_shadow/
[40m[32minfo[39m[22m[49m: Microsoft.AspNetCore.Hosting.Diagnostics[1]
      Request starting HTTP/2 POST http://ilpp/UnityILPP.PostProcessing/Ping application/grpc -
[40m[32minfo[39m[22m[49m: Microsoft.AspNetCore.Routing.EndpointMiddleware[0]
      Executing endpoint 'gRPC - /UnityILPP.PostProcessing/Ping'
[40m[32minfo[39m[22m[49m: Microsoft.AspNetCore.Routing.EndpointMiddleware[1]
      Executed endpoint 'gRPC - /UnityILPP.PostProcessing/Ping'
[40m[32minfo[39m[22m[49m: Microsoft.AspNetCore.Hosting.Diagnostics[2]
      Request finished HTTP/2 POST http://ilpp/UnityILPP.PostProcessing/Ping application/grpc - - 200 - application/grpc 33.9583ms
Starting: /Applications/Unity/Hub/Editor/2022.3.62f2/Unity.app/Contents/bee_backend --ipc --defer-dag-verification --dagfile="Library/Bee/200b0aE.dag" --continue-on-failure --profile="Library/Bee/backend1.traceevents" ScriptAssemblies
WorkingDir: /Users/ah/GitHub/hybridclr/hybridclr_demo_shadow
DisplayProgressbar: Compiling Scripts
[40m[32minfo[39m[22m[49m: Microsoft.AspNetCore.Hosting.Diagnostics[1]
      Request starting HTTP/2 POST http://ilpp/UnityILPP.PostProcessing/ConfigurePostProcessors application/grpc -
[40m[32minfo[39m[22m[49m: Microsoft.AspNetCore.Routing.EndpointMiddleware[0]
      Executing endpoint 'gRPC - /UnityILPP.PostProcessing/ConfigurePostProcessors'
[40m[1m[33mwarn[39m[22m[49m: Unity.ILPP.Runner.PostProcessingAssemblyLoadContext[0]
      Assembly unityeditor.ios.extensions.xcode has duplicate hint path. Ignoring "/Applications/Unity/Hub/Editor/2022.3.62f2/Unity.app/Contents/PlaybackEngines/MacStandaloneSupport/UnityEditor.iOS.Extensions.Xcode.dll" in favor of "/Applications/Unity/Hub/Editor/2022.3.62f2/PlaybackEngines/iOSSupport/UnityEditor.iOS.Extensions.Xcode.dll"
[40m[1m[33mwarn[39m[22m[49m: Unity.ILPP.Runner.PostProcessingAssemblyLoadContext[0]
      Assembly system.componentmodel.composition has duplicate hint path. Ignoring "/Applications/Unity/Hub/Editor/2022.3.62f2/Unity.app/Contents/NetStandard/compat/2.1.0/shims/netfx/System.ComponentModel.Composition.dll" in favor of "/Applications/Unity/Hub/Editor/2022.3.62f2/Unity.app/Contents/UnityReferenceAssemblies/unity-4.8-api/System.ComponentModel.Composition.dll"
[40m[1m[33mwarn[39m[22m[49m: Unity.ILPP.Runner.PostProcessingAssemblyLoadContext[0]
      Assembly system.runtime.interopservices.windowsruntime has duplicate hint path. Ignoring "/Applications/Unity/Hub/Editor/2022.3.62f2/Unity.app/Contents/NetStandard/Extensions/2.0.0/System.Runtime.InteropServices.WindowsRuntime.dll" in favor of "/Applications/Unity/Hub/Editor/2022.3.62f2/Unity.app/Contents/UnityReferenceAssemblies/unity-4.8-api/Facades/System.Runtime.InteropServices.WindowsRuntime.dll"
[40m[32minfo[39m[22m[49m: Unity.ILPP.Runner.PostProcessingAssemblyLoadContext[0]
      Resolved Unity.Burst.Cecil, Version=0.11.4.0, Culture=neutral, PublicKeyToken=50cebf1cceb9d05e with Library/PackageCache/com.unity.burst@1.8.21/Unity.Burst.CodeGen/Unity.Burst.Cecil.dll
[40m[32minfo[39m[22m[49m: Microsoft.AspNetCore.Routing.EndpointMiddleware[1]
      Executed endpoint 'gRPC - /UnityILPP.PostProcessing/ConfigurePostProcessors'
[40m[32minfo[39m[22m[49m: Microsoft.AspNetCore.Hosting.Diagnostics[2]
      Request finished HTTP/2 POST http://ilpp/UnityILPP.PostProcessing/ConfigurePostProcessors application/grpc - - 200 - application/grpc 24.1897ms
ExitCode: 0 Duration: 0s390ms
[676/908    0s] ILPP-Configuration Library/ilpp-configuration.nevergeneratedoutput
*** Tundra build success (0.37 seconds), 1 items updated, 908 evaluated
AssetDatabase: script compilation time: 0.971012s
Begin MonoManager ReloadAssembly
Total cache size 267899536
Total cache size after purge 267899536
Symbol file LoadedFromMemory is not a mono symbol file
- Loaded All Assemblies, in  0.600 seconds
Refreshing native plugins compatible for Editor in 3.09 ms, found 7 plugins.
Preloading 0 native plugins for Editor in 0.00 ms.
Refreshing native plugins compatible for Editor in 2.37 ms, found 7 plugins.
Native extension for iOS target not found
Native extension for Android target not found
Native extension for OSXStandalone target not found
Fallback handler could not load library /Applications/Unity/Hub/Editor/2022.3.62f2/Unity.app/Contents/Frameworks/MonoBleedingEdge/lib/pthread
Mono: successfully reloaded assembly
- Finished resetting the current domain, in  1.520 seconds
Domain Reload Profiling: 2120ms
	BeginReloadAssembly (88ms)
		ExecutionOrderSort (0ms)
		DisableScriptedObjects (4ms)
		BackupInstance (0ms)
		ReleaseScriptingObjects (0ms)
		CreateAndSetChildDomain (20ms)
	RebuildCommonClasses (27ms)
	RebuildNativeTypeToScriptingClass (10ms)
	initialDomainReloadingComplete (18ms)
	LoadAllAssembliesAndSetupDomain (457ms)
		LoadAssemblies (278ms)
		RebuildTransferFunctionScriptingTraits (0ms)
		AnalyzeDomain (218ms)
			TypeCache.Refresh (185ms)
				TypeCache.ScanAssembly (163ms)
			ScanForSourceGeneratedMonoScriptInfo (22ms)
			ResolveRequiredComponents (9ms)
	FinalizeReload (1520ms)
		ReleaseScriptCaches (0ms)
		RebuildScriptCaches (0ms)
		SetupLoadedEditorAssemblies (1354ms)
			LogAssemblyErrors (0ms)
			InitializePlatformSupportModulesInManaged (23ms)
			SetLoadedEditorAssemblies (4ms)
			RefreshPlugins (0ms)
			BeforeProcessingInitializeOnLoad (62ms)
			ProcessInitializeOnLoadAttributes (1200ms)
			ProcessInitializeOnLoadMethodAttributes (63ms)
			AfterProcessingInitializeOnLoad (1ms)
			EditorAssembliesLoaded (0ms)
		ExecutionOrderSort2 (0ms)
		AwakeInstancesAfterBackupRestoration (3ms)
Start importing Assets/AssemblyShadowDemo/Scenes/M05Bootstrap.unity using Guid(c8680f9fa4e7d47f685107b09ab2b2e4) Importer(-1,00000000000000000000000000000000) [PhysX] Initialized MultithreadedTaskDispatcher with 10 workers.
 -> (artifact id: '314fd63d15e04c5a62e92f2043f9d87e') in 0.005973 seconds
Refreshing native plugins compatible for Editor in 2.35 ms, found 7 plugins.
Preloading 0 native plugins for Editor in 0.00 ms.
Asset Pipeline Refresh (id=397dd3535d96147d29c462d46fbda3c4): Total: 5.504 seconds - Initiated by InitialRefreshV2(ForceSynchronousImport)
	Summary:
		Imports: total=0 (actual=0, local cache=0, cache server=0)
		Asset DB Process Time: managed=2 ms, native=2263 ms
		Asset DB Callback time: managed=40 ms, native=4 ms
		Scripting: domain reloads=1, domain reload time=2179 ms, compile time=972 ms, other=40 ms
		Project Asset Count: scripts=7404, non-scripts=2327
		Asset File Changes: new=0, changed=1, moved=0, deleted=0
		Scan Filter Count: 1
	InvokeBeforeRefreshCallbacks: 0.418ms
	ApplyChangesToAssetFolders: 0.095ms
	Scan: 551.214ms
	OnSourceAssetsModified: 1.566ms
	GetAllGuidsForCategorization: 0.809ms
	CategorizeAssets: 186.372ms
	ImportOutOfDateAssets: 1570.074ms (564.733ms without children)
		ImportManagerImport: 8.846ms (2.300ms without children)
			ImportInProcess: 6.546ms
		CompileScripts: 972.399ms
		ReloadNativeAssets: 0.038ms
		UnloadImportedAssets: 18.874ms
		ReloadImportedAssets: 0.000ms
		EnsureUptoDateAssetsAreRegisteredWithGuidPM: 4.062ms
		InitializingProgressBar: 0.005ms
		PostProcessAllAssetNotificationsAddChangedAssets: 0.000ms
		OnDemandSchedulerStart: 1.116ms
	PostProcessAllAssets: 40.298ms
	Hotreload: 2.714ms
	GatherAllCurrentPrimaryArtifactRevisions: 0.003ms
	UnloadStreamsBegin: 2.485ms
	PersistCurrentRevisions: 0.432ms
	UnloadStreamsEnd: 0.024ms
	GenerateScriptTypeHashes: 1.237ms
	Untracked: 3147.972ms
Application.AssetDatabase Initial Refresh End
Launching external process: /Applications/Unity/Hub/Editor/2022.3.62f2/Unity.app/Contents/Tools/UnityShaderCompiler
Launched and connected shader compiler UnityShaderCompiler after 0.04 seconds
Scanning for USB devices : 0.415ms
Initializing Unity extensions:
[Licensing::Client] Successfully resolved entitlement details
[MODES] ModeService[none].Initialize
[MODES] ModeService[none].LoadModes
[MODES] Loading mode Default (0) for mode-current-id-AssemblyShadowBaseline
2026-08-28 06:49:12.552 Unity[11401:3273574] NSEventModifierFlagFunction specified to -setKeyEquivalentModifierMask: for item <NSMenuItem: 0x7c632dcc0 Font Asset, ke='Command-F12'>, but is only supported for system-provided menu items; will not be used
[PhysX] Initialized MultithreadedTaskDispatcher with 10 workers.
ProgressiveSceneManager::Cancel()
-- Listing OpenCL platforms(s) --
 * OpenCL platform 0
	PROFILE = FULL_PROFILE
	VERSION = OpenCL 1.2 (Apr 18 2026 19:20:04)
	NAME = Apple
	VENDOR = Apple
-- Listing OpenCL device(s) --
 * OpenCL platform 0, device 0 
	DEVICE_TYPE = 4
	DEVICE_NAME = Apple M4
	DEVICE_VENDOR = Apple
	DEVICE_VERSION = OpenCL 1.2 
	DRIVER_VERSION = 1.2 1.0
	DEVICE_MAX_COMPUTE_UNITS = 10
	DEVICE_MAX_CLOCK_FREQUENCY = 1000
	CL_DEVICE_MAX_CONSTANT_BUFFER_SIZE = 1073741824
	CL_DEVICE_HOST_UNIFIED_MEMORY = true
	CL_DEVICE_MAX_MEM_ALLOC_SIZE = 2383708160
	DEVICE_GLOBAL_MEM_SIZE = 12713115648
-- GPU Progressive lightmapper will use OpenCL device 'Apple M4' from 'Apple'--
   use -OpenCL-PlatformAndDeviceIndices <platformIdx> <deviceIdx> as command line arguments if you want to select a specific adapter for OpenCL.
Unloading 7 Unused Serialized files (Serialized files now loaded: 0)
Unloading 114 unused Assets / (0.7 MB). Loaded Objects now: 6747.
Memory consumption went from 166.4 MB to 165.7 MB.
Total: 5.193208 ms (FindLiveObjects: 0.229000 ms CreateObjectMapping: 0.098333 ms MarkObjects: 4.589125 ms  DeleteObjects: 0.276333 ms)

2026-08-28 06:49:12.611 Unity[11401:3273574] NSEventModifierFlagFunction specified to -setKeyEquivalentModifierMask: for item <NSMenuItem: 0x7c632db80 Font Asset, ke='Command-F12'>, but is only supported for system-provided menu items; will not be used
[ScriptCompilation] Requested script compilation because: Recompiling all scripts before compiling player scripts because Auto Refresh is disabled.
[40m[32minfo[39m[22m[49m: Microsoft.AspNetCore.Hosting.Diagnostics[1]
      Request starting HTTP/2 POST http://ilpp/UnityILPP.PostProcessing/Ping application/grpc -
[40m[32minfo[39m[22m[49m: Microsoft.AspNetCore.Routing.EndpointMiddleware[0]
      Executing endpoint 'gRPC - /UnityILPP.PostProcessing/Ping'
[40m[32minfo[39m[22m[49m: Microsoft.AspNetCore.Routing.EndpointMiddleware[1]
      Executed endpoint 'gRPC - /UnityILPP.PostProcessing/Ping'
[40m[32minfo[39m[22m[49m: Microsoft.AspNetCore.Hosting.Diagnostics[2]
      Request finished HTTP/2 POST http://ilpp/UnityILPP.PostProcessing/Ping application/grpc - - 200 - application/grpc 0.6641ms
Starting: /Applications/Unity/Hub/Editor/2022.3.62f2/Unity.app/Contents/bee_backend --ipc --defer-dag-verification --dagfile="Library/Bee/200b0aE.dag" --continue-on-failure --profile="Library/Bee/backend1.traceevents" ScriptAssemblies
WorkingDir: /Users/ah/GitHub/hybridclr/hybridclr_demo_shadow
[40m[32minfo[39m[22m[49m: Microsoft.AspNetCore.Hosting.Diagnostics[1]
      Request starting HTTP/2 POST http://ilpp/UnityILPP.PostProcessing/ConfigurePostProcessors application/grpc -
[40m[32minfo[39m[22m[49m: Microsoft.AspNetCore.Routing.EndpointMiddleware[0]
      Executing endpoint 'gRPC - /UnityILPP.PostProcessing/ConfigurePostProcessors'
[40m[32minfo[39m[22m[49m: Unity.ILPP.Runner.PostProcessingAssemblyLoadContext[0]
      Current configuration matches the requested one, skipping
[40m[32minfo[39m[22m[49m: Microsoft.AspNetCore.Routing.EndpointMiddleware[1]
      Executed endpoint 'gRPC - /UnityILPP.PostProcessing/ConfigurePostProcessors'
[40m[32minfo[39m[22m[49m: Microsoft.AspNetCore.Hosting.Diagnostics[2]
      Request finished HTTP/2 POST http://ilpp/UnityILPP.PostProcessing/ConfigurePostProcessors application/grpc - - 200 - application/grpc 3.1361ms
ExitCode: 0 Duration: 0s327ms
[676/908    0s] ILPP-Configuration Library/ilpp-configuration.nevergeneratedoutput
*** Tundra build success (0.30 seconds), 1 items updated, 908 evaluated
[ScriptCompilation] Requested script compilation because: Compiling scripts for player
Total cache size 267899536
Total cache size after purge 267899536
[40m[32minfo[39m[22m[49m: Microsoft.AspNetCore.Hosting.Diagnostics[1]
      Request starting HTTP/2 POST http://ilpp/UnityILPP.PostProcessing/Ping application/grpc -
[40m[32minfo[39m[22m[49m: Microsoft.AspNetCore.Routing.EndpointMiddleware[0]
      Executing endpoint 'gRPC - /UnityILPP.PostProcessing/Ping'
[40m[32minfo[39m[22m[49m: Microsoft.AspNetCore.Routing.EndpointMiddleware[1]
      Executed endpoint 'gRPC - /UnityILPP.PostProcessing/Ping'
[40m[32minfo[39m[22m[49m: Microsoft.AspNetCore.Hosting.Diagnostics[2]
      Request finished HTTP/2 POST http://ilpp/UnityILPP.PostProcessing/Ping application/grpc - - 200 - application/grpc 0.2131ms
Starting: /Applications/Unity/Hub/Editor/2022.3.62f2/Unity.app/Contents/bee_backend --ipc --defer-dag-verification --dagfile="Library/Bee/2000e0PDevDbg.dag" --continue-on-failure --profile="Library/Bee/backend1.traceevents" ScriptAssembliesAndTypeDB
WorkingDir: /Users/ah/GitHub/hybridclr/hybridclr_demo_shadow
[40m[32minfo[39m[22m[49m: Microsoft.AspNetCore.Hosting.Diagnostics[1]
      Request starting HTTP/2 POST http://ilpp/UnityILPP.PostProcessing/ConfigurePostProcessors application/grpc -
[40m[32minfo[39m[22m[49m: Microsoft.AspNetCore.Routing.EndpointMiddleware[0]
      Executing endpoint 'gRPC - /UnityILPP.PostProcessing/ConfigurePostProcessors'
[40m[32minfo[39m[22m[49m: Unity.ILPP.Runner.PostProcessingAssemblyLoadContext[0]
      ALC ILPP context 1 is unloading
[40m[1m[33mwarn[39m[22m[49m: Unity.ILPP.Runner.PostProcessingAssemblyLoadContext[0]
      Assembly unityeditor.ios.extensions.xcode has duplicate hint path. Ignoring "/Applications/Unity/Hub/Editor/2022.3.62f2/Unity.app/Contents/PlaybackEngines/MacStandaloneSupport/UnityEditor.iOS.Extensions.Xcode.dll" in favor of "/Applications/Unity/Hub/Editor/2022.3.62f2/PlaybackEngines/iOSSupport/UnityEditor.iOS.Extensions.Xcode.dll"
[40m[1m[33mwarn[39m[22m[49m: Unity.ILPP.Runner.PostProcessingAssemblyLoadContext[0]
      Assembly system.componentmodel.composition has duplicate hint path. Ignoring "/Applications/Unity/Hub/Editor/2022.3.62f2/Unity.app/Contents/NetStandard/compat/2.1.0/shims/netfx/System.ComponentModel.Composition.dll" in favor of "/Applications/Unity/Hub/Editor/2022.3.62f2/Unity.app/Contents/UnityReferenceAssemblies/unity-4.8-api/System.ComponentModel.Composition.dll"
[40m[1m[33mwarn[39m[22m[49m: Unity.ILPP.Runner.PostProcessingAssemblyLoadContext[0]
      Assembly system.runtime.interopservices.windowsruntime has duplicate hint path. Ignoring "/Applications/Unity/Hub/Editor/2022.3.62f2/Unity.app/Contents/NetStandard/Extensions/2.0.0/System.Runtime.InteropServices.WindowsRuntime.dll" in favor of "/Applications/Unity/Hub/Editor/2022.3.62f2/Unity.app/Contents/UnityReferenceAssemblies/unity-4.8-api/Facades/System.Runtime.InteropServices.WindowsRuntime.dll"
[40m[32minfo[39m[22m[49m: Unity.ILPP.Runner.PostProcessingAssemblyLoadContext[0]
      Resolved Unity.Burst.Cecil, Version=0.11.4.0, Culture=neutral, PublicKeyToken=50cebf1cceb9d05e with Library/PackageCache/com.unity.burst@1.8.21/Unity.Burst.CodeGen/Unity.Burst.Cecil.dll
[40m[32minfo[39m[22m[49m: Microsoft.AspNetCore.Routing.EndpointMiddleware[1]
      Executed endpoint 'gRPC - /UnityILPP.PostProcessing/ConfigurePostProcessors'
[40m[32minfo[39m[22m[49m: Microsoft.AspNetCore.Hosting.Diagnostics[2]
      Request finished HTTP/2 POST http://ilpp/UnityILPP.PostProcessing/ConfigurePostProcessors application/grpc - - 200 - application/grpc 7.1241ms
Starting: /Applications/Unity/Hub/Editor/2022.3.62f2/Unity.app/Contents/Tools/netcorerun/netcorerun "/Applications/Unity/Hub/Editor/2022.3.62f2/Unity.app/Contents/Tools/BuildPipeline/ScriptCompilationBuildProgram.exe" "Library/Bee/2000e0PDevDbg.dag.json" "Library/Bee/2000e0PDevDbg-inputdata.json" "Library/Bee/buildprogram0.traceevents"
WorkingDir: /Users/ah/GitHub/hybridclr/hybridclr_demo_shadow
ExitCode: 4 Duration: 0s361ms
Rebuilding DAG because FileSignature timestamp changed: Library/Bee/2000e0PDevDbg-inputdata.json
[464/572    0s] ILPP-Configuration Library/ilpp-configuration.nevergeneratedoutput
*** Tundra requires additional run (0.24 seconds), 1 items updated, 463 evaluated
ExitCode: 0 Duration: 0s642ms
Starting: /Applications/Unity/Hub/Editor/2022.3.62f2/Unity.app/Contents/bee_backend --ipc --defer-dag-verification --dagfile="Library/Bee/2000e0PDevDbg.dag" --continue-on-failure --dagfilejson="Library/Bee/2000e0PDevDbg.dag.json" --profile="Library/Bee/backend2.traceevents" ScriptAssembliesAndTypeDB
WorkingDir: /Users/ah/GitHub/hybridclr/hybridclr_demo_shadow
[40m[32minfo[39m[22m[49m: Microsoft.AspNetCore.Hosting.Diagnostics[1]
      Request starting HTTP/2 POST http://ilpp/UnityILPP.PostProcessing/ConfigurePostProcessors application/grpc -
[40m[32minfo[39m[22m[49m: Microsoft.AspNetCore.Routing.EndpointMiddleware[0]
      Executing endpoint 'gRPC - /UnityILPP.PostProcessing/ConfigurePostProcessors'
[40m[32minfo[39m[22m[49m: Unity.ILPP.Runner.PostProcessingAssemblyLoadContext[0]
      Current configuration matches the requested one, skipping
[40m[32minfo[39m[22m[49m: Microsoft.AspNetCore.Routing.EndpointMiddleware[1]
      Executed endpoint 'gRPC - /UnityILPP.PostProcessing/ConfigurePostProcessors'
[40m[32minfo[39m[22m[49m: Microsoft.AspNetCore.Hosting.Diagnostics[2]
      Request finished HTTP/2 POST http://ilpp/UnityILPP.PostProcessing/ConfigurePostProcessors application/grpc - - 200 - application/grpc 3.5860ms
[40m[32minfo[39m[22m[49m: Microsoft.AspNetCore.Hosting.Diagnostics[1]
      Request starting HTTP/2 POST http://ilpp/UnityILPP.PostProcessing/PostProcessAssembly application/grpc -
[40m[32minfo[39m[22m[49m: Microsoft.AspNetCore.Hosting.Diagnostics[1]
      Request starting HTTP/2 POST http://ilpp/UnityILPP.PostProcessing/PostProcessAssembly application/grpc -
[40m[32minfo[39m[22m[49m: Microsoft.AspNetCore.Routing.EndpointMiddleware[0]
      Executing endpoint 'gRPC - /UnityILPP.PostProcessing/PostProcessAssembly'
[40m[32minfo[39m[22m[49m: Microsoft.AspNetCore.Routing.EndpointMiddleware[0]
      Executing endpoint 'gRPC - /UnityILPP.PostProcessing/PostProcessAssembly'
[40m[32minfo[39m[22m[49m: Microsoft.AspNetCore.Hosting.Diagnostics[1]
      Request starting HTTP/2 POST http://ilpp/UnityILPP.PostProcessing/PostProcessAssembly application/grpc -
[40m[32minfo[39m[22m[49m: Microsoft.AspNetCore.Routing.EndpointMiddleware[0]
      Executing endpoint 'gRPC - /UnityILPP.PostProcessing/PostProcessAssembly'
[40m[32minfo[39m[22m[49m: Microsoft.AspNetCore.Hosting.Diagnostics[1]
      Request starting HTTP/2 POST http://ilpp/UnityILPP.PostProcessing/PostProcessAssembly application/grpc -
[40m[32minfo[39m[22m[49m: Microsoft.AspNetCore.Routing.EndpointMiddleware[0]
      Executing endpoint 'gRPC - /UnityILPP.PostProcessing/PostProcessAssembly'
[40m[32minfo[39m[22m[49m: Microsoft.AspNetCore.Hosting.Diagnostics[1]
      Request starting HTTP/2 POST http://ilpp/UnityILPP.PostProcessing/PostProcessAssembly application/grpc -
[40m[32minfo[39m[22m[49m: Microsoft.AspNetCore.Routing.EndpointMiddleware[0]
      Executing endpoint 'gRPC - /UnityILPP.PostProcessing/PostProcessAssembly'
[40m[32minfo[39m[22m[49m: Microsoft.AspNetCore.Hosting.Diagnostics[1]
      Request starting HTTP/2 POST http://ilpp/UnityILPP.PostProcessing/PostProcessAssembly application/grpc -
[40m[32minfo[39m[22m[49m: Microsoft.AspNetCore.Routing.EndpointMiddleware[0]
      Executing endpoint 'gRPC - /UnityILPP.PostProcessing/PostProcessAssembly'
[40m[32minfo[39m[22m[49m: Unity.ILPP.Runner.PostProcessingPipeline[0]
      Processing assembly Library/Bee/artifacts/2000e0PDevDbg.dag/Unity.Mathematics.dll, with 115 defines and 193 references
[40m[32minfo[39m[22m[49m: Unity.ILPP.Runner.PostProcessingPipeline[0]
      Processing assembly Library/Bee/artifacts/2000e0PDevDbg.dag/Unity.Collections.dll, with 115 defines and 195 references
[40m[32minfo[39m[22m[49m: Unity.ILPP.Runner.PostProcessingPipeline[0]
      Processing assembly Library/Bee/artifacts/2000e0PDevDbg.dag/Unity.2D.Animation.Runtime.dll, with 115 defines and 198 references
[40m[32minfo[39m[22m[49m: Unity.ILPP.Runner.PostProcessingPipeline[0]
      Processing assembly Library/Bee/artifacts/2000e0PDevDbg.dag/Unity.RenderPipelines.Universal.Config.Runtime.dll, with 115 defines and 194 references
[40m[32minfo[39m[22m[49m: Unity.ILPP.Runner.PostProcessingPipeline[0]
      Processing assembly Library/Bee/artifacts/2000e0PDevDbg.dag/Unity.RenderPipelines.Core.ShaderLibrary.dll, with 115 defines and 193 references
[40m[32minfo[39m[22m[49m: Unity.ILPP.Runner.PostProcessingPipeline[0]
      Processing assembly Library/Bee/artifacts/2000e0PDevDbg.dag/Unity.InternalAPIEngineBridge.001.dll, with 115 defines and 193 references
[40m[32minfo[39m[22m[49m: Unity.ILPP.Runner.PostProcessingPipeline[0]
      processors: HybridCLR.AssemblyShadow.CodeGen.ReflectionBindingsILPostProcessor, zzzUnity.Burst.CodeGen.BurstILPostProcessor
[40m[32minfo[39m[22m[49m: Unity.ILPP.Runner.PostProcessingPipeline[0]
      processors: HybridCLR.AssemblyShadow.CodeGen.ReflectionBindingsILPostProcessor, zzzUnity.Burst.CodeGen.BurstILPostProcessor
[40m[32minfo[39m[22m[49m: Unity.ILPP.Runner.PostProcessingPipeline[0]
      processors: HybridCLR.AssemblyShadow.CodeGen.ReflectionBindingsILPostProcessor, zzzUnity.Burst.CodeGen.BurstILPostProcessor
[40m[32minfo[39m[22m[49m: Unity.ILPP.Runner.PostProcessingPipeline[0]
      processors: HybridCLR.AssemblyShadow.CodeGen.ReflectionBindingsILPostProcessor, zzzUnity.Burst.CodeGen.BurstILPostProcessor
[40m[32minfo[39m[22m[49m: Unity.ILPP.Runner.PostProcessingPipeline[0]
      processors: HybridCLR.AssemblyShadow.CodeGen.ReflectionBindingsILPostProcessor, zzzUnity.Burst.CodeGen.BurstILPostProcessor
[40m[32minfo[39m[22m[49m: Unity.ILPP.Runner.PostProcessingPipeline[0]
      processors: HybridCLR.AssemblyShadow.CodeGen.ReflectionBindingsILPostProcessor, zzzUnity.Burst.CodeGen.BurstILPostProcessor
[40m[32minfo[39m[22m[49m: Unity.ILPP.Runner.PostProcessingPipeline[0]
      running HybridCLR.AssemblyShadow.CodeGen.ReflectionBindingsILPostProcessor
[40m[32minfo[39m[22m[49m: Unity.ILPP.Runner.PostProcessingPipeline[0]
      running HybridCLR.AssemblyShadow.CodeGen.ReflectionBindingsILPostProcessor
[40m[32minfo[39m[22m[49m: Unity.ILPP.Runner.PostProcessingPipeline[0]
      running HybridCLR.AssemblyShadow.CodeGen.ReflectionBindingsILPostProcessor
[40m[32minfo[39m[22m[49m: Unity.ILPP.Runner.PostProcessingPipeline[0]
      running HybridCLR.AssemblyShadow.CodeGen.ReflectionBindingsILPostProcessor
[40m[32minfo[39m[22m[49m: Unity.ILPP.Runner.PostProcessingPipeline[0]
      running HybridCLR.AssemblyShadow.CodeGen.ReflectionBindingsILPostProcessor
[40m[32minfo[39m[22m[49m: Unity.ILPP.Runner.PostProcessingPipeline[0]
      running HybridCLR.AssemblyShadow.CodeGen.ReflectionBindingsILPostProcessor
[40m[32minfo[39m[22m[49m: Unity.ILPP.Runner.PostProcessingAssemblyLoadContext[0]
      Resolved dnlib, Version=4.3.0.0, Culture=neutral, PublicKeyToken=50e96378b6e77999 with /Users/ah/GitHub/hybridclr/hybridclr_unity/Plugins/dnlib.dll
[40m[32minfo[39m[22m[49m: Unity.ILPP.Runner.PostProcessingPipeline[0]
      running zzzUnity.Burst.CodeGen.BurstILPostProcessor
[40m[32minfo[39m[22m[49m: Unity.ILPP.Runner.PostProcessingPipeline[0]
      running zzzUnity.Burst.CodeGen.BurstILPostProcessor
[40m[32minfo[39m[22m[49m: Unity.ILPP.Runner.PostProcessingPipeline[0]
      running zzzUnity.Burst.CodeGen.BurstILPostProcessor
[40m[32minfo[39m[22m[49m: Unity.ILPP.Runner.PostProcessingPipeline[0]
      running zzzUnity.Burst.CodeGen.BurstILPostProcessor
[40m[32minfo[39m[22m[49m: Unity.ILPP.Runner.PostProcessingPipeline[0]
      running zzzUnity.Burst.CodeGen.BurstILPostProcessor
[40m[32minfo[39m[22m[49m: Unity.ILPP.Runner.PostProcessingPipeline[0]
      running zzzUnity.Burst.CodeGen.BurstILPostProcessor
[40m[32minfo[39m[22m[49m: Microsoft.AspNetCore.Routing.EndpointMiddleware[1]
      Executed endpoint 'gRPC - /UnityILPP.PostProcessing/PostProcessAssembly'
[40m[32minfo[39m[22m[49m: Microsoft.AspNetCore.Hosting.Diagnostics[2]
      Request finished HTTP/2 POST http://ilpp/UnityILPP.PostProcessing/PostProcessAssembly application/grpc - - 200 - application/grpc 107.6256ms
[40m[32minfo[39m[22m[49m: Microsoft.AspNetCore.Routing.EndpointMiddleware[1]
      Executed endpoint 'gRPC - /UnityILPP.PostProcessing/PostProcessAssembly'
[40m[32minfo[39m[22m[49m: Microsoft.AspNetCore.Hosting.Diagnostics[2]
      Request finished HTTP/2 POST http://ilpp/UnityILPP.PostProcessing/PostProcessAssembly application/grpc - - 200 - application/grpc 115.3410ms
[40m[32minfo[39m[22m[49m: Microsoft.AspNetCore.Routing.EndpointMiddleware[1]
      Executed endpoint 'gRPC - /UnityILPP.PostProcessing/PostProcessAssembly'
[40m[32minfo[39m[22m[49m: Microsoft.AspNetCore.Hosting.Diagnostics[2]
      Request finished HTTP/2 POST http://ilpp/UnityILPP.PostProcessing/PostProcessAssembly application/grpc - - 200 - application/grpc 109.0515ms
[40m[32minfo[39m[22m[49m: Microsoft.AspNetCore.Routing.EndpointMiddleware[1]
      Executed endpoint 'gRPC - /UnityILPP.PostProcessing/PostProcessAssembly'
[40m[32minfo[39m[22m[49m: Microsoft.AspNetCore.Hosting.Diagnostics[2]
      Request finished HTTP/2 POST http://ilpp/UnityILPP.PostProcessing/PostProcessAssembly application/grpc - - 200 - application/grpc 118.7496ms
[40m[32minfo[39m[22m[49m: Microsoft.AspNetCore.Hosting.Diagnostics[1]
      Request starting HTTP/2 POST http://ilpp/UnityILPP.PostProcessing/PostProcessAssembly application/grpc -
[40m[32minfo[39m[22m[49m: Microsoft.AspNetCore.Routing.EndpointMiddleware[0]
      Executing endpoint 'gRPC - /UnityILPP.PostProcessing/PostProcessAssembly'
[40m[32minfo[39m[22m[49m: Unity.ILPP.Runner.PostProcessingPipeline[0]
      Processing assembly Library/Bee/artifacts/2000e0PDevDbg.dag/Unity.2D.IK.Runtime.dll, with 115 defines and 194 references
[40m[32minfo[39m[22m[49m: Unity.ILPP.Runner.PostProcessingPipeline[0]
      processors: HybridCLR.AssemblyShadow.CodeGen.ReflectionBindingsILPostProcessor, zzzUnity.Burst.CodeGen.BurstILPostProcessor
[40m[32minfo[39m[22m[49m: Unity.ILPP.Runner.PostProcessingPipeline[0]
      running HybridCLR.AssemblyShadow.CodeGen.ReflectionBindingsILPostProcessor
[40m[32minfo[39m[22m[49m: Unity.ILPP.Runner.PostProcessingPipeline[0]
      running zzzUnity.Burst.CodeGen.BurstILPostProcessor
[40m[32minfo[39m[22m[49m: Microsoft.AspNetCore.Routing.EndpointMiddleware[1]
      Executed endpoint 'gRPC - /UnityILPP.PostProcessing/PostProcessAssembly'
[40m[32minfo[39m[22m[49m: Microsoft.AspNetCore.Hosting.Diagnostics[2]
      Request finished HTTP/2 POST http://ilpp/UnityILPP.PostProcessing/PostProcessAssembly application/grpc - - 200 - application/grpc 4.8601ms
[40m[32minfo[39m[22m[49m: Unity.ILPP.Runner.PostProcessingAssemblyLoadContext[0]
      Resolved Unity.Burst.Cecil.Rocks, Version=0.11.4.0, Culture=neutral, PublicKeyToken=50cebf1cceb9d05e with Library/PackageCache/com.unity.burst@1.8.21/Unity.Burst.CodeGen/Unity.Burst.Cecil.Rocks.dll
[40m[32minfo[39m[22m[49m: Microsoft.AspNetCore.Hosting.Diagnostics[1]
      Request starting HTTP/2 POST http://ilpp/UnityILPP.PostProcessing/PostProcessAssembly application/grpc -
[40m[32minfo[39m[22m[49m: Microsoft.AspNetCore.Routing.EndpointMiddleware[0]
      Executing endpoint 'gRPC - /UnityILPP.PostProcessing/PostProcessAssembly'
[40m[32minfo[39m[22m[49m: Unity.ILPP.Runner.PostProcessingPipeline[0]
      Processing assembly Library/Bee/artifacts/2000e0PDevDbg.dag/MCPForUnity.Runtime.dll, with 115 defines and 191 references
[40m[32minfo[39m[22m[49m: Unity.ILPP.Runner.PostProcessingPipeline[0]
      processors: HybridCLR.AssemblyShadow.CodeGen.ReflectionBindingsILPostProcessor, zzzUnity.Burst.CodeGen.BurstILPostProcessor
[40m[32minfo[39m[22m[49m: Unity.ILPP.Runner.PostProcessingPipeline[0]
      running HybridCLR.AssemblyShadow.CodeGen.ReflectionBindingsILPostProcessor
[40m[32minfo[39m[22m[49m: Unity.ILPP.Runner.PostProcessingPipeline[0]
      running zzzUnity.Burst.CodeGen.BurstILPostProcessor
[40m[32minfo[39m[22m[49m: Microsoft.AspNetCore.Routing.EndpointMiddleware[1]
      Executed endpoint 'gRPC - /UnityILPP.PostProcessing/PostProcessAssembly'
[40m[32minfo[39m[22m[49m: Microsoft.AspNetCore.Hosting.Diagnostics[1]
      Request starting HTTP/2 POST http://ilpp/UnityILPP.PostProcessing/PostProcessAssembly application/grpc -
[40m[32minfo[39m[22m[49m: Microsoft.AspNetCore.Hosting.Diagnostics[1]
      Request starting HTTP/2 POST http://ilpp/UnityILPP.PostProcessing/PostProcessAssembly application/grpc -
[40m[32minfo[39m[22m[49m: Microsoft.AspNetCore.Hosting.Diagnostics[2]
      Request finished HTTP/2 POST http://ilpp/UnityILPP.PostProcessing/PostProcessAssembly application/grpc - - 200 - application/grpc 12.6223ms
[40m[32minfo[39m[22m[49m: Microsoft.AspNetCore.Routing.EndpointMiddleware[0]
      Executing endpoint 'gRPC - /UnityILPP.PostProcessing/PostProcessAssembly'
[40m[32minfo[39m[22m[49m: Microsoft.AspNetCore.Routing.EndpointMiddleware[0]
      Executing endpoint 'gRPC - /UnityILPP.PostProcessing/PostProcessAssembly'
[40m[32minfo[39m[22m[49m: Unity.ILPP.Runner.PostProcessingPipeline[0]
      Processing assembly Library/Bee/artifacts/2000e0PDevDbg.dag/Unity.2D.Common.Runtime.dll, with 115 defines and 194 references
[40m[32minfo[39m[22m[49m: Unity.ILPP.Runner.PostProcessingPipeline[0]
      Processing assembly Library/Bee/artifacts/2000e0PDevDbg.dag/Unity.Burst.dll, with 115 defines and 191 references
[40m[32minfo[39m[22m[49m: Unity.ILPP.Runner.PostProcessingPipeline[0]
      processors: HybridCLR.AssemblyShadow.CodeGen.ReflectionBindingsILPostProcessor, zzzUnity.Burst.CodeGen.BurstILPostProcessor
[40m[32minfo[39m[22m[49m: Unity.ILPP.Runner.PostProcessingPipeline[0]
      processors: HybridCLR.AssemblyShadow.CodeGen.ReflectionBindingsILPostProcessor, zzzUnity.Burst.CodeGen.BurstILPostProcessor
[40m[32minfo[39m[22m[49m: Unity.ILPP.Runner.PostProcessingPipeline[0]
      running HybridCLR.AssemblyShadow.CodeGen.ReflectionBindingsILPostProcessor
[40m[32minfo[39m[22m[49m: Unity.ILPP.Runner.PostProcessingPipeline[0]
      running HybridCLR.AssemblyShadow.CodeGen.ReflectionBindingsILPostProcessor
[40m[32minfo[39m[22m[49m: Unity.ILPP.Runner.PostProcessingPipeline[0]
      running zzzUnity.Burst.CodeGen.BurstILPostProcessor
[40m[32minfo[39m[22m[49m: Unity.ILPP.Runner.PostProcessingPipeline[0]
      running zzzUnity.Burst.CodeGen.BurstILPostProcessor
[40m[32minfo[39m[22m[49m: Microsoft.AspNetCore.Routing.EndpointMiddleware[1]
      Executed endpoint 'gRPC - /UnityILPP.PostProcessing/PostProcessAssembly'
[40m[32minfo[39m[22m[49m: Microsoft.AspNetCore.Hosting.Diagnostics[2]
      Request finished HTTP/2 POST http://ilpp/UnityILPP.PostProcessing/PostProcessAssembly application/grpc - - 200 - application/grpc 3.3357ms
[40m[32minfo[39m[22m[49m: Microsoft.AspNetCore.Routing.EndpointMiddleware[1]
      Executed endpoint 'gRPC - /UnityILPP.PostProcessing/PostProcessAssembly'
[40m[32minfo[39m[22m[49m: Microsoft.AspNetCore.Hosting.Diagnostics[2]
      Request finished HTTP/2 POST http://ilpp/UnityILPP.PostProcessing/PostProcessAssembly application/grpc - - 200 - application/grpc 4.1159ms
[40m[32minfo[39m[22m[49m: Microsoft.AspNetCore.Hosting.Diagnostics[1]
      Request starting HTTP/2 POST http://ilpp/UnityILPP.PostProcessing/PostProcessAssembly application/grpc -
[40m[32minfo[39m[22m[49m: Microsoft.AspNetCore.Routing.EndpointMiddleware[0]
      Executing endpoint 'gRPC - /UnityILPP.PostProcessing/PostProcessAssembly'
[40m[32minfo[39m[22m[49m: Unity.ILPP.Runner.PostProcessingPipeline[0]
      Processing assembly Library/Bee/artifacts/2000e0PDevDbg.dag/Unity.2D.Tilemap.Extras.dll, with 115 defines and 193 references
[40m[32minfo[39m[22m[49m: Unity.ILPP.Runner.PostProcessingPipeline[0]
      processors: HybridCLR.AssemblyShadow.CodeGen.ReflectionBindingsILPostProcessor, zzzUnity.Burst.CodeGen.BurstILPostProcessor
[40m[32minfo[39m[22m[49m: Unity.ILPP.Runner.PostProcessingPipeline[0]
      running HybridCLR.AssemblyShadow.CodeGen.ReflectionBindingsILPostProcessor
[40m[32minfo[39m[22m[49m: Unity.ILPP.Runner.PostProcessingPipeline[0]
      running zzzUnity.Burst.CodeGen.BurstILPostProcessor
[40m[32minfo[39m[22m[49m: Microsoft.AspNetCore.Routing.EndpointMiddleware[1]
      Executed endpoint 'gRPC - /UnityILPP.PostProcessing/PostProcessAssembly'
[40m[32minfo[39m[22m[49m: Microsoft.AspNetCore.Hosting.Diagnostics[2]
      Request finished HTTP/2 POST http://ilpp/UnityILPP.PostProcessing/PostProcessAssembly application/grpc - - 200 - application/grpc 3.7724ms
[40m[32minfo[39m[22m[49m: Microsoft.AspNetCore.Hosting.Diagnostics[1]
      Request starting HTTP/2 POST http://ilpp/UnityILPP.PostProcessing/PostProcessAssembly application/grpc -
[40m[32minfo[39m[22m[49m: Microsoft.AspNetCore.Hosting.Diagnostics[1]
      Request starting HTTP/2 POST http://ilpp/UnityILPP.PostProcessing/PostProcessAssembly application/grpc -
[40m[32minfo[39m[22m[49m: Microsoft.AspNetCore.Hosting.Diagnostics[1]
      Request starting HTTP/2 POST http://ilpp/UnityILPP.PostProcessing/PostProcessAssembly application/grpc -
[40m[32minfo[39m[22m[49m: Microsoft.AspNetCore.Routing.EndpointMiddleware[0]
      Executing endpoint 'gRPC - /UnityILPP.PostProcessing/PostProcessAssembly'
[40m[32minfo[39m[22m[49m: Microsoft.AspNetCore.Routing.EndpointMiddleware[0]
      Executing endpoint 'gRPC - /UnityILPP.PostProcessing/PostProcessAssembly'
[40m[32minfo[39m[22m[49m: Microsoft.AspNetCore.Routing.EndpointMiddleware[0]
      Executing endpoint 'gRPC - /UnityILPP.PostProcessing/PostProcessAssembly'
[40m[32minfo[39m[22m[49m: Unity.ILPP.Runner.PostProcessingPipeline[0]
      Processing assembly Library/Bee/artifacts/2000e0PDevDbg.dag/Unity.RenderPipeline.Universal.ShaderLibrary.dll, with 115 defines and 194 references
[40m[32minfo[39m[22m[49m: Unity.ILPP.Runner.PostProcessingPipeline[0]
      processors: HybridCLR.AssemblyShadow.CodeGen.ReflectionBindingsILPostProcessor, zzzUnity.Burst.CodeGen.BurstILPostProcessor
[40m[32minfo[39m[22m[49m: Unity.ILPP.Runner.PostProcessingPipeline[0]
      running HybridCLR.AssemblyShadow.CodeGen.ReflectionBindingsILPostProcessor
[40m[32minfo[39m[22m[49m: Unity.ILPP.Runner.PostProcessingPipeline[0]
      Processing assembly Library/Bee/artifacts/2000e0PDevDbg.dag/UnityEngine.UI.dll, with 120 defines and 192 references
[40m[32minfo[39m[22m[49m: Unity.ILPP.Runner.PostProcessingPipeline[0]
      processors: HybridCLR.AssemblyShadow.CodeGen.ReflectionBindingsILPostProcessor, zzzUnity.Burst.CodeGen.BurstILPostProcessor
[40m[32minfo[39m[22m[49m: Unity.ILPP.Runner.PostProcessingPipeline[0]
      running HybridCLR.AssemblyShadow.CodeGen.ReflectionBindingsILPostProcessor
[40m[32minfo[39m[22m[49m: Unity.ILPP.Runner.PostProcessingPipeline[0]
      Processing assembly Library/Bee/artifacts/2000e0PDevDbg.dag/Unity.RenderPipelines.Universal.2D.Internal.dll, with 115 defines and 193 references
[40m[32minfo[39m[22m[49m: Unity.ILPP.Runner.PostProcessingPipeline[0]
      processors: HybridCLR.AssemblyShadow.CodeGen.ReflectionBindingsILPostProcessor, zzzUnity.Burst.CodeGen.BurstILPostProcessor
[40m[32minfo[39m[22m[49m: Unity.ILPP.Runner.PostProcessingPipeline[0]
      running HybridCLR.AssemblyShadow.CodeGen.ReflectionBindingsILPostProcessor
[40m[32minfo[39m[22m[49m: Unity.ILPP.Runner.PostProcessingPipeline[0]
      running zzzUnity.Burst.CodeGen.BurstILPostProcessor
[40m[32minfo[39m[22m[49m: Microsoft.AspNetCore.Routing.EndpointMiddleware[1]
      Executed endpoint 'gRPC - /UnityILPP.PostProcessing/PostProcessAssembly'
[40m[32minfo[39m[22m[49m: Microsoft.AspNetCore.Hosting.Diagnostics[2]
      Request finished HTTP/2 POST http://ilpp/UnityILPP.PostProcessing/PostProcessAssembly application/grpc - - 200 - application/grpc 14.1880ms
[40m[32minfo[39m[22m[49m: Unity.ILPP.Runner.PostProcessingPipeline[0]
      running zzzUnity.Burst.CodeGen.BurstILPostProcessor
[40m[32minfo[39m[22m[49m: Microsoft.AspNetCore.Routing.EndpointMiddleware[1]
      Executed endpoint 'gRPC - /UnityILPP.PostProcessing/PostProcessAssembly'
[40m[32minfo[39m[22m[49m: Microsoft.AspNetCore.Hosting.Diagnostics[2]
      Request finished HTTP/2 POST http://ilpp/UnityILPP.PostProcessing/PostProcessAssembly application/grpc - - 200 - application/grpc 15.0572ms
[40m[32minfo[39m[22m[49m: Unity.ILPP.Runner.PostProcessingPipeline[0]
      running zzzUnity.Burst.CodeGen.BurstILPostProcessor
[40m[32minfo[39m[22m[49m: Microsoft.AspNetCore.Routing.EndpointMiddleware[1]
      Executed endpoint 'gRPC - /UnityILPP.PostProcessing/PostProcessAssembly'
[40m[32minfo[39m[22m[49m: Microsoft.AspNetCore.Hosting.Diagnostics[2]
      Request finished HTTP/2 POST http://ilpp/UnityILPP.PostProcessing/PostProcessAssembly application/grpc - - 200 - application/grpc 17.5597ms
[40m[32minfo[39m[22m[49m: Microsoft.AspNetCore.Routing.EndpointMiddleware[1]
      Executed endpoint 'gRPC - /UnityILPP.PostProcessing/PostProcessAssembly'
[40m[32minfo[39m[22m[49m: Microsoft.AspNetCore.Hosting.Diagnostics[2]
      Request finished HTTP/2 POST http://ilpp/UnityILPP.PostProcessing/PostProcessAssembly application/grpc - - 200 - application/grpc 563.1265ms
[40m[32minfo[39m[22m[49m: Microsoft.AspNetCore.Routing.EndpointMiddleware[1]
      Executed endpoint 'gRPC - /UnityILPP.PostProcessing/PostProcessAssembly'
[40m[32minfo[39m[22m[49m: Microsoft.AspNetCore.Hosting.Diagnostics[2]
      Request finished HTTP/2 POST http://ilpp/UnityILPP.PostProcessing/PostProcessAssembly application/grpc - - 200 - application/grpc 563.5827ms
[40m[32minfo[39m[22m[49m: Microsoft.AspNetCore.Hosting.Diagnostics[1]
      Request starting HTTP/2 POST http://ilpp/UnityILPP.PostProcessing/PostProcessAssembly application/grpc -
[40m[32minfo[39m[22m[49m: Microsoft.AspNetCore.Routing.EndpointMiddleware[0]
      Executing endpoint 'gRPC - /UnityILPP.PostProcessing/PostProcessAssembly'
[40m[32minfo[39m[22m[49m: Unity.ILPP.Runner.PostProcessingPipeline[0]
      Processing assembly Library/Bee/artifacts/2000e0PDevDbg.dag/Unity.Timeline.dll, with 116 defines and 193 references
[40m[32minfo[39m[22m[49m: Unity.ILPP.Runner.PostProcessingPipeline[0]
      processors: HybridCLR.AssemblyShadow.CodeGen.ReflectionBindingsILPostProcessor, zzzUnity.Burst.CodeGen.BurstILPostProcessor
[40m[32minfo[39m[22m[49m: Unity.ILPP.Runner.PostProcessingPipeline[0]
      running HybridCLR.AssemblyShadow.CodeGen.ReflectionBindingsILPostProcessor
[40m[32minfo[39m[22m[49m: Unity.ILPP.Runner.PostProcessingPipeline[0]
      running zzzUnity.Burst.CodeGen.BurstILPostProcessor
[40m[32minfo[39m[22m[49m: Microsoft.AspNetCore.Routing.EndpointMiddleware[1]
      Executed endpoint 'gRPC - /UnityILPP.PostProcessing/PostProcessAssembly'
[40m[32minfo[39m[22m[49m: Microsoft.AspNetCore.Hosting.Diagnostics[2]
      Request finished HTTP/2 POST http://ilpp/UnityILPP.PostProcessing/PostProcessAssembly application/grpc - - 200 - application/grpc 5.8033ms
[40m[32minfo[39m[22m[49m: Microsoft.AspNetCore.Hosting.Diagnostics[1]
      Request starting HTTP/2 POST http://ilpp/UnityILPP.PostProcessing/PostProcessAssembly application/grpc -
[40m[32minfo[39m[22m[49m: Microsoft.AspNetCore.Routing.EndpointMiddleware[0]
      Executing endpoint 'gRPC - /UnityILPP.PostProcessing/PostProcessAssembly'
[40m[32minfo[39m[22m[49m: Unity.ILPP.Runner.PostProcessingPipeline[0]
      Processing assembly Library/Bee/artifacts/2000e0PDevDbg.dag/Unity.RenderPipelines.Universal.Runtime.dll, with 120 defines and 199 references
[40m[32minfo[39m[22m[49m: Unity.ILPP.Runner.PostProcessingPipeline[0]
      processors: HybridCLR.AssemblyShadow.CodeGen.ReflectionBindingsILPostProcessor, zzzUnity.Burst.CodeGen.BurstILPostProcessor
[40m[32minfo[39m[22m[49m: Unity.ILPP.Runner.PostProcessingPipeline[0]
      running HybridCLR.AssemblyShadow.CodeGen.ReflectionBindingsILPostProcessor
[40m[32minfo[39m[22m[49m: Unity.ILPP.Runner.PostProcessingPipeline[0]
      running zzzUnity.Burst.CodeGen.BurstILPostProcessor
[40m[32minfo[39m[22m[49m: Microsoft.AspNetCore.Hosting.Diagnostics[1]
      Request starting HTTP/2 POST http://ilpp/UnityILPP.PostProcessing/PostProcessAssembly application/grpc -
[40m[32minfo[39m[22m[49m: Microsoft.AspNetCore.Hosting.Diagnostics[1]
      Request starting HTTP/2 POST http://ilpp/UnityILPP.PostProcessing/PostProcessAssembly application/grpc -
[40m[32minfo[39m[22m[49m: Microsoft.AspNetCore.Routing.EndpointMiddleware[0]
      Executing endpoint 'gRPC - /UnityILPP.PostProcessing/PostProcessAssembly'
[40m[32minfo[39m[22m[49m: Microsoft.AspNetCore.Routing.EndpointMiddleware[0]
      Executing endpoint 'gRPC - /UnityILPP.PostProcessing/PostProcessAssembly'
[40m[32minfo[39m[22m[49m: Unity.ILPP.Runner.PostProcessingPipeline[0]
      Processing assembly Library/Bee/artifacts/2000e0PDevDbg.dag/Unity.2D.PixelPerfect.dll, with 116 defines and 193 references
[40m[32minfo[39m[22m[49m: Unity.ILPP.Runner.PostProcessingPipeline[0]
      Processing assembly Library/Bee/artifacts/2000e0PDevDbg.dag/Unity.RenderPipelines.Universal.Shaders.dll, with 115 defines and 193 references
[40m[32minfo[39m[22m[49m: Unity.ILPP.Runner.PostProcessingPipeline[0]
      processors: HybridCLR.AssemblyShadow.CodeGen.ReflectionBindingsILPostProcessor, zzzUnity.Burst.CodeGen.BurstILPostProcessor
[40m[32minfo[39m[22m[49m: Unity.ILPP.Runner.PostProcessingPipeline[0]
      processors: HybridCLR.AssemblyShadow.CodeGen.ReflectionBindingsILPostProcessor, zzzUnity.Burst.CodeGen.BurstILPostProcessor
[40m[32minfo[39m[22m[49m: Unity.ILPP.Runner.PostProcessingPipeline[0]
      running HybridCLR.AssemblyShadow.CodeGen.ReflectionBindingsILPostProcessor
[40m[32minfo[39m[22m[49m: Unity.ILPP.Runner.PostProcessingPipeline[0]
      running HybridCLR.AssemblyShadow.CodeGen.ReflectionBindingsILPostProcessor
[40m[32minfo[39m[22m[49m: Unity.ILPP.Runner.PostProcessingPipeline[0]
      running zzzUnity.Burst.CodeGen.BurstILPostProcessor
[40m[32minfo[39m[22m[49m: Unity.ILPP.Runner.PostProcessingPipeline[0]
      running zzzUnity.Burst.CodeGen.BurstILPostProcessor
[40m[32minfo[39m[22m[49m: Microsoft.AspNetCore.Routing.EndpointMiddleware[1]
      Executed endpoint 'gRPC - /UnityILPP.PostProcessing/PostProcessAssembly'
[40m[32minfo[39m[22m[49m: Microsoft.AspNetCore.Hosting.Diagnostics[2]
      Request finished HTTP/2 POST http://ilpp/UnityILPP.PostProcessing/PostProcessAssembly application/grpc - - 200 - application/grpc 13.4669ms
[40m[32minfo[39m[22m[49m: Microsoft.AspNetCore.Routing.EndpointMiddleware[1]
      Executed endpoint 'gRPC - /UnityILPP.PostProcessing/PostProcessAssembly'
[40m[32minfo[39m[22m[49m: Microsoft.AspNetCore.Hosting.Diagnostics[2]
      Request finished HTTP/2 POST http://ilpp/UnityILPP.PostProcessing/PostProcessAssembly application/grpc - - 200 - application/grpc 14.5974ms
[40m[32minfo[39m[22m[49m: Microsoft.AspNetCore.Hosting.Diagnostics[1]
      Request starting HTTP/2 POST http://ilpp/UnityILPP.PostProcessing/PostProcessAssembly application/grpc -
[40m[32minfo[39m[22m[49m: Microsoft.AspNetCore.Routing.EndpointMiddleware[0]
      Executing endpoint 'gRPC - /UnityILPP.PostProcessing/PostProcessAssembly'
[40m[32minfo[39m[22m[49m: Unity.ILPP.Runner.PostProcessingPipeline[0]
      Processing assembly Library/Bee/artifacts/2000e0PDevDbg.dag/Unity.VisualScripting.State.dll, with 115 defines and 195 references
[40m[32minfo[39m[22m[49m: Unity.ILPP.Runner.PostProcessingPipeline[0]
      processors: HybridCLR.AssemblyShadow.CodeGen.ReflectionBindingsILPostProcessor, zzzUnity.Burst.CodeGen.BurstILPostProcessor
[40m[32minfo[39m[22m[49m: Unity.ILPP.Runner.PostProcessingPipeline[0]
      running HybridCLR.AssemblyShadow.CodeGen.ReflectionBindingsILPostProcessor
[40m[32minfo[39m[22m[49m: Microsoft.AspNetCore.Hosting.Diagnostics[1]
      Request starting HTTP/2 POST http://ilpp/UnityILPP.PostProcessing/PostProcessAssembly application/grpc -
[40m[32minfo[39m[22m[49m: Microsoft.AspNetCore.Routing.EndpointMiddleware[0]
      Executing endpoint 'gRPC - /UnityILPP.PostProcessing/PostProcessAssembly'
[40m[32minfo[39m[22m[49m: Unity.ILPP.Runner.PostProcessingPipeline[0]
      Processing assembly Library/Bee/artifacts/2000e0PDevDbg.dag/Unity.VisualScripting.Core.dll, with 118 defines and 193 references
[40m[32minfo[39m[22m[49m: Unity.ILPP.Runner.PostProcessingPipeline[0]
      processors: HybridCLR.AssemblyShadow.CodeGen.ReflectionBindingsILPostProcessor, zzzUnity.Burst.CodeGen.BurstILPostProcessor
[40m[32minfo[39m[22m[49m: Unity.ILPP.Runner.PostProcessingPipeline[0]
      running HybridCLR.AssemblyShadow.CodeGen.ReflectionBindingsILPostProcessor
[40m[32minfo[39m[22m[49m: Unity.ILPP.Runner.PostProcessingPipeline[0]
      running zzzUnity.Burst.CodeGen.BurstILPostProcessor
[40m[32minfo[39m[22m[49m: Microsoft.AspNetCore.Routing.EndpointMiddleware[1]
      Executed endpoint 'gRPC - /UnityILPP.PostProcessing/PostProcessAssembly'
[40m[32minfo[39m[22m[49m: Unity.ILPP.Runner.PostProcessingPipeline[0]
      running zzzUnity.Burst.CodeGen.BurstILPostProcessor
[40m[32minfo[39m[22m[49m: Microsoft.AspNetCore.Hosting.Diagnostics[2]
      Request finished HTTP/2 POST http://ilpp/UnityILPP.PostProcessing/PostProcessAssembly application/grpc - - 200 - application/grpc 3.8068ms
[40m[32minfo[39m[22m[49m: Microsoft.AspNetCore.Routing.EndpointMiddleware[1]
      Executed endpoint 'gRPC - /UnityILPP.PostProcessing/PostProcessAssembly'
[40m[32minfo[39m[22m[49m: Microsoft.AspNetCore.Hosting.Diagnostics[2]
      Request finished HTTP/2 POST http://ilpp/UnityILPP.PostProcessing/PostProcessAssembly application/grpc - - 200 - application/grpc 10.1279ms
[40m[32minfo[39m[22m[49m: Microsoft.AspNetCore.Routing.EndpointMiddleware[1]
      Executed endpoint 'gRPC - /UnityILPP.PostProcessing/PostProcessAssembly'
[40m[32minfo[39m[22m[49m: Microsoft.AspNetCore.Hosting.Diagnostics[2]
      Request finished HTTP/2 POST http://ilpp/UnityILPP.PostProcessing/PostProcessAssembly application/grpc - - 200 - application/grpc 98.8015ms
[40m[32minfo[39m[22m[49m: Microsoft.AspNetCore.Hosting.Diagnostics[1]
      Request starting HTTP/2 POST http://ilpp/UnityILPP.PostProcessing/PostProcessAssembly application/grpc -
[40m[32minfo[39m[22m[49m: Microsoft.AspNetCore.Routing.EndpointMiddleware[0]
      Executing endpoint 'gRPC - /UnityILPP.PostProcessing/PostProcessAssembly'
[40m[32minfo[39m[22m[49m: Unity.ILPP.Runner.PostProcessingPipeline[0]
      Processing assembly Library/Bee/artifacts/2000e0PDevDbg.dag/Unity.TextMeshPro.dll, with 116 defines and 193 references
[40m[32minfo[39m[22m[49m: Unity.ILPP.Runner.PostProcessingPipeline[0]
      processors: HybridCLR.AssemblyShadow.CodeGen.ReflectionBindingsILPostProcessor, zzzUnity.Burst.CodeGen.BurstILPostProcessor
[40m[32minfo[39m[22m[49m: Unity.ILPP.Runner.PostProcessingPipeline[0]
      running HybridCLR.AssemblyShadow.CodeGen.ReflectionBindingsILPostProcessor
[40m[32minfo[39m[22m[49m: Unity.ILPP.Runner.PostProcessingPipeline[0]
      running zzzUnity.Burst.CodeGen.BurstILPostProcessor
[40m[32minfo[39m[22m[49m: Microsoft.AspNetCore.Routing.EndpointMiddleware[1]
      Executed endpoint 'gRPC - /UnityILPP.PostProcessing/PostProcessAssembly'
[40m[32minfo[39m[22m[49m: Microsoft.AspNetCore.Hosting.Diagnostics[2]
      Request finished HTTP/2 POST http://ilpp/UnityILPP.PostProcessing/PostProcessAssembly application/grpc - - 200 - application/grpc 4.4188ms
[40m[32minfo[39m[22m[49m: Microsoft.AspNetCore.Hosting.Diagnostics[1]
      Request starting HTTP/2 POST http://ilpp/UnityILPP.PostProcessing/PostProcessAssembly application/grpc -
[40m[32minfo[39m[22m[49m: Microsoft.AspNetCore.Routing.EndpointMiddleware[0]
      Executing endpoint 'gRPC - /UnityILPP.PostProcessing/PostProcessAssembly'
[40m[32minfo[39m[22m[49m: Microsoft.AspNetCore.Hosting.Diagnostics[1]
      Request starting HTTP/2 POST http://ilpp/UnityILPP.PostProcessing/PostProcessAssembly application/grpc -
[40m[32minfo[39m[22m[49m: Microsoft.AspNetCore.Routing.EndpointMiddleware[0]
      Executing endpoint 'gRPC - /UnityILPP.PostProcessing/PostProcessAssembly'
[40m[32minfo[39m[22m[49m: Unity.ILPP.Runner.PostProcessingPipeline[0]
      Processing assembly Library/Bee/artifacts/2000e0PDevDbg.dag/Unity.2D.SpriteShape.Runtime.dll, with 116 defines and 196 references
[40m[32minfo[39m[22m[49m: Unity.ILPP.Runner.PostProcessingPipeline[0]
      processors: HybridCLR.AssemblyShadow.CodeGen.ReflectionBindingsILPostProcessor, zzzUnity.Burst.CodeGen.BurstILPostProcessor
[40m[32minfo[39m[22m[49m: Unity.ILPP.Runner.PostProcessingPipeline[0]
      running HybridCLR.AssemblyShadow.CodeGen.ReflectionBindingsILPostProcessor
[40m[32minfo[39m[22m[49m: Unity.ILPP.Runner.PostProcessingPipeline[0]
      running zzzUnity.Burst.CodeGen.BurstILPostProcessor
[40m[32minfo[39m[22m[49m: Unity.ILPP.Runner.PostProcessingPipeline[0]
      Processing assembly Library/Bee/artifacts/2000e0PDevDbg.dag/HybridCLR.Runtime.dll, with 115 defines and 193 references
[40m[32minfo[39m[22m[49m: Unity.ILPP.Runner.PostProcessingPipeline[0]
      processors: HybridCLR.AssemblyShadow.CodeGen.ReflectionBindingsILPostProcessor, zzzUnity.Burst.CodeGen.BurstILPostProcessor
[40m[32minfo[39m[22m[49m: Unity.ILPP.Runner.PostProcessingPipeline[0]
      running HybridCLR.AssemblyShadow.CodeGen.ReflectionBindingsILPostProcessor
[40m[32minfo[39m[22m[49m: Unity.ILPP.Runner.PostProcessingPipeline[0]
      running zzzUnity.Burst.CodeGen.BurstILPostProcessor
[40m[32minfo[39m[22m[49m: Microsoft.AspNetCore.Routing.EndpointMiddleware[1]
      Executed endpoint 'gRPC - /UnityILPP.PostProcessing/PostProcessAssembly'
[40m[32minfo[39m[22m[49m: Microsoft.AspNetCore.Hosting.Diagnostics[2]
      Request finished HTTP/2 POST http://ilpp/UnityILPP.PostProcessing/PostProcessAssembly application/grpc - - 200 - application/grpc 5.5196ms
[40m[32minfo[39m[22m[49m: Microsoft.AspNetCore.Hosting.Diagnostics[1]
      Request starting HTTP/2 POST http://ilpp/UnityILPP.PostProcessing/PostProcessAssembly application/grpc -
[40m[32minfo[39m[22m[49m: Microsoft.AspNetCore.Routing.EndpointMiddleware[0]
      Executing endpoint 'gRPC - /UnityILPP.PostProcessing/PostProcessAssembly'
[40m[32minfo[39m[22m[49m: Microsoft.AspNetCore.Hosting.Diagnostics[1]
      Request starting HTTP/2 POST http://ilpp/UnityILPP.PostProcessing/PostProcessAssembly application/grpc -
[40m[32minfo[39m[22m[49m: Microsoft.AspNetCore.Routing.EndpointMiddleware[0]
      Executing endpoint 'gRPC - /UnityILPP.PostProcessing/PostProcessAssembly'
[40m[32minfo[39m[22m[49m: Microsoft.AspNetCore.Hosting.Diagnostics[1]
      Request starting HTTP/2 POST http://ilpp/UnityILPP.PostProcessing/PostProcessAssembly application/grpc -
[40m[32minfo[39m[22m[49m: Microsoft.AspNetCore.Routing.EndpointMiddleware[0]
      Executing endpoint 'gRPC - /UnityILPP.PostProcessing/PostProcessAssembly'
[40m[32minfo[39m[22m[49m: Microsoft.AspNetCore.Routing.EndpointMiddleware[1]
      Executed endpoint 'gRPC - /UnityILPP.PostProcessing/PostProcessAssembly'
[40m[32minfo[39m[22m[49m: Microsoft.AspNetCore.Hosting.Diagnostics[2]
      Request finished HTTP/2 POST http://ilpp/UnityILPP.PostProcessing/PostProcessAssembly application/grpc - - 200 - application/grpc 60.9535ms
[40m[32minfo[39m[22m[49m: Unity.ILPP.Runner.PostProcessingPipeline[0]
      Processing assembly Library/Bee/artifacts/2000e0PDevDbg.dag/Unity.RenderPipelines.ShaderGraph.ShaderGraphLibrary.dll, with 115 defines and 193 references
[40m[32minfo[39m[22m[49m: Unity.ILPP.Runner.PostProcessingPipeline[0]
      processors: HybridCLR.AssemblyShadow.CodeGen.ReflectionBindingsILPostProcessor, zzzUnity.Burst.CodeGen.BurstILPostProcessor
[40m[32minfo[39m[22m[49m: Unity.ILPP.Runner.PostProcessingPipeline[0]
      running HybridCLR.AssemblyShadow.CodeGen.ReflectionBindingsILPostProcessor
[40m[32minfo[39m[22m[49m: Unity.ILPP.Runner.PostProcessingPipeline[0]
      Processing assembly Library/Bee/artifacts/2000e0PDevDbg.dag/Unity.RenderPipelines.Core.Runtime.dll, with 117 defines and 193 references
[40m[32minfo[39m[22m[49m: Unity.ILPP.Runner.PostProcessingPipeline[0]
      Processing assembly Library/Bee/artifacts/2000e0PDevDbg.dag/AssemblyShadowBaseline.HotUpdate.dll, with 115 defines and 125 references
[40m[32minfo[39m[22m[49m: Unity.ILPP.Runner.PostProcessingPipeline[0]
      processors: HybridCLR.AssemblyShadow.CodeGen.ReflectionBindingsILPostProcessor, zzzUnity.Burst.CodeGen.BurstILPostProcessor
[40m[32minfo[39m[22m[49m: Unity.ILPP.Runner.PostProcessingPipeline[0]
      processors: HybridCLR.AssemblyShadow.CodeGen.ReflectionBindingsILPostProcessor, zzzUnity.Burst.CodeGen.BurstILPostProcessor
[40m[32minfo[39m[22m[49m: Unity.ILPP.Runner.PostProcessingPipeline[0]
      running HybridCLR.AssemblyShadow.CodeGen.ReflectionBindingsILPostProcessor
[40m[32minfo[39m[22m[49m: Unity.ILPP.Runner.PostProcessingPipeline[0]
      running zzzUnity.Burst.CodeGen.BurstILPostProcessor
[40m[32minfo[39m[22m[49m: Unity.ILPP.Runner.PostProcessingPipeline[0]
      running HybridCLR.AssemblyShadow.CodeGen.ReflectionBindingsILPostProcessor
[40m[32minfo[39m[22m[49m: Unity.ILPP.Runner.PostProcessingPipeline[0]
      running zzzUnity.Burst.CodeGen.BurstILPostProcessor
[40m[32minfo[39m[22m[49m: Microsoft.AspNetCore.Routing.EndpointMiddleware[1]
      Executed endpoint 'gRPC - /UnityILPP.PostProcessing/PostProcessAssembly'
[40m[32minfo[39m[22m[49m: Microsoft.AspNetCore.Routing.EndpointMiddleware[1]
      Executed endpoint 'gRPC - /UnityILPP.PostProcessing/PostProcessAssembly'
[40m[32minfo[39m[22m[49m: Microsoft.AspNetCore.Hosting.Diagnostics[2]
      Request finished HTTP/2 POST http://ilpp/UnityILPP.PostProcessing/PostProcessAssembly application/grpc - - 200 - application/grpc 24.2832ms
[40m[32minfo[39m[22m[49m: Microsoft.AspNetCore.Hosting.Diagnostics[2]
      Request finished HTTP/2 POST http://ilpp/UnityILPP.PostProcessing/PostProcessAssembly application/grpc - - 200 - application/grpc 16.0323ms
[40m[32minfo[39m[22m[49m: Microsoft.AspNetCore.Hosting.Diagnostics[1]
      Request starting HTTP/2 POST http://ilpp/UnityILPP.PostProcessing/PostProcessAssembly application/grpc -
[40m[32minfo[39m[22m[49m: Microsoft.AspNetCore.Routing.EndpointMiddleware[0]
      Executing endpoint 'gRPC - /UnityILPP.PostProcessing/PostProcessAssembly'
[40m[32minfo[39m[22m[49m: Unity.ILPP.Runner.PostProcessingPipeline[0]
      Processing assembly Library/Bee/artifacts/2000e0PDevDbg.dag/Assembly-CSharp.dll, with 115 defines and 217 references
[40m[32minfo[39m[22m[49m: Unity.ILPP.Runner.PostProcessingPipeline[0]
      processors: HybridCLR.AssemblyShadow.CodeGen.ReflectionBindingsILPostProcessor, zzzUnity.Burst.CodeGen.BurstILPostProcessor
[40m[32minfo[39m[22m[49m: Unity.ILPP.Runner.PostProcessingPipeline[0]
      running HybridCLR.AssemblyShadow.CodeGen.ReflectionBindingsILPostProcessor
[40m[32minfo[39m[22m[49m: Unity.ILPP.Runner.PostProcessingPipeline[0]
      running zzzUnity.Burst.CodeGen.BurstILPostProcessor
[40m[32minfo[39m[22m[49m: Microsoft.AspNetCore.Routing.EndpointMiddleware[1]
      Executed endpoint 'gRPC - /UnityILPP.PostProcessing/PostProcessAssembly'
[40m[32minfo[39m[22m[49m: Microsoft.AspNetCore.Hosting.Diagnostics[2]
      Request finished HTTP/2 POST http://ilpp/UnityILPP.PostProcessing/PostProcessAssembly application/grpc - - 200 - application/grpc 12.8920ms
[40m[32minfo[39m[22m[49m: Microsoft.AspNetCore.Hosting.Diagnostics[1]
      Request starting HTTP/2 POST http://ilpp/UnityILPP.PostProcessing/PostProcessAssembly application/grpc -
[40m[32minfo[39m[22m[49m: Microsoft.AspNetCore.Routing.EndpointMiddleware[0]
      Executing endpoint 'gRPC - /UnityILPP.PostProcessing/PostProcessAssembly'
[40m[32minfo[39m[22m[49m: Unity.ILPP.Runner.PostProcessingPipeline[0]
      Processing assembly Library/Bee/artifacts/2000e0PDevDbg.dag/AssemblyA.Contracts.dll, with 115 defines and 125 references
[40m[32minfo[39m[22m[49m: Unity.ILPP.Runner.PostProcessingPipeline[0]
      processors: HybridCLR.AssemblyShadow.CodeGen.ReflectionBindingsILPostProcessor, zzzUnity.Burst.CodeGen.BurstILPostProcessor
[40m[32minfo[39m[22m[49m: Unity.ILPP.Runner.PostProcessingPipeline[0]
      running HybridCLR.AssemblyShadow.CodeGen.ReflectionBindingsILPostProcessor
[40m[32minfo[39m[22m[49m: Unity.ILPP.Runner.PostProcessingPipeline[0]
      running zzzUnity.Burst.CodeGen.BurstILPostProcessor
[40m[32minfo[39m[22m[49m: Microsoft.AspNetCore.Routing.EndpointMiddleware[1]
      Executed endpoint 'gRPC - /UnityILPP.PostProcessing/PostProcessAssembly'
[40m[32minfo[39m[22m[49m: Microsoft.AspNetCore.Hosting.Diagnostics[2]
      Request finished HTTP/2 POST http://ilpp/UnityILPP.PostProcessing/PostProcessAssembly application/grpc - - 200 - application/grpc 5.6815ms
[40m[32minfo[39m[22m[49m: Microsoft.AspNetCore.Hosting.Diagnostics[1]
      Request starting HTTP/2 POST http://ilpp/UnityILPP.PostProcessing/PostProcessAssembly application/grpc -
[40m[32minfo[39m[22m[49m: Microsoft.AspNetCore.Routing.EndpointMiddleware[0]
      Executing endpoint 'gRPC - /UnityILPP.PostProcessing/PostProcessAssembly'
[40m[32minfo[39m[22m[49m: Unity.ILPP.Runner.PostProcessingPipeline[0]
      Processing assembly Library/Bee/artifacts/2000e0PDevDbg.dag/Unity.VisualScripting.Flow.dll, with 120 defines and 194 references
[40m[32minfo[39m[22m[49m: Unity.ILPP.Runner.PostProcessingPipeline[0]
      processors: HybridCLR.AssemblyShadow.CodeGen.ReflectionBindingsILPostProcessor, zzzUnity.Burst.CodeGen.BurstILPostProcessor
[40m[32minfo[39m[22m[49m: Unity.ILPP.Runner.PostProcessingPipeline[0]
      running HybridCLR.AssemblyShadow.CodeGen.ReflectionBindingsILPostProcessor
[40m[32minfo[39m[22m[49m: Unity.ILPP.Runner.PostProcessingPipeline[0]
      running zzzUnity.Burst.CodeGen.BurstILPostProcessor
[40m[32minfo[39m[22m[49m: Microsoft.AspNetCore.Routing.EndpointMiddleware[1]
      Executed endpoint 'gRPC - /UnityILPP.PostProcessing/PostProcessAssembly'
[40m[32minfo[39m[22m[49m: Microsoft.AspNetCore.Hosting.Diagnostics[2]
      Request finished HTTP/2 POST http://ilpp/UnityILPP.PostProcessing/PostProcessAssembly application/grpc - - 200 - application/grpc 5.6412ms
[40m[32minfo[39m[22m[49m: Microsoft.AspNetCore.Hosting.Diagnostics[1]
      Request starting HTTP/2 POST http://ilpp/UnityILPP.PostProcessing/PostProcessAssembly application/grpc -
[40m[32minfo[39m[22m[49m: Microsoft.AspNetCore.Routing.EndpointMiddleware[0]
      Executing endpoint 'gRPC - /UnityILPP.PostProcessing/PostProcessAssembly'
[40m[32minfo[39m[22m[49m: Unity.ILPP.Runner.PostProcessingPipeline[0]
      Processing assembly Library/Bee/artifacts/2000e0PDevDbg.dag/AssemblyShadowDemo.ContractsConsumer.dll, with 115 defines and 126 references
[40m[32minfo[39m[22m[49m: Unity.ILPP.Runner.PostProcessingPipeline[0]
      processors: HybridCLR.AssemblyShadow.CodeGen.ReflectionBindingsILPostProcessor, zzzUnity.Burst.CodeGen.BurstILPostProcessor
[40m[32minfo[39m[22m[49m: Unity.ILPP.Runner.PostProcessingPipeline[0]
      running HybridCLR.AssemblyShadow.CodeGen.ReflectionBindingsILPostProcessor
[40m[32minfo[39m[22m[49m: Unity.ILPP.Runner.PostProcessingPipeline[0]
      running zzzUnity.Burst.CodeGen.BurstILPostProcessor
[40m[32minfo[39m[22m[49m: Microsoft.AspNetCore.Routing.EndpointMiddleware[1]
      Executed endpoint 'gRPC - /UnityILPP.PostProcessing/PostProcessAssembly'
[40m[32minfo[39m[22m[49m: Microsoft.AspNetCore.Hosting.Diagnostics[2]
      Request finished HTTP/2 POST http://ilpp/UnityILPP.PostProcessing/PostProcessAssembly application/grpc - - 200 - application/grpc 2.4070ms
[40m[32minfo[39m[22m[49m: Microsoft.AspNetCore.Hosting.Diagnostics[1]
      Request starting HTTP/2 POST http://ilpp/UnityILPP.PostProcessing/PostProcessAssembly application/grpc -
[40m[32minfo[39m[22m[49m: Microsoft.AspNetCore.Routing.EndpointMiddleware[0]
      Executing endpoint 'gRPC - /UnityILPP.PostProcessing/PostProcessAssembly'
[40m[32minfo[39m[22m[49m: Unity.ILPP.Runner.PostProcessingPipeline[0]
      Processing assembly Library/Bee/artifacts/2000e0PDevDbg.dag/AssemblyA.Implementation.Extensibility.dll, with 115 defines and 194 references
[40m[32minfo[39m[22m[49m: Unity.ILPP.Runner.PostProcessingPipeline[0]
      processors: HybridCLR.AssemblyShadow.CodeGen.ReflectionBindingsILPostProcessor, zzzUnity.Burst.CodeGen.BurstILPostProcessor
[40m[32minfo[39m[22m[49m: Unity.ILPP.Runner.PostProcessingPipeline[0]
      running HybridCLR.AssemblyShadow.CodeGen.ReflectionBindingsILPostProcessor
[40m[32minfo[39m[22m[49m: Unity.ILPP.Runner.PostProcessingPipeline[0]
      running zzzUnity.Burst.CodeGen.BurstILPostProcessor
[40m[32minfo[39m[22m[49m: Microsoft.AspNetCore.Routing.EndpointMiddleware[1]
      Executed endpoint 'gRPC - /UnityILPP.PostProcessing/PostProcessAssembly'
[40m[32minfo[39m[22m[49m: Microsoft.AspNetCore.Hosting.Diagnostics[2]
      Request finished HTTP/2 POST http://ilpp/UnityILPP.PostProcessing/PostProcessAssembly application/grpc - - 200 - application/grpc 19.2970ms
[40m[32minfo[39m[22m[49m: Microsoft.AspNetCore.Hosting.Diagnostics[1]
      Request starting HTTP/2 POST http://ilpp/UnityILPP.PostProcessing/PostProcessAssembly application/grpc -
[40m[32minfo[39m[22m[49m: Microsoft.AspNetCore.Routing.EndpointMiddleware[0]
      Executing endpoint 'gRPC - /UnityILPP.PostProcessing/PostProcessAssembly'
[40m[32minfo[39m[22m[49m: Unity.ILPP.Runner.PostProcessingPipeline[0]
      Processing assembly Library/Bee/artifacts/2000e0PDevDbg.dag/AssemblyShadowDemo.ExtensibilityConsumer.dll, with 115 defines and 195 references
[40m[32minfo[39m[22m[49m: Unity.ILPP.Runner.PostProcessingPipeline[0]
      processors: HybridCLR.AssemblyShadow.CodeGen.ReflectionBindingsILPostProcessor, zzzUnity.Burst.CodeGen.BurstILPostProcessor
[40m[32minfo[39m[22m[49m: Unity.ILPP.Runner.PostProcessingPipeline[0]
      running HybridCLR.AssemblyShadow.CodeGen.ReflectionBindingsILPostProcessor
[40m[32minfo[39m[22m[49m: Unity.ILPP.Runner.PostProcessingPipeline[0]
      running zzzUnity.Burst.CodeGen.BurstILPostProcessor
[40m[32minfo[39m[22m[49m: Microsoft.AspNetCore.Routing.EndpointMiddleware[1]
      Executed endpoint 'gRPC - /UnityILPP.PostProcessing/PostProcessAssembly'
[40m[32minfo[39m[22m[49m: Microsoft.AspNetCore.Hosting.Diagnostics[2]
      Request finished HTTP/2 POST http://ilpp/UnityILPP.PostProcessing/PostProcessAssembly application/grpc - - 200 - application/grpc 6.8634ms
[40m[32minfo[39m[22m[49m: Microsoft.AspNetCore.Hosting.Diagnostics[1]
      Request starting HTTP/2 POST http://ilpp/UnityILPP.PostProcessing/PostProcessAssembly application/grpc -
[40m[32minfo[39m[22m[49m: Microsoft.AspNetCore.Routing.EndpointMiddleware[0]
      Executing endpoint 'gRPC - /UnityILPP.PostProcessing/PostProcessAssembly'
[40m[32minfo[39m[22m[49m: Unity.ILPP.Runner.PostProcessingPipeline[0]
      Processing assembly Library/Bee/artifacts/2000e0PDevDbg.dag/AssemblyA.Implementation.Internal.dll, with 115 defines and 195 references
[40m[32minfo[39m[22m[49m: Unity.ILPP.Runner.PostProcessingPipeline[0]
      processors: HybridCLR.AssemblyShadow.CodeGen.ReflectionBindingsILPostProcessor, zzzUnity.Burst.CodeGen.BurstILPostProcessor
[40m[32minfo[39m[22m[49m: Unity.ILPP.Runner.PostProcessingPipeline[0]
      running HybridCLR.AssemblyShadow.CodeGen.ReflectionBindingsILPostProcessor
[40m[32minfo[39m[22m[49m: Unity.ILPP.Runner.PostProcessingPipeline[0]
      running zzzUnity.Burst.CodeGen.BurstILPostProcessor
[40m[32minfo[39m[22m[49m: Microsoft.AspNetCore.Routing.EndpointMiddleware[1]
      Executed endpoint 'gRPC - /UnityILPP.PostProcessing/PostProcessAssembly'
[40m[32minfo[39m[22m[49m: Microsoft.AspNetCore.Hosting.Diagnostics[2]
      Request finished HTTP/2 POST http://ilpp/UnityILPP.PostProcessing/PostProcessAssembly application/grpc - - 200 - application/grpc 2.9841ms
[40m[32minfo[39m[22m[49m: Microsoft.AspNetCore.Hosting.Diagnostics[1]
      Request starting HTTP/2 POST http://ilpp/UnityILPP.PostProcessing/PostProcessAssembly application/grpc -
[40m[32minfo[39m[22m[49m: Microsoft.AspNetCore.Routing.EndpointMiddleware[0]
      Executing endpoint 'gRPC - /UnityILPP.PostProcessing/PostProcessAssembly'
[40m[32minfo[39m[22m[49m: Unity.ILPP.Runner.PostProcessingPipeline[0]
      Processing assembly Library/Bee/artifacts/2000e0PDevDbg.dag/AssemblyShadowBaseline.Aot.dll, with 115 defines and 194 references
[40m[32minfo[39m[22m[49m: Unity.ILPP.Runner.PostProcessingPipeline[0]
      processors: HybridCLR.AssemblyShadow.CodeGen.ReflectionBindingsILPostProcessor, zzzUnity.Burst.CodeGen.BurstILPostProcessor
[40m[32minfo[39m[22m[49m: Unity.ILPP.Runner.PostProcessingPipeline[0]
      running HybridCLR.AssemblyShadow.CodeGen.ReflectionBindingsILPostProcessor
[40m[32minfo[39m[22m[49m: Unity.ILPP.Runner.PostProcessingPipeline[0]
      running zzzUnity.Burst.CodeGen.BurstILPostProcessor
[40m[32minfo[39m[22m[49m: Microsoft.AspNetCore.Routing.EndpointMiddleware[1]
      Executed endpoint 'gRPC - /UnityILPP.PostProcessing/PostProcessAssembly'
[40m[32minfo[39m[22m[49m: Microsoft.AspNetCore.Hosting.Diagnostics[2]
      Request finished HTTP/2 POST http://ilpp/UnityILPP.PostProcessing/PostProcessAssembly application/grpc - - 200 - application/grpc 208.4938ms
[40m[32minfo[39m[22m[49m: Microsoft.AspNetCore.Hosting.Diagnostics[1]
      Request starting HTTP/2 POST http://ilpp/UnityILPP.PostProcessing/PostProcessAssembly application/grpc -
[40m[32minfo[39m[22m[49m: Microsoft.AspNetCore.Routing.EndpointMiddleware[0]
      Executing endpoint 'gRPC - /UnityILPP.PostProcessing/PostProcessAssembly'
[40m[32minfo[39m[22m[49m: Unity.ILPP.Runner.PostProcessingPipeline[0]
      Processing assembly Library/Bee/artifacts/2000e0PDevDbg.dag/AssemblyShadowDemo.Bootstrap.dll, with 115 defines and 196 references
[40m[32minfo[39m[22m[49m: Unity.ILPP.Runner.PostProcessingPipeline[0]
      processors: HybridCLR.AssemblyShadow.CodeGen.ReflectionBindingsILPostProcessor, zzzUnity.Burst.CodeGen.BurstILPostProcessor
[40m[32minfo[39m[22m[49m: Unity.ILPP.Runner.PostProcessingPipeline[0]
      running HybridCLR.AssemblyShadow.CodeGen.ReflectionBindingsILPostProcessor
[40m[32minfo[39m[22m[49m: Unity.ILPP.Runner.PostProcessingPipeline[0]
      running zzzUnity.Burst.CodeGen.BurstILPostProcessor
[40m[32minfo[39m[22m[49m: Microsoft.AspNetCore.Routing.EndpointMiddleware[1]
      Executed endpoint 'gRPC - /UnityILPP.PostProcessing/PostProcessAssembly'
[40m[32minfo[39m[22m[49m: Microsoft.AspNetCore.Hosting.Diagnostics[2]
      Request finished HTTP/2 POST http://ilpp/UnityILPP.PostProcessing/PostProcessAssembly application/grpc - - 200 - application/grpc 4.9797ms
[40m[32minfo[39m[22m[49m: Unity.ILPP.Runner.PostProcessingPipeline[0]
      running zzzUnity.Burst.CodeGen.BurstILPostProcessor
[40m[32minfo[39m[22m[49m: Microsoft.AspNetCore.Routing.EndpointMiddleware[1]
      Executed endpoint 'gRPC - /UnityILPP.PostProcessing/PostProcessAssembly'
[40m[32minfo[39m[22m[49m: Microsoft.AspNetCore.Hosting.Diagnostics[2]
      Request finished HTTP/2 POST http://ilpp/UnityILPP.PostProcessing/PostProcessAssembly application/grpc - - 200 - application/grpc 1321.3592ms
ExitCode: 0 Duration: 3s488ms
Finished compiling graph: 573 nodes, 5659 flattened edges (4657 ToBuild, 86 ToUse), maximum node priority 301
[           0s] Delete 81 artifact files that are no longer in use. (like /Users/ah/GitHub/hybridclr/hybridclr_demo_shadow/_temp/AssemblyShadow/M05LayoutCompilerRegression-418e35c7ab8c4f918de4bce433b402a0/CompilerOutput/Unity.RenderPipelines.ShaderGraph.ShaderGraphLibrary.pdb)
[229/572    0s] WriteText Library/Bee/artifacts/2000e0PDevDbg.dag/UnityEngine.UI.rsp
[231/572    0s] WriteText Library/Bee/artifacts/2000e0PDevDbg.dag/Unity.Mathematics.rsp
[235/572    0s] WriteText Library/Bee/artifacts/2000e0PDevDbg.dag/Unity.Burst.rsp
[237/572    0s] WriteText Library/Bee/artifacts/2000e0PDevDbg.dag/Unity.RenderPipelines.Core.Runtime.rsp
[249/572    0s] WriteText Library/Bee/artifacts/2000e0PDevDbg.dag/Unity.VisualScripting.Core.rsp
[250/572    0s] WriteText Library/Bee/artifacts/2000e0PDevDbg.dag/Unity.2D.Common.Runtime.rsp
[251/572    0s] WriteText Library/Bee/artifacts/2000e0PDevDbg.dag/Unity.RenderPipelines.Universal.Config.Runtime.rsp
[252/572    0s] WriteText Library/Bee/artifacts/2000e0PDevDbg.dag/Unity.RenderPipelines.Universal.2D.Internal.rsp
[253/572    0s] WriteText Library/Bee/artifacts/2000e0PDevDbg.dag/Unity.InternalAPIEngineBridge.001.rsp
[254/572    0s] WriteText Library/Bee/artifacts/2000e0PDevDbg.dag/Unity.RenderPipeline.Universal.ShaderLibrary.rsp
[257/572    0s] WriteText Library/Bee/artifacts/2000e0PDevDbg.dag/Unity.VisualScripting.Flow.rsp
[265/572    0s] WriteText Library/Bee/artifacts/2000e0PDevDbg.dag/Unity.Collections.rsp
[270/572    0s] WriteText Library/Bee/artifacts/2000e0PDevDbg.dag/AssemblyA.Contracts.rsp
[301/572    0s] WriteText Library/Bee/artifacts/2000e0PDevDbg.dag/Unity.2D.IK.Runtime.rsp
[302/572    0s] WriteText Library/Bee/artifacts/2000e0PDevDbg.dag/HybridCLR.Runtime.rsp
[303/572    0s] WriteText Library/Bee/artifacts/2000e0PDevDbg.dag/Unity.2D.PixelPerfect.rsp
[304/572    0s] WriteText Library/Bee/artifacts/2000e0PDevDbg.dag/Unity.2D.SpriteShape.Runtime.rsp
[305/572    0s] WriteText Library/Bee/artifacts/2000e0PDevDbg.dag/Unity.2D.Tilemap.Extras.rsp
[306/572    0s] WriteText Library/Bee/artifacts/2000e0PDevDbg.dag/Unity.RenderPipelines.Core.ShaderLibrary.rsp
[307/572    0s] WriteText Library/Bee/artifacts/2000e0PDevDbg.dag/Unity.RenderPipelines.ShaderGraph.ShaderGraphLibrary.rsp
[308/572    0s] WriteText Library/Bee/artifacts/2000e0PDevDbg.dag/Unity.RenderPipelines.Universal.Runtime.rsp
[309/572    0s] WriteText Library/Bee/artifacts/2000e0PDevDbg.dag/Unity.RenderPipelines.Universal.Shaders.rsp
[311/572    0s] WriteText Library/Bee/artifacts/2000e0PDevDbg.dag/Unity.TextMeshPro.rsp
[312/572    0s] WriteText Library/Bee/artifacts/2000e0PDevDbg.dag/Unity.Timeline.rsp
[316/572    0s] WriteText Library/Bee/artifacts/2000e0PDevDbg.dag/Unity.VisualScripting.State.rsp
[320/572    0s] WriteText Library/Bee/artifacts/2000e0PDevDbg.dag/Unity.2D.Animation.Runtime.rsp
[327/572    0s] WriteText Library/Bee/artifacts/2000e0PDevDbg.dag/AssemblyA.Implementation.Extensibility.rsp
[330/572    0s] WriteText Library/Bee/artifacts/2000e0PDevDbg.dag/AssemblyShadowBaseline.Aot.rsp
[343/572    0s] WriteText Library/Bee/artifacts/2000e0PDevDbg.dag/MCPForUnity.Runtime.rsp
[344/572    0s] WriteText Library/Bee/artifacts/2000e0PDevDbg.dag/AssemblyShadowDemo.ContractsConsumer.rsp
[345/572    0s] WriteText Library/Bee/artifacts/2000e0PDevDbg.dag/AssemblyA.Implementation.Internal.rsp
[347/572    0s] WriteText Library/Bee/artifacts/2000e0PDevDbg.dag/AssemblyShadowDemo.Bootstrap.rsp
[349/572    0s] WriteText Library/Bee/artifacts/2000e0PDevDbg.dag/Assembly-CSharp.rsp
[351/572    0s] WriteText Library/Bee/artifacts/2000e0PDevDbg.dag/AssemblyShadowBaseline.HotUpdate.rsp
[352/572    0s] WriteText Library/Bee/artifacts/2000e0PDevDbg.dag/AssemblyShadowDemo.ExtensibilityConsumer.rsp
[353/572    0s] WriteText Library/Bee/artifacts/2000e0PDevDbg.dag/UnityEngine.TestRunner.rsp
[360/572    0s] Csc Library/Bee/artifacts/2000e0PDevDbg.dag/UnityEngine.UI.dll (+2 others) [CacheHit d0390a8b125a15826a83d7753eef626b00000000000000000000000000000003]
[361/572   1787924954s] Csc Library/Bee/artifacts/2000e0PDevDbg.dag/UnityEngine.UI.dll (+2 others)
[362/572    0s] Csc Library/Bee/artifacts/2000e0PDevDbg.dag/UnityEngine.TestRunner.dll (+2 others) [CacheHit f0209bebb6ef3c07c8092844a823f1ab00000000000000000000000000000003]
[364/572   1787924954s] Csc Library/Bee/artifacts/2000e0PDevDbg.dag/UnityEngine.TestRunner.dll (+2 others)
[379/572    0s] Csc Library/Bee/artifacts/2000e0PDevDbg.dag/Unity.InternalAPIEngineBridge.001.dll (+2 others) [CacheHit 053781575bc317bdf29810a8c1fc8d4300000000000000000000000000000003]
[382/572   1787924954s] Csc Library/Bee/artifacts/2000e0PDevDbg.dag/Unity.InternalAPIEngineBridge.001.dll (+2 others)
[390/572    0s] Csc Library/Bee/artifacts/2000e0PDevDbg.dag/HybridCLR.Runtime.dll (+2 others) [CacheHit ac84f28b8970047c83ef07ead6feec1900000000000000000000000000000003]
[394/572   1787924954s] Csc Library/Bee/artifacts/2000e0PDevDbg.dag/HybridCLR.Runtime.dll (+2 others)
[391/572    0s] Csc Library/Bee/artifacts/2000e0PDevDbg.dag/Unity.RenderPipelines.Universal.2D.Internal.dll (+2 others) [CacheHit 90910887a8a06e1275763407554837b100000000000000000000000000000003]
[396/572   1787924954s] Csc Library/Bee/artifacts/2000e0PDevDbg.dag/Unity.RenderPipelines.Universal.2D.Internal.dll (+2 others)
[393/572    0s] Csc Library/Bee/artifacts/2000e0PDevDbg.dag/Unity.Burst.dll (+2 others) [CacheHit 85b5f816634c616cdd6c654948d3157f00000000000000000000000000000003]
[399/572   1787924954s] Csc Library/Bee/artifacts/2000e0PDevDbg.dag/Unity.Burst.dll (+2 others)
[394/572    0s] Csc Library/Bee/artifacts/2000e0PDevDbg.dag/Unity.Mathematics.dll (+2 others) [CacheHit 10db16d6cc7e641aebfdee65ed9bd69200000000000000000000000000000003]
[401/572   1787924954s] Csc Library/Bee/artifacts/2000e0PDevDbg.dag/Unity.Mathematics.dll (+2 others)
[395/572    0s] Csc Library/Bee/artifacts/2000e0PDevDbg.dag/Unity.RenderPipelines.Core.Runtime.dll (+2 others) [CacheHit 856ad0bb80be7bd012c5b79a54710c4c00000000000000000000000000000003]
[403/572   1787924954s] Csc Library/Bee/artifacts/2000e0PDevDbg.dag/Unity.RenderPipelines.Core.Runtime.dll (+2 others)
[403/572    0s] Csc Library/Bee/artifacts/2000e0PDevDbg.dag/Unity.VisualScripting.Core.dll (+2 others) [CacheHit c63df7960c5a188fbbbf5ffc964b850000000000000000000000000000000003]
[403/572    0s] Csc Library/Bee/artifacts/2000e0PDevDbg.dag/Unity.RenderPipelines.ShaderGraph.ShaderGraphLibrary.dll (+2 others) [CacheHit 35c9c8f98a5664423eed261df7d5460800000000000000000000000000000003]
[412/572   1787924954s] Csc Library/Bee/artifacts/2000e0PDevDbg.dag/Unity.VisualScripting.Core.dll (+2 others)
[414/572   1787924954s] Csc Library/Bee/artifacts/2000e0PDevDbg.dag/Unity.RenderPipelines.ShaderGraph.ShaderGraphLibrary.dll (+2 others)
[407/572    0s] Csc Library/Bee/artifacts/2000e0PDevDbg.dag/Unity.RenderPipelines.Core.ShaderLibrary.dll (+2 others) [CacheHit e3ccb814e0076100f75c7d04bfaa5fb000000000000000000000000000000003]
[418/572   1787924954s] Csc Library/Bee/artifacts/2000e0PDevDbg.dag/Unity.RenderPipelines.Core.ShaderLibrary.dll (+2 others)
[408/572    0s] Csc Library/Bee/artifacts/2000e0PDevDbg.dag/Unity.Collections.dll (+2 others) [CacheHit 28cd6806901e9b2096000bcbd540339c00000000000000000000000000000003]
[420/572   1787924954s] Csc Library/Bee/artifacts/2000e0PDevDbg.dag/Unity.Collections.dll (+2 others)
[409/572    0s] Csc Library/Bee/artifacts/2000e0PDevDbg.dag/Unity.RenderPipeline.Universal.ShaderLibrary.dll (+2 others) [CacheHit 160fde23166e840dc88d62d534696e1200000000000000000000000000000003]
[422/572   1787924954s] Csc Library/Bee/artifacts/2000e0PDevDbg.dag/Unity.RenderPipeline.Universal.ShaderLibrary.dll (+2 others)
[410/572    0s] Csc Library/Bee/artifacts/2000e0PDevDbg.dag/Unity.2D.Common.Runtime.dll (+2 others) [CacheHit 4c9103d7504934b5ee824572e6d63cca00000000000000000000000000000003]
[424/572   1787924954s] Csc Library/Bee/artifacts/2000e0PDevDbg.dag/Unity.2D.Common.Runtime.dll (+2 others)
[411/572    0s] Csc Library/Bee/artifacts/2000e0PDevDbg.dag/Unity.RenderPipelines.Universal.Config.Runtime.dll (+2 others) [CacheHit 51c049b0dae1d0474086f5d52028a4f700000000000000000000000000000003]
[426/572   1787924954s] Csc Library/Bee/artifacts/2000e0PDevDbg.dag/Unity.RenderPipelines.Universal.Config.Runtime.dll (+2 others)
[417/572    0s] Csc Library/Bee/artifacts/2000e0PDevDbg.dag/Unity.TextMeshPro.dll (+2 others) [CacheHit f034cd04d7ac39d632bb5c8be168ee4100000000000000000000000000000003]
[433/572   1787924954s] Csc Library/Bee/artifacts/2000e0PDevDbg.dag/Unity.TextMeshPro.dll (+2 others)
[418/572    0s] Csc Library/Bee/artifacts/2000e0PDevDbg.dag/Unity.VisualScripting.Flow.dll (+2 others) [CacheHit b9b43b6cdc74abb7247bdb534bdbcdb300000000000000000000000000000003]
[435/572   1787924954s] Csc Library/Bee/artifacts/2000e0PDevDbg.dag/Unity.VisualScripting.Flow.dll (+2 others)
[423/572    0s] Csc Library/Bee/artifacts/2000e0PDevDbg.dag/Unity.RenderPipelines.Universal.Shaders.dll (+2 others) [CacheHit a95178b9e0106e58136f173663f0b28a00000000000000000000000000000003]
[441/572   1787924954s] Csc Library/Bee/artifacts/2000e0PDevDbg.dag/Unity.RenderPipelines.Universal.Shaders.dll (+2 others)
[424/572    0s] Csc Library/Bee/artifacts/2000e0PDevDbg.dag/Unity.2D.SpriteShape.Runtime.dll (+2 others) [CacheHit 4890b02a52bd08f939050c7514b9079200000000000000000000000000000003]
[443/572   1787924954s] Csc Library/Bee/artifacts/2000e0PDevDbg.dag/Unity.2D.SpriteShape.Runtime.dll (+2 others)
[425/572    0s] Csc Library/Bee/artifacts/2000e0PDevDbg.dag/Unity.VisualScripting.State.dll (+2 others) [CacheHit 203e46024a999eed835c09e68dc353ce00000000000000000000000000000003]
[445/572   1787924954s] Csc Library/Bee/artifacts/2000e0PDevDbg.dag/Unity.VisualScripting.State.dll (+2 others)
[429/572    0s] Csc Library/Bee/artifacts/2000e0PDevDbg.dag/Unity.Timeline.dll (+2 others) [CacheHit f1e1cefb20584bc8b154b61af774cdf700000000000000000000000000000003]
[429/572    0s] Csc Library/Bee/artifacts/2000e0PDevDbg.dag/Unity.2D.Animation.Runtime.dll (+2 others) [CacheHit 87e62f9ee48b5bf490d87d19c6500b7200000000000000000000000000000003]
[429/572    0s] Csc Library/Bee/artifacts/2000e0PDevDbg.dag/Unity.RenderPipelines.Universal.Runtime.dll (+2 others) [CacheHit ed6acc907badcc7b818ce1d30d645b8d00000000000000000000000000000003]
[450/572   1787924954s] Csc Library/Bee/artifacts/2000e0PDevDbg.dag/Unity.Timeline.dll (+2 others)
[453/572   1787924954s] Csc Library/Bee/artifacts/2000e0PDevDbg.dag/Unity.2D.Animation.Runtime.dll (+2 others)
[455/572   1787924954s] Csc Library/Bee/artifacts/2000e0PDevDbg.dag/Unity.RenderPipelines.Universal.Runtime.dll (+2 others)
[468/572    0s] CopyFiles /Users/ah/GitHub/hybridclr/hybridclr_demo_shadow/_temp/AssemblyShadow/M05RawAdmissionCompiler-ee5b8e164fff435a97a3adbed455788d/CompilerOutput/UnityEngine.TestRunner.pdb
[469/572    0s] CopyFiles /Users/ah/GitHub/hybridclr/hybridclr_demo_shadow/_temp/AssemblyShadow/M05RawAdmissionCompiler-ee5b8e164fff435a97a3adbed455788d/CompilerOutput/UnityEngine.TestRunner.dll
[446/572    0s] Csc Library/Bee/artifacts/2000e0PDevDbg.dag/Unity.2D.Tilemap.Extras.dll (+2 others) [CacheHit 355070f5eed79022e53fc71319d8eeb000000000000000000000000000000003]
[470/572   1787924954s] Csc Library/Bee/artifacts/2000e0PDevDbg.dag/Unity.2D.Tilemap.Extras.dll (+2 others)
[447/572    0s] Csc Library/Bee/artifacts/2000e0PDevDbg.dag/Unity.2D.IK.Runtime.dll (+2 others) [CacheHit 5146d26b96d9447993d21c10c195de0500000000000000000000000000000003]
[447/572    0s] Csc Library/Bee/artifacts/2000e0PDevDbg.dag/MCPForUnity.Runtime.dll (+2 others) [CacheHit ea60016102d068cb8d873d1bd05be5ff00000000000000000000000000000003]
[472/572   1787924954s] Csc Library/Bee/artifacts/2000e0PDevDbg.dag/Unity.2D.IK.Runtime.dll (+2 others)
[474/572   1787924954s] Csc Library/Bee/artifacts/2000e0PDevDbg.dag/MCPForUnity.Runtime.dll (+2 others)
[451/572    0s] Csc Library/Bee/artifacts/2000e0PDevDbg.dag/Unity.2D.PixelPerfect.dll (+2 others) [CacheHit 739efedb3844d8cacea5583fa4a8328000000000000000000000000000000003]
[478/572    0s] ILPP-Configuration Library/ilpp-configuration.nevergeneratedoutput
[479/572   1787924954s] Csc Library/Bee/artifacts/2000e0PDevDbg.dag/Unity.2D.PixelPerfect.dll (+2 others)
[483/572    0s] ILPostProcess Library/Bee/artifacts/2000e0PDevDbg.dag/post-processed/Unity.RenderPipelines.Core.ShaderLibrary.dll (+pdb)
Processing assembly Library/Bee/artifacts/2000e0PDevDbg.dag/Unity.RenderPipelines.Core.ShaderLibrary.dll, with 115 defines and 193 references
processors: HybridCLR.AssemblyShadow.CodeGen.ReflectionBindingsILPostProcessor, zzzUnity.Burst.CodeGen.BurstILPostProcessor
running HybridCLR.AssemblyShadow.CodeGen.ReflectionBindingsILPostProcessor
running zzzUnity.Burst.CodeGen.BurstILPostProcessor
[484/572    0s] ILPostProcess Library/Bee/artifacts/2000e0PDevDbg.dag/post-processed/Unity.RenderPipelines.Universal.Config.Runtime.dll (+pdb)
Processing assembly Library/Bee/artifacts/2000e0PDevDbg.dag/Unity.RenderPipelines.Universal.Config.Runtime.dll, with 115 defines and 194 references
processors: HybridCLR.AssemblyShadow.CodeGen.ReflectionBindingsILPostProcessor, zzzUnity.Burst.CodeGen.BurstILPostProcessor
running HybridCLR.AssemblyShadow.CodeGen.ReflectionBindingsILPostProcessor
running zzzUnity.Burst.CodeGen.BurstILPostProcessor
[485/572    0s] ILPostProcess Library/Bee/artifacts/2000e0PDevDbg.dag/post-processed/Unity.InternalAPIEngineBridge.001.dll (+pdb)
Processing assembly Library/Bee/artifacts/2000e0PDevDbg.dag/Unity.InternalAPIEngineBridge.001.dll, with 115 defines and 193 references
processors: HybridCLR.AssemblyShadow.CodeGen.ReflectionBindingsILPostProcessor, zzzUnity.Burst.CodeGen.BurstILPostProcessor
running HybridCLR.AssemblyShadow.CodeGen.ReflectionBindingsILPostProcessor
running zzzUnity.Burst.CodeGen.BurstILPostProcessor
[486/572    0s] ILPostProcess Library/Bee/artifacts/2000e0PDevDbg.dag/post-processed/Unity.Mathematics.dll (+pdb)
Processing assembly Library/Bee/artifacts/2000e0PDevDbg.dag/Unity.Mathematics.dll, with 115 defines and 193 references
processors: HybridCLR.AssemblyShadow.CodeGen.ReflectionBindingsILPostProcessor, zzzUnity.Burst.CodeGen.BurstILPostProcessor
running HybridCLR.AssemblyShadow.CodeGen.ReflectionBindingsILPostProcessor
running zzzUnity.Burst.CodeGen.BurstILPostProcessor
[487/572    0s] ILPostProcess Library/Bee/artifacts/2000e0PDevDbg.dag/post-processed/Unity.2D.IK.Runtime.dll (+pdb)
Processing assembly Library/Bee/artifacts/2000e0PDevDbg.dag/Unity.2D.IK.Runtime.dll, with 115 defines and 194 references
processors: HybridCLR.AssemblyShadow.CodeGen.ReflectionBindingsILPostProcessor, zzzUnity.Burst.CodeGen.BurstILPostProcessor
running HybridCLR.AssemblyShadow.CodeGen.ReflectionBindingsILPostProcessor
running zzzUnity.Burst.CodeGen.BurstILPostProcessor
[488/572    0s] ILPostProcess Library/Bee/artifacts/2000e0PDevDbg.dag/post-processed/MCPForUnity.Runtime.dll (+pdb)
Processing assembly Library/Bee/artifacts/2000e0PDevDbg.dag/MCPForUnity.Runtime.dll, with 115 defines and 191 references
processors: HybridCLR.AssemblyShadow.CodeGen.ReflectionBindingsILPostProcessor, zzzUnity.Burst.CodeGen.BurstILPostProcessor
running HybridCLR.AssemblyShadow.CodeGen.ReflectionBindingsILPostProcessor
running zzzUnity.Burst.CodeGen.BurstILPostProcessor
[489/572    0s] ILPostProcess Library/Bee/artifacts/2000e0PDevDbg.dag/post-processed/Unity.2D.Common.Runtime.dll (+pdb)
Processing assembly Library/Bee/artifacts/2000e0PDevDbg.dag/Unity.2D.Common.Runtime.dll, with 115 defines and 194 references
processors: HybridCLR.AssemblyShadow.CodeGen.ReflectionBindingsILPostProcessor, zzzUnity.Burst.CodeGen.BurstILPostProcessor
running HybridCLR.AssemblyShadow.CodeGen.ReflectionBindingsILPostProcessor
running zzzUnity.Burst.CodeGen.BurstILPostProcessor
[490/572    0s] ILPostProcess Library/Bee/artifacts/2000e0PDevDbg.dag/post-processed/Unity.Burst.dll (+pdb)
Processing assembly Library/Bee/artifacts/2000e0PDevDbg.dag/Unity.Burst.dll, with 115 defines and 191 references
processors: HybridCLR.AssemblyShadow.CodeGen.ReflectionBindingsILPostProcessor, zzzUnity.Burst.CodeGen.BurstILPostProcessor
running HybridCLR.AssemblyShadow.CodeGen.ReflectionBindingsILPostProcessor
running zzzUnity.Burst.CodeGen.BurstILPostProcessor
[491/572    0s] ILPostProcess Library/Bee/artifacts/2000e0PDevDbg.dag/post-processed/Unity.2D.Tilemap.Extras.dll (+pdb)
Processing assembly Library/Bee/artifacts/2000e0PDevDbg.dag/Unity.2D.Tilemap.Extras.dll, with 115 defines and 193 references
processors: HybridCLR.AssemblyShadow.CodeGen.ReflectionBindingsILPostProcessor, zzzUnity.Burst.CodeGen.BurstILPostProcessor
running HybridCLR.AssemblyShadow.CodeGen.ReflectionBindingsILPostProcessor
running zzzUnity.Burst.CodeGen.BurstILPostProcessor
[492/572    0s] ILPostProcess Library/Bee/artifacts/2000e0PDevDbg.dag/post-processed/Unity.RenderPipeline.Universal.ShaderLibrary.dll (+pdb)
Processing assembly Library/Bee/artifacts/2000e0PDevDbg.dag/Unity.RenderPipeline.Universal.ShaderLibrary.dll, with 115 defines and 194 references
processors: HybridCLR.AssemblyShadow.CodeGen.ReflectionBindingsILPostProcessor, zzzUnity.Burst.CodeGen.BurstILPostProcessor
running HybridCLR.AssemblyShadow.CodeGen.ReflectionBindingsILPostProcessor
running zzzUnity.Burst.CodeGen.BurstILPostProcessor
[493/572    0s] ILPostProcess Library/Bee/artifacts/2000e0PDevDbg.dag/post-processed/UnityEngine.UI.dll (+pdb)
Processing assembly Library/Bee/artifacts/2000e0PDevDbg.dag/UnityEngine.UI.dll, with 120 defines and 192 references
processors: HybridCLR.AssemblyShadow.CodeGen.ReflectionBindingsILPostProcessor, zzzUnity.Burst.CodeGen.BurstILPostProcessor
running HybridCLR.AssemblyShadow.CodeGen.ReflectionBindingsILPostProcessor
running zzzUnity.Burst.CodeGen.BurstILPostProcessor
[494/572    0s] ILPostProcess Library/Bee/artifacts/2000e0PDevDbg.dag/post-processed/Unity.RenderPipelines.Universal.2D.Internal.dll (+pdb)
Processing assembly Library/Bee/artifacts/2000e0PDevDbg.dag/Unity.RenderPipelines.Universal.2D.Internal.dll, with 115 defines and 193 references
processors: HybridCLR.AssemblyShadow.CodeGen.ReflectionBindingsILPostProcessor, zzzUnity.Burst.CodeGen.BurstILPostProcessor
running HybridCLR.AssemblyShadow.CodeGen.ReflectionBindingsILPostProcessor
running zzzUnity.Burst.CodeGen.BurstILPostProcessor
[495/572    0s] ILPostProcess Library/Bee/artifacts/2000e0PDevDbg.dag/post-processed/Unity.Collections.dll (+pdb)
Processing assembly Library/Bee/artifacts/2000e0PDevDbg.dag/Unity.Collections.dll, with 115 defines and 195 references
processors: HybridCLR.AssemblyShadow.CodeGen.ReflectionBindingsILPostProcessor, zzzUnity.Burst.CodeGen.BurstILPostProcessor
running HybridCLR.AssemblyShadow.CodeGen.ReflectionBindingsILPostProcessor
running zzzUnity.Burst.CodeGen.BurstILPostProcessor
[496/572    0s] ILPostProcess Library/Bee/artifacts/2000e0PDevDbg.dag/post-processed/Unity.2D.Animation.Runtime.dll (+pdb)
Processing assembly Library/Bee/artifacts/2000e0PDevDbg.dag/Unity.2D.Animation.Runtime.dll, with 115 defines and 198 references
processors: HybridCLR.AssemblyShadow.CodeGen.ReflectionBindingsILPostProcessor, zzzUnity.Burst.CodeGen.BurstILPostProcessor
running HybridCLR.AssemblyShadow.CodeGen.ReflectionBindingsILPostProcessor
running zzzUnity.Burst.CodeGen.BurstILPostProcessor
[497/572    0s] ILPostProcess Library/Bee/artifacts/2000e0PDevDbg.dag/post-processed/Unity.Timeline.dll (+pdb)
Processing assembly Library/Bee/artifacts/2000e0PDevDbg.dag/Unity.Timeline.dll, with 116 defines and 193 references
processors: HybridCLR.AssemblyShadow.CodeGen.ReflectionBindingsILPostProcessor, zzzUnity.Burst.CodeGen.BurstILPostProcessor
running HybridCLR.AssemblyShadow.CodeGen.ReflectionBindingsILPostProcessor
running zzzUnity.Burst.CodeGen.BurstILPostProcessor
[498/572    0s] ILPostProcess Library/Bee/artifacts/2000e0PDevDbg.dag/post-processed/Unity.RenderPipelines.Universal.Shaders.dll (+pdb)
Processing assembly Library/Bee/artifacts/2000e0PDevDbg.dag/Unity.RenderPipelines.Universal.Shaders.dll, with 115 defines and 193 references
processors: HybridCLR.AssemblyShadow.CodeGen.ReflectionBindingsILPostProcessor, zzzUnity.Burst.CodeGen.BurstILPostProcessor
running HybridCLR.AssemblyShadow.CodeGen.ReflectionBindingsILPostProcessor
running zzzUnity.Burst.CodeGen.BurstILPostProcessor
[499/572    0s] ILPostProcess Library/Bee/artifacts/2000e0PDevDbg.dag/post-processed/Unity.2D.PixelPerfect.dll (+pdb)
Processing assembly Library/Bee/artifacts/2000e0PDevDbg.dag/Unity.2D.PixelPerfect.dll, with 116 defines and 193 references
processors: HybridCLR.AssemblyShadow.CodeGen.ReflectionBindingsILPostProcessor, zzzUnity.Burst.CodeGen.BurstILPostProcessor
running HybridCLR.AssemblyShadow.CodeGen.ReflectionBindingsILPostProcessor
running zzzUnity.Burst.CodeGen.BurstILPostProcessor
[500/572    0s] ILPostProcess Library/Bee/artifacts/2000e0PDevDbg.dag/post-processed/Unity.VisualScripting.State.dll (+pdb)
Processing assembly Library/Bee/artifacts/2000e0PDevDbg.dag/Unity.VisualScripting.State.dll, with 115 defines and 195 references
processors: HybridCLR.AssemblyShadow.CodeGen.ReflectionBindingsILPostProcessor, zzzUnity.Burst.CodeGen.BurstILPostProcessor
running HybridCLR.AssemblyShadow.CodeGen.ReflectionBindingsILPostProcessor
running zzzUnity.Burst.CodeGen.BurstILPostProcessor
[501/572    0s] ILPostProcess Library/Bee/artifacts/2000e0PDevDbg.dag/post-processed/Unity.VisualScripting.Core.dll (+pdb)
Processing assembly Library/Bee/artifacts/2000e0PDevDbg.dag/Unity.VisualScripting.Core.dll, with 118 defines and 193 references
processors: HybridCLR.AssemblyShadow.CodeGen.ReflectionBindingsILPostProcessor, zzzUnity.Burst.CodeGen.BurstILPostProcessor
running HybridCLR.AssemblyShadow.CodeGen.ReflectionBindingsILPostProcessor
running zzzUnity.Burst.CodeGen.BurstILPostProcessor
[502/572    1s] Csc Library/Bee/artifacts/2000e0PDevDbg.dag/AssemblyShadowBaseline.HotUpdate.dll (+2 others)
[503/572    0s] Csc Library/Bee/artifacts/2000e0PDevDbg.dag/Assembly-CSharp.dll (+2 others)
[504/572    1s] Csc Library/Bee/artifacts/2000e0PDevDbg.dag/AssemblyA.Contracts.dll (+2 others)
[505/572    0s] ILPostProcess Library/Bee/artifacts/2000e0PDevDbg.dag/post-processed/Unity.RenderPipelines.Universal.Runtime.dll (+pdb)
Processing assembly Library/Bee/artifacts/2000e0PDevDbg.dag/Unity.RenderPipelines.Universal.Runtime.dll, with 120 defines and 199 references
processors: HybridCLR.AssemblyShadow.CodeGen.ReflectionBindingsILPostProcessor, zzzUnity.Burst.CodeGen.BurstILPostProcessor
running HybridCLR.AssemblyShadow.CodeGen.ReflectionBindingsILPostProcessor
running zzzUnity.Burst.CodeGen.BurstILPostProcessor
[506/572    0s] ILPostProcess Library/Bee/artifacts/2000e0PDevDbg.dag/post-processed/Unity.TextMeshPro.dll (+pdb)
Processing assembly Library/Bee/artifacts/2000e0PDevDbg.dag/Unity.TextMeshPro.dll, with 116 defines and 193 references
processors: HybridCLR.AssemblyShadow.CodeGen.ReflectionBindingsILPostProcessor, zzzUnity.Burst.CodeGen.BurstILPostProcessor
running HybridCLR.AssemblyShadow.CodeGen.ReflectionBindingsILPostProcessor
running zzzUnity.Burst.CodeGen.BurstILPostProcessor
[507/572    0s] ILPostProcess Library/Bee/artifacts/2000e0PDevDbg.dag/post-processed/HybridCLR.Runtime.dll (+pdb)
Processing assembly Library/Bee/artifacts/2000e0PDevDbg.dag/HybridCLR.Runtime.dll, with 115 defines and 193 references
processors: HybridCLR.AssemblyShadow.CodeGen.ReflectionBindingsILPostProcessor, zzzUnity.Burst.CodeGen.BurstILPostProcessor
running HybridCLR.AssemblyShadow.CodeGen.ReflectionBindingsILPostProcessor
running zzzUnity.Burst.CodeGen.BurstILPostProcessor
[508/572    0s] ILPostProcess Library/Bee/artifacts/2000e0PDevDbg.dag/post-processed/Unity.2D.SpriteShape.Runtime.dll (+pdb)
Processing assembly Library/Bee/artifacts/2000e0PDevDbg.dag/Unity.2D.SpriteShape.Runtime.dll, with 116 defines and 196 references
processors: HybridCLR.AssemblyShadow.CodeGen.ReflectionBindingsILPostProcessor, zzzUnity.Burst.CodeGen.BurstILPostProcessor
running HybridCLR.AssemblyShadow.CodeGen.ReflectionBindingsILPostProcessor
running zzzUnity.Burst.CodeGen.BurstILPostProcessor
[509/572    0s] Csc Library/Bee/artifacts/2000e0PDevDbg.dag/AssemblyA.Implementation.Extensibility.dll (+2 others)
[510/572    0s] ILPostProcess Library/Bee/artifacts/2000e0PDevDbg.dag/post-processed/AssemblyShadowBaseline.HotUpdate.dll (+pdb)
Processing assembly Library/Bee/artifacts/2000e0PDevDbg.dag/AssemblyShadowBaseline.HotUpdate.dll, with 115 defines and 125 references
processors: HybridCLR.AssemblyShadow.CodeGen.ReflectionBindingsILPostProcessor, zzzUnity.Burst.CodeGen.BurstILPostProcessor
running HybridCLR.AssemblyShadow.CodeGen.ReflectionBindingsILPostProcessor
running zzzUnity.Burst.CodeGen.BurstILPostProcessor
[511/572    0s] ILPostProcess Library/Bee/artifacts/2000e0PDevDbg.dag/post-processed/Unity.RenderPipelines.ShaderGraph.ShaderGraphLibrary.dll (+pdb)
Processing assembly Library/Bee/artifacts/2000e0PDevDbg.dag/Unity.RenderPipelines.ShaderGraph.ShaderGraphLibrary.dll, with 115 defines and 193 references
processors: HybridCLR.AssemblyShadow.CodeGen.ReflectionBindingsILPostProcessor, zzzUnity.Burst.CodeGen.BurstILPostProcessor
running HybridCLR.AssemblyShadow.CodeGen.ReflectionBindingsILPostProcessor
running zzzUnity.Burst.CodeGen.BurstILPostProcessor
[512/572    0s] Csc Library/Bee/artifacts/2000e0PDevDbg.dag/AssemblyShadowDemo.ContractsConsumer.dll (+2 others)
[513/572    0s] ILPostProcess Library/Bee/artifacts/2000e0PDevDbg.dag/post-processed/Assembly-CSharp.dll (+pdb)
Processing assembly Library/Bee/artifacts/2000e0PDevDbg.dag/Assembly-CSharp.dll, with 115 defines and 217 references
processors: HybridCLR.AssemblyShadow.CodeGen.ReflectionBindingsILPostProcessor, zzzUnity.Burst.CodeGen.BurstILPostProcessor
running HybridCLR.AssemblyShadow.CodeGen.ReflectionBindingsILPostProcessor
running zzzUnity.Burst.CodeGen.BurstILPostProcessor
[514/572    0s] ILPostProcess Library/Bee/artifacts/2000e0PDevDbg.dag/post-processed/AssemblyA.Contracts.dll (+pdb)
Processing assembly Library/Bee/artifacts/2000e0PDevDbg.dag/AssemblyA.Contracts.dll, with 115 defines and 125 references
processors: HybridCLR.AssemblyShadow.CodeGen.ReflectionBindingsILPostProcessor, zzzUnity.Burst.CodeGen.BurstILPostProcessor
running HybridCLR.AssemblyShadow.CodeGen.ReflectionBindingsILPostProcessor
running zzzUnity.Burst.CodeGen.BurstILPostProcessor
[515/572    0s] CopyFiles /Users/ah/GitHub/hybridclr/hybridclr_demo_shadow/_temp/AssemblyShadow/M05RawAdmissionCompiler-ee5b8e164fff435a97a3adbed455788d/CompilerOutput/Unity.RenderPipelines.ShaderGraph.ShaderGraphLibrary.dll
[516/572    0s] CopyFiles /Users/ah/GitHub/hybridclr/hybridclr_demo_shadow/_temp/AssemblyShadow/M05RawAdmissionCompiler-ee5b8e164fff435a97a3adbed455788d/CompilerOutput/Unity.Burst.dll
[517/572    0s] CopyFiles /Users/ah/GitHub/hybridclr/hybridclr_demo_shadow/_temp/AssemblyShadow/M05RawAdmissionCompiler-ee5b8e164fff435a97a3adbed455788d/CompilerOutput/Unity.Mathematics.dll
[518/572    0s] CopyFiles /Users/ah/GitHub/hybridclr/hybridclr_demo_shadow/_temp/AssemblyShadow/M05RawAdmissionCompiler-ee5b8e164fff435a97a3adbed455788d/CompilerOutput/AssemblyShadowBaseline.HotUpdate.dll
[519/572    0s] CopyFiles /Users/ah/GitHub/hybridclr/hybridclr_demo_shadow/_temp/AssemblyShadow/M05RawAdmissionCompiler-ee5b8e164fff435a97a3adbed455788d/CompilerOutput/Unity.2D.SpriteShape.Runtime.dll
[520/572    0s] CopyFiles /Users/ah/GitHub/hybridclr/hybridclr_demo_shadow/_temp/AssemblyShadow/M05RawAdmissionCompiler-ee5b8e164fff435a97a3adbed455788d/CompilerOutput/Unity.RenderPipelines.Universal.2D.Internal.dll
[521/572    0s] CopyFiles /Users/ah/GitHub/hybridclr/hybridclr_demo_shadow/_temp/AssemblyShadow/M05RawAdmissionCompiler-ee5b8e164fff435a97a3adbed455788d/CompilerOutput/HybridCLR.Runtime.dll
[522/572    0s] CopyFiles /Users/ah/GitHub/hybridclr/hybridclr_demo_shadow/_temp/AssemblyShadow/M05RawAdmissionCompiler-ee5b8e164fff435a97a3adbed455788d/CompilerOutput/Unity.2D.IK.Runtime.dll
[523/572    0s] CopyFiles /Users/ah/GitHub/hybridclr/hybridclr_demo_shadow/_temp/AssemblyShadow/M05RawAdmissionCompiler-ee5b8e164fff435a97a3adbed455788d/CompilerOutput/Unity.TextMeshPro.dll
[524/572    0s] CopyFiles /Users/ah/GitHub/hybridclr/hybridclr_demo_shadow/_temp/AssemblyShadow/M05RawAdmissionCompiler-ee5b8e164fff435a97a3adbed455788d/CompilerOutput/MCPForUnity.Runtime.dll
[525/572    0s] CopyFiles /Users/ah/GitHub/hybridclr/hybridclr_demo_shadow/_temp/AssemblyShadow/M05RawAdmissionCompiler-ee5b8e164fff435a97a3adbed455788d/CompilerOutput/UnityEngine.UI.dll
[526/572    0s] CopyFiles /Users/ah/GitHub/hybridclr/hybridclr_demo_shadow/_temp/AssemblyShadow/M05RawAdmissionCompiler-ee5b8e164fff435a97a3adbed455788d/CompilerOutput/Unity.RenderPipelines.Universal.Runtime.dll
[527/572    0s] CopyFiles /Users/ah/GitHub/hybridclr/hybridclr_demo_shadow/_temp/AssemblyShadow/M05RawAdmissionCompiler-ee5b8e164fff435a97a3adbed455788d/CompilerOutput/Unity.RenderPipelines.Universal.Config.Runtime.dll
[528/572    0s] CopyFiles /Users/ah/GitHub/hybridclr/hybridclr_demo_shadow/_temp/AssemblyShadow/M05RawAdmissionCompiler-ee5b8e164fff435a97a3adbed455788d/CompilerOutput/Unity.VisualScripting.Core.dll
[529/572    0s] CopyFiles /Users/ah/GitHub/hybridclr/hybridclr_demo_shadow/_temp/AssemblyShadow/M05RawAdmissionCompiler-ee5b8e164fff435a97a3adbed455788d/CompilerOutput/Unity.InternalAPIEngineBridge.001.dll
[530/572    0s] CopyFiles /Users/ah/GitHub/hybridclr/hybridclr_demo_shadow/_temp/AssemblyShadow/M05RawAdmissionCompiler-ee5b8e164fff435a97a3adbed455788d/CompilerOutput/Unity.VisualScripting.State.dll
[531/572    0s] CopyFiles /Users/ah/GitHub/hybridclr/hybridclr_demo_shadow/_temp/AssemblyShadow/M05RawAdmissionCompiler-ee5b8e164fff435a97a3adbed455788d/CompilerOutput/Unity.RenderPipeline.Universal.ShaderLibrary.dll
[532/572    0s] CopyFiles /Users/ah/GitHub/hybridclr/hybridclr_demo_shadow/_temp/AssemblyShadow/M05RawAdmissionCompiler-ee5b8e164fff435a97a3adbed455788d/CompilerOutput/Unity.2D.PixelPerfect.dll
[533/572    0s] CopyFiles /Users/ah/GitHub/hybridclr/hybridclr_demo_shadow/_temp/AssemblyShadow/M05RawAdmissionCompiler-ee5b8e164fff435a97a3adbed455788d/CompilerOutput/Unity.RenderPipelines.Universal.Shaders.dll
[534/572    0s] CopyFiles /Users/ah/GitHub/hybridclr/hybridclr_demo_shadow/_temp/AssemblyShadow/M05RawAdmissionCompiler-ee5b8e164fff435a97a3adbed455788d/CompilerOutput/Unity.2D.Common.Runtime.dll
[535/572    0s] CopyFiles /Users/ah/GitHub/hybridclr/hybridclr_demo_shadow/_temp/AssemblyShadow/M05RawAdmissionCompiler-ee5b8e164fff435a97a3adbed455788d/CompilerOutput/Unity.RenderPipelines.Core.ShaderLibrary.dll
[536/572    0s] CopyFiles /Users/ah/GitHub/hybridclr/hybridclr_demo_shadow/_temp/AssemblyShadow/M05RawAdmissionCompiler-ee5b8e164fff435a97a3adbed455788d/CompilerOutput/Unity.Timeline.dll
[537/572    0s] CopyFiles /Users/ah/GitHub/hybridclr/hybridclr_demo_shadow/_temp/AssemblyShadow/M05RawAdmissionCompiler-ee5b8e164fff435a97a3adbed455788d/CompilerOutput/Assembly-CSharp.dll
[538/572    0s] CopyFiles /Users/ah/GitHub/hybridclr/hybridclr_demo_shadow/_temp/AssemblyShadow/M05RawAdmissionCompiler-ee5b8e164fff435a97a3adbed455788d/CompilerOutput/Unity.2D.Tilemap.Extras.dll
[539/572    0s] CopyFiles /Users/ah/GitHub/hybridclr/hybridclr_demo_shadow/_temp/AssemblyShadow/M05RawAdmissionCompiler-ee5b8e164fff435a97a3adbed455788d/CompilerOutput/Unity.2D.Animation.Runtime.dll
[540/572    0s] CopyFiles /Users/ah/GitHub/hybridclr/hybridclr_demo_shadow/_temp/AssemblyShadow/M05RawAdmissionCompiler-ee5b8e164fff435a97a3adbed455788d/CompilerOutput/Unity.Collections.dll
[541/572    0s] CopyFiles /Users/ah/GitHub/hybridclr/hybridclr_demo_shadow/_temp/AssemblyShadow/M05RawAdmissionCompiler-ee5b8e164fff435a97a3adbed455788d/CompilerOutput/Assembly-CSharp.pdb
[542/572    0s] CopyFiles /Users/ah/GitHub/hybridclr/hybridclr_demo_shadow/_temp/AssemblyShadow/M05RawAdmissionCompiler-ee5b8e164fff435a97a3adbed455788d/CompilerOutput/Unity.RenderPipelines.ShaderGraph.ShaderGraphLibrary.pdb
[543/572    0s] CopyFiles /Users/ah/GitHub/hybridclr/hybridclr_demo_shadow/_temp/AssemblyShadow/M05RawAdmissionCompiler-ee5b8e164fff435a97a3adbed455788d/CompilerOutput/AssemblyShadowBaseline.HotUpdate.pdb
[544/572    0s] CopyFiles /Users/ah/GitHub/hybridclr/hybridclr_demo_shadow/_temp/AssemblyShadow/M05RawAdmissionCompiler-ee5b8e164fff435a97a3adbed455788d/CompilerOutput/Unity.2D.SpriteShape.Runtime.pdb
[545/572    0s] CopyFiles /Users/ah/GitHub/hybridclr/hybridclr_demo_shadow/_temp/AssemblyShadow/M05RawAdmissionCompiler-ee5b8e164fff435a97a3adbed455788d/CompilerOutput/HybridCLR.Runtime.pdb
[546/572    0s] CopyFiles /Users/ah/GitHub/hybridclr/hybridclr_demo_shadow/_temp/AssemblyShadow/M05RawAdmissionCompiler-ee5b8e164fff435a97a3adbed455788d/CompilerOutput/Unity.TextMeshPro.pdb
[547/572    0s] CopyFiles /Users/ah/GitHub/hybridclr/hybridclr_demo_shadow/_temp/AssemblyShadow/M05RawAdmissionCompiler-ee5b8e164fff435a97a3adbed455788d/CompilerOutput/Unity.RenderPipelines.Universal.Runtime.pdb
[548/572    0s] CopyFiles /Users/ah/GitHub/hybridclr/hybridclr_demo_shadow/_temp/AssemblyShadow/M05RawAdmissionCompiler-ee5b8e164fff435a97a3adbed455788d/CompilerOutput/Unity.VisualScripting.Core.pdb
[549/572    0s] CopyFiles /Users/ah/GitHub/hybridclr/hybridclr_demo_shadow/_temp/AssemblyShadow/M05RawAdmissionCompiler-ee5b8e164fff435a97a3adbed455788d/CompilerOutput/Unity.VisualScripting.State.pdb
[550/572    0s] CopyFiles /Users/ah/GitHub/hybridclr/hybridclr_demo_shadow/_temp/AssemblyShadow/M05RawAdmissionCompiler-ee5b8e164fff435a97a3adbed455788d/CompilerOutput/AssemblyA.Contracts.dll
[551/572    0s] CopyFiles /Users/ah/GitHub/hybridclr/hybridclr_demo_shadow/_temp/AssemblyShadow/M05RawAdmissionCompiler-ee5b8e164fff435a97a3adbed455788d/CompilerOutput/AssemblyA.Contracts.pdb
[552/572    0s] CopyFiles /Users/ah/GitHub/hybridclr/hybridclr_demo_shadow/_temp/AssemblyShadow/M05RawAdmissionCompiler-ee5b8e164fff435a97a3adbed455788d/CompilerOutput/Unity.2D.PixelPerfect.pdb
[553/572    0s] CopyFiles /Users/ah/GitHub/hybridclr/hybridclr_demo_shadow/_temp/AssemblyShadow/M05RawAdmissionCompiler-ee5b8e164fff435a97a3adbed455788d/CompilerOutput/Unity.RenderPipelines.Universal.Shaders.pdb
[554/572    0s] CopyFiles /Users/ah/GitHub/hybridclr/hybridclr_demo_shadow/_temp/AssemblyShadow/M05RawAdmissionCompiler-ee5b8e164fff435a97a3adbed455788d/CompilerOutput/Unity.Timeline.pdb
[555/572    0s] CopyFiles /Users/ah/GitHub/hybridclr/hybridclr_demo_shadow/_temp/AssemblyShadow/M05RawAdmissionCompiler-ee5b8e164fff435a97a3adbed455788d/CompilerOutput/Unity.2D.Animation.Runtime.pdb
[556/572    0s] CopyFiles /Users/ah/GitHub/hybridclr/hybridclr_demo_shadow/_temp/AssemblyShadow/M05RawAdmissionCompiler-ee5b8e164fff435a97a3adbed455788d/CompilerOutput/Unity.RenderPipelines.Universal.2D.Internal.pdb
[557/572    0s] CopyFiles /Users/ah/GitHub/hybridclr/hybridclr_demo_shadow/_temp/AssemblyShadow/M05RawAdmissionCompiler-ee5b8e164fff435a97a3adbed455788d/CompilerOutput/Unity.Collections.pdb
[558/572    0s] CopyFiles /Users/ah/GitHub/hybridclr/hybridclr_demo_shadow/_temp/AssemblyShadow/M05RawAdmissionCompiler-ee5b8e164fff435a97a3adbed455788d/CompilerOutput/UnityEngine.UI.pdb
[559/572    0s] CopyFiles /Users/ah/GitHub/hybridclr/hybridclr_demo_shadow/_temp/AssemblyShadow/M05RawAdmissionCompiler-ee5b8e164fff435a97a3adbed455788d/CompilerOutput/Unity.RenderPipeline.Universal.ShaderLibrary.pdb
[560/572    0s] CopyFiles /Users/ah/GitHub/hybridclr/hybridclr_demo_shadow/_temp/AssemblyShadow/M05RawAdmissionCompiler-ee5b8e164fff435a97a3adbed455788d/CompilerOutput/Unity.2D.Tilemap.Extras.pdb
[561/572    0s] CopyFiles /Users/ah/GitHub/hybridclr/hybridclr_demo_shadow/_temp/AssemblyShadow/M05RawAdmissionCompiler-ee5b8e164fff435a97a3adbed455788d/CompilerOutput/MCPForUnity.Runtime.pdb
[562/572    0s] CopyFiles /Users/ah/GitHub/hybridclr/hybridclr_demo_shadow/_temp/AssemblyShadow/M05RawAdmissionCompiler-ee5b8e164fff435a97a3adbed455788d/CompilerOutput/Unity.Burst.pdb
[563/572    0s] CopyFiles /Users/ah/GitHub/hybridclr/hybridclr_demo_shadow/_temp/AssemblyShadow/M05RawAdmissionCompiler-ee5b8e164fff435a97a3adbed455788d/CompilerOutput/Unity.2D.Common.Runtime.pdb
[564/572    0s] CopyFiles /Users/ah/GitHub/hybridclr/hybridclr_demo_shadow/_temp/AssemblyShadow/M05RawAdmissionCompiler-ee5b8e164fff435a97a3adbed455788d/CompilerOutput/Unity.2D.IK.Runtime.pdb
[565/572    0s] CopyFiles /Users/ah/GitHub/hybridclr/hybridclr_demo_shadow/_temp/AssemblyShadow/M05RawAdmissionCompiler-ee5b8e164fff435a97a3adbed455788d/CompilerOutput/Unity.InternalAPIEngineBridge.001.pdb
[566/572    0s] CopyFiles /Users/ah/GitHub/hybridclr/hybridclr_demo_shadow/_temp/AssemblyShadow/M05RawAdmissionCompiler-ee5b8e164fff435a97a3adbed455788d/CompilerOutput/Unity.Mathematics.pdb
[567/572    0s] CopyFiles /Users/ah/GitHub/hybridclr/hybridclr_demo_shadow/_temp/AssemblyShadow/M05RawAdmissionCompiler-ee5b8e164fff435a97a3adbed455788d/CompilerOutput/Unity.RenderPipelines.Universal.Config.Runtime.pdb
[568/572    0s] CopyFiles /Users/ah/GitHub/hybridclr/hybridclr_demo_shadow/_temp/AssemblyShadow/M05RawAdmissionCompiler-ee5b8e164fff435a97a3adbed455788d/CompilerOutput/Unity.RenderPipelines.Core.ShaderLibrary.pdb
[569/572    0s] ILPostProcess Library/Bee/artifacts/2000e0PDevDbg.dag/post-processed/Unity.VisualScripting.Flow.dll (+pdb)
Processing assembly Library/Bee/artifacts/2000e0PDevDbg.dag/Unity.VisualScripting.Flow.dll, with 120 defines and 194 references
processors: HybridCLR.AssemblyShadow.CodeGen.ReflectionBindingsILPostProcessor, zzzUnity.Burst.CodeGen.BurstILPostProcessor
running HybridCLR.AssemblyShadow.CodeGen.ReflectionBindingsILPostProcessor
running zzzUnity.Burst.CodeGen.BurstILPostProcessor
[570/572    0s] CopyFiles /Users/ah/GitHub/hybridclr/hybridclr_demo_shadow/_temp/AssemblyShadow/M05RawAdmissionCompiler-ee5b8e164fff435a97a3adbed455788d/CompilerOutput/Unity.VisualScripting.Flow.dll
[571/572    0s] CopyFiles /Users/ah/GitHub/hybridclr/hybridclr_demo_shadow/_temp/AssemblyShadow/M05RawAdmissionCompiler-ee5b8e164fff435a97a3adbed455788d/CompilerOutput/Unity.VisualScripting.Flow.pdb
[572/572    0s] Csc Library/Bee/artifacts/2000e0PDevDbg.dag/AssemblyShadowDemo.ExtensibilityConsumer.dll (+2 others)
[573/572    0s] ILPostProcess Library/Bee/artifacts/2000e0PDevDbg.dag/post-processed/AssemblyShadowDemo.ContractsConsumer.dll (+pdb)
Processing assembly Library/Bee/artifacts/2000e0PDevDbg.dag/AssemblyShadowDemo.ContractsConsumer.dll, with 115 defines and 126 references
processors: HybridCLR.AssemblyShadow.CodeGen.ReflectionBindingsILPostProcessor, zzzUnity.Burst.CodeGen.BurstILPostProcessor
running HybridCLR.AssemblyShadow.CodeGen.ReflectionBindingsILPostProcessor
running zzzUnity.Burst.CodeGen.BurstILPostProcessor
[574/572    0s] CopyFiles /Users/ah/GitHub/hybridclr/hybridclr_demo_shadow/_temp/AssemblyShadow/M05RawAdmissionCompiler-ee5b8e164fff435a97a3adbed455788d/CompilerOutput/AssemblyShadowDemo.ContractsConsumer.dll
[575/572    0s] CopyFiles /Users/ah/GitHub/hybridclr/hybridclr_demo_shadow/_temp/AssemblyShadow/M05RawAdmissionCompiler-ee5b8e164fff435a97a3adbed455788d/CompilerOutput/AssemblyShadowDemo.ContractsConsumer.pdb
[576/572    0s] ILPostProcess Library/Bee/artifacts/2000e0PDevDbg.dag/post-processed/AssemblyA.Implementation.Extensibility.dll (+pdb)
Processing assembly Library/Bee/artifacts/2000e0PDevDbg.dag/AssemblyA.Implementation.Extensibility.dll, with 115 defines and 194 references
processors: HybridCLR.AssemblyShadow.CodeGen.ReflectionBindingsILPostProcessor, zzzUnity.Burst.CodeGen.BurstILPostProcessor
running HybridCLR.AssemblyShadow.CodeGen.ReflectionBindingsILPostProcessor
running zzzUnity.Burst.CodeGen.BurstILPostProcessor
[577/572    0s] CopyFiles /Users/ah/GitHub/hybridclr/hybridclr_demo_shadow/_temp/AssemblyShadow/M05RawAdmissionCompiler-ee5b8e164fff435a97a3adbed455788d/CompilerOutput/AssemblyA.Implementation.Extensibility.dll
[578/572    0s] CopyFiles /Users/ah/GitHub/hybridclr/hybridclr_demo_shadow/_temp/AssemblyShadow/M05RawAdmissionCompiler-ee5b8e164fff435a97a3adbed455788d/CompilerOutput/AssemblyA.Implementation.Extensibility.pdb
[579/572    0s] Csc Library/Bee/artifacts/2000e0PDevDbg.dag/AssemblyA.Implementation.Internal.dll (+2 others)
[580/572    0s] ILPostProcess Library/Bee/artifacts/2000e0PDevDbg.dag/post-processed/AssemblyShadowDemo.ExtensibilityConsumer.dll (+pdb)
Processing assembly Library/Bee/artifacts/2000e0PDevDbg.dag/AssemblyShadowDemo.ExtensibilityConsumer.dll, with 115 defines and 195 references
processors: HybridCLR.AssemblyShadow.CodeGen.ReflectionBindingsILPostProcessor, zzzUnity.Burst.CodeGen.BurstILPostProcessor
running HybridCLR.AssemblyShadow.CodeGen.ReflectionBindingsILPostProcessor
running zzzUnity.Burst.CodeGen.BurstILPostProcessor
[581/572    0s] CopyFiles /Users/ah/GitHub/hybridclr/hybridclr_demo_shadow/_temp/AssemblyShadow/M05RawAdmissionCompiler-ee5b8e164fff435a97a3adbed455788d/CompilerOutput/AssemblyShadowDemo.ExtensibilityConsumer.dll
[582/572    0s] CopyFiles /Users/ah/GitHub/hybridclr/hybridclr_demo_shadow/_temp/AssemblyShadow/M05RawAdmissionCompiler-ee5b8e164fff435a97a3adbed455788d/CompilerOutput/AssemblyShadowDemo.ExtensibilityConsumer.pdb
[583/572    0s] ILPostProcess Library/Bee/artifacts/2000e0PDevDbg.dag/post-processed/AssemblyA.Implementation.Internal.dll (+pdb)
Processing assembly Library/Bee/artifacts/2000e0PDevDbg.dag/AssemblyA.Implementation.Internal.dll, with 115 defines and 195 references
processors: HybridCLR.AssemblyShadow.CodeGen.ReflectionBindingsILPostProcessor, zzzUnity.Burst.CodeGen.BurstILPostProcessor
running HybridCLR.AssemblyShadow.CodeGen.ReflectionBindingsILPostProcessor
running zzzUnity.Burst.CodeGen.BurstILPostProcessor
[584/572    0s] CopyFiles /Users/ah/GitHub/hybridclr/hybridclr_demo_shadow/_temp/AssemblyShadow/M05RawAdmissionCompiler-ee5b8e164fff435a97a3adbed455788d/CompilerOutput/AssemblyA.Implementation.Internal.dll
[585/572    0s] CopyFiles /Users/ah/GitHub/hybridclr/hybridclr_demo_shadow/_temp/AssemblyShadow/M05RawAdmissionCompiler-ee5b8e164fff435a97a3adbed455788d/CompilerOutput/AssemblyA.Implementation.Internal.pdb
[586/572    2s] Csc Library/Bee/artifacts/2000e0PDevDbg.dag/AssemblyShadowBaseline.Aot.dll (+2 others)
[587/572    0s] Csc Library/Bee/artifacts/2000e0PDevDbg.dag/AssemblyShadowDemo.Bootstrap.dll (+2 others)
Assets/AssemblyShadowDemo/Bootstrap/ShadowBootstrap.cs(59,31): warning CS0618: 'RuntimeApi.GetAssemblyShadowPrototypeDiagnostics()' is obsolete: 'Assembly Shadow Prototype was retired; use GetDiagnosticsJson.'
Assets/AssemblyShadowDemo/Bootstrap/ShadowBootstrap.cs(92,61): warning CS0618: 'RuntimeApi.GetAssemblyShadowPrototypeDiagnostics()' is obsolete: 'Assembly Shadow Prototype was retired; use GetDiagnosticsJson.'
Assets/AssemblyShadowDemo/Bootstrap/ShadowBootstrap.cs(133,35): warning CS0618: 'RuntimeApi.LoadAssemblyShadowPrototype(byte[], byte[])' is obsolete: 'Assembly Shadow Prototype was retired; use ConfigureCandidates/BeginTransaction/StageAssembly.'
Assets/AssemblyShadowDemo/Bootstrap/ShadowBootstrap.cs(137,25): warning CS0618: 'RuntimeApi.ActivateAssemblyShadowPrototype(string)' is obsolete: 'Assembly Shadow Prototype was retired; use CommitTransaction.'
Assets/AssemblyShadowDemo/Bootstrap/ShadowBootstrap.cs(290,51): warning CS0618: 'RuntimeApi.SetAssemblyShadowPrototypePhase(string)' is obsolete: 'Assembly Shadow Prototype was retired; use generalized diagnostics.'
Assets/AssemblyShadowDemo/Bootstrap/ShadowBootstrap.cs(291,108): warning CS0618: 'RuntimeApi.InspectAssemblyShadowPrototypeObject(object)' is obsolete: 'Assembly Shadow Prototype was retired; use generalized diagnostics.'
Assets/AssemblyShadowDemo/Bootstrap/ShadowBootstrap.cs(292,114): warning CS0618: 'RuntimeApi.InspectAssemblyShadowPrototypeAssembly(Assembly)' is obsolete: 'Assembly Shadow Prototype was retired; use generalized diagnostics.'
[588/572    0s] ILPostProcess Library/Bee/artifacts/2000e0PDevDbg.dag/post-processed/AssemblyShadowBaseline.Aot.dll (+pdb)
Processing assembly Library/Bee/artifacts/2000e0PDevDbg.dag/AssemblyShadowBaseline.Aot.dll, with 115 defines and 194 references
processors: HybridCLR.AssemblyShadow.CodeGen.ReflectionBindingsILPostProcessor, zzzUnity.Burst.CodeGen.BurstILPostProcessor
running HybridCLR.AssemblyShadow.CodeGen.ReflectionBindingsILPostProcessor
running zzzUnity.Burst.CodeGen.BurstILPostProcessor
[589/572    0s] CopyFiles /Users/ah/GitHub/hybridclr/hybridclr_demo_shadow/_temp/AssemblyShadow/M05RawAdmissionCompiler-ee5b8e164fff435a97a3adbed455788d/CompilerOutput/AssemblyShadowBaseline.Aot.dll
[590/572    0s] CopyFiles /Users/ah/GitHub/hybridclr/hybridclr_demo_shadow/_temp/AssemblyShadow/M05RawAdmissionCompiler-ee5b8e164fff435a97a3adbed455788d/CompilerOutput/AssemblyShadowBaseline.Aot.pdb
[591/572    0s] ILPostProcess Library/Bee/artifacts/2000e0PDevDbg.dag/post-processed/AssemblyShadowDemo.Bootstrap.dll (+pdb)
Processing assembly Library/Bee/artifacts/2000e0PDevDbg.dag/AssemblyShadowDemo.Bootstrap.dll, with 115 defines and 196 references
processors: HybridCLR.AssemblyShadow.CodeGen.ReflectionBindingsILPostProcessor, zzzUnity.Burst.CodeGen.BurstILPostProcessor
running HybridCLR.AssemblyShadow.CodeGen.ReflectionBindingsILPostProcessor
running zzzUnity.Burst.CodeGen.BurstILPostProcessor
[592/572    0s] CopyFiles /Users/ah/GitHub/hybridclr/hybridclr_demo_shadow/_temp/AssemblyShadow/M05RawAdmissionCompiler-ee5b8e164fff435a97a3adbed455788d/CompilerOutput/AssemblyShadowDemo.Bootstrap.pdb
[593/572    0s] CopyFiles /Users/ah/GitHub/hybridclr/hybridclr_demo_shadow/_temp/AssemblyShadow/M05RawAdmissionCompiler-ee5b8e164fff435a97a3adbed455788d/CompilerOutput/AssemblyShadowDemo.Bootstrap.dll
[594/572    1s] ILPostProcess Library/Bee/artifacts/2000e0PDevDbg.dag/post-processed/Unity.RenderPipelines.Core.Runtime.dll (+pdb)
Processing assembly Library/Bee/artifacts/2000e0PDevDbg.dag/Unity.RenderPipelines.Core.Runtime.dll, with 117 defines and 193 references
processors: HybridCLR.AssemblyShadow.CodeGen.ReflectionBindingsILPostProcessor, zzzUnity.Burst.CodeGen.BurstILPostProcessor
running HybridCLR.AssemblyShadow.CodeGen.ReflectionBindingsILPostProcessor
running zzzUnity.Burst.CodeGen.BurstILPostProcessor
[595/572    0s] CopyFiles /Users/ah/GitHub/hybridclr/hybridclr_demo_shadow/_temp/AssemblyShadow/M05RawAdmissionCompiler-ee5b8e164fff435a97a3adbed455788d/CompilerOutput/Unity.RenderPipelines.Core.Runtime.pdb
[596/572    0s] CopyFiles /Users/ah/GitHub/hybridclr/hybridclr_demo_shadow/_temp/AssemblyShadow/M05RawAdmissionCompiler-ee5b8e164fff435a97a3adbed455788d/CompilerOutput/Unity.RenderPipelines.Core.Runtime.dll
[598/572    0s] BuildPlayerDataGenerator Library/BuildPlayerData/Player/RuntimeInitializeOnLoads.json (+1 other)
*** Tundra build success (3.46 seconds), 154 items updated, 572 evaluated
Assets/AssemblyShadowDemo/Bootstrap/ShadowBootstrap.cs(59,31): warning CS0618: 'RuntimeApi.GetAssemblyShadowPrototypeDiagnostics()' is obsolete: 'Assembly Shadow Prototype was retired; use GetDiagnosticsJson.'
Assets/AssemblyShadowDemo/Bootstrap/ShadowBootstrap.cs(92,61): warning CS0618: 'RuntimeApi.GetAssemblyShadowPrototypeDiagnostics()' is obsolete: 'Assembly Shadow Prototype was retired; use GetDiagnosticsJson.'
Assets/AssemblyShadowDemo/Bootstrap/ShadowBootstrap.cs(133,35): warning CS0618: 'RuntimeApi.LoadAssemblyShadowPrototype(byte[], byte[])' is obsolete: 'Assembly Shadow Prototype was retired; use ConfigureCandidates/BeginTransaction/StageAssembly.'
Assets/AssemblyShadowDemo/Bootstrap/ShadowBootstrap.cs(137,25): warning CS0618: 'RuntimeApi.ActivateAssemblyShadowPrototype(string)' is obsolete: 'Assembly Shadow Prototype was retired; use CommitTransaction.'
Assets/AssemblyShadowDemo/Bootstrap/ShadowBootstrap.cs(290,51): warning CS0618: 'RuntimeApi.SetAssemblyShadowPrototypePhase(string)' is obsolete: 'Assembly Shadow Prototype was retired; use generalized diagnostics.'
Assets/AssemblyShadowDemo/Bootstrap/ShadowBootstrap.cs(291,108): warning CS0618: 'RuntimeApi.InspectAssemblyShadowPrototypeObject(object)' is obsolete: 'Assembly Shadow Prototype was retired; use generalized diagnostics.'
Assets/AssemblyShadowDemo/Bootstrap/ShadowBootstrap.cs(292,114): warning CS0618: 'RuntimeApi.InspectAssemblyShadowPrototypeAssembly(Assembly)' is obsolete: 'Assembly Shadow Prototype was retired; use generalized diagnostics.'
Assets/AssemblyShadowDemo/Bootstrap/ShadowBootstrap.cs(133,35): warning CS0618: 'RuntimeApi.LoadAssemblyShadowPrototype(byte[], byte[])' is obsolete: 'Assembly Shadow Prototype was retired; use ConfigureCandidates/BeginTransaction/StageAssembly.'
Assets/AssemblyShadowDemo/Bootstrap/ShadowBootstrap.cs(137,25): warning CS0618: 'RuntimeApi.ActivateAssemblyShadowPrototype(string)' is obsolete: 'Assembly Shadow Prototype was retired; use CommitTransaction.'
Assets/AssemblyShadowDemo/Bootstrap/ShadowBootstrap.cs(290,51): warning CS0618: 'RuntimeApi.SetAssemblyShadowPrototypePhase(string)' is obsolete: 'Assembly Shadow Prototype was retired; use generalized diagnostics.'
Assets/AssemblyShadowDemo/Bootstrap/ShadowBootstrap.cs(291,108): warning CS0618: 'RuntimeApi.InspectAssemblyShadowPrototypeObject(object)' is obsolete: 'Assembly Shadow Prototype was retired; use generalized diagnostics.'
Assets/AssemblyShadowDemo/Bootstrap/ShadowBootstrap.cs(292,114): warning CS0618: 'RuntimeApi.InspectAssemblyShadowPrototypeAssembly(Assembly)' is obsolete: 'Assembly Shadow Prototype was retired; use generalized diagnostics.'
Total cache size 267899536
Total cache size after purge 267899536
[40m[32minfo[39m[22m[49m: Microsoft.AspNetCore.Hosting.Diagnostics[1]
      Request starting HTTP/2 POST http://ilpp/UnityILPP.PostProcessing/Ping application/grpc -
[40m[32minfo[39m[22m[49m: Microsoft.AspNetCore.Routing.EndpointMiddleware[0]
      Executing endpoint 'gRPC - /UnityILPP.PostProcessing/Ping'
[40m[32minfo[39m[22m[49m: Microsoft.AspNetCore.Routing.EndpointMiddleware[1]
      Executed endpoint 'gRPC - /UnityILPP.PostProcessing/Ping'
[40m[32minfo[39m[22m[49m: Microsoft.AspNetCore.Hosting.Diagnostics[2]
      Request finished HTTP/2 POST http://ilpp/UnityILPP.PostProcessing/Ping application/grpc - - 200 - application/grpc 0.1567ms
Starting: /Applications/Unity/Hub/Editor/2022.3.62f2/Unity.app/Contents/bee_backend --ipc --defer-dag-verification --dagfile="Library/Bee/200b0aE.dag" --continue-on-failure --profile="Library/Bee/backend1.traceevents" ScriptAssembliesAndTypeDB
WorkingDir: /Users/ah/GitHub/hybridclr/hybridclr_demo_shadow
[40m[32minfo[39m[22m[49m: Microsoft.AspNetCore.Hosting.Diagnostics[1]
      Request starting HTTP/2 POST http://ilpp/UnityILPP.PostProcessing/ConfigurePostProcessors application/grpc -
[40m[32minfo[39m[22m[49m: Microsoft.AspNetCore.Routing.EndpointMiddleware[0]
      Executing endpoint 'gRPC - /UnityILPP.PostProcessing/ConfigurePostProcessors'
[40m[32minfo[39m[22m[49m: Unity.ILPP.Runner.PostProcessingAssemblyLoadContext[0]
      ALC ILPP context 2 is unloading
[40m[1m[33mwarn[39m[22m[49m: Unity.ILPP.Runner.PostProcessingAssemblyLoadContext[0]
      Assembly unityeditor.ios.extensions.xcode has duplicate hint path. Ignoring "/Applications/Unity/Hub/Editor/2022.3.62f2/Unity.app/Contents/PlaybackEngines/MacStandaloneSupport/UnityEditor.iOS.Extensions.Xcode.dll" in favor of "/Applications/Unity/Hub/Editor/2022.3.62f2/PlaybackEngines/iOSSupport/UnityEditor.iOS.Extensions.Xcode.dll"
[40m[1m[33mwarn[39m[22m[49m: Unity.ILPP.Runner.PostProcessingAssemblyLoadContext[0]
      Assembly system.componentmodel.composition has duplicate hint path. Ignoring "/Applications/Unity/Hub/Editor/2022.3.62f2/Unity.app/Contents/NetStandard/compat/2.1.0/shims/netfx/System.ComponentModel.Composition.dll" in favor of "/Applications/Unity/Hub/Editor/2022.3.62f2/Unity.app/Contents/UnityReferenceAssemblies/unity-4.8-api/System.ComponentModel.Composition.dll"
[40m[1m[33mwarn[39m[22m[49m: Unity.ILPP.Runner.PostProcessingAssemblyLoadContext[0]
      Assembly system.runtime.interopservices.windowsruntime has duplicate hint path. Ignoring "/Applications/Unity/Hub/Editor/2022.3.62f2/Unity.app/Contents/NetStandard/Extensions/2.0.0/System.Runtime.InteropServices.WindowsRuntime.dll" in favor of "/Applications/Unity/Hub/Editor/2022.3.62f2/Unity.app/Contents/UnityReferenceAssemblies/unity-4.8-api/Facades/System.Runtime.InteropServices.WindowsRuntime.dll"
[40m[32minfo[39m[22m[49m: Unity.ILPP.Runner.PostProcessingAssemblyLoadContext[0]
      Resolved Unity.Burst.Cecil, Version=0.11.4.0, Culture=neutral, PublicKeyToken=50cebf1cceb9d05e with Library/PackageCache/com.unity.burst@1.8.21/Unity.Burst.CodeGen/Unity.Burst.Cecil.dll
[40m[32minfo[39m[22m[49m: Microsoft.AspNetCore.Routing.EndpointMiddleware[1]
      Executed endpoint 'gRPC - /UnityILPP.PostProcessing/ConfigurePostProcessors'
[40m[32minfo[39m[22m[49m: Microsoft.AspNetCore.Hosting.Diagnostics[2]
      Request finished HTTP/2 POST http://ilpp/UnityILPP.PostProcessing/ConfigurePostProcessors application/grpc - - 200 - application/grpc 6.5767ms
ExitCode: 0 Duration: 0s330ms
[676/910    0s] ILPP-Configuration Library/ilpp-configuration.nevergeneratedoutput
*** Tundra build success (0.31 seconds), 1 items updated, 910 evaluated
Total cache size 267899536
Total cache size after purge 267899536
Fallback handler could not load library /Applications/Unity/Hub/Editor/2022.3.62f2/Unity.app/Contents/Frameworks/MonoBleedingEdge/lib/kernel32
Fallback handler could not load library /Applications/Unity/Hub/Editor/2022.3.62f2/Unity.app/Contents/Frameworks/MonoBleedingEdge/lib/libkernel32.dylib
Fallback handler could not load library /Applications/Unity/Hub/Editor/2022.3.62f2/Unity.app/Contents/Frameworks/MonoBleedingEdge/lib/libkernel32.dylib
Fallback handler could not load library /Applications/Unity/Hub/Editor/2022.3.62f2/Unity.app/Contents/Frameworks/MonoBleedingEdge/lib/libkernel32.so
Fallback handler could not load library /Applications/Unity/Hub/Editor/2022.3.62f2/Unity.app/Contents/Frameworks/MonoBleedingEdge/lib/libkernel32.bundle
Fallback handler could not load library /Applications/Unity/Hub/Editor/2022.3.62f2/Unity.app/Contents/Frameworks/MonoBleedingEdge/lib/kernel32
Fallback handler could not load library /Applications/Unity/Hub/Editor/2022.3.62f2/Unity.app/Contents/Frameworks/MonoBleedingEdge/lib/libkernel32
Fallback handler could not load library /Applications/Unity/Hub/Editor/2022.3.62f2/Unity.app/Contents/Frameworks/MonoBleedingEdge/lib/libkernel32.dylib
Fallback handler could not load library /Applications/Unity/Hub/Editor/2022.3.62f2/Unity.app/Contents/Frameworks/MonoBleedingEdge/lib/libkernel32.dylib
Fallback handler could not load library /Applications/Unity/Hub/Editor/2022.3.62f2/Unity.app/Contents/Frameworks/MonoBleedingEdge/lib/libkernel32.so
Fallback handler could not load library /Applications/Unity/Hub/Editor/2022.3.62f2/Unity.app/Contents/Frameworks/MonoBleedingEdge/lib/libkernel32.bundle
Fallback handler could not load library /Applications/Unity/Hub/Editor/2022.3.62f2/Unity.app/Contents/Frameworks/MonoBleedingEdge/lib/libkernel32
Fallback handler could not load library /Applications/Unity/Hub/Editor/2022.3.62f2/Unity.app/Contents/Frameworks/MonoBleedingEdge/lib/kernel32
Fallback handler could not load library /Applications/Unity/Hub/Editor/2022.3.62f2/Unity.app/Contents/Frameworks/MonoBleedingEdge/lib/libkernel32.dylib
Fallback handler could not load library /Applications/Unity/Hub/Editor/2022.3.62f2/Unity.app/Contents/Frameworks/MonoBleedingEdge/lib/libkernel32.dylib
Fallback handler could not load library /Applications/Unity/Hub/Editor/2022.3.62f2/Unity.app/Contents/Frameworks/MonoBleedingEdge/lib/libkernel32.so
Fallback handler could not load library /Applications/Unity/Hub/Editor/2022.3.62f2/Unity.app/Contents/Frameworks/MonoBleedingEdge/lib/libkernel32.bundle
Fallback handler could not load library /Applications/Unity/Hub/Editor/2022.3.62f2/Unity.app/Contents/Frameworks/MonoBleedingEdge/lib/kernel32
Fallback handler could not load library /Applications/Unity/Hub/Editor/2022.3.62f2/Unity.app/Contents/Frameworks/MonoBleedingEdge/lib/libkernel32
Fallback handler could not load library /Applications/Unity/Hub/Editor/2022.3.62f2/Unity.app/Contents/Frameworks/MonoBleedingEdge/lib/libkernel32.dylib
Fallback handler could not load library /Applications/Unity/Hub/Editor/2022.3.62f2/Unity.app/Contents/Frameworks/MonoBleedingEdge/lib/libkernel32.dylib
Fallback handler could not load library /Applications/Unity/Hub/Editor/2022.3.62f2/Unity.app/Contents/Frameworks/MonoBleedingEdge/lib/libkernel32.so
Fallback handler could not load library /Applications/Unity/Hub/Editor/2022.3.62f2/Unity.app/Contents/Frameworks/MonoBleedingEdge/lib/libkernel32.bundle
Fallback handler could not load library /Applications/Unity/Hub/Editor/2022.3.62f2/Unity.app/Contents/Frameworks/MonoBleedingEdge/lib/libkernel32
[AssemblyShadow M05] Declared 25 raw-query sites from /Users/ah/GitHub/hybridclr/hybridclr_demo_shadow/_temp/AssemblyShadow/M05RawAdmissionCompiler-ee5b8e164fff435a97a3adbed455788d/Assemblies; configuration SHA-256 d47806dc47b699aa3fb0ece4f285a158e4677e4b40c9ae23fb448929a7bed8a8. Actual Player/patch byte and role verification remains required.
UnityEngine.StackTraceUtility:ExtractStackTrace () (at /Users/bokken/build/output/unity/unity/Runtime/Export/Scripting/StackTrace.cs:37)
UnityEngine.DebugLogHandler:LogFormat (UnityEngine.LogType,UnityEngine.Object,string,object[])
UnityEngine.Logger:Log (UnityEngine.LogType,object)
UnityEngine.Debug:Log (object)
AssemblyShadowDemo.Editor.M05RawTypeAdmissionBuild:Generate () (at Assets/AssemblyShadowDemo/Editor/M05RawTypeAdmissionBuild.cs:84)

(Filename: Assets/AssemblyShadowDemo/Editor/M05RawTypeAdmissionBuild.cs Line: 84)

Batchmode quit successfully invoked - shutting down!
Killing ADB server in 0.043052 seconds.
Thread 0x300687000 may have been prematurely finalized
[PhysX] Initialized MultithreadedTaskDispatcher with 10 workers.
Input System module state changed to: ShutdownInProgress.
Input System polling thread exited.
Input System module state changed to: Shutdown.
[Licensing::IpcConnector] LicenseClient-ah-notifications channel disconnected successfully.
[Licensing::IpcConnector] LicenseClient-ah channel disconnected successfully.
Thread 0x16e7bb000 may have been prematurely finalized
[40m[32minfo[39m[22m[49m: Microsoft.Hosting.Lifetime[0]
      Application is shutting down...
Cleanup mono
[40m[32minfo[39m[22m[49m: Unity.ILPP.Runner.PostProcessingAssemblyLoadContext[0]
      ALC ILPP context 3 is unloading
06:49:21.468 |V| RiderPlugin                    | :1                             | AppDomain.CurrentDomain.DomainUnload lifetimeDefinition.Terminate
debugger-agent: Unable to listen on 48
[usbmuxd] Stop listen thread
[usbmuxd] Error: 
[usbmuxd] Listen thread exiting
[Performance] Application.InitializeProject                                                                                        :        1 samples, Peak.  7.67 s (1.0x), Avg.  7.67 s, Total. 7.675 s (39.6%)
[Performance] Application.PackageManager.StartServer                                                                               :        1 samples, Peak.  2.01 ms (1.0x), Avg.  2.01 ms, Total. 2.013 ms (0.0%)
[Performance] Application.AcquireProjectLock                                                                                       :        1 samples, Peak.  8.44 ms (1.0x), Avg.  8.44 ms, Total. 8.439 ms (0.0%)
[Performance] Application.InitializeEngineNoGraphics                                                                               :        1 samples, Peak.  36.6 ms (1.0x), Avg.  36.6 ms, Total. 36.60 ms (0.2%)
[Performance] Application.PackageManager.Initialize                                                                                :        1 samples, Peak.   530 ms (1.0x), Avg.   530 ms, Total. 530.2 ms (2.7%)
[Performance] Connecting to Package Manager                                                                                        :       54 samples, Peak.  47.2 us (48.2x), Avg.   978 ns, Total. 52.79 us (0.0%)
[Performance] Application.EngineGraphics.Initialize                                                                                :        1 samples, Peak.  79.2 ms (1.0x), Avg.  79.2 ms, Total. 79.16 ms (0.4%)
[Performance] Application.GI.Initialize                                                                                            :        1 samples, Peak.   633 us (1.0x), Avg.   633 us, Total. 632.9 us (0.0%)
[Performance] Application.LoadAllDefaultResourcesFromEditor                                                                        :        1 samples, Peak.  1.56 ms (1.0x), Avg.  1.56 ms, Total. 1.563 ms (0.0%)
[Performance] Application.LoadMonoAssemblies                                                                                       :        1 samples, Peak.   757 ms (1.0x), Avg.   757 ms, Total. 756.7 ms (3.9%)
[Performance] RestoreManagedReferences                                                                                             :        2 samples, Peak.  77.3 ms (2.0x), Avg.  38.6 ms, Total. 77.29 ms (0.4%)
[Performance] InitializeOnLoad DrivenRectTransformUndo                                                                             :        2 samples, Peak.   363 us (1.0x), Avg.   360 us, Total. 719.5 us (0.0%)
[Performance] InitializeOnLoad SceneSearch                                                                                         :        2 samples, Peak.   106 us (1.1x), Avg.  93.4 us, Total. 186.8 us (0.0%)
[Performance] InitializeOnLoad CloudBuild                                                                                          :        2 samples, Peak.  4.62 us (1.4x), Avg.  3.40 us, Total. 6.792 us (0.0%)
[Performance] InitializeOnLoad NativeFormatImporterUtility                                                                         :        2 samples, Peak.  1.72 ms (1.1x), Avg.  1.51 ms, Total. 3.023 ms (0.0%)
[Performance] InitializeOnLoad SearchService                                                                                       :        2 samples, Peak.  90.9 us (1.0x), Avg.  87.6 us, Total. 175.2 us (0.0%)
[Performance] InitializeOnLoad SettingsService                                                                                     :        2 samples, Peak.  12.4 us (1.2x), Avg.  10.6 us, Total. 21.29 us (0.0%)
[Performance] InitializeOnLoad WindowLayout                                                                                        :        2 samples, Peak.   178 us (1.0x), Avg.   178 us, Total. 355.5 us (0.0%)
[Performance] InitializeOnLoad AssetStoreContext                                                                                   :        2 samples, Peak.  18.3 ms (1.8x), Avg.  10.4 ms, Total. 20.83 ms (0.1%)
[Performance] InitializeOnLoad PoolManager                                                                                         :        2 samples, Peak.   470 us (1.0x), Avg.   465 us, Total. 929.8 us (0.0%)
[Performance] InitializeOnLoad MixerEffectDefinitionReloader                                                                       :        2 samples, Peak.  1.91 ms (1.2x), Avg.  1.60 ms, Total. 3.196 ms (0.0%)
[Performance] InitializeOnLoad ProjectSearch                                                                                       :        2 samples, Peak.  48.1 us (1.3x), Avg.  38.5 us, Total. 76.96 us (0.0%)
[Performance] InitializeOnLoad UISystemProfilerRenderService                                                                       :        2 samples, Peak.  7.96 us (1.0x), Avg.  7.77 us, Total. 15.54 us (0.0%)
[Performance] InitializeOnLoad EditMode                                                                                            :        2 samples, Peak.   329 us (1.1x), Avg.   291 us, Total. 581.9 us (0.0%)
[Performance] InitializeOnLoad UnityConnect                                                                                        :        2 samples, Peak.  40.7 us (1.1x), Avg.  37.2 us, Total. 74.46 us (0.0%)
[Performance] InitializeOnLoad ManagedDebugger                                                                                     :        2 samples, Peak.   453 us (1.7x), Avg.   271 us, Total. 541.4 us (0.0%)
[Performance] InitializeOnLoad ShortcutIntegration                                                                                 :        2 samples, Peak.  48.8 us (1.1x), Avg.  45.0 us, Total. 89.92 us (0.0%)
[Performance] InitializeOnLoad AddComponentWindow                                                                                  :        2 samples, Peak.  84.6 us (1.0x), Avg.  83.5 us, Total. 167.0 us (0.0%)
[Performance] InitializeOnLoad ManagedDebuggerWindow                                                                               :        2 samples, Peak.  90.3 us (1.0x), Avg.  89.4 us, Total. 178.9 us (0.0%)
[Performance] InitializeOnLoad CacheServerWindow                                                                                   :        2 samples, Peak.  9.13 us (1.1x), Avg.  8.33 us, Total. 16.67 us (0.0%)
[Performance] InitializeOnLoad PlayModeDownload                                                                                    :        2 samples, Peak.  4.01 ms (2.0x), Avg.  2.05 ms, Total. 4.103 ms (0.0%)
[Performance] InitializeOnLoad MenuItems                                                                                           :        2 samples, Peak.  82.6 us (1.1x), Avg.  76.0 us, Total. 152.0 us (0.0%)
[Performance] InitializeOnLoad PrefabInstanceChangedListener                                                                       :        2 samples, Peak.   105 us (1.0x), Avg.   101 us, Total. 201.8 us (0.0%)
[Performance] InitializeOnLoad ObjectSelectorSearch                                                                                :        2 samples, Peak.  79.2 us (1.5x), Avg.  51.2 us, Total. 102.4 us (0.0%)
[Performance] InitializeOnLoad EditorMonitor                                                                                       :        2 samples, Peak.   648 us (1.3x), Avg.   516 us, Total. 1.032 ms (0.0%)
[Performance] InitializeOnLoad RetainedMode                                                                                        :        2 samples, Peak.  1.76 ms (1.0x), Avg.  1.76 ms, Total. 3.518 ms (0.0%)
[Performance] InitializeOnLoad EditorShaderLoader                                                                                  :        2 samples, Peak.   551 us (1.2x), Avg.   478 us, Total. 955.0 us (0.0%)
[Performance] InitializeOnLoad EditorDelegateRegistration                                                                          :        2 samples, Peak.   472 us (1.1x), Avg.   430 us, Total. 859.5 us (0.0%)
[Performance] InitializeOnLoad UIDocumentHierarchyWatcher                                                                          :        2 samples, Peak.  50.1 us (1.0x), Avg.  49.7 us, Total. 99.46 us (0.0%)
[Performance] InitializeOnLoad LiveReloadTrackerCreator                                                                            :        2 samples, Peak.   158 us (1.1x), Avg.   144 us, Total. 287.3 us (0.0%)
[Performance] InitializeOnLoad UxmlObjectEditorFactories                                                                           :        2 samples, Peak.   418 us (1.1x), Avg.   377 us, Total. 754.5 us (0.0%)
[Performance] InitializeOnLoad UXMLEditorFactories                                                                                 :        2 samples, Peak.  45.5 ms (1.1x), Avg.  41.7 ms, Total. 83.45 ms (0.4%)
[Performance] InitializeOnLoad PurchasingService                                                                                   :        2 samples, Peak.  5.40 ms (1.0x), Avg.  5.25 ms, Total. 10.51 ms (0.1%)
[Performance] InitializeOnLoad CloudBuildPoller                                                                                    :        2 samples, Peak.  87.2 us (1.1x), Avg.  80.2 us, Total. 160.3 us (0.0%)
[Performance] InitializeOnLoad EditorGameServicesAnalytics                                                                         :        2 samples, Peak.  1.23 ms (1.6x), Avg.   784 us, Total. 1.568 ms (0.0%)
[Performance] InitializeOnLoad AnalyticsService                                                                                    :        2 samples, Peak.   136 us (1.0x), Avg.   134 us, Total. 267.0 us (0.0%)
[Performance] InitializeOnLoad BuildService                                                                                        :        2 samples, Peak.   114 us (1.0x), Avg.   113 us, Total. 226.3 us (0.0%)
[Performance] InitializeOnLoad AdsService                                                                                          :        2 samples, Peak.   285 us (1.0x), Avg.   283 us, Total. 565.9 us (0.0%)
[Performance] InitializeOnLoad UDPService                                                                                          :        2 samples, Peak.   110 us (1.0x), Avg.   110 us, Total. 219.4 us (0.0%)
[Performance] InitializeOnLoad CrashService                                                                                        :        2 samples, Peak.   115 us (1.0x), Avg.   114 us, Total. 227.3 us (0.0%)
[Performance] InitializeOnLoad ServicesRepository                                                                                  :        2 samples, Peak.   417 ns (1.3x), Avg.   333 ns, Total. 667.0 ns (0.0%)
[Performance] InitializeOnLoad SearchWindow                                                                                        :        2 samples, Peak.   109 us (1.2x), Avg.  93.6 us, Total. 187.3 us (0.0%)
[Performance] InitializeOnLoad CustomIndexers                                                                                      :        2 samples, Peak.  11.5 ms (1.1x), Avg.  10.4 ms, Total. 20.73 ms (0.1%)
[Performance] InitializeOnLoad SearchMonitor                                                                                       :        2 samples, Peak.   727 us (1.1x), Avg.   661 us, Total. 1.321 ms (0.0%)
[Performance] InitializeOnLoad ParameterControllerEditor                                                                           :        2 samples, Peak.  24.5 us (1.3x), Avg.  18.5 us, Total. 36.92 us (0.0%)
[Performance] InitializeOnLoad LayerSettingsWindow                                                                                 :        2 samples, Peak.  17.3 us (1.6x), Avg.  11.1 us, Total. 22.17 us (0.0%)
[Performance] InitializeOnLoad PackageManagerHookGUIDConverter.RegisterPackagesEventHandler                                        :        2 samples, Peak.   591 us (1.7x), Avg.   345 us, Total. 689.6 us (0.0%)
[Performance] InitializeOnLoad EditorDragAndDrop.RegisterEditorClient                                                              :        2 samples, Peak.   219 us (1.2x), Avg.   182 us, Total. 363.4 us (0.0%)
[Performance] InitializeOnLoad EditorEventCallbacks.InitializeFontAssetResourceChangeCallBacks                                     :        2 samples, Peak.   926 us (1.1x), Avg.   864 us, Total. 1.729 ms (0.0%)
[Performance] InitializeOnLoad SceneTemplateService.Init                                                                           :        2 samples, Peak.  1.20 ms (1.1x), Avg.  1.06 ms, Total. 2.113 ms (0.0%)
[Performance] InitializeOnLoad DiagnosticSwitchesConsoleMessage.Init                                                               :        2 samples, Peak.  2.56 ms (1.8x), Avg.  1.44 ms, Total. 2.877 ms (0.0%)
[Performance] InitializeOnLoad PackageManagerWindow.EditorInitializedInSafeMode                                                    :        2 samples, Peak.  19.7 ms (2.0x), Avg.  9.91 ms, Total. 19.82 ms (0.1%)
[Performance] InitializeOnLoad ToolShortcutContext.Init                                                                            :        2 samples, Peak.  98.8 us (1.1x), Avg.  93.6 us, Total. 187.2 us (0.0%)
[Performance] InitializeOnLoad MemoryProfilerCompilationGuard.InjectCompileGuard                                                   :        2 samples, Peak.   124 us (1.5x), Avg.  81.8 us, Total. 163.5 us (0.0%)
[Performance] InitializeOnLoad AssetPostprocessingInternal.RefreshCustomDependencies                                               :        2 samples, Peak.  2.52 ms (1.4x), Avg.  1.85 ms, Total. 3.710 ms (0.0%)
[Performance] InitializeOnLoad SysrootManager.Initialize                                                                           :        2 samples, Peak.   331 us (1.0x), Avg.   331 us, Total. 662.2 us (0.0%)
[Performance] InitializeOnLoad ScopedRegistryAddedPopup.SubscribeToRegistriesAdded                                                 :        2 samples, Peak.  5.65 ms (2.0x), Avg.  2.86 ms, Total. 5.710 ms (0.0%)
[Performance] InitializeOnLoad SceneVisibilityManager.Initialize                                                                   :        2 samples, Peak.  2.23 ms (1.6x), Avg.  1.42 ms, Total. 2.836 ms (0.0%)
[Performance] InitializeOnLoad EditorWindow.Initialize                                                                             :        2 samples, Peak.   153 us (1.0x), Avg.   153 us, Total. 305.3 us (0.0%)
[Performance] AssemblyReloadEvents.afterAssemblyReload: UnityEditor.SceneTemplate.SceneTemplateService.AfterAssemblyReload         :        2 samples, Peak.   758 us (1.6x), Avg.   486 us, Total. 972.3 us (0.0%)
[Performance] ProcessService.EditorAfterLoadAllAssemblies                                                                          :        2 samples, Peak.   252 us (1.2x), Avg.   214 us, Total. 428.9 us (0.0%)
[Performance] Application.ReadLicenseInfo                                                                                          :        1 samples, Peak.  12.0 ms (1.0x), Avg.  12.0 ms, Total. 12.03 ms (0.1%)
[Performance] Application.InitialRefresh                                                                                           :        1 samples, Peak.  5.51 s (1.0x), Avg.  5.51 s, Total. 5.506 s (28.4%)
[Performance] ShaderImporter.SourceAssetModified                                                                                   :        2 samples, Peak.   625 ns (1.4x), Avg.   458 ns, Total. 917.0 ns (0.0%)
[Performance] ShaderIncludeImporter.SourceAssetModified                                                                            :        2 samples, Peak.   625 ns (1.1x), Avg.   584 ns, Total. 1.167 us (0.0%)
[Performance] Compiling Scripts                                                                                                    :        1 samples, Peak.   971 ms (1.0x), Avg.   971 ms, Total. 971.1 ms (5.0%)
[Performance] AssemblyReloadEvents.beforeAssemblyReload: UnityEditor.SceneTemplate.SceneTemplateService.BeforeAssemblyReload       :        1 samples, Peak.   385 us (1.0x), Avg.   385 us, Total. 385.0 us (0.0%)
[Performance] InitializeOnLoad BurstLoader                                                                                         :        1 samples, Peak.   252 ms (1.0x), Avg.   252 ms, Total. 252.5 ms (1.3%)
[Performance] InitializeOnLoad EditorToolManager                                                                                   :        2 samples, Peak.  1.95 ms (1.9x), Avg.  1.04 ms, Total. 2.075 ms (0.0%)
[Performance] InitializeOnLoad CopyStrippedAOTAssembliesHook                                                                       :        1 samples, Peak.  11.8 ms (1.0x), Avg.  11.8 ms, Total. 11.79 ms (0.1%)
[Performance] InitializeOnLoad GetIl2CppFolderHook                                                                                 :        1 samples, Peak.  1.84 ms (1.0x), Avg.  1.84 ms, Total. 1.843 ms (0.0%)
[Performance] InitializeOnLoad ShadowCasterGroup2DManager                                                                          :        1 samples, Peak.  65.3 us (1.0x), Avg.  65.3 us, Total. 65.29 us (0.0%)
[Performance] InitializeOnLoad ProbeGIBaking                                                                                       :        1 samples, Peak.  1.65 ms (1.0x), Avg.  1.65 ms, Total. 1.654 ms (0.0%)
[Performance] InitializeOnLoad FilterWindow                                                                                        :        1 samples, Peak.  28.1 us (1.0x), Avg.  28.1 us, Total. 28.08 us (0.0%)
[Performance] InitializeOnLoad RealtimeProbeSubdivisionDebug                                                                       :        1 samples, Peak.   124 us (1.0x), Avg.   124 us, Total. 124.2 us (0.0%)
[Performance] InitializeOnLoad NodeClassCache                                                                                      :        1 samples, Peak.  6.17 us (1.0x), Avg.  6.17 us, Total. 6.167 us (0.0%)
[Performance] InitializeOnLoad ShaderGraphMaterialsUpdater                                                                         :        2 samples, Peak.   246 us (1.7x), Avg.   148 us, Total. 295.2 us (0.0%)
[Performance] InitializeOnLoad Renderer2DAnalytics                                                                                 :        1 samples, Peak.  58.2 us (1.0x), Avg.  58.2 us, Total. 58.21 us (0.0%)
[Performance] InitializeOnLoad BackgroundWatcher                                                                                   :        1 samples, Peak.  74.9 us (1.0x), Avg.  74.9 us, Total. 74.88 us (0.0%)
[Performance] InitializeOnLoad UnityTestProtocolStarter                                                                            :        1 samples, Peak.   142 us (1.0x), Avg.   142 us, Total. 141.8 us (0.0%)
[Performance] InitializeOnLoad TestStarter                                                                                         :        1 samples, Peak.   432 us (1.0x), Avg.   432 us, Total. 432.3 us (0.0%)
[Performance] InitializeOnLoad RerunCallbackInitializer                                                                            :        1 samples, Peak.  1.84 ms (1.0x), Avg.  1.84 ms, Total. 1.843 ms (0.0%)
[Performance] InitializeOnLoad RiderScriptEditor                                                                                   :        1 samples, Peak.  52.7 ms (1.0x), Avg.  52.7 ms, Total. 52.71 ms (0.3%)
[Performance] InitializeOnLoad CallbackInitializer                                                                                 :        1 samples, Peak.   857 us (1.0x), Avg.   857 us, Total. 856.9 us (0.0%)
[Performance] InitializeOnLoad SpriteEditorWindow                                                                                  :        1 samples, Peak.   302 us (1.0x), Avg.   302 us, Total. 302.0 us (0.0%)
[Performance] InitializeOnLoad PlasticPlugin                                                                                       :        1 samples, Peak.  46.5 ms (1.0x), Avg.  46.5 ms, Total. 46.47 ms (0.2%)
[Performance] InitializeOnLoad ToolbarBootstrap                                                                                    :        1 samples, Peak.  39.0 ms (1.0x), Avg.  39.0 ms, Total. 38.96 ms (0.2%)
[Performance] InitializeOnLoad BackgroundImport                                                                                    :        1 samples, Peak.   131 us (1.0x), Avg.   131 us, Total. 131.0 us (0.0%)
[Performance] InitializeOnLoad McpEditorShutdownCleanup                                                                            :        1 samples, Peak.   589 us (1.0x), Avg.   589 us, Total. 588.9 us (0.0%)
[Performance] InitializeOnLoad ProjectAutoConnectMonitor                                                                           :        1 samples, Peak.  3.77 ms (1.0x), Avg.  3.77 ms, Total. 3.765 ms (0.0%)
[Performance] InitializeOnLoad EditorStateCache                                                                                    :        1 samples, Peak.  80.6 ms (1.0x), Avg.  80.6 ms, Total. 80.60 ms (0.4%)
[Performance] InitializeOnLoad StdioBridgeHost                                                                                     :        1 samples, Peak.   506 us (1.0x), Avg.   506 us, Total. 505.7 us (0.0%)
[Performance] InitializeOnLoad StdioBridgeReloadHandler                                                                            :        1 samples, Peak.   167 us (1.0x), Avg.   167 us, Total. 166.9 us (0.0%)
[Performance] InitializeOnLoad AssetGenJobManager                                                                                  :        1 samples, Peak.   535 us (1.0x), Avg.   535 us, Total. 534.6 us (0.0%)
[Performance] InitializeOnLoad LegacyServerSrcMigration                                                                            :        1 samples, Peak.  47.2 us (1.0x), Avg.  47.2 us, Total. 47.17 us (0.0%)
[Performance] InitializeOnLoad HttpAutoStartHandler                                                                                :        1 samples, Peak.  77.3 us (1.0x), Avg.  77.3 us, Total. 77.33 us (0.0%)
[Performance] InitializeOnLoad TransportCommandDispatcher                                                                          :        1 samples, Peak.   581 ms (1.0x), Avg.   581 ms, Total. 580.7 ms (3.0%)
[Performance] InitializeOnLoad PlayModeOptionsGuard                                                                                :        1 samples, Peak.   358 us (1.0x), Avg.   358 us, Total. 357.8 us (0.0%)
[Performance] InitializeOnLoad HttpBridgeReloadHandler                                                                             :        1 samples, Peak.   244 us (1.0x), Avg.   244 us, Total. 244.5 us (0.0%)
[Performance] InitializeOnLoad TestRunnerNoThrottle                                                                                :        1 samples, Peak.   535 us (1.0x), Avg.   535 us, Total. 534.8 us (0.0%)
[Performance] InitializeOnLoad StdIoVersionMigration                                                                               :        1 samples, Peak.  63.3 us (1.0x), Avg.  63.3 us, Total. 63.33 us (0.0%)
[Performance] InitializeOnLoad ProjectIdentityUtility                                                                              :        1 samples, Peak.   500 ns (1.0x), Avg.   500 ns, Total. 500.0 ns (0.0%)
[Performance] InitializeOnLoad SetupWindowService                                                                                  :        1 samples, Peak.  39.2 us (1.0x), Avg.  39.2 us, Total. 39.21 us (0.0%)
[Performance] InitializeOnLoad StartupConfigRewrite                                                                                :        1 samples, Peak.  61.3 us (1.0x), Avg.  61.3 us, Total. 61.25 us (0.0%)
[Performance] InitializeOnLoad VSUsageUtility                                                                                      :        1 samples, Peak.  8.55 ms (1.0x), Avg.  8.55 ms, Total. 8.554 ms (0.0%)
[Performance] InitializeOnLoad VisualStudioEditor                                                                                  :        1 samples, Peak.  4.46 ms (1.0x), Avg.  4.46 ms, Total. 4.465 ms (0.0%)
[Performance] InitializeOnLoad TestRunnerApiListener                                                                               :        1 samples, Peak.   300 us (1.0x), Avg.   300 us, Total. 299.7 us (0.0%)
[Performance] InitializeOnLoad VisualStudioIntegration                                                                             :        1 samples, Peak.   427 us (1.0x), Avg.   427 us, Total. 427.2 us (0.0%)
[Performance] InitializeOnLoad PrefabLayoutRebuilder                                                                               :        1 samples, Peak.   199 us (1.0x), Avg.   199 us, Total. 199.2 us (0.0%)
[Performance] InitializeOnLoad SpriteSkinCompositeStartup                                                                          :        1 samples, Peak.  9.08 ms (1.0x), Avg.  9.08 ms, Total. 9.080 ms (0.0%)
[Performance] InitializeOnLoad UnityAnalyticsStorage                                                                               :        1 samples, Peak.   278 us (1.0x), Avg.   278 us, Total. 278.1 us (0.0%)
[Performance] InitializeOnLoad BoneGizmoInitializer                                                                                :        1 samples, Peak.  1.96 ms (1.0x), Avg.  1.96 ms, Total. 1.958 ms (0.0%)
[Performance] InitializeOnLoad Analytics                                                                                           :        1 samples, Peak.   147 us (1.0x), Avg.   147 us, Total. 146.7 us (0.0%)
[Performance] InitializeOnLoad SceneDragAndDrop                                                                                    :        1 samples, Peak.   117 us (1.0x), Avg.   117 us, Total. 117.4 us (0.0%)
[Performance] InitializeOnLoad SpriteShapeUpdateCache                                                                              :        1 samples, Peak.   402 us (1.0x), Avg.   402 us, Total. 402.5 us (0.0%)
[Performance] InitializeOnLoad SpriteShapeUnityAnalyticsStorage                                                                    :        1 samples, Peak.  8.33 us (1.0x), Avg.  8.33 us, Total. 8.334 us (0.0%)
[Performance] InitializeOnLoad IKEditorManager.CreateInstance                                                                      :        1 samples, Peak.   952 us (1.0x), Avg.   952 us, Total. 952.2 us (0.0%)
[Performance] InitializeOnLoad $BurstDirectCallInitializer.Initialize                                                              :        7 samples, Peak.  15.5 ms (4.3x), Avg.  3.63 ms, Total. 25.42 ms (0.1%)
[Performance] InitializeOnLoad SceneViewGridManager.Initialize                                                                     :        1 samples, Peak.  2.69 ms (1.0x), Avg.  2.69 ms, Total. 2.689 ms (0.0%)
[Performance] InitializeOnLoad TilemapPrefabStageHelper.Initialize                                                                 :        1 samples, Peak.   741 us (1.0x), Avg.   741 us, Total. 741.2 us (0.0%)
[Performance] InitializeOnLoad SceneViewOpenTilePaletteHelper.Initialize                                                           :        1 samples, Peak.   527 us (1.0x), Avg.   527 us, Total. 526.6 us (0.0%)
[Performance] InitializeOnLoad TileDragAndDropManager.Initialize                                                                   :        1 samples, Peak.   305 us (1.0x), Avg.   305 us, Total. 305.3 us (0.0%)
[Performance] InitializeOnLoad VisualStudioEditor.LegacyVisualStudioCodePackageDisabler                                            :        1 samples, Peak.   753 us (1.0x), Avg.   753 us, Total. 752.5 us (0.0%)
[Performance] InitializeOnLoad MaterialReimporter.RegisterUpgraderReimport                                                         :        2 samples, Peak.   196 us (1.8x), Avg.   111 us, Total. 222.7 us (0.0%)
[Performance] InitializeOnLoad UnityReflect.OnLoad                                                                                 :        1 samples, Peak.   415 us (1.0x), Avg.   415 us, Total. 415.3 us (0.0%)
[Performance] InitializeOnLoad GetMenuItems.BuildCache                                                                             :        1 samples, Peak.  5.65 ms (1.0x), Avg.  5.65 ms, Total. 5.654 ms (0.0%)
[Performance] InitializeOnLoad ExecuteCode.OnDomainReload                                                                          :        1 samples, Peak.   301 us (1.0x), Avg.   301 us, Total. 301.2 us (0.0%)
[Performance] InitializeOnLoad McpLogRecord.RefreshFromPrefs                                                                       :        1 samples, Peak.   106 us (1.0x), Avg.   106 us, Total. 106.0 us (0.0%)
[Performance] InitializeOnLoad BackgroundImport.Setup                                                                              :        1 samples, Peak.   777 us (1.0x), Avg.   777 us, Total. 776.9 us (0.0%)
[Performance] InitializeOnLoad TestJobDataHolder.ResumeRunningJobs                                                                 :        1 samples, Peak.   871 us (1.0x), Avg.   871 us, Total. 870.7 us (0.0%)
[Performance] InitializeOnLoad AnalyticsReporter.RegisterCallbacks                                                                 :        1 samples, Peak.   158 us (1.0x), Avg.   158 us, Total. 158.0 us (0.0%)
[Performance] InitializeOnLoad DebugManagerWindowLifetimeAnalytic.SubscribeToDebugManagerOpenCloseWindows                          :        1 samples, Peak.   461 us (1.0x), Avg.   461 us, Total. 460.9 us (0.0%)
[Performance] InitializeOnLoad CoreRenderPipelinePreferences.InitPreferenceProviders                                               :        1 samples, Peak.  10.7 ms (1.0x), Avg.  10.7 ms, Total. 10.65 ms (0.1%)
[Performance] InitializeOnLoad VolumeGizmoDrawer.InitVolumeGizmoCallbacks                                                          :        1 samples, Peak.   274 us (1.0x), Avg.   274 us, Total. 274.3 us (0.0%)
[Performance] DidReloadScriptsTestRunnerWindow.CompilationCallback                                                                 :        1 samples, Peak.   166 us (1.0x), Avg.   166 us, Total. 165.6 us (0.0%)
[Performance] DidReloadScriptsTestListCache.ScriptReloaded                                                                         :        1 samples, Peak.  1.07 ms (1.0x), Avg.  1.07 ms, Total. 1.066 ms (0.0%)
[Performance] DidReloadScriptsLookDev.OnEditorReload                                                                               :        1 samples, Peak.   161 us (1.0x), Avg.   161 us, Total. 161.0 us (0.0%)
[Performance] DidReloadScriptsDebugWindow.OnEditorReload                                                                           :        1 samples, Peak.  6.21 ms (1.0x), Avg.  6.21 ms, Total. 6.211 ms (0.0%)
[Performance] DidReloadScriptsVolumeComponentEditor.OnEditorReload                                                                 :        1 samples, Peak.  8.28 ms (1.0x), Avg.  8.28 ms, Total. 8.282 ms (0.0%)
[Performance] DidReloadScriptsAdvancedDropdownWindow.OnScriptReload                                                                :        1 samples, Peak.   176 us (1.0x), Avg.   176 us, Total. 176.0 us (0.0%)
[Performance] AssemblyReloadEvents.afterAssemblyReload: callback in MCPForUnity.Editor.Services.EditorStateCache                   :        1 samples, Peak.   407 us (1.0x), Avg.   407 us, Total. 406.5 us (0.0%)
[Performance] AssemblyReloadEvents.afterAssemblyReload: MCPForUnity.Editor.Services.StdioBridgeReloadHandler.OnAfterAssemblyReload :        1 samples, Peak.   720 us (1.0x), Avg.   720 us, Total. 720.3 us (0.0%)
[Performance] AssemblyReloadEvents.afterAssemblyReload: MCPForUnity.Editor.Services.HttpBridgeReloadHandler.OnAfterAssemblyReload  :        1 samples, Peak.  97.7 us (1.0x), Avg.  97.7 us, Total. 97.71 us (0.0%)
[Performance] AssemblyReloadEvents.afterAssemblyReload: UnityEditor.U2D.Animation.BoneGizmo.OnAfterAssemblyReload                  :        1 samples, Peak.   603 us (1.0x), Avg.   603 us, Total. 603.3 us (0.0%)
[Performance] AssemblyReloadEvents.afterAssemblyReload: MCPForUnity.Editor.Tools.UnityReflect.InvalidateCache                      :        1 samples, Peak.   311 us (1.0x), Avg.   311 us, Total. 311.4 us (0.0%)
[Performance] PSDImporterAssetPostProcessor.OnPreprocessAsset                                                                      :        1 samples, Peak.   221 us (1.0x), Avg.   221 us, Total. 220.6 us (0.0%)
[Performance] PresetManagerPostProcessor.OnPreprocessAsset                                                                         :        1 samples, Peak.   145 us (1.0x), Avg.   145 us, Total. 145.2 us (0.0%)
[Performance] CancelSplashScreenOnAssetChange.OnPreprocessAsset                                                                    :        1 samples, Peak.  98.8 us (1.0x), Avg.  98.8 us, Total. 98.83 us (0.0%)
[Performance] ShaderGraphAssetPostProcessor.OnPreprocessAsset                                                                      :        1 samples, Peak.   130 us (1.0x), Avg.   130 us, Total. 130.1 us (0.0%)
[Performance] SpritePostProcess.OnPreprocessAsset                                                                                  :        1 samples, Peak.  1.19 ms (1.0x), Avg.  1.19 ms, Total. 1.190 ms (0.0%)
[Performance] AssetDatabase.ImportAssets                                                                                           :        3 samples, Peak.   458 ns (1.5x), Avg.   306 ns, Total. 917.0 ns (0.0%)
[Performance] VersionControl.Task.Wait                                                                                             :        1 samples, Peak.  6.42 us (1.0x), Avg.  6.42 us, Total. 6.417 us (0.0%)
[Performance] TMPro_TexturePostProcessor.OnPostprocessAllAssets                                                                    :        2 samples, Peak.   385 us (1.1x), Avg.   336 us, Total. 672.9 us (0.0%)
[Performance] AssetPostprocessor.OnPostprocessAllAssets                                                                            :        2 samples, Peak.   474 us (1.0x), Avg.   474 us, Total. 947.1 us (0.0%)
[Performance] BuilderAssetPostprocessor.OnPostprocessAllAssets                                                                     :        2 samples, Peak.  2.44 ms (1.0x), Avg.  2.44 ms, Total. 4.880 ms (0.0%)
[Performance] ArtifactBrowserPostProcessor.OnPostprocessAllAssets                                                                  :        2 samples, Peak.   321 us (1.0x), Avg.   320 us, Total. 639.7 us (0.0%)
[Performance] AssetEvents.OnPostprocessAllAssets                                                                                   :        4 samples, Peak.   127 us (1.6x), Avg.  81.0 us, Total. 324.0 us (0.0%)
[Performance] AudioMixerPostprocessor.OnPostprocessAllAssets                                                                       :        2 samples, Peak.   210 us (1.0x), Avg.   209 us, Total. 417.8 us (0.0%)
[Performance] StyleCatalogPostProcessor.OnPostprocessAllAssets                                                                     :        2 samples, Peak.  17.6 ms (1.0x), Avg.  17.6 ms, Total. 35.24 ms (0.2%)
[Performance] BuildCatalog                                                                                                         :        1 samples, Peak.  16.9 ms (1.0x), Avg.  16.9 ms, Total. 16.91 ms (0.1%)
[Performance] ModelImporterPostProcessor.OnPostprocessAllAssets                                                                    :        2 samples, Peak.   650 us (1.0x), Avg.   649 us, Total. 1.298 ms (0.0%)
[Performance] MaterialPostprocessor.OnPostprocessAllAssets                                                                         :        4 samples, Peak.   528 us (1.1x), Avg.   473 us, Total. 1.891 ms (0.0%)
[Performance] UniversalRenderPipelineGlobalSettingsPostprocessor.OnPostprocessAllAssets                                            :        2 samples, Peak.   924 us (1.0x), Avg.   921 us, Total. 1.842 ms (0.0%)
[Performance] RetainedModeAssetPostprocessor.OnPostprocessAllAssets                                                                :        2 samples, Peak.  1.43 ms (1.0x), Avg.  1.43 ms, Total. 2.854 ms (0.0%)
[Performance] AssetChangedListener.OnPostprocessAllAssets                                                                          :        2 samples, Peak.   879 us (1.0x), Avg.   878 us, Total. 1.756 ms (0.0%)
[Performance] PostProcessor.OnPostprocessAllAssets                                                                                 :        2 samples, Peak.   163 us (1.0x), Avg.   162 us, Total. 324.4 us (0.0%)
[Performance] ShaderGraphAssetPostProcessor.OnPostprocessAllAssets                                                                 :        2 samples, Peak.  1.03 ms (1.0x), Avg.  1.03 ms, Total. 2.052 ms (0.0%)
[Performance] SpeedTreePostProcessor.OnPostprocessAllAssets                                                                        :        2 samples, Peak.   113 us (1.0x), Avg.   112 us, Total. 223.8 us (0.0%)
[Performance] TextAssetPostProcessor.OnPostprocessAllAssets                                                                        :        2 samples, Peak.   253 us (1.0x), Avg.   252 us, Total. 503.4 us (0.0%)
[Performance] AssetProcessor.OnPostprocessAllAssets                                                                                :        6 samples, Peak.   830 us (1.5x), Avg.   541 us, Total. 3.245 ms (0.0%)
[Performance] SpriteLibraryAssetPostprocessor.OnPostprocessAllAssets                                                               :        2 samples, Peak.   152 us (1.0x), Avg.   151 us, Total. 302.3 us (0.0%)
[Performance] PSDImporterAssetPostProcessor.OnPostprocessAllAssets                                                                 :        2 samples, Peak.  56.9 us (1.0x), Avg.  56.1 us, Total. 112.2 us (0.0%)
[Performance] PSDImportPostProcessor.OnPostprocessAllAssets                                                                        :        2 samples, Peak.  80.3 us (1.0x), Avg.  78.9 us, Total. 157.7 us (0.0%)
[Performance] SpriteEditorTexturePostprocessor.OnPostprocessAllAssets                                                              :        2 samples, Peak.   171 us (1.0x), Avg.   170 us, Total. 339.7 us (0.0%)
[Performance] SpriteShapeAssetPostProcessor.OnPostprocessAllAssets                                                                 :        2 samples, Peak.   237 us (1.0x), Avg.   236 us, Total. 472.2 us (0.0%)
[Performance] SyncVS.PostprocessSyncProject                                                                                        :        1 samples, Peak.  1.43 ms (1.0x), Avg.  1.43 ms, Total. 1.432 ms (0.0%)
[Performance] Application.ImportPackagesAndSetTemplateWhenCreatingProject                                                          :        1 samples, Peak.  16.2 ms (1.0x), Avg.  16.2 ms, Total. 16.16 ms (0.1%)
[Performance] Application.SyncCurrentColorSpace                                                                                    :        1 samples, Peak.   119 ms (1.0x), Avg.   119 ms, Total. 118.7 ms (0.6%)
[Performance] Application.OnUsbDevicesChanged                                                                                      :        1 samples, Peak.   455 us (1.0x), Avg.   455 us, Total. 454.5 us (0.0%)
[Performance] Application.AssetInstanceCacheUpdate                                                                                 :        1 samples, Peak.   333 ns (1.0x), Avg.   333 ns, Total. 333.0 ns (0.0%)
[Performance] Application.UnityExtensions.Initialize                                                                               :        1 samples, Peak.  8.67 ms (1.0x), Avg.  8.67 ms, Total. 8.666 ms (0.0%)
[Performance] CodeEditorProjectSync.SyncEditorProject                                                                              :        1 samples, Peak.   142 ms (1.0x), Avg.   142 ms, Total. 142.0 ms (0.7%)
[Performance] Application.ExecuteStartups                                                                                          :        1 samples, Peak.  53.0 ms (1.0x), Avg.  53.0 ms, Total. 53.00 ms (0.3%)
[Performance] Menu.RegisterMenuInterface                                                                                           :       26 samples, Peak.  1.08 us (4.9x), Avg.   223 ns, Total. 5.794 us (0.0%)
[Performance] Gizmo.RebuildRenderers                                                                                               :        1 samples, Peak.  51.2 ms (1.0x), Avg.  51.2 ms, Total. 51.24 ms (0.3%)
[Performance] Gizmo.AddGizmoRenderers                                                                                              :      127 samples, Peak.  1.57 ms (72.3x), Avg.  21.7 us, Total. 2.758 ms (0.0%)
[Performance] Application.editorInitializingProject                                                                                :        1 samples, Peak.  13.3 ms (1.0x), Avg.  13.3 ms, Total. 13.29 ms (0.1%)
[Performance] Application.InitializeMenu                                                                                           :        1 samples, Peak.   985 ms (1.0x), Avg.   985 ms, Total. 985.0 ms (5.1%)
[Performance] Menu.RebuildAll                                                                                                      :        1 samples, Peak.   985 ms (1.0x), Avg.   985 ms, Total. 985.0 ms (5.1%)
[Performance] Menu.BuildRegisteredMenuInterfaces                                                                                   :        1 samples, Peak.   979 ms (1.0x), Avg.   979 ms, Total. 979.4 ms (5.1%)
[Performance] Menu.FilterMenuItem                                                                                                  :      746 samples, Peak.  75.0 ms (744.1x), Avg.   101 us, Total. 75.22 ms (0.4%)
[Performance] UpdateAllMenus                                                                                                       :        1 samples, Peak.   499 us (1.0x), Avg.   499 us, Total. 499.2 us (0.0%)
[Performance] EditorSceneManager.sceneClosing: UnityEditor.SceneVisibilityManager.EditorSceneManagerOnSceneClosing                 :        1 samples, Peak.   213 us (1.0x), Avg.   213 us, Total. 212.6 us (0.0%)
[Performance] GUIView.RepaintAll.PlayerLoopController                                                                              :        1 samples, Peak.   875 ns (1.0x), Avg.   875 ns, Total. 875.0 ns (0.0%)
[Performance] EditorSceneManager.newSceneCreated: UnityEditor.SceneTemplate.SceneTemplateService.OnNewSceneCreated                 :        1 samples, Peak.   187 us (1.0x), Avg.   187 us, Total. 186.5 us (0.0%)
[Performance] EditorSceneManager.newSceneCreated: UnityEditor.SceneVisibilityManager.EditorSceneManagerOnNewSceneCreated           :        1 samples, Peak.   119 us (1.0x), Avg.   119 us, Total. 119.3 us (0.0%)
[Performance] EditorSceneManager.newSceneCreated: UnityEditor.SceneManagement.StageNavigationManager.OnNewSceneCreated             :        1 samples, Peak.  51.7 us (1.0x), Avg.  51.7 us, Total. 51.75 us (0.0%)
[Performance] Application.InvokeFinishedLoadingProject                                                                             :        1 samples, Peak.  13.6 ms (1.0x), Avg.  13.6 ms, Total. 13.61 ms (0.1%)
[Performance] ProcessService.OnProjectLoaded                                                                                       :        1 samples, Peak.  40.3 us (1.0x), Avg.  40.3 us, Total. 40.29 us (0.0%)
[Performance] Application.Message                                                                                                  :       15 samples, Peak.  4.25 us (5.3x), Avg.   797 ns, Total. 11.96 us (0.0%)
[Performance] Application.Idle                                                                                                     :       15 samples, Peak.  34.0 ms (1.2x), Avg.  28.7 ms, Total. 430.4 ms (2.2%)
[Performance] GenerateAssemblyTypeInfos                                                                                            :        2 samples, Peak.  34.4 ms (1.3x), Avg.  26.2 ms, Total. 52.36 ms (0.3%)
[Performance] EditorApplication.quitting: Unity.Burst.Editor.BurstLoader.OnEditorApplicationQuitting                               :        1 samples, Peak.  36.3 us (1.0x), Avg.  36.3 us, Total. 36.29 us (0.0%)
[Performance] EditorApplication.quitting: MCPForUnity.Editor.Services.McpEditorShutdownCleanup.OnEditorQuitting                    :        1 samples, Peak.   318 us (1.0x), Avg.   318 us, Total. 318.2 us (0.0%)
[Performance] EditorApplication.quitting: MCPForUnity.Editor.Services.StdioBridgeReloadHandler.CancelRetries                       :        1 samples, Peak.  59.4 us (1.0x), Avg.  59.4 us, Total. 59.37 us (0.0%)
[Performance] EditorApplication.quitting: UnityEditor.Tilemaps.SceneViewGridManager.EditorQuitting                                 :        1 samples, Peak.  95.4 us (1.0x), Avg.  95.4 us, Total. 95.38 us (0.0%)
[Performance] EditorApplication.quitting: callback in UnityEditor.TextCore.Text.EditorEventCallbacks                               :        1 samples, Peak.  12.2 ms (1.0x), Avg.  12.2 ms, Total. 12.21 ms (0.1%)
[Performance] Killing ADB server                                                                                                   :        1 samples, Peak.  43.8 ms (1.0x), Avg.  43.8 ms, Total. 43.80 ms (0.2%)
[Performance] Application.Shutdown.PauseProfilerSession                                                                            :        1 samples, Peak.  62.7 us (1.0x), Avg.  62.7 us, Total. 62.67 us (0.0%)
[Performance] Application.Shutdown.PauseAssetImportWorkers                                                                         :        1 samples, Peak.   407 us (1.0x), Avg.   407 us, Total. 407.3 us (0.0%)
[Performance] Application.Shutdown.SaveAssets                                                                                      :        1 samples, Peak.  9.72 ms (1.0x), Avg.  9.72 ms, Total. 9.718 ms (0.1%)
[Performance] PaletteAssetModificationProcessor.OnWillSaveAssets                                                                   :        1 samples, Peak.   243 us (1.0x), Avg.   243 us, Total. 243.0 us (0.0%)
[Performance] StateMacroSavedEvent.OnWillSaveAssets                                                                                :        1 samples, Peak.   138 us (1.0x), Avg.   138 us, Total. 137.7 us (0.0%)
[Performance] FlowMacroSavedEvent.OnWillSaveAssets                                                                                 :        1 samples, Peak.   118 us (1.0x), Avg.   118 us, Total. 118.4 us (0.0%)
[Performance] AssetModificationProcessor.OnWillSaveAssets                                                                          :        1 samples, Peak.   250 us (1.0x), Avg.   250 us, Total. 250.0 us (0.0%)
[Performance] UnityCloudProjectLinkMonitor.OnWillSaveAssets                                                                        :        1 samples, Peak.   319 us (1.0x), Avg.   319 us, Total. 319.3 us (0.0%)
[Performance] BuilderAssetModificationProcessor.OnWillSaveAssets                                                                   :        1 samples, Peak.   424 us (1.0x), Avg.   424 us, Total. 423.7 us (0.0%)
[Performance] TerrainModificationProcessor.OnWillSaveAssets                                                                        :        1 samples, Peak.   518 us (1.0x), Avg.   518 us, Total. 518.2 us (0.0%)
[Performance] Application.Shutdown.CleanupRenderPipeline                                                                           :        1 samples, Peak.  9.79 us (1.0x), Avg.  9.79 us, Total. 9.792 us (0.0%)
[Performance] Application.Shutdown.StopPreloadManager                                                                              :        1 samples, Peak.  12.1 ms (1.0x), Avg.  12.1 ms, Total. 12.07 ms (0.1%)
[Performance] Application.Shutdown.DestroyWorld                                                                                    :        1 samples, Peak.  1.01 ms (1.0x), Avg.  1.01 ms, Total. 1.014 ms (0.0%)
[Performance] Application.Shutdown.CleanupAfterLoad                                                                                :        1 samples, Peak.  6.80 ms (1.0x), Avg.  6.80 ms, Total. 6.802 ms (0.0%)
[Performance] Application.Shutdown.Progress                                                                                        :        1 samples, Peak.  28.7 us (1.0x), Avg.  28.7 us, Total. 28.67 us (0.0%)
[Performance] Application.Shutdown.GICleanupManagers                                                                               :        1 samples, Peak.   929 us (1.0x), Avg.   929 us, Total. 928.6 us (0.0%)
[Performance] Application.Shutdown.MenuCleanupClass                                                                                :        1 samples, Peak.   341 us (1.0x), Avg.   341 us, Total. 341.1 us (0.0%)
[Performance] Application.Shutdown.ADBSaveStateBeforeShutdown                                                                      :        1 samples, Peak.  13.9 us (1.0x), Avg.  13.9 us, Total. 13.87 us (0.0%)
[Performance] Application.Shutdown.RemoteShutdown                                                                                  :        1 samples, Peak.  1.13 us (1.0x), Avg.  1.13 us, Total. 1.125 us (0.0%)
[Performance] Application.Shutdown.CleanupVCProvider                                                                               :        1 samples, Peak.  14.2 us (1.0x), Avg.  14.2 us, Total. 14.17 us (0.0%)
[Performance] Application.Shutdown.InputShutdown                                                                                   :        1 samples, Peak.   213 us (1.0x), Avg.   213 us, Total. 213.5 us (0.0%)
[Performance] Application.Shutdown.GizmoManagerDestroy                                                                             :        1 samples, Peak.   564 us (1.0x), Avg.   564 us, Total. 563.6 us (0.0%)
[Performance] Application.Shutdown.ProfilerSession                                                                                 :        1 samples, Peak.   155 us (1.0x), Avg.   155 us, Total. 155.4 us (0.0%)
[Performance] Application.Shutdown.ReleaseGfxWindowOnAllGUIViews                                                                   :        1 samples, Peak.  1.46 us (1.0x), Avg.  1.46 us, Total. 1.458 us (0.0%)
[Performance] Application.Shutdown.CleanupEngine                                                                                   :        1 samples, Peak.   135 ms (1.0x), Avg.   135 ms, Total. 134.7 ms (0.7%)
[Performance] Application.Shutdown.CleanupAssetDatabase                                                                            :        1 samples, Peak.  7.88 ms (1.0x), Avg.  7.88 ms, Total. 7.876 ms (0.0%)
[Performance] Application.Shutdown.ScriptCompilationCleanUp                                                                        :        1 samples, Peak.  13.1 us (1.0x), Avg.  13.1 us, Total. 13.12 us (0.0%)
[Performance] Application.Shutdown.DestroyJobSystem                                                                                :        1 samples, Peak.   394 us (1.0x), Avg.   394 us, Total. 393.6 us (0.0%)
[Performance] Application.Shutdown.CleanupPersistentManager                                                                        :        1 samples, Peak.  1.77 ms (1.0x), Avg.  1.77 ms, Total. 1.769 ms (0.0%)
[Performance] Application.Shutdown.CleanupAsyncReadManager                                                                         :        1 samples, Peak.   829 us (1.0x), Avg.   829 us, Total. 828.7 us (0.0%)
[Performance] Application.Shutdown.CleanupMono                                                                                     :        1 samples, Peak.  84.6 ms (1.0x), Avg.  84.6 ms, Total. 84.56 ms (0.4%)
[Performance] Application.Shutdown.CleanupStdConverters                                                                            :        1 samples, Peak.  11.7 us (1.0x), Avg.  11.7 us, Total. 11.67 us (0.0%)
[Performance] Application.Shutdown.UnloadAllPlatformSupportModuleNativeDlls                                                        :        1 samples, Peak.   375 ns (1.0x), Avg.   375 ns, Total. 375.0 ns (0.0%)
[Performance] Application.Shutdown.UnloadAllPlatformSupportNativeLibraries                                                         :        1 samples, Peak.  81.3 us (1.0x), Avg.  81.3 us, Total. 81.25 us (0.0%)
[Performance] Application.Shutdown.CleanupAutoDocumentation                                                                        :        1 samples, Peak.   148 us (1.0x), Avg.   148 us, Total. 148.5 us (0.0%)
[Performance] Application.Shutdown.ShaderNameManagerDestroy                                                                        :        1 samples, Peak.  30.5 us (1.0x), Avg.  30.5 us, Total. 30.46 us (0.0%)
[Performance] Application.Shutdown.CleanupCacheServer                                                                              :        1 samples, Peak.   167 ns (1.0x), Avg.   167 ns, Total. 167.0 ns (0.0%)
[Performance] Application.Shutdown.Virtualization_Shutdown                                                                         :        1 samples, Peak.   250 ns (1.0x), Avg.   250 ns, Total. 250.0 ns (0.0%)
[Performance] Application.Shutdown.DevConnections                                                                                  :        1 samples, Peak.  59.0 us (1.0x), Avg.  59.0 us, Total. 59.00 us (0.0%)
Exiting batchmode successfully now!
[Package Manager] Server::Kill -- Server was shutdown
