Unity Editor version:    2022.3.62f2 (7670c08855a9)
Branch:                  2022.3/respin/2022.3.62f2-4af31df585-v2
Build type:              Release
Batch mode:              YES
macOS version:           Version 26.5.2 (Build 25F84)
Darwin version:          25.5.0
Architecture:            arm64
Running under Rosetta:   NO
Available memory:        16384 MB
[Licensing::Module] Trying to connect to existing licensing client channel...
[Licensing::IpcConnector] Successfully connected to: "LicenseClient-ah" at "2026-08-28T13:52:01.12418Z"
[Licensing::Client] Code 10 while verifying Licensing Client signature (process Id: 1178, path: "/Applications/Unity Hub.app/Contents/Frameworks/UnityLicensingClient_V1.app/Contents/MacOS/Unity.Licensing.Client")
[Licensing::Module] LicensingClient has failed validation; ignoring
[Licensing::Client] Handshaking with LicensingClient:
  Version:                 1.17.4+4293ba1
  Session Id:              49a6be5c999b4f7ab49e0ceb0544cdeb
  Correlation Id:          23bec5edb52c04c3c14770915b66c008
  External correlation Id: 6753128146926311938
  Machine Id:              QTbwZpmVHn8IER/kXaS7sHTplvE=
[Licensing::Module] Successfully connected to LicensingClient on channel: "LicenseClient-ah" (connect: 0.00s, validation: 0.01s, handshake: 0.32s)
[Licensing::IpcConnector] Successfully connected to: "LicenseClient-ah-notifications" at "2026-08-28T13:52:01.454087Z"
[Licensing::Module] Error: Access token is unavailable; failed to update
[Licensing::Client] Successfully updated license
[Licensing::Client] Successfully resolved entitlement details
[Licensing::Module] Serial number assigned to: "1375968193622-UnityPersXXXX"
Pro License: NO
[Licensing::Client] Successfully resolved entitlement details
Launching external process: /Applications/Unity/Hub/Editor/2022.3.62f2/Unity.app/Contents/Resources/PackageManager/Server/UnityPackageManager

COMMAND LINE ARGUMENTS:
/Applications/Unity/Hub/Editor/2022.3.62f2/Unity.app/Contents/MacOS/Unity
-projectPath
/Users/ah/GitHub/hybridclr/hybridclr_demo_shadow
-batchmode
-quit
-logFile
/Users/ah/GitHub/hybridclr/hybridclr_demo_shadow/_temp/UnityExec_20260828_065201.log
-executeMethod
AssemblyShadowDemo.Editor.M05Build.ValidateCompilerInputs
Successfully changed project path to: /Users/ah/GitHub/hybridclr/hybridclr_demo_shadow
/Users/ah/GitHub/hybridclr/hybridclr_demo_shadow
[UnityMemory] Configuration Parameters - Can be set up in boot.config
    "memorysetup-bucket-allocator-granularity=16"
    "memorysetup-bucket-allocator-bucket-count=8"
    "memorysetup-bucket-allocator-block-size=33554432"
    "memorysetup-bucket-allocator-block-count=8"
    "memorysetup-main-allocator-block-size=16777216"
    "memorysetup-thread-allocator-block-size=16777216"
    "memorysetup-gfx-main-allocator-block-size=16777216"
    "memorysetup-gfx-thread-allocator-block-size=16777216"
    "memorysetup-cache-allocator-block-size=4194304"
    "memorysetup-typetree-allocator-block-size=2097152"
    "memorysetup-profiler-bucket-allocator-granularity=16"
    "memorysetup-profiler-bucket-allocator-bucket-count=8"
    "memorysetup-profiler-bucket-allocator-block-size=33554432"
    "memorysetup-profiler-bucket-allocator-block-count=8"
    "memorysetup-profiler-allocator-block-size=16777216"
    "memorysetup-profiler-editor-allocator-block-size=1048576"
    "memorysetup-temp-allocator-size-main=16777216"
    "memorysetup-job-temp-allocator-block-size=2097152"
    "memorysetup-job-temp-allocator-block-size-background=1048576"
    "memorysetup-job-temp-allocator-reduction-small-platforms=262144"
    "memorysetup-allocator-temp-initial-block-size-main=262144"
    "memorysetup-allocator-temp-initial-block-size-worker=262144"
    "memorysetup-temp-allocator-size-background-worker=32768"
    "memorysetup-temp-allocator-size-job-worker=262144"
    "memorysetup-temp-allocator-size-preload-manager=33554432"
    "memorysetup-temp-allocator-size-nav-mesh-worker=65536"
    "memorysetup-temp-allocator-size-audio-worker=65536"
    "memorysetup-temp-allocator-size-cloud-worker=32768"
    "memorysetup-temp-allocator-size-gi-baking-worker=262144"
    "memorysetup-temp-allocator-size-gfx=262144"
Player connection [8416632192]  Target information:

Player connection [8416632192]  * "[IP] 192.168.1.54 [Port] 55505 [Flags] 2 [Guid] 73813745 [EditorId] 73813745 [Version] 1048832 [Id] OSXEditor(0,Mac) [Debug] 1 [PackageName] OSXEditor [ProjectName] Editor" 

Player connection [8416632192] Host joined multi-casting on [225.0.0.222:54997]...
Player connection [8416632192] Host joined alternative multi-casting on [225.0.0.222:34997]...
Input System module state changed to: Initialized.
[PhysX] Initialized MultithreadedTaskDispatcher with 10 workers.
[Package Manager] UpmClient::Connect -- Connected to IPC stream "Upm-13007" after 0.5 seconds.
[Package Manager] Restoring resolved packages state from cache
[Licensing::Client] Successfully resolved entitlement details
[Package Manager] Registered 62 packages:
  Packages from [https://packages.unity.com]:
    com.unity.collab-proxy@2.7.1 (location: /Users/ah/GitHub/hybridclr/hybridclr_demo_shadow/Library/PackageCache/com.unity.collab-proxy@2.7.1)
    com.unity.ide.rider@3.0.36 (location: /Users/ah/GitHub/hybridclr/hybridclr_demo_shadow/Library/PackageCache/com.unity.ide.rider@3.0.36)
    com.unity.ide.visualstudio@2.0.22 (location: /Users/ah/GitHub/hybridclr/hybridclr_demo_shadow/Library/PackageCache/com.unity.ide.visualstudio@2.0.22)
    com.unity.test-framework@1.1.33 (location: /Users/ah/GitHub/hybridclr/hybridclr_demo_shadow/Library/PackageCache/com.unity.test-framework@1.1.33)
    com.unity.textmeshpro@3.0.7 (location: /Users/ah/GitHub/hybridclr/hybridclr_demo_shadow/Library/PackageCache/com.unity.textmeshpro@3.0.7)
    com.unity.timeline@1.7.7 (location: /Users/ah/GitHub/hybridclr/hybridclr_demo_shadow/Library/PackageCache/com.unity.timeline@1.7.7)
    com.unity.visualscripting@1.9.4 (location: /Users/ah/GitHub/hybridclr/hybridclr_demo_shadow/Library/PackageCache/com.unity.visualscripting@1.9.4)
    com.unity.ext.nunit@1.0.6 (location: /Users/ah/GitHub/hybridclr/hybridclr_demo_shadow/Library/PackageCache/com.unity.ext.nunit@1.0.6)
    com.unity.mathematics@1.2.6 (location: /Users/ah/GitHub/hybridclr/hybridclr_demo_shadow/Library/PackageCache/com.unity.mathematics@1.2.6)
    com.unity.burst@1.8.21 (location: /Users/ah/GitHub/hybridclr/hybridclr_demo_shadow/Library/PackageCache/com.unity.burst@1.8.21)
    com.unity.2d.animation@9.2.0 (location: /Users/ah/GitHub/hybridclr/hybridclr_demo_shadow/Library/PackageCache/com.unity.2d.animation@9.2.0)
    com.unity.2d.pixel-perfect@5.1.0 (location: /Users/ah/GitHub/hybridclr/hybridclr_demo_shadow/Library/PackageCache/com.unity.2d.pixel-perfect@5.1.0)
    com.unity.2d.psdimporter@8.1.0 (location: /Users/ah/GitHub/hybridclr/hybridclr_demo_shadow/Library/PackageCache/com.unity.2d.psdimporter@8.1.0)
    com.unity.2d.spriteshape@9.1.0 (location: /Users/ah/GitHub/hybridclr/hybridclr_demo_shadow/Library/PackageCache/com.unity.2d.spriteshape@9.1.0)
    com.unity.2d.tilemap.extras@3.1.3 (location: /Users/ah/GitHub/hybridclr/hybridclr_demo_shadow/Library/PackageCache/com.unity.2d.tilemap.extras@3.1.3)
    com.unity.2d.aseprite@1.1.9 (location: /Users/ah/GitHub/hybridclr/hybridclr_demo_shadow/Library/PackageCache/com.unity.2d.aseprite@1.1.9)
    com.unity.nuget.newtonsoft-json@3.2.1 (location: /Users/ah/GitHub/hybridclr/hybridclr_demo_shadow/Library/PackageCache/com.unity.nuget.newtonsoft-json@3.2.1)
    com.unity.searcher@4.9.2 (location: /Users/ah/GitHub/hybridclr/hybridclr_demo_shadow/Library/PackageCache/com.unity.searcher@4.9.2)
    com.unity.2d.common@8.1.0 (location: /Users/ah/GitHub/hybridclr/hybridclr_demo_shadow/Library/PackageCache/com.unity.2d.common@8.1.0)
    com.unity.collections@1.2.4 (location: /Users/ah/GitHub/hybridclr/hybridclr_demo_shadow/Library/PackageCache/com.unity.collections@1.2.4)
  Built-in packages:
    com.unity.feature.2d@2.0.1 (location: /Users/ah/GitHub/hybridclr/hybridclr_demo_shadow/Library/PackageCache/com.unity.feature.2d@2.0.1)
    com.unity.render-pipelines.universal@14.0.12 (location: /Users/ah/GitHub/hybridclr/hybridclr_demo_shadow/Library/PackageCache/com.unity.render-pipelines.universal@14.0.12)
    com.unity.ugui@1.0.0 (location: /Users/ah/GitHub/hybridclr/hybridclr_demo_shadow/Library/PackageCache/com.unity.ugui@1.0.0)
    com.unity.modules.ai@1.0.0 (location: /Users/ah/GitHub/hybridclr/hybridclr_demo_shadow/Library/PackageCache/com.unity.modules.ai@1.0.0)
    com.unity.modules.androidjni@1.0.0 (location: /Users/ah/GitHub/hybridclr/hybridclr_demo_shadow/Library/PackageCache/com.unity.modules.androidjni@1.0.0)
    com.unity.modules.animation@1.0.0 (location: /Users/ah/GitHub/hybridclr/hybridclr_demo_shadow/Library/PackageCache/com.unity.modules.animation@1.0.0)
    com.unity.modules.assetbundle@1.0.0 (location: /Users/ah/GitHub/hybridclr/hybridclr_demo_shadow/Library/PackageCache/com.unity.modules.assetbundle@1.0.0)
    com.unity.modules.audio@1.0.0 (location: /Users/ah/GitHub/hybridclr/hybridclr_demo_shadow/Library/PackageCache/com.unity.modules.audio@1.0.0)
    com.unity.modules.cloth@1.0.0 (location: /Users/ah/GitHub/hybridclr/hybridclr_demo_shadow/Library/PackageCache/com.unity.modules.cloth@1.0.0)
    com.unity.modules.director@1.0.0 (location: /Users/ah/GitHub/hybridclr/hybridclr_demo_shadow/Library/PackageCache/com.unity.modules.director@1.0.0)
    com.unity.modules.imageconversion@1.0.0 (location: /Users/ah/GitHub/hybridclr/hybridclr_demo_shadow/Library/PackageCache/com.unity.modules.imageconversion@1.0.0)
    com.unity.modules.imgui@1.0.0 (location: /Users/ah/GitHub/hybridclr/hybridclr_demo_shadow/Library/PackageCache/com.unity.modules.imgui@1.0.0)
    com.unity.modules.jsonserialize@1.0.0 (location: /Users/ah/GitHub/hybridclr/hybridclr_demo_shadow/Library/PackageCache/com.unity.modules.jsonserialize@1.0.0)
    com.unity.modules.particlesystem@1.0.0 (location: /Users/ah/GitHub/hybridclr/hybridclr_demo_shadow/Library/PackageCache/com.unity.modules.particlesystem@1.0.0)
    com.unity.modules.physics@1.0.0 (location: /Users/ah/GitHub/hybridclr/hybridclr_demo_shadow/Library/PackageCache/com.unity.modules.physics@1.0.0)
    com.unity.modules.physics2d@1.0.0 (location: /Users/ah/GitHub/hybridclr/hybridclr_demo_shadow/Library/PackageCache/com.unity.modules.physics2d@1.0.0)
    com.unity.modules.screencapture@1.0.0 (location: /Users/ah/GitHub/hybridclr/hybridclr_demo_shadow/Library/PackageCache/com.unity.modules.screencapture@1.0.0)
    com.unity.modules.terrain@1.0.0 (location: /Users/ah/GitHub/hybridclr/hybridclr_demo_shadow/Library/PackageCache/com.unity.modules.terrain@1.0.0)
    com.unity.modules.terrainphysics@1.0.0 (location: /Users/ah/GitHub/hybridclr/hybridclr_demo_shadow/Library/PackageCache/com.unity.modules.terrainphysics@1.0.0)
    com.unity.modules.tilemap@1.0.0 (location: /Users/ah/GitHub/hybridclr/hybridclr_demo_shadow/Library/PackageCache/com.unity.modules.tilemap@1.0.0)
    com.unity.modules.ui@1.0.0 (location: /Users/ah/GitHub/hybridclr/hybridclr_demo_shadow/Library/PackageCache/com.unity.modules.ui@1.0.0)
    com.unity.modules.uielements@1.0.0 (location: /Users/ah/GitHub/hybridclr/hybridclr_demo_shadow/Library/PackageCache/com.unity.modules.uielements@1.0.0)
    com.unity.modules.umbra@1.0.0 (location: /Users/ah/GitHub/hybridclr/hybridclr_demo_shadow/Library/PackageCache/com.unity.modules.umbra@1.0.0)
    com.unity.modules.unityanalytics@1.0.0 (location: /Users/ah/GitHub/hybridclr/hybridclr_demo_shadow/Library/PackageCache/com.unity.modules.unityanalytics@1.0.0)
    com.unity.modules.unitywebrequest@1.0.0 (location: /Users/ah/GitHub/hybridclr/hybridclr_demo_shadow/Library/PackageCache/com.unity.modules.unitywebrequest@1.0.0)
    com.unity.modules.unitywebrequestassetbundle@1.0.0 (location: /Users/ah/GitHub/hybridclr/hybridclr_demo_shadow/Library/PackageCache/com.unity.modules.unitywebrequestassetbundle@1.0.0)
    com.unity.modules.unitywebrequestaudio@1.0.0 (location: /Users/ah/GitHub/hybridclr/hybridclr_demo_shadow/Library/PackageCache/com.unity.modules.unitywebrequestaudio@1.0.0)
    com.unity.modules.unitywebrequesttexture@1.0.0 (location: /Users/ah/GitHub/hybridclr/hybridclr_demo_shadow/Library/PackageCache/com.unity.modules.unitywebrequesttexture@1.0.0)
    com.unity.modules.unitywebrequestwww@1.0.0 (location: /Users/ah/GitHub/hybridclr/hybridclr_demo_shadow/Library/PackageCache/com.unity.modules.unitywebrequestwww@1.0.0)
    com.unity.modules.vehicles@1.0.0 (location: /Users/ah/GitHub/hybridclr/hybridclr_demo_shadow/Library/PackageCache/com.unity.modules.vehicles@1.0.0)
    com.unity.modules.video@1.0.0 (location: /Users/ah/GitHub/hybridclr/hybridclr_demo_shadow/Library/PackageCache/com.unity.modules.video@1.0.0)
    com.unity.modules.vr@1.0.0 (location: /Users/ah/GitHub/hybridclr/hybridclr_demo_shadow/Library/PackageCache/com.unity.modules.vr@1.0.0)
    com.unity.modules.wind@1.0.0 (location: /Users/ah/GitHub/hybridclr/hybridclr_demo_shadow/Library/PackageCache/com.unity.modules.wind@1.0.0)
    com.unity.modules.xr@1.0.0 (location: /Users/ah/GitHub/hybridclr/hybridclr_demo_shadow/Library/PackageCache/com.unity.modules.xr@1.0.0)
    com.unity.modules.subsystems@1.0.0 (location: /Users/ah/GitHub/hybridclr/hybridclr_demo_shadow/Library/PackageCache/com.unity.modules.subsystems@1.0.0)
    com.unity.render-pipelines.core@14.0.12 (location: /Users/ah/GitHub/hybridclr/hybridclr_demo_shadow/Library/PackageCache/com.unity.render-pipelines.core@14.0.12)
    com.unity.shadergraph@14.0.12 (location: /Users/ah/GitHub/hybridclr/hybridclr_demo_shadow/Library/PackageCache/com.unity.shadergraph@14.0.12)
    com.unity.render-pipelines.universal-config@14.0.10 (location: /Users/ah/GitHub/hybridclr/hybridclr_demo_shadow/Library/PackageCache/com.unity.render-pipelines.universal-config@14.0.10)
    com.unity.2d.sprite@1.0.0 (location: /Users/ah/GitHub/hybridclr/hybridclr_demo_shadow/Library/PackageCache/com.unity.2d.sprite@1.0.0)
    com.unity.2d.tilemap@1.0.0 (location: /Users/ah/GitHub/hybridclr/hybridclr_demo_shadow/Library/PackageCache/com.unity.2d.tilemap@1.0.0)
  Embedded packages:
    com.coplaydev.unity-mcp@file:/Users/ah/GitHub/hybridclr/hybridclr_demo_shadow/Packages/com.coplaydev.unity-mcp (location: /Users/ah/GitHub/hybridclr/hybridclr_demo_shadow/Packages/com.coplaydev.unity-mcp)
  Local packages:
    com.code-philosophy.hybridclr@file:/Users/ah/GitHub/hybridclr/hybridclr_unity (location: /Users/ah/GitHub/hybridclr/hybridclr_unity)
[Subsystems] No new subsystems found in resolved package list.
Package Manager log level set to [2]
[Package Manager] Done registering packages in 0.13 seconds
Refreshing native plugins compatible for Editor in 6.59 ms, found 7 plugins.
Preloading 0 native plugins for Editor in 0.00 ms.
Initialize engine version: 2022.3.62f2 (7670c08855a9)
[Subsystems] Discovering subsystems at path /Applications/Unity/Hub/Editor/2022.3.62f2/Unity.app/Contents/Resources/UnitySubsystems
[Subsystems] Discovering subsystems at path /Users/ah/GitHub/hybridclr/hybridclr_demo_shadow/Assets
GfxDevice: creating device client; threaded=0; jobified=0
 preferred device: Apple M4 (high power)
Metal devices available: 1
0: Apple M4 (high power)
Using device Apple M4 (high power)
Initializing Metal device caps: Apple M4
[Licensing::Client] Successfully resolved entitlement details
Initialize mono
Mono path[0] = '/Applications/Unity/Hub/Editor/2022.3.62f2/Unity.app/Contents/Managed'
Mono path[1] = '/Applications/Unity/Hub/Editor/2022.3.62f2/Unity.app/Contents/MonoBleedingEdge/lib/mono/unityjit-macos'
Mono config path = '/Applications/Unity/Hub/Editor/2022.3.62f2/Unity.app/Contents/MonoBleedingEdge/etc'
Using monoOptions --debugger-agent=transport=dt_socket,embedding=1,server=y,suspend=n,address=127.0.0.1:56007
Using cacheserver namespaces - metadata:defaultmetadata, artifacts:defaultartifacts
Using cacheserver namespaces - metadata:defaultmetadata, artifacts:defaultartifacts
ImportWorker Server TCP listen port: 0
Begin MonoManager ReloadAssembly
Registering precompiled unity dll's ...
Register platform support module: /Applications/Unity/Hub/Editor/2022.3.62f2/Unity.app/Contents/PlaybackEngines/MacStandaloneSupport/UnityEditor.OSXStandalone.Extensions.dll
[Licensing::Client] Successfully resolved entitlement details
Register platform support module: /Applications/Unity/Hub/Editor/2022.3.62f2/PlaybackEngines/AndroidPlayer/UnityEditor.Android.Extensions.dll
[Licensing::Client] Successfully resolved entitlement details
Register platform support module: /Applications/Unity/Hub/Editor/2022.3.62f2/PlaybackEngines/iOSSupport/UnityEditor.iOS.Extensions.dll
Registered in 0.025777 seconds.
- Loaded All Assemblies, in  0.305 seconds
[usbmuxd] Start listen thread
[usbmuxd] Listen thread started
[usbmuxd] Send listen message
Native extension for iOS target not found
Native extension for Android target not found
Android Extension - Scanning For ADB Devices 194 ms
Native extension for OSXStandalone target not found
Mono: successfully reloaded assembly
- Finished resetting the current domain, in  0.468 seconds
Domain Reload Profiling: 773ms
	BeginReloadAssembly (87ms)
		ExecutionOrderSort (0ms)
		DisableScriptedObjects (0ms)
		BackupInstance (0ms)
		ReleaseScriptingObjects (0ms)
		CreateAndSetChildDomain (1ms)
	RebuildCommonClasses (27ms)
	RebuildNativeTypeToScriptingClass (9ms)
	initialDomainReloadingComplete (61ms)
	LoadAllAssembliesAndSetupDomain (121ms)
		LoadAssemblies (87ms)
		RebuildTransferFunctionScriptingTraits (0ms)
		AnalyzeDomain (118ms)
			TypeCache.Refresh (117ms)
				TypeCache.ScanAssembly (106ms)
			ScanForSourceGeneratedMonoScriptInfo (0ms)
			ResolveRequiredComponents (0ms)
	FinalizeReload (468ms)
		ReleaseScriptCaches (0ms)
		RebuildScriptCaches (0ms)
		SetupLoadedEditorAssemblies (429ms)
			LogAssemblyErrors (0ms)
			InitializePlatformSupportModulesInManaged (317ms)
			SetLoadedEditorAssemblies (4ms)
			RefreshPlugins (0ms)
			BeforeProcessingInitializeOnLoad (2ms)
			ProcessInitializeOnLoadAttributes (77ms)
			ProcessInitializeOnLoadMethodAttributes (31ms)
			AfterProcessingInitializeOnLoad (0ms)
			EditorAssembliesLoaded (0ms)
		ExecutionOrderSort2 (0ms)
		AwakeInstancesAfterBackupRestoration (0ms)
[Licensing::Client] Successfully resolved entitlement details
Application.AssetDatabase Initial Refresh Start
[40m[32minfo[39m[22m[49m: Microsoft.Hosting.Lifetime[14]
      Now listening on: http://unix:/tmp/ilpp.sock-6bfb419590cbbc64989d39d95a4e287a
[40m[32minfo[39m[22m[49m: Microsoft.Hosting.Lifetime[0]
      Application started. Press Ctrl+C to shut down.
[40m[32minfo[39m[22m[49m: Microsoft.Hosting.Lifetime[0]
      Hosting environment: Production
[40m[32minfo[39m[22m[49m: Microsoft.Hosting.Lifetime[0]
      Content root path: /Users/ah/GitHub/hybridclr/hybridclr_demo_shadow/
[40m[32minfo[39m[22m[49m: Microsoft.AspNetCore.Hosting.Diagnostics[1]
      Request starting HTTP/2 POST http://ilpp/UnityILPP.PostProcessing/Ping application/grpc -
[40m[32minfo[39m[22m[49m: Microsoft.AspNetCore.Routing.EndpointMiddleware[0]
      Executing endpoint 'gRPC - /UnityILPP.PostProcessing/Ping'
[40m[32minfo[39m[22m[49m: Microsoft.AspNetCore.Routing.EndpointMiddleware[1]
      Executed endpoint 'gRPC - /UnityILPP.PostProcessing/Ping'
[40m[32minfo[39m[22m[49m: Microsoft.AspNetCore.Hosting.Diagnostics[2]
      Request finished HTTP/2 POST http://ilpp/UnityILPP.PostProcessing/Ping application/grpc - - 200 - application/grpc 33.3856ms
Starting: /Applications/Unity/Hub/Editor/2022.3.62f2/Unity.app/Contents/bee_backend --ipc --defer-dag-verification --dagfile="Library/Bee/200b0aE.dag" --continue-on-failure --profile="Library/Bee/backend1.traceevents" ScriptAssemblies
WorkingDir: /Users/ah/GitHub/hybridclr/hybridclr_demo_shadow
DisplayProgressbar: Compiling Scripts
[40m[32minfo[39m[22m[49m: Microsoft.AspNetCore.Hosting.Diagnostics[1]
      Request starting HTTP/2 POST http://ilpp/UnityILPP.PostProcessing/ConfigurePostProcessors application/grpc -
[40m[32minfo[39m[22m[49m: Microsoft.AspNetCore.Routing.EndpointMiddleware[0]
      Executing endpoint 'gRPC - /UnityILPP.PostProcessing/ConfigurePostProcessors'
[40m[1m[33mwarn[39m[22m[49m: Unity.ILPP.Runner.PostProcessingAssemblyLoadContext[0]
      Assembly unityeditor.ios.extensions.xcode has duplicate hint path. Ignoring "/Applications/Unity/Hub/Editor/2022.3.62f2/Unity.app/Contents/PlaybackEngines/MacStandaloneSupport/UnityEditor.iOS.Extensions.Xcode.dll" in favor of "/Applications/Unity/Hub/Editor/2022.3.62f2/PlaybackEngines/iOSSupport/UnityEditor.iOS.Extensions.Xcode.dll"
[40m[1m[33mwarn[39m[22m[49m: Unity.ILPP.Runner.PostProcessingAssemblyLoadContext[0]
      Assembly system.componentmodel.composition has duplicate hint path. Ignoring "/Applications/Unity/Hub/Editor/2022.3.62f2/Unity.app/Contents/NetStandard/compat/2.1.0/shims/netfx/System.ComponentModel.Composition.dll" in favor of "/Applications/Unity/Hub/Editor/2022.3.62f2/Unity.app/Contents/UnityReferenceAssemblies/unity-4.8-api/System.ComponentModel.Composition.dll"
[40m[1m[33mwarn[39m[22m[49m: Unity.ILPP.Runner.PostProcessingAssemblyLoadContext[0]
      Assembly system.runtime.interopservices.windowsruntime has duplicate hint path. Ignoring "/Applications/Unity/Hub/Editor/2022.3.62f2/Unity.app/Contents/NetStandard/Extensions/2.0.0/System.Runtime.InteropServices.WindowsRuntime.dll" in favor of "/Applications/Unity/Hub/Editor/2022.3.62f2/Unity.app/Contents/UnityReferenceAssemblies/unity-4.8-api/Facades/System.Runtime.InteropServices.WindowsRuntime.dll"
[40m[32minfo[39m[22m[49m: Unity.ILPP.Runner.PostProcessingAssemblyLoadContext[0]
      Resolved Unity.Burst.Cecil, Version=0.11.4.0, Culture=neutral, PublicKeyToken=50cebf1cceb9d05e with Library/PackageCache/com.unity.burst@1.8.21/Unity.Burst.CodeGen/Unity.Burst.Cecil.dll
[40m[32minfo[39m[22m[49m: Microsoft.AspNetCore.Routing.EndpointMiddleware[1]
      Executed endpoint 'gRPC - /UnityILPP.PostProcessing/ConfigurePostProcessors'
[40m[32minfo[39m[22m[49m: Microsoft.AspNetCore.Hosting.Diagnostics[2]
      Request finished HTTP/2 POST http://ilpp/UnityILPP.PostProcessing/ConfigurePostProcessors application/grpc - - 200 - application/grpc 25.0294ms
ExitCode: 0 Duration: 0s383ms
[676/908    0s] ILPP-Configuration Library/ilpp-configuration.nevergeneratedoutput
*** Tundra build success (0.37 seconds), 1 items updated, 908 evaluated
AssetDatabase: script compilation time: 0.951468s
Begin MonoManager ReloadAssembly
Total cache size 267899536
Total cache size after purge 267899536
Symbol file LoadedFromMemory is not a mono symbol file
- Loaded All Assemblies, in  0.537 seconds
Refreshing native plugins compatible for Editor in 2.34 ms, found 7 plugins.
Preloading 0 native plugins for Editor in 0.00 ms.
Refreshing native plugins compatible for Editor in 2.39 ms, found 7 plugins.
Native extension for iOS target not found
Native extension for Android target not found
Native extension for OSXStandalone target not found
Fallback handler could not load library /Applications/Unity/Hub/Editor/2022.3.62f2/Unity.app/Contents/Frameworks/MonoBleedingEdge/lib/pthread
Mono: successfully reloaded assembly
- Finished resetting the current domain, in  1.503 seconds
Domain Reload Profiling: 2041ms
	BeginReloadAssembly (81ms)
		ExecutionOrderSort (0ms)
		DisableScriptedObjects (4ms)
		BackupInstance (0ms)
		ReleaseScriptingObjects (0ms)
		CreateAndSetChildDomain (17ms)
	RebuildCommonClasses (26ms)
	RebuildNativeTypeToScriptingClass (9ms)
	initialDomainReloadingComplete (19ms)
	LoadAllAssembliesAndSetupDomain (402ms)
		LoadAssemblies (229ms)
		RebuildTransferFunctionScriptingTraits (0ms)
		AnalyzeDomain (210ms)
			TypeCache.Refresh (178ms)
				TypeCache.ScanAssembly (160ms)
			ScanForSourceGeneratedMonoScriptInfo (22ms)
			ResolveRequiredComponents (9ms)
	FinalizeReload (1503ms)
		ReleaseScriptCaches (0ms)
		RebuildScriptCaches (0ms)
		SetupLoadedEditorAssemblies (1333ms)
			LogAssemblyErrors (0ms)
			InitializePlatformSupportModulesInManaged (22ms)
			SetLoadedEditorAssemblies (5ms)
			RefreshPlugins (0ms)
			BeforeProcessingInitializeOnLoad (62ms)
			ProcessInitializeOnLoadAttributes (1180ms)
			ProcessInitializeOnLoadMethodAttributes (63ms)
			AfterProcessingInitializeOnLoad (1ms)
			EditorAssembliesLoaded (0ms)
		ExecutionOrderSort2 (0ms)
		AwakeInstancesAfterBackupRestoration (3ms)
Asset Pipeline Refresh (id=73a4bda2399d94de098c9d29bad81321): Total: 5.136 seconds - Initiated by InitialRefreshV2(ForceSynchronousImport)
	Summary:
		Imports: total=0 (actual=0, local cache=0, cache server=0)
		Asset DB Process Time: managed=0 ms, native=2035 ms
		Asset DB Callback time: managed=10 ms, native=0 ms
		Scripting: domain reloads=1, domain reload time=2097 ms, compile time=953 ms, other=38 ms
		Project Asset Count: scripts=7404, non-scripts=2327
		Asset File Changes: new=0, changed=0, moved=0, deleted=0
		Scan Filter Count: 1
	InvokeBeforeRefreshCallbacks: 0.412ms
	ApplyChangesToAssetFolders: 0.072ms
	Scan: 434.451ms
	OnSourceAssetsModified: 0.001ms
	GetAllGuidsForCategorization: 0.592ms
	CategorizeAssets: 181.296ms
	ImportOutOfDateAssets: 1539.775ms (565.395ms without children)
		CompileScripts: 953.141ms
		ReloadNativeAssets: 0.017ms
		UnloadImportedAssets: 17.427ms
		EnsureUptoDateAssetsAreRegisteredWithGuidPM: 2.652ms
		InitializingProgressBar: 0.000ms
		OnDemandSchedulerStart: 1.143ms
	PostProcessAllAssets: 10.616ms
	GatherAllCurrentPrimaryArtifactRevisions: 0.004ms
	UnloadStreamsBegin: 1.823ms
	PersistCurrentRevisions: 0.370ms
	UnloadStreamsEnd: 0.024ms
	GenerateScriptTypeHashes: 1.185ms
	Untracked: 2967.058ms
Application.AssetDatabase Initial Refresh End
Launching external process: /Applications/Unity/Hub/Editor/2022.3.62f2/Unity.app/Contents/Tools/UnityShaderCompiler
Launched and connected shader compiler UnityShaderCompiler after 0.04 seconds
Scanning for USB devices : 0.377ms
Initializing Unity extensions:
[Licensing::Client] Successfully resolved entitlement details
[MODES] ModeService[none].Initialize
[MODES] ModeService[none].LoadModes
[MODES] Loading mode Default (0) for mode-current-id-AssemblyShadowBaseline
2026-08-28 06:52:10.976 Unity[13007:3285267] NSEventModifierFlagFunction specified to -setKeyEquivalentModifierMask: for item <NSMenuItem: 0x7b67e1c20 Font Asset, ke='Command-F12'>, but is only supported for system-provided menu items; will not be used
[PhysX] Initialized MultithreadedTaskDispatcher with 10 workers.
ProgressiveSceneManager::Cancel()
-- Listing OpenCL platforms(s) --
 * OpenCL platform 0
	PROFILE = FULL_PROFILE
	VERSION = OpenCL 1.2 (Apr 18 2026 19:20:04)
	NAME = Apple
	VENDOR = Apple
-- Listing OpenCL device(s) --
 * OpenCL platform 0, device 0 
	DEVICE_TYPE = 4
	DEVICE_NAME = Apple M4
	DEVICE_VENDOR = Apple
	DEVICE_VERSION = OpenCL 1.2 
	DRIVER_VERSION = 1.2 1.0
	DEVICE_MAX_COMPUTE_UNITS = 10
	DEVICE_MAX_CLOCK_FREQUENCY = 1000
	CL_DEVICE_MAX_CONSTANT_BUFFER_SIZE = 1073741824
	CL_DEVICE_HOST_UNIFIED_MEMORY = true
	CL_DEVICE_MAX_MEM_ALLOC_SIZE = 2383708160
	DEVICE_GLOBAL_MEM_SIZE = 12713115648
-- GPU Progressive lightmapper will use OpenCL device 'Apple M4' from 'Apple'--
   use -OpenCL-PlatformAndDeviceIndices <platformIdx> <deviceIdx> as command line arguments if you want to select a specific adapter for OpenCL.
Unloading 7 Unused Serialized files (Serialized files now loaded: 0)
Unloading 114 unused Assets / (0.7 MB). Loaded Objects now: 6744.
Memory consumption went from 166.6 MB to 165.9 MB.
Total: 6.669542 ms (FindLiveObjects: 0.352833 ms CreateObjectMapping: 0.109042 ms MarkObjects: 5.745750 ms  DeleteObjects: 0.461291 ms)

Asset Pipeline Refresh (id=bcd861dd56133477da42b55a04ab5c53): Total: 0.240 seconds - Initiated by RefreshV2(NoUpdateAssetOptions)
Start importing ProjectSettings/ProjectSettings.asset using Guid(00000000000000004000000000000000) Importer(-1,00000000000000000000000000000000) [PhysX] Initialized MultithreadedTaskDispatcher with 10 workers.
 -> (artifact id: '0b4cdbcd060b643385bd10c37d6425b6') in 0.006321 seconds
Start importing ProjectSettings/EditorBuildSettings.asset using Guid(0000000000000000b000000000000000) Importer(-1,00000000000000000000000000000000) [PhysX] Initialized MultithreadedTaskDispatcher with 10 workers.
 -> (artifact id: '4a7fcefcf746526b14e12c09bd494184') in 0.000563 seconds
Refreshing native plugins compatible for Editor in 2.19 ms, found 7 plugins.
Preloading 0 native plugins for Editor in 0.00 ms.
Asset Pipeline Refresh (id=80e1af1dd05564901b904e16e9be0363): Total: 0.078 seconds - Initiated by StopAssetImportingV2(NoUpdateAssetOptions)
[AssemblyShadow M00] Configured ordinary HybridCLR baseline, Shadow OFF.
UnityEngine.StackTraceUtility:ExtractStackTrace () (at /Users/bokken/build/output/unity/unity/Runtime/Export/Scripting/StackTrace.cs:37)
UnityEngine.DebugLogHandler:LogFormat (UnityEngine.LogType,UnityEngine.Object,string,object[])
UnityEngine.Logger:Log (UnityEngine.LogType,object)
UnityEngine.Debug:Log (object)
AssemblyShadowBaseline.Editor.BaselineBuild:Configure () (at Assets/AssemblyShadowBaseline/Editor/BaselineBuild.cs:60)
AssemblyShadowDemo.Editor.M02Build:Configure () (at Assets/AssemblyShadowDemo/Editor/M02Build.cs:21)
AssemblyShadowDemo.Editor.M05Build:Configure () (at Assets/AssemblyShadowDemo/Editor/M05Build.cs:44)
AssemblyShadowDemo.Editor.M05Build:ValidateCompilerInputs () (at Assets/AssemblyShadowDemo/Editor/M05Build.cs:63)

(Filename: Assets/AssemblyShadowBaseline/Editor/BaselineBuild.cs Line: 60)

Start importing ProjectSettings/ProjectSettings.asset using Guid(00000000000000004000000000000000) Importer(-1,00000000000000000000000000000000) [PhysX] Initialized MultithreadedTaskDispatcher with 10 workers.
 -> (artifact id: 'bde3ce9eb26cd371a08c1b8ff63d2372') in 0.001877 seconds
Start importing ProjectSettings/EditorBuildSettings.asset using Guid(0000000000000000b000000000000000) Importer(-1,00000000000000000000000000000000) [PhysX] Initialized MultithreadedTaskDispatcher with 10 workers.
 -> (artifact id: '4c06573b8e781e2383f9b8fd67da89fa') in 0.000586 seconds
Refreshing native plugins compatible for Editor in 2.27 ms, found 7 plugins.
Preloading 0 native plugins for Editor in 0.00 ms.
Asset Pipeline Refresh (id=3f9a802b7ead8403fbed2b2760fb957e): Total: 0.040 seconds - Initiated by StopAssetImportingV2(NoUpdateAssetOptions)
[AssemblyShadow M02] Configured independent candidates; ordinary hot-update filtering is unchanged.
UnityEngine.StackTraceUtility:ExtractStackTrace () (at /Users/bokken/build/output/unity/unity/Runtime/Export/Scripting/StackTrace.cs:37)
UnityEngine.DebugLogHandler:LogFormat (UnityEngine.LogType,UnityEngine.Object,string,object[])
UnityEngine.Logger:Log (UnityEngine.LogType,object)
UnityEngine.Debug:Log (object)
AssemblyShadowDemo.Editor.M02Build:Configure () (at Assets/AssemblyShadowDemo/Editor/M02Build.cs:48)
AssemblyShadowDemo.Editor.M05Build:Configure () (at Assets/AssemblyShadowDemo/Editor/M05Build.cs:44)
AssemblyShadowDemo.Editor.M05Build:ValidateCompilerInputs () (at Assets/AssemblyShadowDemo/Editor/M05Build.cs:63)

(Filename: Assets/AssemblyShadowDemo/Editor/M02Build.cs Line: 48)

Opening scene 'Assets/AssemblyShadowDemo/Scenes/M05Bootstrap.unity'
[PhysX] Initialized MultithreadedTaskDispatcher with 10 workers.
Unloading 0 Unused Serialized files (Serialized files now loaded: 0)
Loaded scene 'Assets/AssemblyShadowDemo/Scenes/M05Bootstrap.unity'
	Deserialize:            0.563 ms
	Integration:            6.810 ms
	Integration of assets:  0.001 ms
	Thread Wait Time:       0.009 ms
	Total Operation Time:   7.383 ms
Unloading 37 unused Assets / (20.2 KB). Loaded Objects now: 6750.
Memory consumption went from 157.0 MB to 157.0 MB.
Total: 5.098667 ms (FindLiveObjects: 0.209875 ms CreateObjectMapping: 0.103250 ms MarkObjects: 4.740583 ms  DeleteObjects: 0.044458 ms)

Start importing ProjectSettings/EditorBuildSettings.asset using Guid(0000000000000000b000000000000000) Importer(-1,00000000000000000000000000000000) [PhysX] Initialized MultithreadedTaskDispatcher with 10 workers.
 -> (artifact id: 'dc23acf969f3d473b9a99335791d00c6') in 0.001301 seconds
Refreshing native plugins compatible for Editor in 2.37 ms, found 7 plugins.
Preloading 0 native plugins for Editor in 0.00 ms.
Asset Pipeline Refresh (id=8545e6655b7cf4c32add17d9fabd3a50): Total: 0.045 seconds - Initiated by StopAssetImportingV2(NoUpdateAssetOptions)
[AssemblyShadow M05] Configured M05-Baseline-v6 with Player-embedded baseline/ABI identity.
UnityEngine.StackTraceUtility:ExtractStackTrace () (at /Users/bokken/build/output/unity/unity/Runtime/Export/Scripting/StackTrace.cs:37)
UnityEngine.DebugLogHandler:LogFormat (UnityEngine.LogType,UnityEngine.Object,string,object[])
UnityEngine.Logger:Log (UnityEngine.LogType,object)
UnityEngine.Debug:Log (object)
AssemblyShadowDemo.Editor.M05Build:Configure () (at Assets/AssemblyShadowDemo/Editor/M05Build.cs:58)
AssemblyShadowDemo.Editor.M05Build:ValidateCompilerInputs () (at Assets/AssemblyShadowDemo/Editor/M05Build.cs:63)

(Filename: Assets/AssemblyShadowDemo/Editor/M05Build.cs Line: 58)

[ScriptCompilation] Requested script compilation because: Recompiling all scripts before compiling player scripts because Auto Refresh is disabled.
[40m[32minfo[39m[22m[49m: Microsoft.AspNetCore.Hosting.Diagnostics[1]
      Request starting HTTP/2 POST http://ilpp/UnityILPP.PostProcessing/Ping application/grpc -
[40m[32minfo[39m[22m[49m: Microsoft.AspNetCore.Routing.EndpointMiddleware[0]
      Executing endpoint 'gRPC - /UnityILPP.PostProcessing/Ping'
[40m[32minfo[39m[22m[49m: Microsoft.AspNetCore.Routing.EndpointMiddleware[1]
      Executed endpoint 'gRPC - /UnityILPP.PostProcessing/Ping'
[40m[32minfo[39m[22m[49m: Microsoft.AspNetCore.Hosting.Diagnostics[2]
      Request finished HTTP/2 POST http://ilpp/UnityILPP.PostProcessing/Ping application/grpc - - 200 - application/grpc 0.7968ms
Starting: /Applications/Unity/Hub/Editor/2022.3.62f2/Unity.app/Contents/bee_backend --ipc --defer-dag-verification --dagfile="Library/Bee/200b0aE.dag" --continue-on-failure --profile="Library/Bee/backend1.traceevents" ScriptAssemblies
WorkingDir: /Users/ah/GitHub/hybridclr/hybridclr_demo_shadow
[40m[32minfo[39m[22m[49m: Microsoft.AspNetCore.Hosting.Diagnostics[1]
      Request starting HTTP/2 POST http://ilpp/UnityILPP.PostProcessing/ConfigurePostProcessors application/grpc -
[40m[32minfo[39m[22m[49m: Microsoft.AspNetCore.Routing.EndpointMiddleware[0]
      Executing endpoint 'gRPC - /UnityILPP.PostProcessing/ConfigurePostProcessors'
[40m[32minfo[39m[22m[49m: Unity.ILPP.Runner.PostProcessingAssemblyLoadContext[0]
      Current configuration matches the requested one, skipping
[40m[32minfo[39m[22m[49m: Microsoft.AspNetCore.Routing.EndpointMiddleware[1]
      Executed endpoint 'gRPC - /UnityILPP.PostProcessing/ConfigurePostProcessors'
[40m[32minfo[39m[22m[49m: Microsoft.AspNetCore.Hosting.Diagnostics[2]
      Request finished HTTP/2 POST http://ilpp/UnityILPP.PostProcessing/ConfigurePostProcessors application/grpc - - 200 - application/grpc 3.0228ms
ExitCode: 0 Duration: 0s322ms
[676/908    0s] ILPP-Configuration Library/ilpp-configuration.nevergeneratedoutput
*** Tundra build success (0.30 seconds), 1 items updated, 908 evaluated
[ScriptCompilation] Requested script compilation because: Compiling scripts for player
Total cache size 267899536
Total cache size after purge 267899536
[40m[32minfo[39m[22m[49m: Microsoft.AspNetCore.Hosting.Diagnostics[1]
      Request starting HTTP/2 POST http://ilpp/UnityILPP.PostProcessing/Ping application/grpc -
[40m[32minfo[39m[22m[49m: Microsoft.AspNetCore.Routing.EndpointMiddleware[0]
      Executing endpoint 'gRPC - /UnityILPP.PostProcessing/Ping'
[40m[32minfo[39m[22m[49m: Microsoft.AspNetCore.Routing.EndpointMiddleware[1]
      Executed endpoint 'gRPC - /UnityILPP.PostProcessing/Ping'
[40m[32minfo[39m[22m[49m: Microsoft.AspNetCore.Hosting.Diagnostics[2]
      Request finished HTTP/2 POST http://ilpp/UnityILPP.PostProcessing/Ping application/grpc - - 200 - application/grpc 0.2974ms
Starting: /Applications/Unity/Hub/Editor/2022.3.62f2/Unity.app/Contents/bee_backend --ipc --defer-dag-verification --dagfile="Library/Bee/2000e0PDevDbg.dag" --continue-on-failure --profile="Library/Bee/backend1.traceevents" ScriptAssembliesAndTypeDB
WorkingDir: /Users/ah/GitHub/hybridclr/hybridclr_demo_shadow
[40m[32minfo[39m[22m[49m: Microsoft.AspNetCore.Hosting.Diagnostics[1]
      Request starting HTTP/2 POST http://ilpp/UnityILPP.PostProcessing/ConfigurePostProcessors application/grpc -
[40m[32minfo[39m[22m[49m: Microsoft.AspNetCore.Routing.EndpointMiddleware[0]
      Executing endpoint 'gRPC - /UnityILPP.PostProcessing/ConfigurePostProcessors'
[40m[32minfo[39m[22m[49m: Unity.ILPP.Runner.PostProcessingAssemblyLoadContext[0]
      ALC ILPP context 1 is unloading
[40m[1m[33mwarn[39m[22m[49m: Unity.ILPP.Runner.PostProcessingAssemblyLoadContext[0]
      Assembly unityeditor.ios.extensions.xcode has duplicate hint path. Ignoring "/Applications/Unity/Hub/Editor/2022.3.62f2/Unity.app/Contents/PlaybackEngines/MacStandaloneSupport/UnityEditor.iOS.Extensions.Xcode.dll" in favor of "/Applications/Unity/Hub/Editor/2022.3.62f2/PlaybackEngines/iOSSupport/UnityEditor.iOS.Extensions.Xcode.dll"
[40m[1m[33mwarn[39m[22m[49m: Unity.ILPP.Runner.PostProcessingAssemblyLoadContext[0]
      Assembly system.componentmodel.composition has duplicate hint path. Ignoring "/Applications/Unity/Hub/Editor/2022.3.62f2/Unity.app/Contents/NetStandard/compat/2.1.0/shims/netfx/System.ComponentModel.Composition.dll" in favor of "/Applications/Unity/Hub/Editor/2022.3.62f2/Unity.app/Contents/UnityReferenceAssemblies/unity-4.8-api/System.ComponentModel.Composition.dll"
[40m[1m[33mwarn[39m[22m[49m: Unity.ILPP.Runner.PostProcessingAssemblyLoadContext[0]
      Assembly system.runtime.interopservices.windowsruntime has duplicate hint path. Ignoring "/Applications/Unity/Hub/Editor/2022.3.62f2/Unity.app/Contents/NetStandard/Extensions/2.0.0/System.Runtime.InteropServices.WindowsRuntime.dll" in favor of "/Applications/Unity/Hub/Editor/2022.3.62f2/Unity.app/Contents/UnityReferenceAssemblies/unity-4.8-api/Facades/System.Runtime.InteropServices.WindowsRuntime.dll"
[40m[32minfo[39m[22m[49m: Unity.ILPP.Runner.PostProcessingAssemblyLoadContext[0]
      Resolved Unity.Burst.Cecil, Version=0.11.4.0, Culture=neutral, PublicKeyToken=50cebf1cceb9d05e with Library/PackageCache/com.unity.burst@1.8.21/Unity.Burst.CodeGen/Unity.Burst.Cecil.dll
[40m[32minfo[39m[22m[49m: Microsoft.AspNetCore.Routing.EndpointMiddleware[1]
      Executed endpoint 'gRPC - /UnityILPP.PostProcessing/ConfigurePostProcessors'
[40m[32minfo[39m[22m[49m: Microsoft.AspNetCore.Hosting.Diagnostics[2]
      Request finished HTTP/2 POST http://ilpp/UnityILPP.PostProcessing/ConfigurePostProcessors application/grpc - - 200 - application/grpc 7.2681ms
ExitCode: 4 Duration: 0s260ms
Rebuilding DAG because FileSignature timestamp changed: Library/Bee/2000e0PDevDbg-inputdata.json
[464/572    0s] ILPP-Configuration Library/ilpp-configuration.nevergeneratedoutput
*** Tundra requires additional run (0.24 seconds), 1 items updated, 463 evaluated
Starting: /Applications/Unity/Hub/Editor/2022.3.62f2/Unity.app/Contents/Tools/netcorerun/netcorerun "/Applications/Unity/Hub/Editor/2022.3.62f2/Unity.app/Contents/Tools/BuildPipeline/ScriptCompilationBuildProgram.exe" "Library/Bee/2000e0PDevDbg.dag.json" "Library/Bee/2000e0PDevDbg-inputdata.json" "Library/Bee/buildprogram0.traceevents"
WorkingDir: /Users/ah/GitHub/hybridclr/hybridclr_demo_shadow
ExitCode: 0 Duration: 0s640ms
Starting: /Applications/Unity/Hub/Editor/2022.3.62f2/Unity.app/Contents/bee_backend --ipc --defer-dag-verification --dagfile="Library/Bee/2000e0PDevDbg.dag" --continue-on-failure --dagfilejson="Library/Bee/2000e0PDevDbg.dag.json" --profile="Library/Bee/backend2.traceevents" ScriptAssembliesAndTypeDB
WorkingDir: /Users/ah/GitHub/hybridclr/hybridclr_demo_shadow
[40m[32minfo[39m[22m[49m: Microsoft.AspNetCore.Hosting.Diagnostics[1]
      Request starting HTTP/2 POST http://ilpp/UnityILPP.PostProcessing/ConfigurePostProcessors application/grpc -
[40m[32minfo[39m[22m[49m: Microsoft.AspNetCore.Routing.EndpointMiddleware[0]
      Executing endpoint 'gRPC - /UnityILPP.PostProcessing/ConfigurePostProcessors'
[40m[32minfo[39m[22m[49m: Unity.ILPP.Runner.PostProcessingAssemblyLoadContext[0]
      Current configuration matches the requested one, skipping
[40m[32minfo[39m[22m[49m: Microsoft.AspNetCore.Routing.EndpointMiddleware[1]
      Executed endpoint 'gRPC - /UnityILPP.PostProcessing/ConfigurePostProcessors'
[40m[32minfo[39m[22m[49m: Microsoft.AspNetCore.Hosting.Diagnostics[2]
      Request finished HTTP/2 POST http://ilpp/UnityILPP.PostProcessing/ConfigurePostProcessors application/grpc - - 200 - application/grpc 2.3168ms
ExitCode: 0 Duration: 1s66ms
Finished compiling graph: 573 nodes, 5659 flattened edges (4657 ToBuild, 86 ToUse), maximum node priority 301
[           0s] Delete 81 artifact files that are no longer in use. (like /Users/ah/GitHub/hybridclr/hybridclr_demo_shadow/_temp/AssemblyShadow/M05RawAdmissionCompiler-ee5b8e164fff435a97a3adbed455788d/CompilerOutput/Unity.RenderPipelines.ShaderGraph.ShaderGraphLibrary.pdb)
[435/572    0s] CopyFiles /Users/ah/GitHub/hybridclr/hybridclr_demo_shadow/_temp/AssemblyShadow/M05CompilerPreflight-ad8ca32f580a4c53bd5ec50e105b36cf/CompilerOutput/UnityEngine.TestRunner.dll
[438/572    0s] CopyFiles /Users/ah/GitHub/hybridclr/hybridclr_demo_shadow/_temp/AssemblyShadow/M05CompilerPreflight-ad8ca32f580a4c53bd5ec50e105b36cf/CompilerOutput/UnityEngine.TestRunner.pdb
[464/572    0s] ILPP-Configuration Library/ilpp-configuration.nevergeneratedoutput
[494/572    0s] CopyFiles /Users/ah/GitHub/hybridclr/hybridclr_demo_shadow/_temp/AssemblyShadow/M05CompilerPreflight-ad8ca32f580a4c53bd5ec50e105b36cf/CompilerOutput/Unity.2D.Common.Runtime.dll
[495/572    0s] CopyFiles /Users/ah/GitHub/hybridclr/hybridclr_demo_shadow/_temp/AssemblyShadow/M05CompilerPreflight-ad8ca32f580a4c53bd5ec50e105b36cf/CompilerOutput/AssemblyShadowBaseline.HotUpdate.dll
[496/572    0s] CopyFiles /Users/ah/GitHub/hybridclr/hybridclr_demo_shadow/_temp/AssemblyShadow/M05CompilerPreflight-ad8ca32f580a4c53bd5ec50e105b36cf/CompilerOutput/Unity.Timeline.dll
[497/572    0s] CopyFiles /Users/ah/GitHub/hybridclr/hybridclr_demo_shadow/_temp/AssemblyShadow/M05CompilerPreflight-ad8ca32f580a4c53bd5ec50e105b36cf/CompilerOutput/Unity.RenderPipelines.Universal.Config.Runtime.dll
[498/572    0s] CopyFiles /Users/ah/GitHub/hybridclr/hybridclr_demo_shadow/_temp/AssemblyShadow/M05CompilerPreflight-ad8ca32f580a4c53bd5ec50e105b36cf/CompilerOutput/Unity.2D.SpriteShape.Runtime.dll
[499/572    0s] CopyFiles /Users/ah/GitHub/hybridclr/hybridclr_demo_shadow/_temp/AssemblyShadow/M05CompilerPreflight-ad8ca32f580a4c53bd5ec50e105b36cf/CompilerOutput/Unity.RenderPipelines.Universal.Shaders.dll
[500/572    0s] CopyFiles /Users/ah/GitHub/hybridclr/hybridclr_demo_shadow/_temp/AssemblyShadow/M05CompilerPreflight-ad8ca32f580a4c53bd5ec50e105b36cf/CompilerOutput/Unity.2D.PixelPerfect.dll
[501/572    0s] CopyFiles /Users/ah/GitHub/hybridclr/hybridclr_demo_shadow/_temp/AssemblyShadow/M05CompilerPreflight-ad8ca32f580a4c53bd5ec50e105b36cf/CompilerOutput/AssemblyShadowDemo.ContractsConsumer.dll
[503/572    0s] CopyFiles /Users/ah/GitHub/hybridclr/hybridclr_demo_shadow/_temp/AssemblyShadow/M05CompilerPreflight-ad8ca32f580a4c53bd5ec50e105b36cf/CompilerOutput/Unity.RenderPipelines.Universal.Runtime.dll
[504/572    0s] CopyFiles /Users/ah/GitHub/hybridclr/hybridclr_demo_shadow/_temp/AssemblyShadow/M05CompilerPreflight-ad8ca32f580a4c53bd5ec50e105b36cf/CompilerOutput/Unity.2D.Animation.Runtime.dll
[505/572    0s] CopyFiles /Users/ah/GitHub/hybridclr/hybridclr_demo_shadow/_temp/AssemblyShadow/M05CompilerPreflight-ad8ca32f580a4c53bd5ec50e105b36cf/CompilerOutput/Unity.RenderPipelines.Universal.2D.Internal.dll
[506/572    0s] CopyFiles /Users/ah/GitHub/hybridclr/hybridclr_demo_shadow/_temp/AssemblyShadow/M05CompilerPreflight-ad8ca32f580a4c53bd5ec50e105b36cf/CompilerOutput/HybridCLR.Runtime.dll
[507/572    0s] CopyFiles /Users/ah/GitHub/hybridclr/hybridclr_demo_shadow/_temp/AssemblyShadow/M05CompilerPreflight-ad8ca32f580a4c53bd5ec50e105b36cf/CompilerOutput/AssemblyA.Implementation.Extensibility.dll
[508/572    0s] CopyFiles /Users/ah/GitHub/hybridclr/hybridclr_demo_shadow/_temp/AssemblyShadow/M05CompilerPreflight-ad8ca32f580a4c53bd5ec50e105b36cf/CompilerOutput/UnityEngine.UI.dll
[509/572    0s] CopyFiles /Users/ah/GitHub/hybridclr/hybridclr_demo_shadow/_temp/AssemblyShadow/M05CompilerPreflight-ad8ca32f580a4c53bd5ec50e105b36cf/CompilerOutput/AssemblyShadowDemo.ExtensibilityConsumer.dll
[510/572    0s] CopyFiles /Users/ah/GitHub/hybridclr/hybridclr_demo_shadow/_temp/AssemblyShadow/M05CompilerPreflight-ad8ca32f580a4c53bd5ec50e105b36cf/CompilerOutput/AssemblyA.Contracts.dll
[511/572    0s] CopyFiles /Users/ah/GitHub/hybridclr/hybridclr_demo_shadow/_temp/AssemblyShadow/M05CompilerPreflight-ad8ca32f580a4c53bd5ec50e105b36cf/CompilerOutput/Unity.RenderPipelines.Core.ShaderLibrary.dll
[512/572    0s] CopyFiles /Users/ah/GitHub/hybridclr/hybridclr_demo_shadow/_temp/AssemblyShadow/M05CompilerPreflight-ad8ca32f580a4c53bd5ec50e105b36cf/CompilerOutput/Unity.2D.Tilemap.Extras.dll
[513/572    0s] CopyFiles /Users/ah/GitHub/hybridclr/hybridclr_demo_shadow/_temp/AssemblyShadow/M05CompilerPreflight-ad8ca32f580a4c53bd5ec50e105b36cf/CompilerOutput/Unity.InternalAPIEngineBridge.001.dll
[514/572    0s] CopyFiles /Users/ah/GitHub/hybridclr/hybridclr_demo_shadow/_temp/AssemblyShadow/M05CompilerPreflight-ad8ca32f580a4c53bd5ec50e105b36cf/CompilerOutput/Unity.RenderPipeline.Universal.ShaderLibrary.dll
[515/572    0s] CopyFiles /Users/ah/GitHub/hybridclr/hybridclr_demo_shadow/_temp/AssemblyShadow/M05CompilerPreflight-ad8ca32f580a4c53bd5ec50e105b36cf/CompilerOutput/Assembly-CSharp.dll
[516/572    0s] CopyFiles /Users/ah/GitHub/hybridclr/hybridclr_demo_shadow/_temp/AssemblyShadow/M05CompilerPreflight-ad8ca32f580a4c53bd5ec50e105b36cf/CompilerOutput/Unity.VisualScripting.Flow.dll
[517/572    0s] CopyFiles /Users/ah/GitHub/hybridclr/hybridclr_demo_shadow/_temp/AssemblyShadow/M05CompilerPreflight-ad8ca32f580a4c53bd5ec50e105b36cf/CompilerOutput/Unity.Burst.dll
[518/572    0s] CopyFiles /Users/ah/GitHub/hybridclr/hybridclr_demo_shadow/_temp/AssemblyShadow/M05CompilerPreflight-ad8ca32f580a4c53bd5ec50e105b36cf/CompilerOutput/Unity.RenderPipelines.ShaderGraph.ShaderGraphLibrary.dll
[519/572    0s] CopyFiles /Users/ah/GitHub/hybridclr/hybridclr_demo_shadow/_temp/AssemblyShadow/M05CompilerPreflight-ad8ca32f580a4c53bd5ec50e105b36cf/CompilerOutput/Unity.Collections.dll
[520/572    0s] CopyFiles /Users/ah/GitHub/hybridclr/hybridclr_demo_shadow/_temp/AssemblyShadow/M05CompilerPreflight-ad8ca32f580a4c53bd5ec50e105b36cf/CompilerOutput/Unity.RenderPipelines.Core.Runtime.dll
[521/572    0s] CopyFiles /Users/ah/GitHub/hybridclr/hybridclr_demo_shadow/_temp/AssemblyShadow/M05CompilerPreflight-ad8ca32f580a4c53bd5ec50e105b36cf/CompilerOutput/MCPForUnity.Runtime.dll
[522/572    0s] CopyFiles /Users/ah/GitHub/hybridclr/hybridclr_demo_shadow/_temp/AssemblyShadow/M05CompilerPreflight-ad8ca32f580a4c53bd5ec50e105b36cf/CompilerOutput/Unity.2D.IK.Runtime.dll
[523/572    0s] CopyFiles /Users/ah/GitHub/hybridclr/hybridclr_demo_shadow/_temp/AssemblyShadow/M05CompilerPreflight-ad8ca32f580a4c53bd5ec50e105b36cf/CompilerOutput/AssemblyShadowDemo.Bootstrap.dll
[524/572    0s] CopyFiles /Users/ah/GitHub/hybridclr/hybridclr_demo_shadow/_temp/AssemblyShadow/M05CompilerPreflight-ad8ca32f580a4c53bd5ec50e105b36cf/CompilerOutput/Unity.Mathematics.dll
[525/572    0s] CopyFiles /Users/ah/GitHub/hybridclr/hybridclr_demo_shadow/_temp/AssemblyShadow/M05CompilerPreflight-ad8ca32f580a4c53bd5ec50e105b36cf/CompilerOutput/UnityEngine.UI.pdb
[526/572    0s] CopyFiles /Users/ah/GitHub/hybridclr/hybridclr_demo_shadow/_temp/AssemblyShadow/M05CompilerPreflight-ad8ca32f580a4c53bd5ec50e105b36cf/CompilerOutput/Unity.Timeline.pdb
[527/572    0s] CopyFiles /Users/ah/GitHub/hybridclr/hybridclr_demo_shadow/_temp/AssemblyShadow/M05CompilerPreflight-ad8ca32f580a4c53bd5ec50e105b36cf/CompilerOutput/Unity.RenderPipelines.Universal.Shaders.pdb
[528/572    0s] CopyFiles /Users/ah/GitHub/hybridclr/hybridclr_demo_shadow/_temp/AssemblyShadow/M05CompilerPreflight-ad8ca32f580a4c53bd5ec50e105b36cf/CompilerOutput/Unity.2D.PixelPerfect.pdb
[529/572    0s] CopyFiles /Users/ah/GitHub/hybridclr/hybridclr_demo_shadow/_temp/AssemblyShadow/M05CompilerPreflight-ad8ca32f580a4c53bd5ec50e105b36cf/CompilerOutput/AssemblyShadowDemo.ContractsConsumer.pdb
[530/572    0s] CopyFiles /Users/ah/GitHub/hybridclr/hybridclr_demo_shadow/_temp/AssemblyShadow/M05CompilerPreflight-ad8ca32f580a4c53bd5ec50e105b36cf/CompilerOutput/Unity.RenderPipelines.Universal.2D.Internal.pdb
[531/572    0s] CopyFiles /Users/ah/GitHub/hybridclr/hybridclr_demo_shadow/_temp/AssemblyShadow/M05CompilerPreflight-ad8ca32f580a4c53bd5ec50e105b36cf/CompilerOutput/Unity.RenderPipelines.Universal.Runtime.pdb
[532/572    0s] CopyFiles /Users/ah/GitHub/hybridclr/hybridclr_demo_shadow/_temp/AssemblyShadow/M05CompilerPreflight-ad8ca32f580a4c53bd5ec50e105b36cf/CompilerOutput/AssemblyShadowDemo.ExtensibilityConsumer.pdb
[533/572    0s] CopyFiles /Users/ah/GitHub/hybridclr/hybridclr_demo_shadow/_temp/AssemblyShadow/M05CompilerPreflight-ad8ca32f580a4c53bd5ec50e105b36cf/CompilerOutput/Unity.2D.Tilemap.Extras.pdb
[534/572    0s] CopyFiles /Users/ah/GitHub/hybridclr/hybridclr_demo_shadow/_temp/AssemblyShadow/M05CompilerPreflight-ad8ca32f580a4c53bd5ec50e105b36cf/CompilerOutput/Unity.RenderPipeline.Universal.ShaderLibrary.pdb
[535/572    0s] CopyFiles /Users/ah/GitHub/hybridclr/hybridclr_demo_shadow/_temp/AssemblyShadow/M05CompilerPreflight-ad8ca32f580a4c53bd5ec50e105b36cf/CompilerOutput/Unity.RenderPipelines.ShaderGraph.ShaderGraphLibrary.pdb
[537/572    0s] CopyFiles /Users/ah/GitHub/hybridclr/hybridclr_demo_shadow/_temp/AssemblyShadow/M05CompilerPreflight-ad8ca32f580a4c53bd5ec50e105b36cf/CompilerOutput/Unity.VisualScripting.Flow.pdb
[538/572    0s] CopyFiles /Users/ah/GitHub/hybridclr/hybridclr_demo_shadow/_temp/AssemblyShadow/M05CompilerPreflight-ad8ca32f580a4c53bd5ec50e105b36cf/CompilerOutput/Unity.RenderPipelines.Core.Runtime.pdb
[539/572    0s] CopyFiles /Users/ah/GitHub/hybridclr/hybridclr_demo_shadow/_temp/AssemblyShadow/M05CompilerPreflight-ad8ca32f580a4c53bd5ec50e105b36cf/CompilerOutput/AssemblyShadowDemo.Bootstrap.pdb
[540/572    0s] CopyFiles /Users/ah/GitHub/hybridclr/hybridclr_demo_shadow/_temp/AssemblyShadow/M05CompilerPreflight-ad8ca32f580a4c53bd5ec50e105b36cf/CompilerOutput/Unity.2D.IK.Runtime.pdb
[541/572    0s] CopyFiles /Users/ah/GitHub/hybridclr/hybridclr_demo_shadow/_temp/AssemblyShadow/M05CompilerPreflight-ad8ca32f580a4c53bd5ec50e105b36cf/CompilerOutput/HybridCLR.Runtime.pdb
[542/572    0s] CopyFiles /Users/ah/GitHub/hybridclr/hybridclr_demo_shadow/_temp/AssemblyShadow/M05CompilerPreflight-ad8ca32f580a4c53bd5ec50e105b36cf/CompilerOutput/Unity.VisualScripting.Core.dll
[543/572    0s] CopyFiles /Users/ah/GitHub/hybridclr/hybridclr_demo_shadow/_temp/AssemblyShadow/M05CompilerPreflight-ad8ca32f580a4c53bd5ec50e105b36cf/CompilerOutput/Unity.VisualScripting.Core.pdb
[544/572    0s] CopyFiles /Users/ah/GitHub/hybridclr/hybridclr_demo_shadow/_temp/AssemblyShadow/M05CompilerPreflight-ad8ca32f580a4c53bd5ec50e105b36cf/CompilerOutput/Unity.2D.SpriteShape.Runtime.pdb
[545/572    0s] CopyFiles /Users/ah/GitHub/hybridclr/hybridclr_demo_shadow/_temp/AssemblyShadow/M05CompilerPreflight-ad8ca32f580a4c53bd5ec50e105b36cf/CompilerOutput/Unity.2D.Common.Runtime.pdb
[546/572    0s] CopyFiles /Users/ah/GitHub/hybridclr/hybridclr_demo_shadow/_temp/AssemblyShadow/M05CompilerPreflight-ad8ca32f580a4c53bd5ec50e105b36cf/CompilerOutput/Unity.Burst.pdb
[547/572    0s] CopyFiles /Users/ah/GitHub/hybridclr/hybridclr_demo_shadow/_temp/AssemblyShadow/M05CompilerPreflight-ad8ca32f580a4c53bd5ec50e105b36cf/CompilerOutput/MCPForUnity.Runtime.pdb
[548/572    0s] CopyFiles /Users/ah/GitHub/hybridclr/hybridclr_demo_shadow/_temp/AssemblyShadow/M05CompilerPreflight-ad8ca32f580a4c53bd5ec50e105b36cf/CompilerOutput/Assembly-CSharp.pdb
[549/572    0s] CopyFiles /Users/ah/GitHub/hybridclr/hybridclr_demo_shadow/_temp/AssemblyShadow/M05CompilerPreflight-ad8ca32f580a4c53bd5ec50e105b36cf/CompilerOutput/Unity.RenderPipelines.Universal.Config.Runtime.pdb
[550/572    0s] CopyFiles /Users/ah/GitHub/hybridclr/hybridclr_demo_shadow/_temp/AssemblyShadow/M05CompilerPreflight-ad8ca32f580a4c53bd5ec50e105b36cf/CompilerOutput/Unity.Collections.pdb
[551/572    0s] CopyFiles /Users/ah/GitHub/hybridclr/hybridclr_demo_shadow/_temp/AssemblyShadow/M05CompilerPreflight-ad8ca32f580a4c53bd5ec50e105b36cf/CompilerOutput/AssemblyShadowBaseline.HotUpdate.pdb
[552/572    0s] CopyFiles /Users/ah/GitHub/hybridclr/hybridclr_demo_shadow/_temp/AssemblyShadow/M05CompilerPreflight-ad8ca32f580a4c53bd5ec50e105b36cf/CompilerOutput/AssemblyA.Implementation.Extensibility.pdb
[553/572    0s] CopyFiles /Users/ah/GitHub/hybridclr/hybridclr_demo_shadow/_temp/AssemblyShadow/M05CompilerPreflight-ad8ca32f580a4c53bd5ec50e105b36cf/CompilerOutput/Unity.Mathematics.pdb
[554/572    0s] CopyFiles /Users/ah/GitHub/hybridclr/hybridclr_demo_shadow/_temp/AssemblyShadow/M05CompilerPreflight-ad8ca32f580a4c53bd5ec50e105b36cf/CompilerOutput/AssemblyA.Contracts.pdb
[556/572    0s] CopyFiles /Users/ah/GitHub/hybridclr/hybridclr_demo_shadow/_temp/AssemblyShadow/M05CompilerPreflight-ad8ca32f580a4c53bd5ec50e105b36cf/CompilerOutput/Unity.InternalAPIEngineBridge.001.pdb
[557/572    0s] CopyFiles /Users/ah/GitHub/hybridclr/hybridclr_demo_shadow/_temp/AssemblyShadow/M05CompilerPreflight-ad8ca32f580a4c53bd5ec50e105b36cf/CompilerOutput/Unity.RenderPipelines.Core.ShaderLibrary.pdb
[559/572    0s] CopyFiles /Users/ah/GitHub/hybridclr/hybridclr_demo_shadow/_temp/AssemblyShadow/M05CompilerPreflight-ad8ca32f580a4c53bd5ec50e105b36cf/CompilerOutput/Unity.2D.Animation.Runtime.pdb
[560/572    0s] CopyFiles /Users/ah/GitHub/hybridclr/hybridclr_demo_shadow/_temp/AssemblyShadow/M05CompilerPreflight-ad8ca32f580a4c53bd5ec50e105b36cf/CompilerOutput/Unity.VisualScripting.State.pdb
[563/572    0s] CopyFiles /Users/ah/GitHub/hybridclr/hybridclr_demo_shadow/_temp/AssemblyShadow/M05CompilerPreflight-ad8ca32f580a4c53bd5ec50e105b36cf/CompilerOutput/Unity.VisualScripting.State.dll
[564/572    0s] CopyFiles /Users/ah/GitHub/hybridclr/hybridclr_demo_shadow/_temp/AssemblyShadow/M05CompilerPreflight-ad8ca32f580a4c53bd5ec50e105b36cf/CompilerOutput/Unity.TextMeshPro.dll
[565/572    0s] CopyFiles /Users/ah/GitHub/hybridclr/hybridclr_demo_shadow/_temp/AssemblyShadow/M05CompilerPreflight-ad8ca32f580a4c53bd5ec50e105b36cf/CompilerOutput/Unity.TextMeshPro.pdb
[566/572    0s] CopyFiles /Users/ah/GitHub/hybridclr/hybridclr_demo_shadow/_temp/AssemblyShadow/M05CompilerPreflight-ad8ca32f580a4c53bd5ec50e105b36cf/CompilerOutput/AssemblyA.Implementation.Internal.dll
[567/572    0s] CopyFiles /Users/ah/GitHub/hybridclr/hybridclr_demo_shadow/_temp/AssemblyShadow/M05CompilerPreflight-ad8ca32f580a4c53bd5ec50e105b36cf/CompilerOutput/AssemblyA.Implementation.Internal.pdb
[568/572    0s] CopyFiles /Users/ah/GitHub/hybridclr/hybridclr_demo_shadow/_temp/AssemblyShadow/M05CompilerPreflight-ad8ca32f580a4c53bd5ec50e105b36cf/CompilerOutput/AssemblyShadowBaseline.Aot.pdb
[569/572    0s] CopyFiles /Users/ah/GitHub/hybridclr/hybridclr_demo_shadow/_temp/AssemblyShadow/M05CompilerPreflight-ad8ca32f580a4c53bd5ec50e105b36cf/CompilerOutput/AssemblyShadowBaseline.Aot.dll
[571/572    0s] BuildPlayerDataGenerator Library/BuildPlayerData/Player/RuntimeInitializeOnLoads.json (+1 other)
*** Tundra build success (1.03 seconds), 74 items updated, 572 evaluated
Total cache size 267899536
Total cache size after purge 267899536
[40m[32minfo[39m[22m[49m: Microsoft.AspNetCore.Hosting.Diagnostics[1]
      Request starting HTTP/2 POST http://ilpp/UnityILPP.PostProcessing/Ping application/grpc -
[40m[32minfo[39m[22m[49m: Microsoft.AspNetCore.Routing.EndpointMiddleware[0]
      Executing endpoint 'gRPC - /UnityILPP.PostProcessing/Ping'
[40m[32minfo[39m[22m[49m: Microsoft.AspNetCore.Routing.EndpointMiddleware[1]
      Executed endpoint 'gRPC - /UnityILPP.PostProcessing/Ping'
[40m[32minfo[39m[22m[49m: Microsoft.AspNetCore.Hosting.Diagnostics[2]
      Request finished HTTP/2 POST http://ilpp/UnityILPP.PostProcessing/Ping application/grpc - - 200 - application/grpc 0.2155ms
Starting: /Applications/Unity/Hub/Editor/2022.3.62f2/Unity.app/Contents/bee_backend --ipc --defer-dag-verification --dagfile="Library/Bee/200b0aE.dag" --continue-on-failure --profile="Library/Bee/backend1.traceevents" ScriptAssembliesAndTypeDB
WorkingDir: /Users/ah/GitHub/hybridclr/hybridclr_demo_shadow
[40m[32minfo[39m[22m[49m: Microsoft.AspNetCore.Hosting.Diagnostics[1]
      Request starting HTTP/2 POST http://ilpp/UnityILPP.PostProcessing/ConfigurePostProcessors application/grpc -
[40m[32minfo[39m[22m[49m: Microsoft.AspNetCore.Routing.EndpointMiddleware[0]
      Executing endpoint 'gRPC - /UnityILPP.PostProcessing/ConfigurePostProcessors'
[40m[32minfo[39m[22m[49m: Unity.ILPP.Runner.PostProcessingAssemblyLoadContext[0]
      ALC ILPP context 2 is unloading
[40m[1m[33mwarn[39m[22m[49m: Unity.ILPP.Runner.PostProcessingAssemblyLoadContext[0]
      Assembly unityeditor.ios.extensions.xcode has duplicate hint path. Ignoring "/Applications/Unity/Hub/Editor/2022.3.62f2/Unity.app/Contents/PlaybackEngines/MacStandaloneSupport/UnityEditor.iOS.Extensions.Xcode.dll" in favor of "/Applications/Unity/Hub/Editor/2022.3.62f2/PlaybackEngines/iOSSupport/UnityEditor.iOS.Extensions.Xcode.dll"
[40m[1m[33mwarn[39m[22m[49m: Unity.ILPP.Runner.PostProcessingAssemblyLoadContext[0]
      Assembly system.componentmodel.composition has duplicate hint path. Ignoring "/Applications/Unity/Hub/Editor/2022.3.62f2/Unity.app/Contents/NetStandard/compat/2.1.0/shims/netfx/System.ComponentModel.Composition.dll" in favor of "/Applications/Unity/Hub/Editor/2022.3.62f2/Unity.app/Contents/UnityReferenceAssemblies/unity-4.8-api/System.ComponentModel.Composition.dll"
[40m[1m[33mwarn[39m[22m[49m: Unity.ILPP.Runner.PostProcessingAssemblyLoadContext[0]
      Assembly system.runtime.interopservices.windowsruntime has duplicate hint path. Ignoring "/Applications/Unity/Hub/Editor/2022.3.62f2/Unity.app/Contents/NetStandard/Extensions/2.0.0/System.Runtime.InteropServices.WindowsRuntime.dll" in favor of "/Applications/Unity/Hub/Editor/2022.3.62f2/Unity.app/Contents/UnityReferenceAssemblies/unity-4.8-api/Facades/System.Runtime.InteropServices.WindowsRuntime.dll"
[40m[32minfo[39m[22m[49m: Unity.ILPP.Runner.PostProcessingAssemblyLoadContext[0]
      Resolved Unity.Burst.Cecil, Version=0.11.4.0, Culture=neutral, PublicKeyToken=50cebf1cceb9d05e with Library/PackageCache/com.unity.burst@1.8.21/Unity.Burst.CodeGen/Unity.Burst.Cecil.dll
[40m[32minfo[39m[22m[49m: Microsoft.AspNetCore.Routing.EndpointMiddleware[1]
      Executed endpoint 'gRPC - /UnityILPP.PostProcessing/ConfigurePostProcessors'
[40m[32minfo[39m[22m[49m: Microsoft.AspNetCore.Hosting.Diagnostics[2]
      Request finished HTTP/2 POST http://ilpp/UnityILPP.PostProcessing/ConfigurePostProcessors application/grpc - - 200 - application/grpc 10.4561ms
ExitCode: 0 Duration: 0s326ms
[676/910    0s] ILPP-Configuration Library/ilpp-configuration.nevergeneratedoutput
*** Tundra build success (0.30 seconds), 1 items updated, 910 evaluated
Total cache size 267899536
Total cache size after purge 267899536
Fallback handler could not load library /Applications/Unity/Hub/Editor/2022.3.62f2/Unity.app/Contents/Frameworks/MonoBleedingEdge/lib/kernel32
Fallback handler could not load library /Applications/Unity/Hub/Editor/2022.3.62f2/Unity.app/Contents/Frameworks/MonoBleedingEdge/lib/libkernel32.dylib
Fallback handler could not load library /Applications/Unity/Hub/Editor/2022.3.62f2/Unity.app/Contents/Frameworks/MonoBleedingEdge/lib/libkernel32.dylib
Fallback handler could not load library /Applications/Unity/Hub/Editor/2022.3.62f2/Unity.app/Contents/Frameworks/MonoBleedingEdge/lib/libkernel32.so
Fallback handler could not load library /Applications/Unity/Hub/Editor/2022.3.62f2/Unity.app/Contents/Frameworks/MonoBleedingEdge/lib/libkernel32.bundle
Fallback handler could not load library /Applications/Unity/Hub/Editor/2022.3.62f2/Unity.app/Contents/Frameworks/MonoBleedingEdge/lib/kernel32
Fallback handler could not load library /Applications/Unity/Hub/Editor/2022.3.62f2/Unity.app/Contents/Frameworks/MonoBleedingEdge/lib/libkernel32
Fallback handler could not load library /Applications/Unity/Hub/Editor/2022.3.62f2/Unity.app/Contents/Frameworks/MonoBleedingEdge/lib/libkernel32.dylib
Fallback handler could not load library /Applications/Unity/Hub/Editor/2022.3.62f2/Unity.app/Contents/Frameworks/MonoBleedingEdge/lib/libkernel32.dylib
Fallback handler could not load library /Applications/Unity/Hub/Editor/2022.3.62f2/Unity.app/Contents/Frameworks/MonoBleedingEdge/lib/libkernel32.so
Fallback handler could not load library /Applications/Unity/Hub/Editor/2022.3.62f2/Unity.app/Contents/Frameworks/MonoBleedingEdge/lib/libkernel32.bundle
Fallback handler could not load library /Applications/Unity/Hub/Editor/2022.3.62f2/Unity.app/Contents/Frameworks/MonoBleedingEdge/lib/libkernel32
Fallback handler could not load library /Applications/Unity/Hub/Editor/2022.3.62f2/Unity.app/Contents/Frameworks/MonoBleedingEdge/lib/kernel32
Fallback handler could not load library /Applications/Unity/Hub/Editor/2022.3.62f2/Unity.app/Contents/Frameworks/MonoBleedingEdge/lib/libkernel32.dylib
Fallback handler could not load library /Applications/Unity/Hub/Editor/2022.3.62f2/Unity.app/Contents/Frameworks/MonoBleedingEdge/lib/libkernel32.dylib
Fallback handler could not load library /Applications/Unity/Hub/Editor/2022.3.62f2/Unity.app/Contents/Frameworks/MonoBleedingEdge/lib/libkernel32.so
Fallback handler could not load library /Applications/Unity/Hub/Editor/2022.3.62f2/Unity.app/Contents/Frameworks/MonoBleedingEdge/lib/libkernel32.bundle
Fallback handler could not load library /Applications/Unity/Hub/Editor/2022.3.62f2/Unity.app/Contents/Frameworks/MonoBleedingEdge/lib/kernel32
Fallback handler could not load library /Applications/Unity/Hub/Editor/2022.3.62f2/Unity.app/Contents/Frameworks/MonoBleedingEdge/lib/libkernel32
Fallback handler could not load library /Applications/Unity/Hub/Editor/2022.3.62f2/Unity.app/Contents/Frameworks/MonoBleedingEdge/lib/libkernel32.dylib
Fallback handler could not load library /Applications/Unity/Hub/Editor/2022.3.62f2/Unity.app/Contents/Frameworks/MonoBleedingEdge/lib/libkernel32.dylib
Fallback handler could not load library /Applications/Unity/Hub/Editor/2022.3.62f2/Unity.app/Contents/Frameworks/MonoBleedingEdge/lib/libkernel32.so
Fallback handler could not load library /Applications/Unity/Hub/Editor/2022.3.62f2/Unity.app/Contents/Frameworks/MonoBleedingEdge/lib/libkernel32.bundle
Fallback handler could not load library /Applications/Unity/Hub/Editor/2022.3.62f2/Unity.app/Contents/Frameworks/MonoBleedingEdge/lib/libkernel32
[AssemblyShadow M05] Fresh target compiler snapshot verified (not runtime policy acceptance): /Users/ah/GitHub/hybridclr/hybridclr_demo_shadow/_temp/AssemblyShadow/M05CompilerPreflight-ad8ca32f580a4c53bd5ec50e105b36cf/Snapshot
UnityEngine.StackTraceUtility:ExtractStackTrace () (at /Users/bokken/build/output/unity/unity/Runtime/Export/Scripting/StackTrace.cs:37)
UnityEngine.DebugLogHandler:LogFormat (UnityEngine.LogType,UnityEngine.Object,string,object[])
UnityEngine.Logger:Log (UnityEngine.LogType,object)
UnityEngine.Debug:Log (object)
AssemblyShadowDemo.Editor.M05Build:ValidateCompilerInputs () (at Assets/AssemblyShadowDemo/Editor/M05Build.cs:76)

(Filename: Assets/AssemblyShadowDemo/Editor/M05Build.cs Line: 76)

Batchmode quit successfully invoked - shutting down!
Killing ADB server in 0.042412 seconds.
Thread 0x17f687000 may have been prematurely finalized
[PhysX] Initialized MultithreadedTaskDispatcher with 10 workers.
Input System module state changed to: ShutdownInProgress.
Input System polling thread exited.
Input System module state changed to: Shutdown.
[Licensing::IpcConnector] LicenseClient-ah-notifications channel disconnected successfully.
[Licensing::IpcConnector] LicenseClient-ah channel disconnected successfully.
Thread 0x16c527000 may have been prematurely finalized
[40m[32minfo[39m[22m[49m: Microsoft.Hosting.Lifetime[0]
      Application is shutting down...
Cleanup mono
[40m[32minfo[39m[22m[49m: Unity.ILPP.Runner.PostProcessingAssemblyLoadContext[0]
      ALC ILPP context 3 is unloading
06:52:22.391 |V| RiderPlugin                    | :1                             | AppDomain.CurrentDomain.DomainUnload lifetimeDefinition.Terminate
debugger-agent: Unable to listen on 48
[usbmuxd] Stop listen thread
[usbmuxd] Error: 
[usbmuxd] Listen thread exiting
[Performance] Application.InitializeProject                                                                                        :        1 samples, Peak.  7.31 s (1.0x), Avg.  7.31 s, Total. 7.310 s (34.3%)
[Performance] Application.PackageManager.StartServer                                                                               :        1 samples, Peak.  1.82 ms (1.0x), Avg.  1.82 ms, Total. 1.816 ms (0.0%)
[Performance] Application.AcquireProjectLock                                                                                       :        1 samples, Peak.  7.41 ms (1.0x), Avg.  7.41 ms, Total. 7.409 ms (0.0%)
[Performance] Application.InitializeEngineNoGraphics                                                                               :        1 samples, Peak.  36.7 ms (1.0x), Avg.  36.7 ms, Total. 36.74 ms (0.2%)
[Performance] Application.PackageManager.Initialize                                                                                :        1 samples, Peak.   530 ms (1.0x), Avg.   530 ms, Total. 530.1 ms (2.5%)
[Performance] Connecting to Package Manager                                                                                        :       54 samples, Peak.  50.5 us (47.9x), Avg.  1.05 us, Total. 56.96 us (0.0%)
[Performance] Application.EngineGraphics.Initialize                                                                                :        1 samples, Peak.  80.7 ms (1.0x), Avg.  80.7 ms, Total. 80.69 ms (0.4%)
[Performance] Application.GI.Initialize                                                                                            :        1 samples, Peak.   600 us (1.0x), Avg.   600 us, Total. 600.0 us (0.0%)
[Performance] Application.LoadAllDefaultResourcesFromEditor                                                                        :        1 samples, Peak.  1.50 ms (1.0x), Avg.  1.50 ms, Total. 1.501 ms (0.0%)
[Performance] Application.LoadMonoAssemblies                                                                                       :        1 samples, Peak.   783 ms (1.0x), Avg.   783 ms, Total. 782.8 ms (3.7%)
[Performance] RestoreManagedReferences                                                                                             :        2 samples, Peak.  77.6 ms (2.0x), Avg.  38.8 ms, Total. 77.62 ms (0.4%)
[Performance] InitializeOnLoad DrivenRectTransformUndo                                                                             :        2 samples, Peak.   348 us (1.0x), Avg.   341 us, Total. 682.5 us (0.0%)
[Performance] InitializeOnLoad SceneSearch                                                                                         :        2 samples, Peak.   111 us (1.2x), Avg.  94.8 us, Total. 189.7 us (0.0%)
[Performance] InitializeOnLoad CloudBuild                                                                                          :        2 samples, Peak.  5.33 us (1.1x), Avg.  4.81 us, Total. 9.624 us (0.0%)
[Performance] InitializeOnLoad NativeFormatImporterUtility                                                                         :        2 samples, Peak.  1.65 ms (1.1x), Avg.  1.47 ms, Total. 2.939 ms (0.0%)
[Performance] InitializeOnLoad SearchService                                                                                       :        2 samples, Peak.  83.1 us (1.0x), Avg.  82.9 us, Total. 165.8 us (0.0%)
[Performance] InitializeOnLoad SettingsService                                                                                     :        2 samples, Peak.  10.5 us (1.2x), Avg.  8.96 us, Total. 17.92 us (0.0%)
[Performance] InitializeOnLoad WindowLayout                                                                                        :        2 samples, Peak.   176 us (1.0x), Avg.   175 us, Total. 349.3 us (0.0%)
[Performance] InitializeOnLoad AssetStoreContext                                                                                   :        2 samples, Peak.  18.2 ms (1.8x), Avg.  10.3 ms, Total. 20.67 ms (0.1%)
[Performance] InitializeOnLoad PoolManager                                                                                         :        2 samples, Peak.   458 us (1.0x), Avg.   453 us, Total. 905.3 us (0.0%)
[Performance] InitializeOnLoad MixerEffectDefinitionReloader                                                                       :        2 samples, Peak.  1.82 ms (1.2x), Avg.  1.56 ms, Total. 3.111 ms (0.0%)
[Performance] InitializeOnLoad ProjectSearch                                                                                       :        2 samples, Peak.  46.9 us (1.3x), Avg.  37.2 us, Total. 74.42 us (0.0%)
[Performance] InitializeOnLoad UISystemProfilerRenderService                                                                       :        2 samples, Peak.  9.29 us (1.1x), Avg.  8.25 us, Total. 16.50 us (0.0%)
[Performance] InitializeOnLoad EditMode                                                                                            :        2 samples, Peak.   309 us (1.1x), Avg.   279 us, Total. 557.2 us (0.0%)
[Performance] InitializeOnLoad UnityConnect                                                                                        :        2 samples, Peak.  38.0 us (1.1x), Avg.  35.8 us, Total. 71.62 us (0.0%)
[Performance] InitializeOnLoad ManagedDebugger                                                                                     :        2 samples, Peak.   444 us (1.7x), Avg.   264 us, Total. 528.8 us (0.0%)
[Performance] InitializeOnLoad ShortcutIntegration                                                                                 :        2 samples, Peak.  43.7 us (1.0x), Avg.  41.9 us, Total. 83.83 us (0.0%)
[Performance] InitializeOnLoad AddComponentWindow                                                                                  :        2 samples, Peak.  83.0 us (1.0x), Avg.  80.1 us, Total. 160.2 us (0.0%)
[Performance] InitializeOnLoad ManagedDebuggerWindow                                                                               :        2 samples, Peak.  84.4 us (1.0x), Avg.  84.0 us, Total. 168.0 us (0.0%)
[Performance] InitializeOnLoad CacheServerWindow                                                                                   :        2 samples, Peak.  9.71 us (1.2x), Avg.  8.19 us, Total. 16.38 us (0.0%)
[Performance] InitializeOnLoad PlayModeDownload                                                                                    :        2 samples, Peak.  3.94 ms (2.0x), Avg.  2.02 ms, Total. 4.033 ms (0.0%)
[Performance] InitializeOnLoad MenuItems                                                                                           :        2 samples, Peak.  74.4 us (1.0x), Avg.  71.2 us, Total. 142.4 us (0.0%)
[Performance] InitializeOnLoad PrefabInstanceChangedListener                                                                       :        2 samples, Peak.   102 us (1.0x), Avg.  98.7 us, Total. 197.3 us (0.0%)
[Performance] InitializeOnLoad ObjectSelectorSearch                                                                                :        2 samples, Peak.  91.4 us (1.6x), Avg.  56.2 us, Total. 112.5 us (0.0%)
[Performance] InitializeOnLoad EditorMonitor                                                                                       :        2 samples, Peak.   659 us (1.3x), Avg.   510 us, Total. 1.019 ms (0.0%)
[Performance] InitializeOnLoad RetainedMode                                                                                        :        2 samples, Peak.  1.73 ms (1.0x), Avg.  1.70 ms, Total. 3.397 ms (0.0%)
[Performance] InitializeOnLoad EditorShaderLoader                                                                                  :        2 samples, Peak.   525 us (1.1x), Avg.   459 us, Total. 918.6 us (0.0%)
[Performance] InitializeOnLoad EditorDelegateRegistration                                                                          :        2 samples, Peak.   458 us (1.1x), Avg.   416 us, Total. 832.8 us (0.0%)
[Performance] InitializeOnLoad UIDocumentHierarchyWatcher                                                                          :        2 samples, Peak.  48.0 us (1.0x), Avg.  47.8 us, Total. 95.67 us (0.0%)
[Performance] InitializeOnLoad LiveReloadTrackerCreator                                                                            :        2 samples, Peak.   165 us (1.2x), Avg.   139 us, Total. 277.4 us (0.0%)
[Performance] InitializeOnLoad UxmlObjectEditorFactories                                                                           :        2 samples, Peak.   428 us (1.1x), Avg.   374 us, Total. 748.4 us (0.0%)
[Performance] InitializeOnLoad UXMLEditorFactories                                                                                 :        2 samples, Peak.  45.3 ms (1.1x), Avg.  41.2 ms, Total. 82.32 ms (0.4%)
[Performance] InitializeOnLoad PurchasingService                                                                                   :        2 samples, Peak.  5.32 ms (1.0x), Avg.  5.18 ms, Total. 10.36 ms (0.0%)
[Performance] InitializeOnLoad CloudBuildPoller                                                                                    :        2 samples, Peak.  75.5 us (1.0x), Avg.  74.6 us, Total. 149.2 us (0.0%)
[Performance] InitializeOnLoad EditorGameServicesAnalytics                                                                         :        2 samples, Peak.  1.22 ms (1.6x), Avg.   760 us, Total. 1.519 ms (0.0%)
[Performance] InitializeOnLoad AnalyticsService                                                                                    :        2 samples, Peak.   175 us (1.1x), Avg.   153 us, Total. 306.0 us (0.0%)
[Performance] InitializeOnLoad BuildService                                                                                        :        2 samples, Peak.   117 us (1.0x), Avg.   114 us, Total. 227.4 us (0.0%)
[Performance] InitializeOnLoad AdsService                                                                                          :        2 samples, Peak.   283 us (1.0x), Avg.   278 us, Total. 555.0 us (0.0%)
[Performance] InitializeOnLoad UDPService                                                                                          :        2 samples, Peak.   108 us (1.0x), Avg.   108 us, Total. 215.6 us (0.0%)
[Performance] InitializeOnLoad CrashService                                                                                        :        2 samples, Peak.   108 us (1.0x), Avg.   108 us, Total. 215.3 us (0.0%)
[Performance] InitializeOnLoad ServicesRepository                                                                                  :        2 samples, Peak.   291 ns (1.2x), Avg.   250 ns, Total. 499.0 ns (0.0%)
[Performance] InitializeOnLoad SearchWindow                                                                                        :        2 samples, Peak.   108 us (1.2x), Avg.  92.6 us, Total. 185.2 us (0.0%)
[Performance] InitializeOnLoad CustomIndexers                                                                                      :        2 samples, Peak.  11.6 ms (1.1x), Avg.  10.5 ms, Total. 20.95 ms (0.1%)
[Performance] InitializeOnLoad SearchMonitor                                                                                       :        2 samples, Peak.   760 us (1.1x), Avg.   669 us, Total. 1.338 ms (0.0%)
[Performance] InitializeOnLoad ParameterControllerEditor                                                                           :        2 samples, Peak.  23.1 us (1.2x), Avg.  19.0 us, Total. 37.92 us (0.0%)
[Performance] InitializeOnLoad LayerSettingsWindow                                                                                 :        2 samples, Peak.  19.9 us (1.7x), Avg.  11.6 us, Total. 23.29 us (0.0%)
[Performance] InitializeOnLoad PackageManagerHookGUIDConverter.RegisterPackagesEventHandler                                        :        2 samples, Peak.   578 us (1.7x), Avg.   337 us, Total. 675.0 us (0.0%)
[Performance] InitializeOnLoad EditorDragAndDrop.RegisterEditorClient                                                              :        2 samples, Peak.   206 us (1.2x), Avg.   172 us, Total. 344.0 us (0.0%)
[Performance] InitializeOnLoad EditorEventCallbacks.InitializeFontAssetResourceChangeCallBacks                                     :        2 samples, Peak.   888 us (1.0x), Avg.   851 us, Total. 1.703 ms (0.0%)
[Performance] InitializeOnLoad SceneTemplateService.Init                                                                           :        2 samples, Peak.   894 us (1.1x), Avg.   784 us, Total. 1.568 ms (0.0%)
[Performance] InitializeOnLoad DiagnosticSwitchesConsoleMessage.Init                                                               :        2 samples, Peak.  2.47 ms (1.5x), Avg.  1.61 ms, Total. 3.212 ms (0.0%)
[Performance] InitializeOnLoad PackageManagerWindow.EditorInitializedInSafeMode                                                    :        2 samples, Peak.  19.4 ms (2.0x), Avg.  9.74 ms, Total. 19.48 ms (0.1%)
[Performance] InitializeOnLoad ToolShortcutContext.Init                                                                            :        2 samples, Peak.  93.0 us (1.0x), Avg.  92.4 us, Total. 184.7 us (0.0%)
[Performance] InitializeOnLoad MemoryProfilerCompilationGuard.InjectCompileGuard                                                   :        2 samples, Peak.   124 us (1.5x), Avg.  81.4 us, Total. 162.9 us (0.0%)
[Performance] InitializeOnLoad AssetPostprocessingInternal.RefreshCustomDependencies                                               :        2 samples, Peak.  2.52 ms (1.4x), Avg.  1.86 ms, Total. 3.720 ms (0.0%)
[Performance] InitializeOnLoad SysrootManager.Initialize                                                                           :        2 samples, Peak.   337 us (1.0x), Avg.   332 us, Total. 664.9 us (0.0%)
[Performance] InitializeOnLoad ScopedRegistryAddedPopup.SubscribeToRegistriesAdded                                                 :        2 samples, Peak.  5.78 ms (2.0x), Avg.  2.92 ms, Total. 5.844 ms (0.0%)
[Performance] InitializeOnLoad SceneVisibilityManager.Initialize                                                                   :        2 samples, Peak.  2.20 ms (1.6x), Avg.  1.40 ms, Total. 2.806 ms (0.0%)
[Performance] InitializeOnLoad EditorWindow.Initialize                                                                             :        2 samples, Peak.   159 us (1.0x), Avg.   156 us, Total. 312.2 us (0.0%)
[Performance] AssemblyReloadEvents.afterAssemblyReload: UnityEditor.SceneTemplate.SceneTemplateService.AfterAssemblyReload         :        2 samples, Peak.   775 us (1.6x), Avg.   495 us, Total. 990.2 us (0.0%)
[Performance] ProcessService.EditorAfterLoadAllAssemblies                                                                          :        2 samples, Peak.   246 us (1.2x), Avg.   210 us, Total. 420.6 us (0.0%)
[Performance] Application.ReadLicenseInfo                                                                                          :        1 samples, Peak.  13.1 ms (1.0x), Avg.  13.1 ms, Total. 13.13 ms (0.1%)
[Performance] Application.InitialRefresh                                                                                           :        1 samples, Peak.  5.14 s (1.0x), Avg.  5.14 s, Total. 5.139 s (24.1%)
[Performance] Compiling Scripts                                                                                                    :        1 samples, Peak.   952 ms (1.0x), Avg.   952 ms, Total. 951.5 ms (4.5%)
[Performance] AssemblyReloadEvents.beforeAssemblyReload: UnityEditor.SceneTemplate.SceneTemplateService.BeforeAssemblyReload       :        1 samples, Peak.   361 us (1.0x), Avg.   361 us, Total. 361.3 us (0.0%)
[Performance] InitializeOnLoad BurstLoader                                                                                         :        1 samples, Peak.   245 ms (1.0x), Avg.   245 ms, Total. 244.6 ms (1.1%)
[Performance] InitializeOnLoad EditorToolManager                                                                                   :        2 samples, Peak.  1.98 ms (1.9x), Avg.  1.05 ms, Total. 2.104 ms (0.0%)
[Performance] InitializeOnLoad CopyStrippedAOTAssembliesHook                                                                       :        1 samples, Peak.  11.5 ms (1.0x), Avg.  11.5 ms, Total. 11.47 ms (0.1%)
[Performance] InitializeOnLoad GetIl2CppFolderHook                                                                                 :        1 samples, Peak.  1.90 ms (1.0x), Avg.  1.90 ms, Total. 1.897 ms (0.0%)
[Performance] InitializeOnLoad ShadowCasterGroup2DManager                                                                          :        1 samples, Peak.  68.2 us (1.0x), Avg.  68.2 us, Total. 68.17 us (0.0%)
[Performance] InitializeOnLoad ProbeGIBaking                                                                                       :        1 samples, Peak.  1.73 ms (1.0x), Avg.  1.73 ms, Total. 1.735 ms (0.0%)
[Performance] InitializeOnLoad FilterWindow                                                                                        :        1 samples, Peak.  27.5 us (1.0x), Avg.  27.5 us, Total. 27.54 us (0.0%)
[Performance] InitializeOnLoad RealtimeProbeSubdivisionDebug                                                                       :        1 samples, Peak.   127 us (1.0x), Avg.   127 us, Total. 127.5 us (0.0%)
[Performance] InitializeOnLoad NodeClassCache                                                                                      :        1 samples, Peak.  6.58 us (1.0x), Avg.  6.58 us, Total. 6.584 us (0.0%)
[Performance] InitializeOnLoad ShaderGraphMaterialsUpdater                                                                         :        2 samples, Peak.   246 us (1.7x), Avg.   145 us, Total. 289.6 us (0.0%)
[Performance] InitializeOnLoad Renderer2DAnalytics                                                                                 :        1 samples, Peak.  58.0 us (1.0x), Avg.  58.0 us, Total. 58.00 us (0.0%)
[Performance] InitializeOnLoad BackgroundWatcher                                                                                   :        1 samples, Peak.  79.3 us (1.0x), Avg.  79.3 us, Total. 79.33 us (0.0%)
[Performance] InitializeOnLoad UnityTestProtocolStarter                                                                            :        1 samples, Peak.   145 us (1.0x), Avg.   145 us, Total. 144.6 us (0.0%)
[Performance] InitializeOnLoad TestStarter                                                                                         :        1 samples, Peak.   457 us (1.0x), Avg.   457 us, Total. 456.8 us (0.0%)
[Performance] InitializeOnLoad RerunCallbackInitializer                                                                            :        1 samples, Peak.  1.83 ms (1.0x), Avg.  1.83 ms, Total. 1.828 ms (0.0%)
[Performance] InitializeOnLoad RiderScriptEditor                                                                                   :        1 samples, Peak.  51.7 ms (1.0x), Avg.  51.7 ms, Total. 51.72 ms (0.2%)
[Performance] InitializeOnLoad CallbackInitializer                                                                                 :        1 samples, Peak.   860 us (1.0x), Avg.   860 us, Total. 859.8 us (0.0%)
[Performance] InitializeOnLoad SpriteEditorWindow                                                                                  :        1 samples, Peak.   314 us (1.0x), Avg.   314 us, Total. 314.4 us (0.0%)
[Performance] InitializeOnLoad PlasticPlugin                                                                                       :        1 samples, Peak.  46.8 ms (1.0x), Avg.  46.8 ms, Total. 46.76 ms (0.2%)
[Performance] InitializeOnLoad ToolbarBootstrap                                                                                    :        1 samples, Peak.  39.4 ms (1.0x), Avg.  39.4 ms, Total. 39.42 ms (0.2%)
[Performance] InitializeOnLoad BackgroundImport                                                                                    :        1 samples, Peak.   120 us (1.0x), Avg.   120 us, Total. 119.6 us (0.0%)
[Performance] InitializeOnLoad McpEditorShutdownCleanup                                                                            :        1 samples, Peak.   575 us (1.0x), Avg.   575 us, Total. 574.7 us (0.0%)
[Performance] InitializeOnLoad ProjectAutoConnectMonitor                                                                           :        1 samples, Peak.  3.78 ms (1.0x), Avg.  3.78 ms, Total. 3.785 ms (0.0%)
[Performance] InitializeOnLoad EditorStateCache                                                                                    :        1 samples, Peak.  79.2 ms (1.0x), Avg.  79.2 ms, Total. 79.18 ms (0.4%)
[Performance] InitializeOnLoad StdioBridgeHost                                                                                     :        1 samples, Peak.   488 us (1.0x), Avg.   488 us, Total. 488.0 us (0.0%)
[Performance] InitializeOnLoad StdioBridgeReloadHandler                                                                            :        1 samples, Peak.   166 us (1.0x), Avg.   166 us, Total. 165.9 us (0.0%)
[Performance] InitializeOnLoad AssetGenJobManager                                                                                  :        1 samples, Peak.   542 us (1.0x), Avg.   542 us, Total. 542.3 us (0.0%)
[Performance] InitializeOnLoad LegacyServerSrcMigration                                                                            :        1 samples, Peak.  44.1 us (1.0x), Avg.  44.1 us, Total. 44.12 us (0.0%)
[Performance] InitializeOnLoad HttpAutoStartHandler                                                                                :        1 samples, Peak.  80.2 us (1.0x), Avg.  80.2 us, Total. 80.21 us (0.0%)
[Performance] InitializeOnLoad TransportCommandDispatcher                                                                          :        1 samples, Peak.   569 ms (1.0x), Avg.   569 ms, Total. 569.2 ms (2.7%)
[Performance] InitializeOnLoad PlayModeOptionsGuard                                                                                :        1 samples, Peak.   484 us (1.0x), Avg.   484 us, Total. 483.8 us (0.0%)
[Performance] InitializeOnLoad HttpBridgeReloadHandler                                                                             :        1 samples, Peak.   231 us (1.0x), Avg.   231 us, Total. 230.8 us (0.0%)
[Performance] InitializeOnLoad TestRunnerNoThrottle                                                                                :        1 samples, Peak.   489 us (1.0x), Avg.   489 us, Total. 488.8 us (0.0%)
[Performance] InitializeOnLoad StdIoVersionMigration                                                                               :        1 samples, Peak.  59.5 us (1.0x), Avg.  59.5 us, Total. 59.50 us (0.0%)
[Performance] InitializeOnLoad ProjectIdentityUtility                                                                              :        1 samples, Peak.   792 ns (1.0x), Avg.   792 ns, Total. 792.0 ns (0.0%)
[Performance] InitializeOnLoad SetupWindowService                                                                                  :        1 samples, Peak.  36.9 us (1.0x), Avg.  36.9 us, Total. 36.87 us (0.0%)
[Performance] InitializeOnLoad StartupConfigRewrite                                                                                :        1 samples, Peak.  59.7 us (1.0x), Avg.  59.7 us, Total. 59.71 us (0.0%)
[Performance] InitializeOnLoad VSUsageUtility                                                                                      :        1 samples, Peak.  8.31 ms (1.0x), Avg.  8.31 ms, Total. 8.306 ms (0.0%)
[Performance] InitializeOnLoad VisualStudioEditor                                                                                  :        1 samples, Peak.  4.47 ms (1.0x), Avg.  4.47 ms, Total. 4.468 ms (0.0%)
[Performance] InitializeOnLoad TestRunnerApiListener                                                                               :        1 samples, Peak.   289 us (1.0x), Avg.   289 us, Total. 288.8 us (0.0%)
[Performance] InitializeOnLoad VisualStudioIntegration                                                                             :        1 samples, Peak.   393 us (1.0x), Avg.   393 us, Total. 393.3 us (0.0%)
[Performance] InitializeOnLoad PrefabLayoutRebuilder                                                                               :        1 samples, Peak.   185 us (1.0x), Avg.   185 us, Total. 184.7 us (0.0%)
[Performance] InitializeOnLoad SpriteSkinCompositeStartup                                                                          :        1 samples, Peak.  9.52 ms (1.0x), Avg.  9.52 ms, Total. 9.520 ms (0.0%)
[Performance] InitializeOnLoad UnityAnalyticsStorage                                                                               :        1 samples, Peak.   303 us (1.0x), Avg.   303 us, Total. 302.5 us (0.0%)
[Performance] InitializeOnLoad BoneGizmoInitializer                                                                                :        1 samples, Peak.  2.21 ms (1.0x), Avg.  2.21 ms, Total. 2.211 ms (0.0%)
[Performance] InitializeOnLoad Analytics                                                                                           :        1 samples, Peak.   159 us (1.0x), Avg.   159 us, Total. 158.9 us (0.0%)
[Performance] InitializeOnLoad SceneDragAndDrop                                                                                    :        1 samples, Peak.   119 us (1.0x), Avg.   119 us, Total. 118.9 us (0.0%)
[Performance] InitializeOnLoad SpriteShapeUpdateCache                                                                              :        1 samples, Peak.   458 us (1.0x), Avg.   458 us, Total. 457.8 us (0.0%)
[Performance] InitializeOnLoad SpriteShapeUnityAnalyticsStorage                                                                    :        1 samples, Peak.  8.42 us (1.0x), Avg.  8.42 us, Total. 8.417 us (0.0%)
[Performance] InitializeOnLoad IKEditorManager.CreateInstance                                                                      :        1 samples, Peak.  1.00 ms (1.0x), Avg.  1.00 ms, Total. 1.003 ms (0.0%)
[Performance] InitializeOnLoad $BurstDirectCallInitializer.Initialize                                                              :        7 samples, Peak.  15.4 ms (4.2x), Avg.  3.63 ms, Total. 25.41 ms (0.1%)
[Performance] InitializeOnLoad SceneViewGridManager.Initialize                                                                     :        1 samples, Peak.  2.84 ms (1.0x), Avg.  2.84 ms, Total. 2.836 ms (0.0%)
[Performance] InitializeOnLoad TilemapPrefabStageHelper.Initialize                                                                 :        1 samples, Peak.   795 us (1.0x), Avg.   795 us, Total. 794.9 us (0.0%)
[Performance] InitializeOnLoad SceneViewOpenTilePaletteHelper.Initialize                                                           :        1 samples, Peak.   524 us (1.0x), Avg.   524 us, Total. 523.7 us (0.0%)
[Performance] InitializeOnLoad TileDragAndDropManager.Initialize                                                                   :        1 samples, Peak.   290 us (1.0x), Avg.   290 us, Total. 290.1 us (0.0%)
[Performance] InitializeOnLoad VisualStudioEditor.LegacyVisualStudioCodePackageDisabler                                            :        1 samples, Peak.   714 us (1.0x), Avg.   714 us, Total. 714.5 us (0.0%)
[Performance] InitializeOnLoad MaterialReimporter.RegisterUpgraderReimport                                                         :        2 samples, Peak.   172 us (1.8x), Avg.  96.9 us, Total. 193.8 us (0.0%)
[Performance] InitializeOnLoad UnityReflect.OnLoad                                                                                 :        1 samples, Peak.   401 us (1.0x), Avg.   401 us, Total. 401.5 us (0.0%)
[Performance] InitializeOnLoad GetMenuItems.BuildCache                                                                             :        1 samples, Peak.  5.55 ms (1.0x), Avg.  5.55 ms, Total. 5.552 ms (0.0%)
[Performance] InitializeOnLoad ExecuteCode.OnDomainReload                                                                          :        1 samples, Peak.   308 us (1.0x), Avg.   308 us, Total. 308.4 us (0.0%)
[Performance] InitializeOnLoad McpLogRecord.RefreshFromPrefs                                                                       :        1 samples, Peak.   102 us (1.0x), Avg.   102 us, Total. 101.9 us (0.0%)
[Performance] InitializeOnLoad BackgroundImport.Setup                                                                              :        1 samples, Peak.   754 us (1.0x), Avg.   754 us, Total. 754.0 us (0.0%)
[Performance] InitializeOnLoad TestJobDataHolder.ResumeRunningJobs                                                                 :        1 samples, Peak.   778 us (1.0x), Avg.   778 us, Total. 778.0 us (0.0%)
[Performance] InitializeOnLoad AnalyticsReporter.RegisterCallbacks                                                                 :        1 samples, Peak.   164 us (1.0x), Avg.   164 us, Total. 163.7 us (0.0%)
[Performance] InitializeOnLoad DebugManagerWindowLifetimeAnalytic.SubscribeToDebugManagerOpenCloseWindows                          :        1 samples, Peak.   435 us (1.0x), Avg.   435 us, Total. 434.6 us (0.0%)
[Performance] InitializeOnLoad CoreRenderPipelinePreferences.InitPreferenceProviders                                               :        1 samples, Peak.  10.7 ms (1.0x), Avg.  10.7 ms, Total. 10.66 ms (0.0%)
[Performance] InitializeOnLoad VolumeGizmoDrawer.InitVolumeGizmoCallbacks                                                          :        1 samples, Peak.   269 us (1.0x), Avg.   269 us, Total. 269.5 us (0.0%)
[Performance] DidReloadScriptsTestRunnerWindow.CompilationCallback                                                                 :        1 samples, Peak.   149 us (1.0x), Avg.   149 us, Total. 148.9 us (0.0%)
[Performance] DidReloadScriptsTestListCache.ScriptReloaded                                                                         :        1 samples, Peak.   848 us (1.0x), Avg.   848 us, Total. 848.2 us (0.0%)
[Performance] DidReloadScriptsLookDev.OnEditorReload                                                                               :        1 samples, Peak.   158 us (1.0x), Avg.   158 us, Total. 157.8 us (0.0%)
[Performance] DidReloadScriptsDebugWindow.OnEditorReload                                                                           :        1 samples, Peak.  6.84 ms (1.0x), Avg.  6.84 ms, Total. 6.836 ms (0.0%)
[Performance] DidReloadScriptsVolumeComponentEditor.OnEditorReload                                                                 :        1 samples, Peak.  8.21 ms (1.0x), Avg.  8.21 ms, Total. 8.214 ms (0.0%)
[Performance] DidReloadScriptsAdvancedDropdownWindow.OnScriptReload                                                                :        1 samples, Peak.   172 us (1.0x), Avg.   172 us, Total. 172.0 us (0.0%)
[Performance] AssemblyReloadEvents.afterAssemblyReload: callback in MCPForUnity.Editor.Services.EditorStateCache                   :        1 samples, Peak.   386 us (1.0x), Avg.   386 us, Total. 385.9 us (0.0%)
[Performance] AssemblyReloadEvents.afterAssemblyReload: MCPForUnity.Editor.Services.StdioBridgeReloadHandler.OnAfterAssemblyReload :        1 samples, Peak.   664 us (1.0x), Avg.   664 us, Total. 664.4 us (0.0%)
[Performance] AssemblyReloadEvents.afterAssemblyReload: MCPForUnity.Editor.Services.HttpBridgeReloadHandler.OnAfterAssemblyReload  :        1 samples, Peak.   104 us (1.0x), Avg.   104 us, Total. 103.8 us (0.0%)
[Performance] AssemblyReloadEvents.afterAssemblyReload: UnityEditor.U2D.Animation.BoneGizmo.OnAfterAssemblyReload                  :        1 samples, Peak.   602 us (1.0x), Avg.   602 us, Total. 602.3 us (0.0%)
[Performance] AssemblyReloadEvents.afterAssemblyReload: MCPForUnity.Editor.Tools.UnityReflect.InvalidateCache                      :        1 samples, Peak.   313 us (1.0x), Avg.   313 us, Total. 313.4 us (0.0%)
[Performance] UniversalRenderPipelineGlobalSettingsPostprocessor.OnPostprocessAllAssets                                            :        8 samples, Peak.  1.83 ms (4.1x), Avg.   449 us, Total. 3.589 ms (0.0%)
[Performance] SyncVS.PostprocessSyncProject                                                                                        :        4 samples, Peak.  1.43 ms (3.1x), Avg.   468 us, Total. 1.873 ms (0.0%)
[Performance] Application.ImportPackagesAndSetTemplateWhenCreatingProject                                                          :        1 samples, Peak.  16.5 ms (1.0x), Avg.  16.5 ms, Total. 16.50 ms (0.1%)
[Performance] Application.SyncCurrentColorSpace                                                                                    :        1 samples, Peak.   107 ms (1.0x), Avg.   107 ms, Total. 107.1 ms (0.5%)
[Performance] Application.OnUsbDevicesChanged                                                                                      :        1 samples, Peak.   400 us (1.0x), Avg.   400 us, Total. 399.9 us (0.0%)
[Performance] Application.AssetInstanceCacheUpdate                                                                                 :        1 samples, Peak.   208 ns (1.0x), Avg.   208 ns, Total. 208.0 ns (0.0%)
[Performance] Application.UnityExtensions.Initialize                                                                               :        1 samples, Peak.  7.92 ms (1.0x), Avg.  7.92 ms, Total. 7.919 ms (0.0%)
[Performance] CodeEditorProjectSync.SyncEditorProject                                                                              :        1 samples, Peak.   139 ms (1.0x), Avg.   139 ms, Total. 138.7 ms (0.6%)
[Performance] Application.ExecuteStartups                                                                                          :        1 samples, Peak.  48.0 ms (1.0x), Avg.  48.0 ms, Total. 48.01 ms (0.2%)
[Performance] Menu.RegisterMenuInterface                                                                                           :       26 samples, Peak.   709 ns (4.6x), Avg.   154 ns, Total. 4.000 us (0.0%)
[Performance] Gizmo.RebuildRenderers                                                                                               :        1 samples, Peak.  46.2 ms (1.0x), Avg.  46.2 ms, Total. 46.17 ms (0.2%)
[Performance] Gizmo.AddGizmoRenderers                                                                                              :      127 samples, Peak.  1.51 ms (70.6x), Avg.  21.3 us, Total. 2.709 ms (0.0%)
[Performance] Application.editorInitializingProject                                                                                :        1 samples, Peak.  14.2 ms (1.0x), Avg.  14.2 ms, Total. 14.25 ms (0.1%)
[Performance] Application.InitializeMenu                                                                                           :        1 samples, Peak.   793 ms (1.0x), Avg.   793 ms, Total. 793.4 ms (3.7%)
[Performance] Menu.RebuildAll                                                                                                      :        1 samples, Peak.   793 ms (1.0x), Avg.   793 ms, Total. 793.4 ms (3.7%)
[Performance] Menu.BuildRegisteredMenuInterfaces                                                                                   :        1 samples, Peak.   787 ms (1.0x), Avg.   787 ms, Total. 787.3 ms (3.7%)
[Performance] Menu.FilterMenuItem                                                                                                  :      746 samples, Peak.  74.8 ms (743.9x), Avg.   101 us, Total. 75.04 ms (0.4%)
[Performance] UpdateAllMenus                                                                                                       :        1 samples, Peak.   501 us (1.0x), Avg.   501 us, Total. 500.9 us (0.0%)
[Performance] EditorSceneManager.sceneClosing: UnityEditor.SceneVisibilityManager.EditorSceneManagerOnSceneClosing                 :        2 samples, Peak.   202 us (2.0x), Avg.   102 us, Total. 204.9 us (0.0%)
[Performance] GUIView.RepaintAll.PlayerLoopController                                                                              :        1 samples, Peak.  1.54 us (1.0x), Avg.  1.54 us, Total. 1.542 us (0.0%)
[Performance] EditorSceneManager.newSceneCreated: UnityEditor.SceneTemplate.SceneTemplateService.OnNewSceneCreated                 :        1 samples, Peak.   212 us (1.0x), Avg.   212 us, Total. 212.3 us (0.0%)
[Performance] EditorSceneManager.newSceneCreated: UnityEditor.SceneVisibilityManager.EditorSceneManagerOnNewSceneCreated           :        1 samples, Peak.   136 us (1.0x), Avg.   136 us, Total. 135.6 us (0.0%)
[Performance] EditorSceneManager.newSceneCreated: UnityEditor.SceneManagement.StageNavigationManager.OnNewSceneCreated             :        1 samples, Peak.  49.4 us (1.0x), Avg.  49.4 us, Total. 49.42 us (0.0%)
[Performance] Application.InvokeFinishedLoadingProject                                                                             :        1 samples, Peak.  16.9 ms (1.0x), Avg.  16.9 ms, Total. 16.89 ms (0.1%)
[Performance] ProcessService.OnProjectLoaded                                                                                       :        1 samples, Peak.  61.5 us (1.0x), Avg.  61.5 us, Total. 61.50 us (0.0%)
[Performance] VersionControl.Task.Wait                                                                                             :        1 samples, Peak.  9.33 us (1.0x), Avg.  9.33 us, Total. 9.333 us (0.0%)
[Performance] AssetDatabase.Refresh                                                                                                :        1 samples, Peak.   240 ms (1.0x), Avg.   240 ms, Total. 239.7 ms (1.1%)
[Performance] PaletteAssetModificationProcessor.OnWillSaveAssets                                                                   :        4 samples, Peak.  1.18 ms (3.9x), Avg.   301 us, Total. 1.204 ms (0.0%)
[Performance] StateMacroSavedEvent.OnWillSaveAssets                                                                                :        4 samples, Peak.   156 us (3.5x), Avg.  44.5 us, Total. 178.0 us (0.0%)
[Performance] FlowMacroSavedEvent.OnWillSaveAssets                                                                                 :        4 samples, Peak.  84.5 us (3.6x), Avg.  23.5 us, Total. 94.08 us (0.0%)
[Performance] AssetModificationProcessor.OnWillSaveAssets                                                                          :        4 samples, Peak.   149 us (3.9x), Avg.  38.2 us, Total. 152.7 us (0.0%)
[Performance] UnityCloudProjectLinkMonitor.OnWillSaveAssets                                                                        :        4 samples, Peak.   206 us (3.9x), Avg.  52.4 us, Total. 209.5 us (0.0%)
[Performance] BuilderAssetModificationProcessor.OnWillSaveAssets                                                                   :        4 samples, Peak.   285 us (3.9x), Avg.  73.1 us, Total. 292.4 us (0.0%)
[Performance] TerrainModificationProcessor.OnWillSaveAssets                                                                        :        4 samples, Peak.   397 us (3.9x), Avg.   101 us, Total. 405.7 us (0.0%)
[Performance] AssetDatabase.ImportAssets                                                                                           :       11 samples, Peak.  78.5 ms (5.3x), Avg.  14.9 ms, Total. 164.2 ms (0.8%)
[Performance] ShaderImporter.SourceAssetModified                                                                                   :        3 samples, Peak.   375 ns (1.7x), Avg.   222 ns, Total. 667.0 ns (0.0%)
[Performance] ShaderIncludeImporter.SourceAssetModified                                                                            :        3 samples, Peak.   875 ns (1.2x), Avg.   722 ns, Total. 2.166 us (0.0%)
[Performance] PSDImporterAssetPostProcessor.OnPreprocessAsset                                                                      :        5 samples, Peak.   224 us (4.5x), Avg.  49.9 us, Total. 249.6 us (0.0%)
[Performance] PresetManagerPostProcessor.OnPreprocessAsset                                                                         :        5 samples, Peak.   206 us (4.3x), Avg.  48.2 us, Total. 240.8 us (0.0%)
[Performance] CancelSplashScreenOnAssetChange.OnPreprocessAsset                                                                    :        5 samples, Peak.  89.1 us (4.6x), Avg.  19.3 us, Total. 96.62 us (0.0%)
[Performance] ShaderGraphAssetPostProcessor.OnPreprocessAsset                                                                      :        5 samples, Peak.   115 us (4.7x), Avg.  24.5 us, Total. 122.3 us (0.0%)
[Performance] SpritePostProcess.OnPreprocessAsset                                                                                  :        5 samples, Peak.  1.15 ms (4.9x), Avg.   238 us, Total. 1.188 ms (0.0%)
[Performance] TMPro_TexturePostProcessor.OnPostprocessAllAssets                                                                    :        6 samples, Peak.   248 us (2.8x), Avg.  88.4 us, Total. 530.6 us (0.0%)
[Performance] AssetPostprocessor.OnPostprocessAllAssets                                                                            :        6 samples, Peak.   461 us (3.0x), Avg.   155 us, Total. 931.8 us (0.0%)
[Performance] BuilderAssetPostprocessor.OnPostprocessAllAssets                                                                     :        6 samples, Peak.  2.55 ms (2.9x), Avg.   876 us, Total. 5.255 ms (0.0%)
[Performance] ArtifactBrowserPostProcessor.OnPostprocessAllAssets                                                                  :        6 samples, Peak.   320 us (3.0x), Avg.   108 us, Total. 649.7 us (0.0%)
[Performance] AssetEvents.OnPostprocessAllAssets                                                                                   :       12 samples, Peak.   135 us (4.5x), Avg.  30.2 us, Total. 362.4 us (0.0%)
[Performance] AudioMixerPostprocessor.OnPostprocessAllAssets                                                                       :        6 samples, Peak.   211 us (2.9x), Avg.  71.7 us, Total. 430.2 us (0.0%)
[Performance] StyleCatalogPostProcessor.OnPostprocessAllAssets                                                                     :        6 samples, Peak.  19.9 ms (3.0x), Avg.  6.64 ms, Total. 39.84 ms (0.2%)
[Performance] BuildCatalog                                                                                                         :        1 samples, Peak.  19.2 ms (1.0x), Avg.  19.2 ms, Total. 19.19 ms (0.1%)
[Performance] ModelImporterPostProcessor.OnPostprocessAllAssets                                                                    :        6 samples, Peak.   709 us (2.9x), Avg.   247 us, Total. 1.484 ms (0.0%)
[Performance] MaterialPostprocessor.OnPostprocessAllAssets                                                                         :       12 samples, Peak.   534 us (3.2x), Avg.   168 us, Total. 2.013 ms (0.0%)
[Performance] RetainedModeAssetPostprocessor.OnPostprocessAllAssets                                                                :        6 samples, Peak.  1.45 ms (2.9x), Avg.   493 us, Total. 2.956 ms (0.0%)
[Performance] AssetChangedListener.OnPostprocessAllAssets                                                                          :        6 samples, Peak.   910 us (2.5x), Avg.   365 us, Total. 2.191 ms (0.0%)
[Performance] PostProcessor.OnPostprocessAllAssets                                                                                 :        6 samples, Peak.   160 us (2.6x), Avg.  61.9 us, Total. 371.4 us (0.0%)
[Performance] ShaderGraphAssetPostProcessor.OnPostprocessAllAssets                                                                 :        6 samples, Peak.  1.02 ms (2.6x), Avg.   394 us, Total. 2.365 ms (0.0%)
[Performance] SpeedTreePostProcessor.OnPostprocessAllAssets                                                                        :        6 samples, Peak.   106 us (2.7x), Avg.  39.9 us, Total. 239.4 us (0.0%)
[Performance] TextAssetPostProcessor.OnPostprocessAllAssets                                                                        :        6 samples, Peak.   256 us (2.9x), Avg.  89.2 us, Total. 535.0 us (0.0%)
[Performance] AssetProcessor.OnPostprocessAllAssets                                                                                :       18 samples, Peak.   463 us (5.3x), Avg.  87.3 us, Total. 1.571 ms (0.0%)
[Performance] SpriteLibraryAssetPostprocessor.OnPostprocessAllAssets                                                               :        6 samples, Peak.   149 us (2.9x), Avg.  52.1 us, Total. 312.4 us (0.0%)
[Performance] PSDImporterAssetPostProcessor.OnPostprocessAllAssets                                                                 :        6 samples, Peak.  63.2 us (2.8x), Avg.  22.5 us, Total. 135.2 us (0.0%)
[Performance] PSDImportPostProcessor.OnPostprocessAllAssets                                                                        :        6 samples, Peak.  77.0 us (2.9x), Avg.  26.8 us, Total. 160.6 us (0.0%)
[Performance] SpriteEditorTexturePostprocessor.OnPostprocessAllAssets                                                              :        6 samples, Peak.   167 us (2.2x), Avg.  74.3 us, Total. 445.7 us (0.0%)
[Performance] SpriteShapeAssetPostProcessor.OnPostprocessAllAssets                                                                 :        6 samples, Peak.   423 us (1.9x), Avg.   220 us, Total. 1.319 ms (0.0%)
[Performance] EditorSceneManager.sceneOpening: UnityEditor.SceneVisibilityManager.EditorSceneManagerOnSceneOpening                 :        1 samples, Peak.  94.3 us (1.0x), Avg.  94.3 us, Total. 94.33 us (0.0%)
[Performance] Inspector.InitOrRebuild                                                                                              :        1 samples, Peak.   348 us (1.0x), Avg.   348 us, Total. 347.5 us (0.0%)
[Performance] EditorSceneManager.sceneOpened: UnityEditor.SceneTemplate.SceneTemplateService.OnSceneOpened                         :        1 samples, Peak.   159 us (1.0x), Avg.   159 us, Total. 159.1 us (0.0%)
[Performance] EditorSceneManager.sceneOpened: UnityEditor.SceneVisibilityManager.EditorSceneManagerOnSceneOpened                   :        1 samples, Peak.  72.6 us (1.0x), Avg.  72.6 us, Total. 72.62 us (0.0%)
[Performance] EditorSceneManager.sceneOpened: UnityEditor.SceneManagement.StageNavigationManager.OnSceneOpened                     :        1 samples, Peak.  31.6 us (1.0x), Avg.  31.6 us, Total. 31.58 us (0.0%)
[Performance] Application.Message                                                                                                  :       14 samples, Peak.  3.67 us (3.8x), Avg.   958 ns, Total. 13.42 us (0.0%)
[Performance] Application.Idle                                                                                                     :       14 samples, Peak.  34.0 ms (1.2x), Avg.  28.5 ms, Total. 399.2 ms (1.9%)
[Performance] GenerateAssemblyTypeInfos                                                                                            :        2 samples, Peak.  33.2 ms (1.3x), Avg.  25.7 ms, Total. 51.30 ms (0.2%)
[Performance] EditorApplication.quitting: Unity.Burst.Editor.BurstLoader.OnEditorApplicationQuitting                               :        1 samples, Peak.  28.3 us (1.0x), Avg.  28.3 us, Total. 28.33 us (0.0%)
[Performance] EditorApplication.quitting: MCPForUnity.Editor.Services.McpEditorShutdownCleanup.OnEditorQuitting                    :        1 samples, Peak.   327 us (1.0x), Avg.   327 us, Total. 327.3 us (0.0%)
[Performance] EditorApplication.quitting: MCPForUnity.Editor.Services.StdioBridgeReloadHandler.CancelRetries                       :        1 samples, Peak.  54.2 us (1.0x), Avg.  54.2 us, Total. 54.25 us (0.0%)
[Performance] EditorApplication.quitting: UnityEditor.Tilemaps.SceneViewGridManager.EditorQuitting                                 :        1 samples, Peak.   101 us (1.0x), Avg.   101 us, Total. 100.6 us (0.0%)
[Performance] EditorApplication.quitting: callback in UnityEditor.TextCore.Text.EditorEventCallbacks                               :        1 samples, Peak.  29.5 ms (1.0x), Avg.  29.5 ms, Total. 29.46 ms (0.1%)
[Performance] Killing ADB server                                                                                                   :        1 samples, Peak.  43.0 ms (1.0x), Avg.  43.0 ms, Total. 43.01 ms (0.2%)
[Performance] Application.Shutdown.PauseProfilerSession                                                                            :        1 samples, Peak.  50.0 us (1.0x), Avg.  50.0 us, Total. 50.00 us (0.0%)
[Performance] Application.Shutdown.PauseAssetImportWorkers                                                                         :        1 samples, Peak.   564 us (1.0x), Avg.   564 us, Total. 563.9 us (0.0%)
[Performance] Application.Shutdown.SaveAssets                                                                                      :        1 samples, Peak.  8.53 ms (1.0x), Avg.  8.53 ms, Total. 8.530 ms (0.0%)
[Performance] Application.Shutdown.CleanupRenderPipeline                                                                           :        1 samples, Peak.  6.00 us (1.0x), Avg.  6.00 us, Total. 6.000 us (0.0%)
[Performance] Application.Shutdown.StopPreloadManager                                                                              :        1 samples, Peak.  12.1 ms (1.0x), Avg.  12.1 ms, Total. 12.07 ms (0.1%)
[Performance] Application.Shutdown.DestroyWorld                                                                                    :        1 samples, Peak.  1.18 ms (1.0x), Avg.  1.18 ms, Total. 1.182 ms (0.0%)
[Performance] Application.Shutdown.CleanupAfterLoad                                                                                :        1 samples, Peak.  7.67 ms (1.0x), Avg.  7.67 ms, Total. 7.668 ms (0.0%)
[Performance] Application.Shutdown.Progress                                                                                        :        1 samples, Peak.  20.4 us (1.0x), Avg.  20.4 us, Total. 20.38 us (0.0%)
[Performance] Application.Shutdown.GICleanupManagers                                                                               :        1 samples, Peak.   783 us (1.0x), Avg.   783 us, Total. 782.8 us (0.0%)
[Performance] Application.Shutdown.MenuCleanupClass                                                                                :        1 samples, Peak.   214 us (1.0x), Avg.   214 us, Total. 214.2 us (0.0%)
[Performance] Application.Shutdown.ADBSaveStateBeforeShutdown                                                                      :        1 samples, Peak.  16.8 us (1.0x), Avg.  16.8 us, Total. 16.79 us (0.0%)
[Performance] Application.Shutdown.RemoteShutdown                                                                                  :        1 samples, Peak.  1.13 us (1.0x), Avg.  1.13 us, Total. 1.125 us (0.0%)
[Performance] Application.Shutdown.CleanupVCProvider                                                                               :        1 samples, Peak.  10.3 us (1.0x), Avg.  10.3 us, Total. 10.29 us (0.0%)
[Performance] Application.Shutdown.InputShutdown                                                                                   :        1 samples, Peak.   198 us (1.0x), Avg.   198 us, Total. 198.0 us (0.0%)
[Performance] Application.Shutdown.GizmoManagerDestroy                                                                             :        1 samples, Peak.   690 us (1.0x), Avg.   690 us, Total. 689.7 us (0.0%)
[Performance] Application.Shutdown.ProfilerSession                                                                                 :        1 samples, Peak.   192 us (1.0x), Avg.   192 us, Total. 191.5 us (0.0%)
[Performance] Application.Shutdown.ReleaseGfxWindowOnAllGUIViews                                                                   :        1 samples, Peak.  1.83 us (1.0x), Avg.  1.83 us, Total. 1.833 us (0.0%)
[Performance] Application.Shutdown.CleanupEngine                                                                                   :        1 samples, Peak.   124 ms (1.0x), Avg.   124 ms, Total. 123.7 ms (0.6%)
[Performance] Application.Shutdown.CleanupAssetDatabase                                                                            :        1 samples, Peak.  9.63 ms (1.0x), Avg.  9.63 ms, Total. 9.631 ms (0.0%)
[Performance] Application.Shutdown.ScriptCompilationCleanUp                                                                        :        1 samples, Peak.  18.0 us (1.0x), Avg.  18.0 us, Total. 18.04 us (0.0%)
[Performance] Application.Shutdown.DestroyJobSystem                                                                                :        1 samples, Peak.   376 us (1.0x), Avg.   376 us, Total. 375.7 us (0.0%)
[Performance] Application.Shutdown.CleanupPersistentManager                                                                        :        1 samples, Peak.  2.50 ms (1.0x), Avg.  2.50 ms, Total. 2.499 ms (0.0%)
[Performance] Application.Shutdown.CleanupAsyncReadManager                                                                         :        1 samples, Peak.  99.2 us (1.0x), Avg.  99.2 us, Total. 99.21 us (0.0%)
[Performance] Application.Shutdown.CleanupMono                                                                                     :        1 samples, Peak.  84.5 ms (1.0x), Avg.  84.5 ms, Total. 84.49 ms (0.4%)
[Performance] Application.Shutdown.CleanupStdConverters                                                                            :        1 samples, Peak.  11.9 us (1.0x), Avg.  11.9 us, Total. 11.92 us (0.0%)
[Performance] Application.Shutdown.UnloadAllPlatformSupportModuleNativeDlls                                                        :        1 samples, Peak.   542 ns (1.0x), Avg.   542 ns, Total. 542.0 ns (0.0%)
[Performance] Application.Shutdown.UnloadAllPlatformSupportNativeLibraries                                                         :        1 samples, Peak.  86.9 us (1.0x), Avg.  86.9 us, Total. 86.92 us (0.0%)
[Performance] Application.Shutdown.CleanupAutoDocumentation                                                                        :        1 samples, Peak.   140 us (1.0x), Avg.   140 us, Total. 140.0 us (0.0%)
[Performance] Application.Shutdown.ShaderNameManagerDestroy                                                                        :        1 samples, Peak.  30.8 us (1.0x), Avg.  30.8 us, Total. 30.83 us (0.0%)
[Performance] Application.Shutdown.CleanupCacheServer                                                                              :        1 samples, Peak.   333 ns (1.0x), Avg.   333 ns, Total. 333.0 ns (0.0%)
[Performance] Application.Shutdown.Virtualization_Shutdown                                                                         :        1 samples, Peak.   375 ns (1.0x), Avg.   375 ns, Total. 375.0 ns (0.0%)
[Performance] Application.Shutdown.DevConnections                                                                                  :        1 samples, Peak.  72.7 us (1.0x), Avg.  72.7 us, Total. 72.67 us (0.0%)
Exiting batchmode successfully now!
[Package Manager] Server::Kill -- Server was shutdown
