Unity Editor version:    2022.3.62f2 (7670c08855a9)
Branch:                  2022.3/respin/2022.3.62f2-4af31df585-v2
Build type:              Release
Batch mode:              YES
macOS version:           Version 26.5.2 (Build 25F84)
Darwin version:          25.5.0
Architecture:            arm64
Running under Rosetta:   NO
Available memory:        16384 MB
[Licensing::Module] Trying to connect to existing licensing client channel...
[Licensing::IpcConnector] Successfully connected to: "LicenseClient-ah" at "2026-08-28T13:50:19.99368Z"
[Licensing::Client] Code 10 while verifying Licensing Client signature (process Id: 1178, path: "/Applications/Unity Hub.app/Contents/Frameworks/UnityLicensingClient_V1.app/Contents/MacOS/Unity.Licensing.Client")
[Licensing::Module] LicensingClient has failed validation; ignoring
[Licensing::Client] Handshaking with LicensingClient:
  Version:                 1.17.4+4293ba1
  Session Id:              b19856453bad44fd9155ed4821c26b3d
  Correlation Id:          23bec5edb52c04c3c14770915b66c008
  External correlation Id: 2625814095051751752
  Machine Id:              QTbwZpmVHn8IER/kXaS7sHTplvE=
[Licensing::Module] Successfully connected to LicensingClient on channel: "LicenseClient-ah" (connect: 0.00s, validation: 0.01s, handshake: 0.32s)
[Licensing::IpcConnector] Successfully connected to: "LicenseClient-ah-notifications" at "2026-08-28T13:50:20.329834Z"
[Licensing::Module] Error: Access token is unavailable; failed to update
[Licensing::Client] Successfully updated license
[Licensing::Client] Successfully resolved entitlement details
[Licensing::Module] Serial number assigned to: "1375968193622-UnityPersXXXX"
Pro License: NO
[Licensing::Client] Successfully resolved entitlement details
Launching external process: /Applications/Unity/Hub/Editor/2022.3.62f2/Unity.app/Contents/Resources/PackageManager/Server/UnityPackageManager

COMMAND LINE ARGUMENTS:
/Applications/Unity/Hub/Editor/2022.3.62f2/Unity.app/Contents/MacOS/Unity
-projectPath
/Users/ah/GitHub/hybridclr/hybridclr_demo_shadow
-batchmode
-quit
-logFile
/Users/ah/GitHub/hybridclr/hybridclr_demo_shadow/_temp/UnityExec_20260828_065019.log
-executeMethod
AssemblyShadowBaseline.Editor.BaselineBuild.InstallRepeatability
Successfully changed project path to: /Users/ah/GitHub/hybridclr/hybridclr_demo_shadow
/Users/ah/GitHub/hybridclr/hybridclr_demo_shadow
[UnityMemory] Configuration Parameters - Can be set up in boot.config
    "memorysetup-bucket-allocator-granularity=16"
    "memorysetup-bucket-allocator-bucket-count=8"
    "memorysetup-bucket-allocator-block-size=33554432"
    "memorysetup-bucket-allocator-block-count=8"
    "memorysetup-main-allocator-block-size=16777216"
    "memorysetup-thread-allocator-block-size=16777216"
    "memorysetup-gfx-main-allocator-block-size=16777216"
    "memorysetup-gfx-thread-allocator-block-size=16777216"
    "memorysetup-cache-allocator-block-size=4194304"
    "memorysetup-typetree-allocator-block-size=2097152"
    "memorysetup-profiler-bucket-allocator-granularity=16"
    "memorysetup-profiler-bucket-allocator-bucket-count=8"
    "memorysetup-profiler-bucket-allocator-block-size=33554432"
    "memorysetup-profiler-bucket-allocator-block-count=8"
    "memorysetup-profiler-allocator-block-size=16777216"
    "memorysetup-profiler-editor-allocator-block-size=1048576"
    "memorysetup-temp-allocator-size-main=16777216"
    "memorysetup-job-temp-allocator-block-size=2097152"
    "memorysetup-job-temp-allocator-block-size-background=1048576"
    "memorysetup-job-temp-allocator-reduction-small-platforms=262144"
    "memorysetup-allocator-temp-initial-block-size-main=262144"
    "memorysetup-allocator-temp-initial-block-size-worker=262144"
    "memorysetup-temp-allocator-size-background-worker=32768"
    "memorysetup-temp-allocator-size-job-worker=262144"
    "memorysetup-temp-allocator-size-preload-manager=33554432"
    "memorysetup-temp-allocator-size-nav-mesh-worker=65536"
    "memorysetup-temp-allocator-size-audio-worker=65536"
    "memorysetup-temp-allocator-size-cloud-worker=32768"
    "memorysetup-temp-allocator-size-gi-baking-worker=262144"
    "memorysetup-temp-allocator-size-gfx=262144"
Player connection [8416632192]  Target information:

Player connection [8416632192]  * "[IP] 192.168.1.54 [Port] 55505 [Flags] 2 [Guid] 1433824450 [EditorId] 1433824450 [Version] 1048832 [Id] OSXEditor(0,Mac) [Debug] 1 [PackageName] OSXEditor [ProjectName] Editor" 

Player connection [8416632192] Host joined multi-casting on [225.0.0.222:54997]...
Player connection [8416632192] Host joined alternative multi-casting on [225.0.0.222:34997]...
Input System module state changed to: Initialized.
[PhysX] Initialized MultithreadedTaskDispatcher with 10 workers.
[Package Manager] UpmClient::Connect -- Connected to IPC stream "Upm-11673" after 0.6 seconds.
[Package Manager] Restoring resolved packages state from cache
[Licensing::Client] Successfully resolved entitlement details
[Package Manager] Registered 62 packages:
  Packages from [https://packages.unity.com]:
    com.unity.collab-proxy@2.7.1 (location: /Users/ah/GitHub/hybridclr/hybridclr_demo_shadow/Library/PackageCache/com.unity.collab-proxy@2.7.1)
    com.unity.ide.rider@3.0.36 (location: /Users/ah/GitHub/hybridclr/hybridclr_demo_shadow/Library/PackageCache/com.unity.ide.rider@3.0.36)
    com.unity.ide.visualstudio@2.0.22 (location: /Users/ah/GitHub/hybridclr/hybridclr_demo_shadow/Library/PackageCache/com.unity.ide.visualstudio@2.0.22)
    com.unity.test-framework@1.1.33 (location: /Users/ah/GitHub/hybridclr/hybridclr_demo_shadow/Library/PackageCache/com.unity.test-framework@1.1.33)
    com.unity.textmeshpro@3.0.7 (location: /Users/ah/GitHub/hybridclr/hybridclr_demo_shadow/Library/PackageCache/com.unity.textmeshpro@3.0.7)
    com.unity.timeline@1.7.7 (location: /Users/ah/GitHub/hybridclr/hybridclr_demo_shadow/Library/PackageCache/com.unity.timeline@1.7.7)
    com.unity.visualscripting@1.9.4 (location: /Users/ah/GitHub/hybridclr/hybridclr_demo_shadow/Library/PackageCache/com.unity.visualscripting@1.9.4)
    com.unity.ext.nunit@1.0.6 (location: /Users/ah/GitHub/hybridclr/hybridclr_demo_shadow/Library/PackageCache/com.unity.ext.nunit@1.0.6)
    com.unity.mathematics@1.2.6 (location: /Users/ah/GitHub/hybridclr/hybridclr_demo_shadow/Library/PackageCache/com.unity.mathematics@1.2.6)
    com.unity.burst@1.8.21 (location: /Users/ah/GitHub/hybridclr/hybridclr_demo_shadow/Library/PackageCache/com.unity.burst@1.8.21)
    com.unity.2d.animation@9.2.0 (location: /Users/ah/GitHub/hybridclr/hybridclr_demo_shadow/Library/PackageCache/com.unity.2d.animation@9.2.0)
    com.unity.2d.pixel-perfect@5.1.0 (location: /Users/ah/GitHub/hybridclr/hybridclr_demo_shadow/Library/PackageCache/com.unity.2d.pixel-perfect@5.1.0)
    com.unity.2d.psdimporter@8.1.0 (location: /Users/ah/GitHub/hybridclr/hybridclr_demo_shadow/Library/PackageCache/com.unity.2d.psdimporter@8.1.0)
    com.unity.2d.spriteshape@9.1.0 (location: /Users/ah/GitHub/hybridclr/hybridclr_demo_shadow/Library/PackageCache/com.unity.2d.spriteshape@9.1.0)
    com.unity.2d.tilemap.extras@3.1.3 (location: /Users/ah/GitHub/hybridclr/hybridclr_demo_shadow/Library/PackageCache/com.unity.2d.tilemap.extras@3.1.3)
    com.unity.2d.aseprite@1.1.9 (location: /Users/ah/GitHub/hybridclr/hybridclr_demo_shadow/Library/PackageCache/com.unity.2d.aseprite@1.1.9)
    com.unity.nuget.newtonsoft-json@3.2.1 (location: /Users/ah/GitHub/hybridclr/hybridclr_demo_shadow/Library/PackageCache/com.unity.nuget.newtonsoft-json@3.2.1)
    com.unity.searcher@4.9.2 (location: /Users/ah/GitHub/hybridclr/hybridclr_demo_shadow/Library/PackageCache/com.unity.searcher@4.9.2)
    com.unity.2d.common@8.1.0 (location: /Users/ah/GitHub/hybridclr/hybridclr_demo_shadow/Library/PackageCache/com.unity.2d.common@8.1.0)
    com.unity.collections@1.2.4 (location: /Users/ah/GitHub/hybridclr/hybridclr_demo_shadow/Library/PackageCache/com.unity.collections@1.2.4)
  Built-in packages:
    com.unity.feature.2d@2.0.1 (location: /Users/ah/GitHub/hybridclr/hybridclr_demo_shadow/Library/PackageCache/com.unity.feature.2d@2.0.1)
    com.unity.render-pipelines.universal@14.0.12 (location: /Users/ah/GitHub/hybridclr/hybridclr_demo_shadow/Library/PackageCache/com.unity.render-pipelines.universal@14.0.12)
    com.unity.ugui@1.0.0 (location: /Users/ah/GitHub/hybridclr/hybridclr_demo_shadow/Library/PackageCache/com.unity.ugui@1.0.0)
    com.unity.modules.ai@1.0.0 (location: /Users/ah/GitHub/hybridclr/hybridclr_demo_shadow/Library/PackageCache/com.unity.modules.ai@1.0.0)
    com.unity.modules.androidjni@1.0.0 (location: /Users/ah/GitHub/hybridclr/hybridclr_demo_shadow/Library/PackageCache/com.unity.modules.androidjni@1.0.0)
    com.unity.modules.animation@1.0.0 (location: /Users/ah/GitHub/hybridclr/hybridclr_demo_shadow/Library/PackageCache/com.unity.modules.animation@1.0.0)
    com.unity.modules.assetbundle@1.0.0 (location: /Users/ah/GitHub/hybridclr/hybridclr_demo_shadow/Library/PackageCache/com.unity.modules.assetbundle@1.0.0)
    com.unity.modules.audio@1.0.0 (location: /Users/ah/GitHub/hybridclr/hybridclr_demo_shadow/Library/PackageCache/com.unity.modules.audio@1.0.0)
    com.unity.modules.cloth@1.0.0 (location: /Users/ah/GitHub/hybridclr/hybridclr_demo_shadow/Library/PackageCache/com.unity.modules.cloth@1.0.0)
    com.unity.modules.director@1.0.0 (location: /Users/ah/GitHub/hybridclr/hybridclr_demo_shadow/Library/PackageCache/com.unity.modules.director@1.0.0)
    com.unity.modules.imageconversion@1.0.0 (location: /Users/ah/GitHub/hybridclr/hybridclr_demo_shadow/Library/PackageCache/com.unity.modules.imageconversion@1.0.0)
    com.unity.modules.imgui@1.0.0 (location: /Users/ah/GitHub/hybridclr/hybridclr_demo_shadow/Library/PackageCache/com.unity.modules.imgui@1.0.0)
    com.unity.modules.jsonserialize@1.0.0 (location: /Users/ah/GitHub/hybridclr/hybridclr_demo_shadow/Library/PackageCache/com.unity.modules.jsonserialize@1.0.0)
    com.unity.modules.particlesystem@1.0.0 (location: /Users/ah/GitHub/hybridclr/hybridclr_demo_shadow/Library/PackageCache/com.unity.modules.particlesystem@1.0.0)
    com.unity.modules.physics@1.0.0 (location: /Users/ah/GitHub/hybridclr/hybridclr_demo_shadow/Library/PackageCache/com.unity.modules.physics@1.0.0)
    com.unity.modules.physics2d@1.0.0 (location: /Users/ah/GitHub/hybridclr/hybridclr_demo_shadow/Library/PackageCache/com.unity.modules.physics2d@1.0.0)
    com.unity.modules.screencapture@1.0.0 (location: /Users/ah/GitHub/hybridclr/hybridclr_demo_shadow/Library/PackageCache/com.unity.modules.screencapture@1.0.0)
    com.unity.modules.terrain@1.0.0 (location: /Users/ah/GitHub/hybridclr/hybridclr_demo_shadow/Library/PackageCache/com.unity.modules.terrain@1.0.0)
    com.unity.modules.terrainphysics@1.0.0 (location: /Users/ah/GitHub/hybridclr/hybridclr_demo_shadow/Library/PackageCache/com.unity.modules.terrainphysics@1.0.0)
    com.unity.modules.tilemap@1.0.0 (location: /Users/ah/GitHub/hybridclr/hybridclr_demo_shadow/Library/PackageCache/com.unity.modules.tilemap@1.0.0)
    com.unity.modules.ui@1.0.0 (location: /Users/ah/GitHub/hybridclr/hybridclr_demo_shadow/Library/PackageCache/com.unity.modules.ui@1.0.0)
    com.unity.modules.uielements@1.0.0 (location: /Users/ah/GitHub/hybridclr/hybridclr_demo_shadow/Library/PackageCache/com.unity.modules.uielements@1.0.0)
    com.unity.modules.umbra@1.0.0 (location: /Users/ah/GitHub/hybridclr/hybridclr_demo_shadow/Library/PackageCache/com.unity.modules.umbra@1.0.0)
    com.unity.modules.unityanalytics@1.0.0 (location: /Users/ah/GitHub/hybridclr/hybridclr_demo_shadow/Library/PackageCache/com.unity.modules.unityanalytics@1.0.0)
    com.unity.modules.unitywebrequest@1.0.0 (location: /Users/ah/GitHub/hybridclr/hybridclr_demo_shadow/Library/PackageCache/com.unity.modules.unitywebrequest@1.0.0)
    com.unity.modules.unitywebrequestassetbundle@1.0.0 (location: /Users/ah/GitHub/hybridclr/hybridclr_demo_shadow/Library/PackageCache/com.unity.modules.unitywebrequestassetbundle@1.0.0)
    com.unity.modules.unitywebrequestaudio@1.0.0 (location: /Users/ah/GitHub/hybridclr/hybridclr_demo_shadow/Library/PackageCache/com.unity.modules.unitywebrequestaudio@1.0.0)
    com.unity.modules.unitywebrequesttexture@1.0.0 (location: /Users/ah/GitHub/hybridclr/hybridclr_demo_shadow/Library/PackageCache/com.unity.modules.unitywebrequesttexture@1.0.0)
    com.unity.modules.unitywebrequestwww@1.0.0 (location: /Users/ah/GitHub/hybridclr/hybridclr_demo_shadow/Library/PackageCache/com.unity.modules.unitywebrequestwww@1.0.0)
    com.unity.modules.vehicles@1.0.0 (location: /Users/ah/GitHub/hybridclr/hybridclr_demo_shadow/Library/PackageCache/com.unity.modules.vehicles@1.0.0)
    com.unity.modules.video@1.0.0 (location: /Users/ah/GitHub/hybridclr/hybridclr_demo_shadow/Library/PackageCache/com.unity.modules.video@1.0.0)
    com.unity.modules.vr@1.0.0 (location: /Users/ah/GitHub/hybridclr/hybridclr_demo_shadow/Library/PackageCache/com.unity.modules.vr@1.0.0)
    com.unity.modules.wind@1.0.0 (location: /Users/ah/GitHub/hybridclr/hybridclr_demo_shadow/Library/PackageCache/com.unity.modules.wind@1.0.0)
    com.unity.modules.xr@1.0.0 (location: /Users/ah/GitHub/hybridclr/hybridclr_demo_shadow/Library/PackageCache/com.unity.modules.xr@1.0.0)
    com.unity.modules.subsystems@1.0.0 (location: /Users/ah/GitHub/hybridclr/hybridclr_demo_shadow/Library/PackageCache/com.unity.modules.subsystems@1.0.0)
    com.unity.render-pipelines.core@14.0.12 (location: /Users/ah/GitHub/hybridclr/hybridclr_demo_shadow/Library/PackageCache/com.unity.render-pipelines.core@14.0.12)
    com.unity.shadergraph@14.0.12 (location: /Users/ah/GitHub/hybridclr/hybridclr_demo_shadow/Library/PackageCache/com.unity.shadergraph@14.0.12)
    com.unity.render-pipelines.universal-config@14.0.10 (location: /Users/ah/GitHub/hybridclr/hybridclr_demo_shadow/Library/PackageCache/com.unity.render-pipelines.universal-config@14.0.10)
    com.unity.2d.sprite@1.0.0 (location: /Users/ah/GitHub/hybridclr/hybridclr_demo_shadow/Library/PackageCache/com.unity.2d.sprite@1.0.0)
    com.unity.2d.tilemap@1.0.0 (location: /Users/ah/GitHub/hybridclr/hybridclr_demo_shadow/Library/PackageCache/com.unity.2d.tilemap@1.0.0)
  Embedded packages:
    com.coplaydev.unity-mcp@file:/Users/ah/GitHub/hybridclr/hybridclr_demo_shadow/Packages/com.coplaydev.unity-mcp (location: /Users/ah/GitHub/hybridclr/hybridclr_demo_shadow/Packages/com.coplaydev.unity-mcp)
  Local packages:
    com.code-philosophy.hybridclr@file:/Users/ah/GitHub/hybridclr/hybridclr_unity (location: /Users/ah/GitHub/hybridclr/hybridclr_unity)
[Subsystems] No new subsystems found in resolved package list.
Package Manager log level set to [2]
[Package Manager] Done registering packages in 0.14 seconds
Refreshing native plugins compatible for Editor in 50.42 ms, found 7 plugins.
Preloading 0 native plugins for Editor in 0.00 ms.
Initialize engine version: 2022.3.62f2 (7670c08855a9)
[Subsystems] Discovering subsystems at path /Applications/Unity/Hub/Editor/2022.3.62f2/Unity.app/Contents/Resources/UnitySubsystems
[Subsystems] Discovering subsystems at path /Users/ah/GitHub/hybridclr/hybridclr_demo_shadow/Assets
GfxDevice: creating device client; threaded=0; jobified=0
 preferred device: Apple M4 (high power)
Metal devices available: 1
0: Apple M4 (high power)
Using device Apple M4 (high power)
Initializing Metal device caps: Apple M4
[Licensing::Client] Successfully resolved entitlement details
Initialize mono
Mono path[0] = '/Applications/Unity/Hub/Editor/2022.3.62f2/Unity.app/Contents/Managed'
Mono path[1] = '/Applications/Unity/Hub/Editor/2022.3.62f2/Unity.app/Contents/MonoBleedingEdge/lib/mono/unityjit-macos'
Mono config path = '/Applications/Unity/Hub/Editor/2022.3.62f2/Unity.app/Contents/MonoBleedingEdge/etc'
Using monoOptions --debugger-agent=transport=dt_socket,embedding=1,server=y,suspend=n,address=127.0.0.1:56673
Using cacheserver namespaces - metadata:defaultmetadata, artifacts:defaultartifacts
Using cacheserver namespaces - metadata:defaultmetadata, artifacts:defaultartifacts
ImportWorker Server TCP listen port: 0
Begin MonoManager ReloadAssembly
Registering precompiled unity dll's ...
Register platform support module: /Applications/Unity/Hub/Editor/2022.3.62f2/Unity.app/Contents/PlaybackEngines/MacStandaloneSupport/UnityEditor.OSXStandalone.Extensions.dll
[Licensing::Client] Successfully resolved entitlement details
Register platform support module: /Applications/Unity/Hub/Editor/2022.3.62f2/PlaybackEngines/AndroidPlayer/UnityEditor.Android.Extensions.dll
[Licensing::Client] Successfully resolved entitlement details
Register platform support module: /Applications/Unity/Hub/Editor/2022.3.62f2/PlaybackEngines/iOSSupport/UnityEditor.iOS.Extensions.dll
Registered in 0.027124 seconds.
- Loaded All Assemblies, in  0.305 seconds
[usbmuxd] Start listen thread
[usbmuxd] Listen thread started
[usbmuxd] Send listen message
Native extension for iOS target not found
Native extension for Android target not found
Android Extension - Scanning For ADB Devices 190 ms
Native extension for OSXStandalone target not found
Mono: successfully reloaded assembly
- Finished resetting the current domain, in  0.453 seconds
Domain Reload Profiling: 758ms
	BeginReloadAssembly (86ms)
		ExecutionOrderSort (0ms)
		DisableScriptedObjects (0ms)
		BackupInstance (0ms)
		ReleaseScriptingObjects (0ms)
		CreateAndSetChildDomain (1ms)
	RebuildCommonClasses (28ms)
	RebuildNativeTypeToScriptingClass (9ms)
	initialDomainReloadingComplete (64ms)
	LoadAllAssembliesAndSetupDomain (117ms)
		LoadAssemblies (87ms)
		RebuildTransferFunctionScriptingTraits (0ms)
		AnalyzeDomain (115ms)
			TypeCache.Refresh (114ms)
				TypeCache.ScanAssembly (104ms)
			ScanForSourceGeneratedMonoScriptInfo (0ms)
			ResolveRequiredComponents (0ms)
	FinalizeReload (453ms)
		ReleaseScriptCaches (0ms)
		RebuildScriptCaches (0ms)
		SetupLoadedEditorAssemblies (417ms)
			LogAssemblyErrors (0ms)
			InitializePlatformSupportModulesInManaged (308ms)
			SetLoadedEditorAssemblies (4ms)
			RefreshPlugins (0ms)
			BeforeProcessingInitializeOnLoad (1ms)
			ProcessInitializeOnLoadAttributes (75ms)
			ProcessInitializeOnLoadMethodAttributes (29ms)
			AfterProcessingInitializeOnLoad (0ms)
			EditorAssembliesLoaded (0ms)
		ExecutionOrderSort2 (0ms)
		AwakeInstancesAfterBackupRestoration (0ms)
[Licensing::Client] Successfully resolved entitlement details
Application.AssetDatabase Initial Refresh Start
[40m[32minfo[39m[22m[49m: Microsoft.Hosting.Lifetime[14]
      Now listening on: http://unix:/tmp/ilpp.sock-6bfb419590cbbc64989d39d95a4e287a
[40m[32minfo[39m[22m[49m: Microsoft.Hosting.Lifetime[0]
      Application started. Press Ctrl+C to shut down.
[40m[32minfo[39m[22m[49m: Microsoft.Hosting.Lifetime[0]
      Hosting environment: Production
[40m[32minfo[39m[22m[49m: Microsoft.Hosting.Lifetime[0]
      Content root path: /Users/ah/GitHub/hybridclr/hybridclr_demo_shadow/
[40m[32minfo[39m[22m[49m: Microsoft.AspNetCore.Hosting.Diagnostics[1]
      Request starting HTTP/2 POST http://ilpp/UnityILPP.PostProcessing/Ping application/grpc -
[40m[32minfo[39m[22m[49m: Microsoft.AspNetCore.Routing.EndpointMiddleware[0]
      Executing endpoint 'gRPC - /UnityILPP.PostProcessing/Ping'
[40m[32minfo[39m[22m[49m: Microsoft.AspNetCore.Routing.EndpointMiddleware[1]
      Executed endpoint 'gRPC - /UnityILPP.PostProcessing/Ping'
[40m[32minfo[39m[22m[49m: Microsoft.AspNetCore.Hosting.Diagnostics[2]
      Request finished HTTP/2 POST http://ilpp/UnityILPP.PostProcessing/Ping application/grpc - - 200 - application/grpc 41.4888ms
Starting: /Applications/Unity/Hub/Editor/2022.3.62f2/Unity.app/Contents/bee_backend --ipc --defer-dag-verification --dagfile="Library/Bee/200b0aE.dag" --continue-on-failure --profile="Library/Bee/backend1.traceevents" ScriptAssemblies
WorkingDir: /Users/ah/GitHub/hybridclr/hybridclr_demo_shadow
DisplayProgressbar: Compiling Scripts
[40m[32minfo[39m[22m[49m: Microsoft.AspNetCore.Hosting.Diagnostics[1]
      Request starting HTTP/2 POST http://ilpp/UnityILPP.PostProcessing/ConfigurePostProcessors application/grpc -
[40m[32minfo[39m[22m[49m: Microsoft.AspNetCore.Routing.EndpointMiddleware[0]
      Executing endpoint 'gRPC - /UnityILPP.PostProcessing/ConfigurePostProcessors'
[40m[1m[33mwarn[39m[22m[49m: Unity.ILPP.Runner.PostProcessingAssemblyLoadContext[0]
      Assembly unityeditor.ios.extensions.xcode has duplicate hint path. Ignoring "/Applications/Unity/Hub/Editor/2022.3.62f2/Unity.app/Contents/PlaybackEngines/MacStandaloneSupport/UnityEditor.iOS.Extensions.Xcode.dll" in favor of "/Applications/Unity/Hub/Editor/2022.3.62f2/PlaybackEngines/iOSSupport/UnityEditor.iOS.Extensions.Xcode.dll"
[40m[1m[33mwarn[39m[22m[49m: Unity.ILPP.Runner.PostProcessingAssemblyLoadContext[0]
      Assembly system.componentmodel.composition has duplicate hint path. Ignoring "/Applications/Unity/Hub/Editor/2022.3.62f2/Unity.app/Contents/NetStandard/compat/2.1.0/shims/netfx/System.ComponentModel.Composition.dll" in favor of "/Applications/Unity/Hub/Editor/2022.3.62f2/Unity.app/Contents/UnityReferenceAssemblies/unity-4.8-api/System.ComponentModel.Composition.dll"
[40m[1m[33mwarn[39m[22m[49m: Unity.ILPP.Runner.PostProcessingAssemblyLoadContext[0]
      Assembly system.runtime.interopservices.windowsruntime has duplicate hint path. Ignoring "/Applications/Unity/Hub/Editor/2022.3.62f2/Unity.app/Contents/NetStandard/Extensions/2.0.0/System.Runtime.InteropServices.WindowsRuntime.dll" in favor of "/Applications/Unity/Hub/Editor/2022.3.62f2/Unity.app/Contents/UnityReferenceAssemblies/unity-4.8-api/Facades/System.Runtime.InteropServices.WindowsRuntime.dll"
[40m[32minfo[39m[22m[49m: Unity.ILPP.Runner.PostProcessingAssemblyLoadContext[0]
      Resolved Unity.Burst.Cecil, Version=0.11.4.0, Culture=neutral, PublicKeyToken=50cebf1cceb9d05e with Library/PackageCache/com.unity.burst@1.8.21/Unity.Burst.CodeGen/Unity.Burst.Cecil.dll
[40m[32minfo[39m[22m[49m: Microsoft.AspNetCore.Routing.EndpointMiddleware[1]
      Executed endpoint 'gRPC - /UnityILPP.PostProcessing/ConfigurePostProcessors'
[40m[32minfo[39m[22m[49m: Microsoft.AspNetCore.Hosting.Diagnostics[2]
      Request finished HTTP/2 POST http://ilpp/UnityILPP.PostProcessing/ConfigurePostProcessors application/grpc - - 200 - application/grpc 24.6275ms
ExitCode: 0 Duration: 0s379ms
[676/908    0s] ILPP-Configuration Library/ilpp-configuration.nevergeneratedoutput
*** Tundra build success (0.37 seconds), 1 items updated, 908 evaluated
AssetDatabase: script compilation time: 0.940098s
Begin MonoManager ReloadAssembly
Total cache size 267899536
Total cache size after purge 267899536
Symbol file LoadedFromMemory is not a mono symbol file
- Loaded All Assemblies, in  0.585 seconds
Refreshing native plugins compatible for Editor in 2.21 ms, found 7 plugins.
Preloading 0 native plugins for Editor in 0.00 ms.
Refreshing native plugins compatible for Editor in 2.26 ms, found 7 plugins.
Native extension for iOS target not found
Native extension for Android target not found
Native extension for OSXStandalone target not found
Fallback handler could not load library /Applications/Unity/Hub/Editor/2022.3.62f2/Unity.app/Contents/Frameworks/MonoBleedingEdge/lib/pthread
Mono: successfully reloaded assembly
- Finished resetting the current domain, in  1.446 seconds
Domain Reload Profiling: 2031ms
	BeginReloadAssembly (79ms)
		ExecutionOrderSort (0ms)
		DisableScriptedObjects (4ms)
		BackupInstance (0ms)
		ReleaseScriptingObjects (0ms)
		CreateAndSetChildDomain (16ms)
	RebuildCommonClasses (25ms)
	RebuildNativeTypeToScriptingClass (9ms)
	initialDomainReloadingComplete (18ms)
	LoadAllAssembliesAndSetupDomain (453ms)
		LoadAssemblies (282ms)
		RebuildTransferFunctionScriptingTraits (0ms)
		AnalyzeDomain (208ms)
			TypeCache.Refresh (178ms)
				TypeCache.ScanAssembly (163ms)
			ScanForSourceGeneratedMonoScriptInfo (20ms)
			ResolveRequiredComponents (9ms)
	FinalizeReload (1446ms)
		ReleaseScriptCaches (0ms)
		RebuildScriptCaches (0ms)
		SetupLoadedEditorAssemblies (1291ms)
			LogAssemblyErrors (0ms)
			InitializePlatformSupportModulesInManaged (19ms)
			SetLoadedEditorAssemblies (4ms)
			RefreshPlugins (0ms)
			BeforeProcessingInitializeOnLoad (60ms)
			ProcessInitializeOnLoadAttributes (1148ms)
			ProcessInitializeOnLoadMethodAttributes (59ms)
			AfterProcessingInitializeOnLoad (1ms)
			EditorAssembliesLoaded (0ms)
		ExecutionOrderSort2 (0ms)
		AwakeInstancesAfterBackupRestoration (2ms)
Asset Pipeline Refresh (id=09b8c9d3ed97a4802a2003459ac2a245): Total: 5.188 seconds - Initiated by InitialRefreshV2(ForceSynchronousImport)
	Summary:
		Imports: total=0 (actual=0, local cache=0, cache server=0)
		Asset DB Process Time: managed=0 ms, native=2112 ms
		Asset DB Callback time: managed=9 ms, native=0 ms
		Scripting: domain reloads=1, domain reload time=2083 ms, compile time=942 ms, other=39 ms
		Project Asset Count: scripts=7404, non-scripts=2327
		Asset File Changes: new=0, changed=0, moved=0, deleted=0
		Scan Filter Count: 1
	InvokeBeforeRefreshCallbacks: 0.350ms
	ApplyChangesToAssetFolders: 0.060ms
	Scan: 563.841ms
	OnSourceAssetsModified: 0.001ms
	GetAllGuidsForCategorization: 0.604ms
	CategorizeAssets: 181.114ms
	ImportOutOfDateAssets: 1476.493ms (516.987ms without children)
		CompileScripts: 941.557ms
		ReloadNativeAssets: 0.019ms
		UnloadImportedAssets: 14.063ms
		EnsureUptoDateAssetsAreRegisteredWithGuidPM: 2.712ms
		InitializingProgressBar: 0.000ms
		PostProcessAllAssetNotificationsAddChangedAssets: 0.000ms
		OnDemandSchedulerStart: 1.154ms
	PostProcessAllAssets: 9.837ms
	GatherAllCurrentPrimaryArtifactRevisions: 0.003ms
	UnloadStreamsBegin: 1.300ms
	PersistCurrentRevisions: 0.371ms
	UnloadStreamsEnd: 0.023ms
	GenerateScriptTypeHashes: 1.180ms
	Untracked: 2953.822ms
Application.AssetDatabase Initial Refresh End
Launching external process: /Applications/Unity/Hub/Editor/2022.3.62f2/Unity.app/Contents/Tools/UnityShaderCompiler
Launched and connected shader compiler UnityShaderCompiler after 0.04 seconds
Scanning for USB devices : 0.335ms
Initializing Unity extensions:
[Licensing::Client] Successfully resolved entitlement details
[MODES] ModeService[none].Initialize
[MODES] ModeService[none].LoadModes
[MODES] Loading mode Default (0) for mode-current-id-AssemblyShadowBaseline
2026-08-28 06:50:30.718 Unity[11673:3277431] NSEventModifierFlagFunction specified to -setKeyEquivalentModifierMask: for item <NSMenuItem: 0x81e841c20 Font Asset, ke='Command-F12'>, but is only supported for system-provided menu items; will not be used
[PhysX] Initialized MultithreadedTaskDispatcher with 10 workers.
ProgressiveSceneManager::Cancel()
-- Listing OpenCL platforms(s) --
 * OpenCL platform 0
	PROFILE = FULL_PROFILE
	VERSION = OpenCL 1.2 (Apr 18 2026 19:20:04)
	NAME = Apple
	VENDOR = Apple
-- Listing OpenCL device(s) --
 * OpenCL platform 0, device 0 
	DEVICE_TYPE = 4
	DEVICE_NAME = Apple M4
	DEVICE_VENDOR = Apple
	DEVICE_VERSION = OpenCL 1.2 
	DRIVER_VERSION = 1.2 1.0
	DEVICE_MAX_COMPUTE_UNITS = 10
	DEVICE_MAX_CLOCK_FREQUENCY = 1000
	CL_DEVICE_MAX_CONSTANT_BUFFER_SIZE = 1073741824
	CL_DEVICE_HOST_UNIFIED_MEMORY = true
	CL_DEVICE_MAX_MEM_ALLOC_SIZE = 2383708160
	DEVICE_GLOBAL_MEM_SIZE = 12713115648
-- GPU Progressive lightmapper will use OpenCL device 'Apple M4' from 'Apple'--
   use -OpenCL-PlatformAndDeviceIndices <platformIdx> <deviceIdx> as command line arguments if you want to select a specific adapter for OpenCL.
Unloading 7 Unused Serialized files (Serialized files now loaded: 0)
Unloading 114 unused Assets / (0.7 MB). Loaded Objects now: 6744.
Memory consumption went from 166.6 MB to 165.9 MB.
Total: 5.365250 ms (FindLiveObjects: 0.267292 ms CreateObjectMapping: 0.097000 ms MarkObjects: 4.703334 ms  DeleteObjects: 0.296709 ms)

application path:/Applications/Unity/Hub/Editor/2022.3.62f2/Unity.app /Applications/Unity/Hub/Editor/2022.3.62f2/Unity.app/Contents
UnityEngine.StackTraceUtility:ExtractStackTrace () (at /Users/bokken/build/output/unity/unity/Runtime/Export/Scripting/StackTrace.cs:37)
UnityEngine.DebugLogHandler:LogFormat (UnityEngine.LogType,UnityEngine.Object,string,object[])
UnityEngine.Logger:Log (UnityEngine.LogType,object)
UnityEngine.Debug:Log (object)
HybridCLR.Editor.Installer.InstallerController:get_ApplicationIl2cppPath () (at /Users/ah/GitHub/hybridclr/hybridclr_unity/Editor/Installer/InstallerController.cs:191)
HybridCLR.Editor.Installer.InstallerController:InstallFromLocal (string) (at /Users/ah/GitHub/hybridclr/hybridclr_unity/Editor/Installer/InstallerController.cs:293)
HybridCLR.Editor.Installer.PinnedSourceInstaller:Install () (at /Users/ah/GitHub/hybridclr/hybridclr_unity/Editor/Installer/PinnedSourceInstaller.cs:146)
AssemblyShadowBaseline.Editor.BaselineBuild:Install () (at Assets/AssemblyShadowBaseline/Editor/BaselineBuild.cs:65)
AssemblyShadowBaseline.Editor.BaselineBuild:InstallRepeatability () (at Assets/AssemblyShadowBaseline/Editor/BaselineBuild.cs:72)

(Filename: /Users/ah/GitHub/hybridclr/hybridclr_unity/Editor/Installer/InstallerController.cs Line: 191)

[BashUtil] RemoveDir dir:/Users/ah/GitHub/hybridclr/hybridclr_demo_shadow/HybridCLRData/LocalIl2CppData-OSXEditor
UnityEngine.StackTraceUtility:ExtractStackTrace () (at /Users/bokken/build/output/unity/unity/Runtime/Export/Scripting/StackTrace.cs:37)
UnityEngine.DebugLogHandler:LogFormat (UnityEngine.LogType,UnityEngine.Object,string,object[])
UnityEngine.Logger:Log (UnityEngine.LogType,object)
UnityEngine.Debug:Log (object)
HybridCLR.Editor.Installer.BashUtil:RemoveDir (string,bool) (at /Users/ah/GitHub/hybridclr/hybridclr_unity/Editor/Installer/BashUtil.cs:93)
HybridCLR.Editor.Installer.BashUtil:RecreateDir (string) (at /Users/ah/GitHub/hybridclr/hybridclr_unity/Editor/Installer/BashUtil.cs:129)
HybridCLR.Editor.Installer.InstallerController:RunInitLocalIl2CppData (string,string,HybridCLR.Editor.Installer.InstallerController/UnityVersion) (at /Users/ah/GitHub/hybridclr/hybridclr_unity/Editor/Installer/InstallerController.cs:308)
HybridCLR.Editor.Installer.InstallerController:InstallFromLocal (string) (at /Users/ah/GitHub/hybridclr/hybridclr_unity/Editor/Installer/InstallerController.cs:293)
HybridCLR.Editor.Installer.PinnedSourceInstaller:Install () (at /Users/ah/GitHub/hybridclr/hybridclr_unity/Editor/Installer/PinnedSourceInstaller.cs:146)
AssemblyShadowBaseline.Editor.BaselineBuild:Install () (at Assets/AssemblyShadowBaseline/Editor/BaselineBuild.cs:65)
AssemblyShadowBaseline.Editor.BaselineBuild:InstallRepeatability () (at Assets/AssemblyShadowBaseline/Editor/BaselineBuild.cs:72)

(Filename: /Users/ah/GitHub/hybridclr/hybridclr_unity/Editor/Installer/BashUtil.cs Line: 93)

[BashUtil] CopyDir /Applications/Unity/Hub/Editor/2022.3.62f2/Unity.app/Contents/MonoBleedingEdge => /Users/ah/GitHub/hybridclr/hybridclr_demo_shadow/HybridCLRData/LocalIl2CppData-OSXEditor/MonoBleedingEdge
UnityEngine.StackTraceUtility:ExtractStackTrace () (at /Users/bokken/build/output/unity/unity/Runtime/Export/Scripting/StackTrace.cs:37)
UnityEngine.DebugLogHandler:LogFormat (UnityEngine.LogType,UnityEngine.Object,string,object[])
UnityEngine.Logger:Log (UnityEngine.LogType,object)
UnityEngine.Debug:Log (object)
HybridCLR.Editor.Installer.BashUtil:CopyDir (string,string,bool) (at /Users/ah/GitHub/hybridclr/hybridclr_unity/Editor/Installer/BashUtil.cs:137)
HybridCLR.Editor.Installer.InstallerController:RunInitLocalIl2CppData (string,string,HybridCLR.Editor.Installer.InstallerController/UnityVersion) (at /Users/ah/GitHub/hybridclr/hybridclr_unity/Editor/Installer/InstallerController.cs:311)
HybridCLR.Editor.Installer.InstallerController:InstallFromLocal (string) (at /Users/ah/GitHub/hybridclr/hybridclr_unity/Editor/Installer/InstallerController.cs:293)
HybridCLR.Editor.Installer.PinnedSourceInstaller:Install () (at /Users/ah/GitHub/hybridclr/hybridclr_unity/Editor/Installer/PinnedSourceInstaller.cs:146)
AssemblyShadowBaseline.Editor.BaselineBuild:Install () (at Assets/AssemblyShadowBaseline/Editor/BaselineBuild.cs:65)
AssemblyShadowBaseline.Editor.BaselineBuild:InstallRepeatability () (at Assets/AssemblyShadowBaseline/Editor/BaselineBuild.cs:72)

(Filename: /Users/ah/GitHub/hybridclr/hybridclr_unity/Editor/Installer/BashUtil.cs Line: 137)

[BashUtil] CopyDir /Applications/Unity/Hub/Editor/2022.3.62f2/Unity.app/Contents/il2cpp => /Users/ah/GitHub/hybridclr/hybridclr_demo_shadow/HybridCLRData/LocalIl2CppData-OSXEditor/il2cpp
UnityEngine.StackTraceUtility:ExtractStackTrace () (at /Users/bokken/build/output/unity/unity/Runtime/Export/Scripting/StackTrace.cs:37)
UnityEngine.DebugLogHandler:LogFormat (UnityEngine.LogType,UnityEngine.Object,string,object[])
UnityEngine.Logger:Log (UnityEngine.LogType,object)
UnityEngine.Debug:Log (object)
HybridCLR.Editor.Installer.BashUtil:CopyDir (string,string,bool) (at /Users/ah/GitHub/hybridclr/hybridclr_unity/Editor/Installer/BashUtil.cs:137)
HybridCLR.Editor.Installer.InstallerController:RunInitLocalIl2CppData (string,string,HybridCLR.Editor.Installer.InstallerController/UnityVersion) (at /Users/ah/GitHub/hybridclr/hybridclr_unity/Editor/Installer/InstallerController.cs:314)
HybridCLR.Editor.Installer.InstallerController:InstallFromLocal (string) (at /Users/ah/GitHub/hybridclr/hybridclr_unity/Editor/Installer/InstallerController.cs:293)
HybridCLR.Editor.Installer.PinnedSourceInstaller:Install () (at /Users/ah/GitHub/hybridclr/hybridclr_unity/Editor/Installer/PinnedSourceInstaller.cs:146)
AssemblyShadowBaseline.Editor.BaselineBuild:Install () (at Assets/AssemblyShadowBaseline/Editor/BaselineBuild.cs:65)
AssemblyShadowBaseline.Editor.BaselineBuild:InstallRepeatability () (at Assets/AssemblyShadowBaseline/Editor/BaselineBuild.cs:72)

(Filename: /Users/ah/GitHub/hybridclr/hybridclr_unity/Editor/Installer/BashUtil.cs Line: 137)

[BashUtil] CopyDir /Users/ah/GitHub/hybridclr/hybridclr_demo_shadow/HybridCLRData/PinnedSourceInstaller/libil2cpp => /Users/ah/GitHub/hybridclr/hybridclr_demo_shadow/HybridCLRData/LocalIl2CppData-OSXEditor/il2cpp/libil2cpp
UnityEngine.StackTraceUtility:ExtractStackTrace () (at /Users/bokken/build/output/unity/unity/Runtime/Export/Scripting/StackTrace.cs:37)
UnityEngine.DebugLogHandler:LogFormat (UnityEngine.LogType,UnityEngine.Object,string,object[])
UnityEngine.Logger:Log (UnityEngine.LogType,object)
UnityEngine.Debug:Log (object)
HybridCLR.Editor.Installer.BashUtil:CopyDir (string,string,bool) (at /Users/ah/GitHub/hybridclr/hybridclr_unity/Editor/Installer/BashUtil.cs:137)
HybridCLR.Editor.Installer.InstallerController:RunInitLocalIl2CppData (string,string,HybridCLR.Editor.Installer.InstallerController/UnityVersion) (at /Users/ah/GitHub/hybridclr/hybridclr_unity/Editor/Installer/InstallerController.cs:329)
HybridCLR.Editor.Installer.InstallerController:InstallFromLocal (string) (at /Users/ah/GitHub/hybridclr/hybridclr_unity/Editor/Installer/InstallerController.cs:293)
HybridCLR.Editor.Installer.PinnedSourceInstaller:Install () (at /Users/ah/GitHub/hybridclr/hybridclr_unity/Editor/Installer/PinnedSourceInstaller.cs:146)
AssemblyShadowBaseline.Editor.BaselineBuild:Install () (at Assets/AssemblyShadowBaseline/Editor/BaselineBuild.cs:65)
AssemblyShadowBaseline.Editor.BaselineBuild:InstallRepeatability () (at Assets/AssemblyShadowBaseline/Editor/BaselineBuild.cs:72)

(Filename: /Users/ah/GitHub/hybridclr/hybridclr_unity/Editor/Installer/BashUtil.cs Line: 137)

[BashUtil] RemoveDir dir:/Users/ah/GitHub/hybridclr/hybridclr_demo_shadow/Library/Il2cppBuildCache
UnityEngine.StackTraceUtility:ExtractStackTrace () (at /Users/bokken/build/output/unity/unity/Runtime/Export/Scripting/StackTrace.cs:37)
UnityEngine.DebugLogHandler:LogFormat (UnityEngine.LogType,UnityEngine.Object,string,object[])
UnityEngine.Logger:Log (UnityEngine.LogType,object)
UnityEngine.Debug:Log (object)
HybridCLR.Editor.Installer.BashUtil:RemoveDir (string,bool) (at /Users/ah/GitHub/hybridclr/hybridclr_unity/Editor/Installer/BashUtil.cs:93)
HybridCLR.Editor.Installer.InstallerController:RunInitLocalIl2CppData (string,string,HybridCLR.Editor.Installer.InstallerController/UnityVersion) (at /Users/ah/GitHub/hybridclr/hybridclr_unity/Editor/Installer/InstallerController.cs:332)
HybridCLR.Editor.Installer.InstallerController:InstallFromLocal (string) (at /Users/ah/GitHub/hybridclr/hybridclr_unity/Editor/Installer/InstallerController.cs:293)
HybridCLR.Editor.Installer.PinnedSourceInstaller:Install () (at /Users/ah/GitHub/hybridclr/hybridclr_unity/Editor/Installer/PinnedSourceInstaller.cs:146)
AssemblyShadowBaseline.Editor.BaselineBuild:Install () (at Assets/AssemblyShadowBaseline/Editor/BaselineBuild.cs:65)
AssemblyShadowBaseline.Editor.BaselineBuild:InstallRepeatability () (at Assets/AssemblyShadowBaseline/Editor/BaselineBuild.cs:72)

(Filename: /Users/ah/GitHub/hybridclr/hybridclr_unity/Editor/Installer/BashUtil.cs Line: 93)

Write installed version:'8.14.1' to /Users/ah/GitHub/hybridclr/hybridclr_demo_shadow/HybridCLRData/LocalIl2CppData-OSXEditor/il2cpp/libil2cpp/hybridclr/generated/libil2cpp-version.txt
UnityEngine.StackTraceUtility:ExtractStackTrace () (at /Users/bokken/build/output/unity/unity/Runtime/Export/Scripting/StackTrace.cs:37)
UnityEngine.DebugLogHandler:LogFormat (UnityEngine.LogType,UnityEngine.Object,string,object[])
UnityEngine.Logger:Log (UnityEngine.LogType,object)
UnityEngine.Debug:Log (object)
HybridCLR.Editor.Installer.InstallerController:WriteLocalVersion () (at /Users/ah/GitHub/hybridclr/hybridclr_unity/Editor/Installer/InstallerController.cs:224)
HybridCLR.Editor.Installer.InstallerController:RunInitLocalIl2CppData (string,string,HybridCLR.Editor.Installer.InstallerController/UnityVersion) (at /Users/ah/GitHub/hybridclr/hybridclr_unity/Editor/Installer/InstallerController.cs:350)
HybridCLR.Editor.Installer.InstallerController:InstallFromLocal (string) (at /Users/ah/GitHub/hybridclr/hybridclr_unity/Editor/Installer/InstallerController.cs:293)
HybridCLR.Editor.Installer.PinnedSourceInstaller:Install () (at /Users/ah/GitHub/hybridclr/hybridclr_unity/Editor/Installer/PinnedSourceInstaller.cs:146)
AssemblyShadowBaseline.Editor.BaselineBuild:Install () (at Assets/AssemblyShadowBaseline/Editor/BaselineBuild.cs:65)
AssemblyShadowBaseline.Editor.BaselineBuild:InstallRepeatability () (at Assets/AssemblyShadowBaseline/Editor/BaselineBuild.cs:72)

(Filename: /Users/ah/GitHub/hybridclr/hybridclr_unity/Editor/Installer/InstallerController.cs Line: 224)

Install Sucessfully
UnityEngine.StackTraceUtility:ExtractStackTrace () (at /Users/bokken/build/output/unity/unity/Runtime/Export/Scripting/StackTrace.cs:37)
UnityEngine.DebugLogHandler:LogFormat (UnityEngine.LogType,UnityEngine.Object,string,object[])
UnityEngine.Logger:Log (UnityEngine.LogType,object)
UnityEngine.Debug:Log (object)
HybridCLR.Editor.Installer.InstallerController:RunInitLocalIl2CppData (string,string,HybridCLR.Editor.Installer.InstallerController/UnityVersion) (at /Users/ah/GitHub/hybridclr/hybridclr_unity/Editor/Installer/InstallerController.cs:351)
HybridCLR.Editor.Installer.InstallerController:InstallFromLocal (string) (at /Users/ah/GitHub/hybridclr/hybridclr_unity/Editor/Installer/InstallerController.cs:293)
HybridCLR.Editor.Installer.PinnedSourceInstaller:Install () (at /Users/ah/GitHub/hybridclr/hybridclr_unity/Editor/Installer/PinnedSourceInstaller.cs:146)
AssemblyShadowBaseline.Editor.BaselineBuild:Install () (at Assets/AssemblyShadowBaseline/Editor/BaselineBuild.cs:65)
AssemblyShadowBaseline.Editor.BaselineBuild:InstallRepeatability () (at Assets/AssemblyShadowBaseline/Editor/BaselineBuild.cs:72)

(Filename: /Users/ah/GitHub/hybridclr/hybridclr_unity/Editor/Installer/InstallerController.cs Line: 351)

Pinned HybridCLR source installation succeeded at /Users/ah/GitHub/hybridclr/hybridclr_demo_shadow/HybridCLRData/LocalIl2CppData-OSXEditor/il2cpp/libil2cpp
UnityEngine.StackTraceUtility:ExtractStackTrace () (at /Users/bokken/build/output/unity/unity/Runtime/Export/Scripting/StackTrace.cs:37)
UnityEngine.DebugLogHandler:LogFormat (UnityEngine.LogType,UnityEngine.Object,string,object[])
UnityEngine.Logger:Log (UnityEngine.LogType,object)
UnityEngine.Debug:Log (object)
HybridCLR.Editor.Installer.PinnedSourceInstaller:Install () (at /Users/ah/GitHub/hybridclr/hybridclr_unity/Editor/Installer/PinnedSourceInstaller.cs:152)
AssemblyShadowBaseline.Editor.BaselineBuild:Install () (at Assets/AssemblyShadowBaseline/Editor/BaselineBuild.cs:65)
AssemblyShadowBaseline.Editor.BaselineBuild:InstallRepeatability () (at Assets/AssemblyShadowBaseline/Editor/BaselineBuild.cs:72)

(Filename: /Users/ah/GitHub/hybridclr/hybridclr_unity/Editor/Installer/PinnedSourceInstaller.cs Line: 152)

application path:/Applications/Unity/Hub/Editor/2022.3.62f2/Unity.app /Applications/Unity/Hub/Editor/2022.3.62f2/Unity.app/Contents
UnityEngine.StackTraceUtility:ExtractStackTrace () (at /Users/bokken/build/output/unity/unity/Runtime/Export/Scripting/StackTrace.cs:37)
UnityEngine.DebugLogHandler:LogFormat (UnityEngine.LogType,UnityEngine.Object,string,object[])
UnityEngine.Logger:Log (UnityEngine.LogType,object)
UnityEngine.Debug:Log (object)
HybridCLR.Editor.Installer.InstallerController:get_ApplicationIl2cppPath () (at /Users/ah/GitHub/hybridclr/hybridclr_unity/Editor/Installer/InstallerController.cs:191)
HybridCLR.Editor.Installer.InstallerController:InstallFromLocal (string) (at /Users/ah/GitHub/hybridclr/hybridclr_unity/Editor/Installer/InstallerController.cs:293)
HybridCLR.Editor.Installer.PinnedSourceInstaller:Install () (at /Users/ah/GitHub/hybridclr/hybridclr_unity/Editor/Installer/PinnedSourceInstaller.cs:146)
AssemblyShadowBaseline.Editor.BaselineBuild:Install () (at Assets/AssemblyShadowBaseline/Editor/BaselineBuild.cs:65)
AssemblyShadowBaseline.Editor.BaselineBuild:InstallRepeatability () (at Assets/AssemblyShadowBaseline/Editor/BaselineBuild.cs:74)

(Filename: /Users/ah/GitHub/hybridclr/hybridclr_unity/Editor/Installer/InstallerController.cs Line: 191)

[BashUtil] RemoveDir dir:/Users/ah/GitHub/hybridclr/hybridclr_demo_shadow/HybridCLRData/LocalIl2CppData-OSXEditor
UnityEngine.StackTraceUtility:ExtractStackTrace () (at /Users/bokken/build/output/unity/unity/Runtime/Export/Scripting/StackTrace.cs:37)
UnityEngine.DebugLogHandler:LogFormat (UnityEngine.LogType,UnityEngine.Object,string,object[])
UnityEngine.Logger:Log (UnityEngine.LogType,object)
UnityEngine.Debug:Log (object)
HybridCLR.Editor.Installer.BashUtil:RemoveDir (string,bool) (at /Users/ah/GitHub/hybridclr/hybridclr_unity/Editor/Installer/BashUtil.cs:93)
HybridCLR.Editor.Installer.BashUtil:RecreateDir (string) (at /Users/ah/GitHub/hybridclr/hybridclr_unity/Editor/Installer/BashUtil.cs:129)
HybridCLR.Editor.Installer.InstallerController:RunInitLocalIl2CppData (string,string,HybridCLR.Editor.Installer.InstallerController/UnityVersion) (at /Users/ah/GitHub/hybridclr/hybridclr_unity/Editor/Installer/InstallerController.cs:308)
HybridCLR.Editor.Installer.InstallerController:InstallFromLocal (string) (at /Users/ah/GitHub/hybridclr/hybridclr_unity/Editor/Installer/InstallerController.cs:293)
HybridCLR.Editor.Installer.PinnedSourceInstaller:Install () (at /Users/ah/GitHub/hybridclr/hybridclr_unity/Editor/Installer/PinnedSourceInstaller.cs:146)
AssemblyShadowBaseline.Editor.BaselineBuild:Install () (at Assets/AssemblyShadowBaseline/Editor/BaselineBuild.cs:65)
AssemblyShadowBaseline.Editor.BaselineBuild:InstallRepeatability () (at Assets/AssemblyShadowBaseline/Editor/BaselineBuild.cs:74)

(Filename: /Users/ah/GitHub/hybridclr/hybridclr_unity/Editor/Installer/BashUtil.cs Line: 93)

[BashUtil] CopyDir /Applications/Unity/Hub/Editor/2022.3.62f2/Unity.app/Contents/MonoBleedingEdge => /Users/ah/GitHub/hybridclr/hybridclr_demo_shadow/HybridCLRData/LocalIl2CppData-OSXEditor/MonoBleedingEdge
UnityEngine.StackTraceUtility:ExtractStackTrace () (at /Users/bokken/build/output/unity/unity/Runtime/Export/Scripting/StackTrace.cs:37)
UnityEngine.DebugLogHandler:LogFormat (UnityEngine.LogType,UnityEngine.Object,string,object[])
UnityEngine.Logger:Log (UnityEngine.LogType,object)
UnityEngine.Debug:Log (object)
HybridCLR.Editor.Installer.BashUtil:CopyDir (string,string,bool) (at /Users/ah/GitHub/hybridclr/hybridclr_unity/Editor/Installer/BashUtil.cs:137)
HybridCLR.Editor.Installer.InstallerController:RunInitLocalIl2CppData (string,string,HybridCLR.Editor.Installer.InstallerController/UnityVersion) (at /Users/ah/GitHub/hybridclr/hybridclr_unity/Editor/Installer/InstallerController.cs:311)
HybridCLR.Editor.Installer.InstallerController:InstallFromLocal (string) (at /Users/ah/GitHub/hybridclr/hybridclr_unity/Editor/Installer/InstallerController.cs:293)
HybridCLR.Editor.Installer.PinnedSourceInstaller:Install () (at /Users/ah/GitHub/hybridclr/hybridclr_unity/Editor/Installer/PinnedSourceInstaller.cs:146)
AssemblyShadowBaseline.Editor.BaselineBuild:Install () (at Assets/AssemblyShadowBaseline/Editor/BaselineBuild.cs:65)
AssemblyShadowBaseline.Editor.BaselineBuild:InstallRepeatability () (at Assets/AssemblyShadowBaseline/Editor/BaselineBuild.cs:74)

(Filename: /Users/ah/GitHub/hybridclr/hybridclr_unity/Editor/Installer/BashUtil.cs Line: 137)

[BashUtil] CopyDir /Applications/Unity/Hub/Editor/2022.3.62f2/Unity.app/Contents/il2cpp => /Users/ah/GitHub/hybridclr/hybridclr_demo_shadow/HybridCLRData/LocalIl2CppData-OSXEditor/il2cpp
UnityEngine.StackTraceUtility:ExtractStackTrace () (at /Users/bokken/build/output/unity/unity/Runtime/Export/Scripting/StackTrace.cs:37)
UnityEngine.DebugLogHandler:LogFormat (UnityEngine.LogType,UnityEngine.Object,string,object[])
UnityEngine.Logger:Log (UnityEngine.LogType,object)
UnityEngine.Debug:Log (object)
HybridCLR.Editor.Installer.BashUtil:CopyDir (string,string,bool) (at /Users/ah/GitHub/hybridclr/hybridclr_unity/Editor/Installer/BashUtil.cs:137)
HybridCLR.Editor.Installer.InstallerController:RunInitLocalIl2CppData (string,string,HybridCLR.Editor.Installer.InstallerController/UnityVersion) (at /Users/ah/GitHub/hybridclr/hybridclr_unity/Editor/Installer/InstallerController.cs:314)
HybridCLR.Editor.Installer.InstallerController:InstallFromLocal (string) (at /Users/ah/GitHub/hybridclr/hybridclr_unity/Editor/Installer/InstallerController.cs:293)
HybridCLR.Editor.Installer.PinnedSourceInstaller:Install () (at /Users/ah/GitHub/hybridclr/hybridclr_unity/Editor/Installer/PinnedSourceInstaller.cs:146)
AssemblyShadowBaseline.Editor.BaselineBuild:Install () (at Assets/AssemblyShadowBaseline/Editor/BaselineBuild.cs:65)
AssemblyShadowBaseline.Editor.BaselineBuild:InstallRepeatability () (at Assets/AssemblyShadowBaseline/Editor/BaselineBuild.cs:74)

(Filename: /Users/ah/GitHub/hybridclr/hybridclr_unity/Editor/Installer/BashUtil.cs Line: 137)

[BashUtil] CopyDir /Users/ah/GitHub/hybridclr/hybridclr_demo_shadow/HybridCLRData/PinnedSourceInstaller/libil2cpp => /Users/ah/GitHub/hybridclr/hybridclr_demo_shadow/HybridCLRData/LocalIl2CppData-OSXEditor/il2cpp/libil2cpp
UnityEngine.StackTraceUtility:ExtractStackTrace () (at /Users/bokken/build/output/unity/unity/Runtime/Export/Scripting/StackTrace.cs:37)
UnityEngine.DebugLogHandler:LogFormat (UnityEngine.LogType,UnityEngine.Object,string,object[])
UnityEngine.Logger:Log (UnityEngine.LogType,object)
UnityEngine.Debug:Log (object)
HybridCLR.Editor.Installer.BashUtil:CopyDir (string,string,bool) (at /Users/ah/GitHub/hybridclr/hybridclr_unity/Editor/Installer/BashUtil.cs:137)
HybridCLR.Editor.Installer.InstallerController:RunInitLocalIl2CppData (string,string,HybridCLR.Editor.Installer.InstallerController/UnityVersion) (at /Users/ah/GitHub/hybridclr/hybridclr_unity/Editor/Installer/InstallerController.cs:329)
HybridCLR.Editor.Installer.InstallerController:InstallFromLocal (string) (at /Users/ah/GitHub/hybridclr/hybridclr_unity/Editor/Installer/InstallerController.cs:293)
HybridCLR.Editor.Installer.PinnedSourceInstaller:Install () (at /Users/ah/GitHub/hybridclr/hybridclr_unity/Editor/Installer/PinnedSourceInstaller.cs:146)
AssemblyShadowBaseline.Editor.BaselineBuild:Install () (at Assets/AssemblyShadowBaseline/Editor/BaselineBuild.cs:65)
AssemblyShadowBaseline.Editor.BaselineBuild:InstallRepeatability () (at Assets/AssemblyShadowBaseline/Editor/BaselineBuild.cs:74)

(Filename: /Users/ah/GitHub/hybridclr/hybridclr_unity/Editor/Installer/BashUtil.cs Line: 137)

[BashUtil] RemoveDir dir:/Users/ah/GitHub/hybridclr/hybridclr_demo_shadow/Library/Il2cppBuildCache
UnityEngine.StackTraceUtility:ExtractStackTrace () (at /Users/bokken/build/output/unity/unity/Runtime/Export/Scripting/StackTrace.cs:37)
UnityEngine.DebugLogHandler:LogFormat (UnityEngine.LogType,UnityEngine.Object,string,object[])
UnityEngine.Logger:Log (UnityEngine.LogType,object)
UnityEngine.Debug:Log (object)
HybridCLR.Editor.Installer.BashUtil:RemoveDir (string,bool) (at /Users/ah/GitHub/hybridclr/hybridclr_unity/Editor/Installer/BashUtil.cs:93)
HybridCLR.Editor.Installer.InstallerController:RunInitLocalIl2CppData (string,string,HybridCLR.Editor.Installer.InstallerController/UnityVersion) (at /Users/ah/GitHub/hybridclr/hybridclr_unity/Editor/Installer/InstallerController.cs:332)
HybridCLR.Editor.Installer.InstallerController:InstallFromLocal (string) (at /Users/ah/GitHub/hybridclr/hybridclr_unity/Editor/Installer/InstallerController.cs:293)
HybridCLR.Editor.Installer.PinnedSourceInstaller:Install () (at /Users/ah/GitHub/hybridclr/hybridclr_unity/Editor/Installer/PinnedSourceInstaller.cs:146)
AssemblyShadowBaseline.Editor.BaselineBuild:Install () (at Assets/AssemblyShadowBaseline/Editor/BaselineBuild.cs:65)
AssemblyShadowBaseline.Editor.BaselineBuild:InstallRepeatability () (at Assets/AssemblyShadowBaseline/Editor/BaselineBuild.cs:74)

(Filename: /Users/ah/GitHub/hybridclr/hybridclr_unity/Editor/Installer/BashUtil.cs Line: 93)

Write installed version:'8.14.1' to /Users/ah/GitHub/hybridclr/hybridclr_demo_shadow/HybridCLRData/LocalIl2CppData-OSXEditor/il2cpp/libil2cpp/hybridclr/generated/libil2cpp-version.txt
UnityEngine.StackTraceUtility:ExtractStackTrace () (at /Users/bokken/build/output/unity/unity/Runtime/Export/Scripting/StackTrace.cs:37)
UnityEngine.DebugLogHandler:LogFormat (UnityEngine.LogType,UnityEngine.Object,string,object[])
UnityEngine.Logger:Log (UnityEngine.LogType,object)
UnityEngine.Debug:Log (object)
HybridCLR.Editor.Installer.InstallerController:WriteLocalVersion () (at /Users/ah/GitHub/hybridclr/hybridclr_unity/Editor/Installer/InstallerController.cs:224)
HybridCLR.Editor.Installer.InstallerController:RunInitLocalIl2CppData (string,string,HybridCLR.Editor.Installer.InstallerController/UnityVersion) (at /Users/ah/GitHub/hybridclr/hybridclr_unity/Editor/Installer/InstallerController.cs:350)
HybridCLR.Editor.Installer.InstallerController:InstallFromLocal (string) (at /Users/ah/GitHub/hybridclr/hybridclr_unity/Editor/Installer/InstallerController.cs:293)
HybridCLR.Editor.Installer.PinnedSourceInstaller:Install () (at /Users/ah/GitHub/hybridclr/hybridclr_unity/Editor/Installer/PinnedSourceInstaller.cs:146)
AssemblyShadowBaseline.Editor.BaselineBuild:Install () (at Assets/AssemblyShadowBaseline/Editor/BaselineBuild.cs:65)
AssemblyShadowBaseline.Editor.BaselineBuild:InstallRepeatability () (at Assets/AssemblyShadowBaseline/Editor/BaselineBuild.cs:74)

(Filename: /Users/ah/GitHub/hybridclr/hybridclr_unity/Editor/Installer/InstallerController.cs Line: 224)

Install Sucessfully
UnityEngine.StackTraceUtility:ExtractStackTrace () (at /Users/bokken/build/output/unity/unity/Runtime/Export/Scripting/StackTrace.cs:37)
UnityEngine.DebugLogHandler:LogFormat (UnityEngine.LogType,UnityEngine.Object,string,object[])
UnityEngine.Logger:Log (UnityEngine.LogType,object)
UnityEngine.Debug:Log (object)
HybridCLR.Editor.Installer.InstallerController:RunInitLocalIl2CppData (string,string,HybridCLR.Editor.Installer.InstallerController/UnityVersion) (at /Users/ah/GitHub/hybridclr/hybridclr_unity/Editor/Installer/InstallerController.cs:351)
HybridCLR.Editor.Installer.InstallerController:InstallFromLocal (string) (at /Users/ah/GitHub/hybridclr/hybridclr_unity/Editor/Installer/InstallerController.cs:293)
HybridCLR.Editor.Installer.PinnedSourceInstaller:Install () (at /Users/ah/GitHub/hybridclr/hybridclr_unity/Editor/Installer/PinnedSourceInstaller.cs:146)
AssemblyShadowBaseline.Editor.BaselineBuild:Install () (at Assets/AssemblyShadowBaseline/Editor/BaselineBuild.cs:65)
AssemblyShadowBaseline.Editor.BaselineBuild:InstallRepeatability () (at Assets/AssemblyShadowBaseline/Editor/BaselineBuild.cs:74)

(Filename: /Users/ah/GitHub/hybridclr/hybridclr_unity/Editor/Installer/InstallerController.cs Line: 351)

Pinned HybridCLR source installation succeeded at /Users/ah/GitHub/hybridclr/hybridclr_demo_shadow/HybridCLRData/LocalIl2CppData-OSXEditor/il2cpp/libil2cpp
UnityEngine.StackTraceUtility:ExtractStackTrace () (at /Users/bokken/build/output/unity/unity/Runtime/Export/Scripting/StackTrace.cs:37)
UnityEngine.DebugLogHandler:LogFormat (UnityEngine.LogType,UnityEngine.Object,string,object[])
UnityEngine.Logger:Log (UnityEngine.LogType,object)
UnityEngine.Debug:Log (object)
HybridCLR.Editor.Installer.PinnedSourceInstaller:Install () (at /Users/ah/GitHub/hybridclr/hybridclr_unity/Editor/Installer/PinnedSourceInstaller.cs:152)
AssemblyShadowBaseline.Editor.BaselineBuild:Install () (at Assets/AssemblyShadowBaseline/Editor/BaselineBuild.cs:65)
AssemblyShadowBaseline.Editor.BaselineBuild:InstallRepeatability () (at Assets/AssemblyShadowBaseline/Editor/BaselineBuild.cs:74)

(Filename: /Users/ah/GitHub/hybridclr/hybridclr_unity/Editor/Installer/PinnedSourceInstaller.cs Line: 152)

[AssemblyShadow M00] Repeated install receipts identical: 3e5e1d402dd53681a0908b0f0b17eaa084534c9b3f3f4b27f872c4f1f9269ac5
UnityEngine.StackTraceUtility:ExtractStackTrace () (at /Users/bokken/build/output/unity/unity/Runtime/Export/Scripting/StackTrace.cs:37)
UnityEngine.DebugLogHandler:LogFormat (UnityEngine.LogType,UnityEngine.Object,string,object[])
UnityEngine.Logger:Log (UnityEngine.LogType,object)
UnityEngine.Debug:Log (object)
AssemblyShadowBaseline.Editor.BaselineBuild:InstallRepeatability () (at Assets/AssemblyShadowBaseline/Editor/BaselineBuild.cs:86)

(Filename: Assets/AssemblyShadowBaseline/Editor/BaselineBuild.cs Line: 86)

Batchmode quit successfully invoked - shutting down!
Killing ADB server in 0.034729 seconds.
Thread 0x17ef87000 may have been prematurely finalized
[PhysX] Initialized MultithreadedTaskDispatcher with 10 workers.
Input System module state changed to: ShutdownInProgress.
Input System polling thread exited.
Input System module state changed to: Shutdown.
[Licensing::IpcConnector] LicenseClient-ah-notifications channel disconnected successfully.
[Licensing::IpcConnector] LicenseClient-ah channel disconnected successfully.
Thread 0x17019b000 may have been prematurely finalized
[40m[32minfo[39m[22m[49m: Microsoft.Hosting.Lifetime[0]
      Application is shutting down...
Cleanup mono
[40m[32minfo[39m[22m[49m: Unity.ILPP.Runner.PostProcessingAssemblyLoadContext[0]
      ALC ILPP context 1 is unloading
06:50:38.976 |V| RiderPlugin                    | :1                             | AppDomain.CurrentDomain.DomainUnload lifetimeDefinition.Terminate
debugger-agent: Unable to listen on 48
[usbmuxd] Stop listen thread
[usbmuxd] Error: 
[usbmuxd] Listen thread exiting
[Performance] Application.InitializeProject                                                                                        :        1 samples, Peak.  7.46 s (1.0x), Avg.  7.46 s, Total. 7.460 s (39.2%)
[Performance] Application.PackageManager.StartServer                                                                               :        1 samples, Peak.  1.81 ms (1.0x), Avg.  1.81 ms, Total. 1.811 ms (0.0%)
[Performance] Application.AcquireProjectLock                                                                                       :        1 samples, Peak.  7.22 ms (1.0x), Avg.  7.22 ms, Total. 7.222 ms (0.0%)
[Performance] Application.InitializeEngineNoGraphics                                                                               :        1 samples, Peak.  37.0 ms (1.0x), Avg.  37.0 ms, Total. 36.98 ms (0.2%)
[Performance] Application.PackageManager.Initialize                                                                                :        1 samples, Peak.   570 ms (1.0x), Avg.   570 ms, Total. 570.2 ms (3.0%)
[Performance] Connecting to Package Manager                                                                                        :       58 samples, Peak.  39.4 us (49.6x), Avg.   794 ns, Total. 46.04 us (0.0%)
[Performance] Application.EngineGraphics.Initialize                                                                                :        1 samples, Peak.  89.0 ms (1.0x), Avg.  89.0 ms, Total. 88.97 ms (0.5%)
[Performance] Application.GI.Initialize                                                                                            :        1 samples, Peak.   673 us (1.0x), Avg.   673 us, Total. 673.2 us (0.0%)
[Performance] Application.LoadAllDefaultResourcesFromEditor                                                                        :        1 samples, Peak.  1.50 ms (1.0x), Avg.  1.50 ms, Total. 1.504 ms (0.0%)
[Performance] Application.LoadMonoAssemblies                                                                                       :        1 samples, Peak.   769 ms (1.0x), Avg.   769 ms, Total. 769.4 ms (4.0%)
[Performance] RestoreManagedReferences                                                                                             :        2 samples, Peak.  70.2 ms (2.0x), Avg.  35.1 ms, Total. 70.22 ms (0.4%)
[Performance] InitializeOnLoad DrivenRectTransformUndo                                                                             :        2 samples, Peak.   325 us (1.0x), Avg.   313 us, Total. 626.7 us (0.0%)
[Performance] InitializeOnLoad SceneSearch                                                                                         :        2 samples, Peak.  88.1 us (1.1x), Avg.  78.1 us, Total. 156.1 us (0.0%)
[Performance] InitializeOnLoad CloudBuild                                                                                          :        2 samples, Peak.  4.46 us (1.1x), Avg.  4.06 us, Total. 8.124 us (0.0%)
[Performance] InitializeOnLoad NativeFormatImporterUtility                                                                         :        2 samples, Peak.  1.59 ms (1.1x), Avg.  1.40 ms, Total. 2.794 ms (0.0%)
[Performance] InitializeOnLoad SearchService                                                                                       :        2 samples, Peak.  79.5 us (1.0x), Avg.  79.2 us, Total. 158.4 us (0.0%)
[Performance] InitializeOnLoad SettingsService                                                                                     :        2 samples, Peak.  10.1 us (1.1x), Avg.  9.00 us, Total. 18.00 us (0.0%)
[Performance] InitializeOnLoad WindowLayout                                                                                        :        2 samples, Peak.   160 us (1.0x), Avg.   159 us, Total. 317.1 us (0.0%)
[Performance] InitializeOnLoad AssetStoreContext                                                                                   :        2 samples, Peak.  17.5 ms (1.8x), Avg.  9.93 ms, Total. 19.85 ms (0.1%)
[Performance] InitializeOnLoad PoolManager                                                                                         :        2 samples, Peak.   429 us (1.0x), Avg.   422 us, Total. 844.5 us (0.0%)
[Performance] InitializeOnLoad MixerEffectDefinitionReloader                                                                       :        2 samples, Peak.  1.76 ms (1.2x), Avg.  1.47 ms, Total. 2.949 ms (0.0%)
[Performance] InitializeOnLoad ProjectSearch                                                                                       :        2 samples, Peak.  41.3 us (1.2x), Avg.  35.7 us, Total. 71.42 us (0.0%)
[Performance] InitializeOnLoad UISystemProfilerRenderService                                                                       :        2 samples, Peak.  7.00 us (1.0x), Avg.  6.90 us, Total. 13.79 us (0.0%)
[Performance] InitializeOnLoad EditMode                                                                                            :        2 samples, Peak.   288 us (1.1x), Avg.   260 us, Total. 519.7 us (0.0%)
[Performance] InitializeOnLoad UnityConnect                                                                                        :        2 samples, Peak.  36.9 us (1.1x), Avg.  32.9 us, Total. 65.88 us (0.0%)
[Performance] InitializeOnLoad ManagedDebugger                                                                                     :        2 samples, Peak.   419 us (1.7x), Avg.   248 us, Total. 496.3 us (0.0%)
[Performance] InitializeOnLoad ShortcutIntegration                                                                                 :        2 samples, Peak.  40.4 us (1.1x), Avg.  37.9 us, Total. 75.75 us (0.0%)
[Performance] InitializeOnLoad AddComponentWindow                                                                                  :        2 samples, Peak.  73.8 us (1.0x), Avg.  73.2 us, Total. 146.4 us (0.0%)
[Performance] InitializeOnLoad ManagedDebuggerWindow                                                                               :        2 samples, Peak.  80.8 us (1.0x), Avg.  79.8 us, Total. 159.5 us (0.0%)
[Performance] InitializeOnLoad CacheServerWindow                                                                                   :        2 samples, Peak.  8.75 us (1.1x), Avg.  7.90 us, Total. 15.79 us (0.0%)
[Performance] InitializeOnLoad PlayModeDownload                                                                                    :        2 samples, Peak.  3.60 ms (2.0x), Avg.  1.84 ms, Total. 3.680 ms (0.0%)
[Performance] InitializeOnLoad MenuItems                                                                                           :        2 samples, Peak.  67.7 us (1.1x), Avg.  61.7 us, Total. 123.4 us (0.0%)
[Performance] InitializeOnLoad PrefabInstanceChangedListener                                                                       :        2 samples, Peak.  94.0 us (1.1x), Avg.  88.8 us, Total. 177.6 us (0.0%)
[Performance] InitializeOnLoad ObjectSelectorSearch                                                                                :        2 samples, Peak.  61.1 us (1.5x), Avg.  41.0 us, Total. 81.96 us (0.0%)
[Performance] InitializeOnLoad EditorMonitor                                                                                       :        2 samples, Peak.   564 us (1.3x), Avg.   449 us, Total. 898.8 us (0.0%)
[Performance] InitializeOnLoad RetainedMode                                                                                        :        2 samples, Peak.  1.61 ms (1.0x), Avg.  1.61 ms, Total. 3.220 ms (0.0%)
[Performance] InitializeOnLoad EditorShaderLoader                                                                                  :        2 samples, Peak.   498 us (1.1x), Avg.   434 us, Total. 868.5 us (0.0%)
[Performance] InitializeOnLoad EditorDelegateRegistration                                                                          :        2 samples, Peak.   408 us (1.1x), Avg.   382 us, Total. 764.3 us (0.0%)
[Performance] InitializeOnLoad UIDocumentHierarchyWatcher                                                                          :        2 samples, Peak.  47.4 us (1.0x), Avg.  45.6 us, Total. 91.25 us (0.0%)
[Performance] InitializeOnLoad LiveReloadTrackerCreator                                                                            :        2 samples, Peak.   143 us (1.1x), Avg.   127 us, Total. 253.0 us (0.0%)
[Performance] InitializeOnLoad UxmlObjectEditorFactories                                                                           :        2 samples, Peak.   393 us (1.1x), Avg.   354 us, Total. 707.1 us (0.0%)
[Performance] InitializeOnLoad UXMLEditorFactories                                                                                 :        2 samples, Peak.  43.3 ms (1.1x), Avg.  40.3 ms, Total. 80.57 ms (0.4%)
[Performance] InitializeOnLoad PurchasingService                                                                                   :        2 samples, Peak.  5.22 ms (1.0x), Avg.  5.03 ms, Total. 10.05 ms (0.1%)
[Performance] InitializeOnLoad CloudBuildPoller                                                                                    :        2 samples, Peak.  74.7 us (1.0x), Avg.  72.1 us, Total. 144.1 us (0.0%)
[Performance] InitializeOnLoad EditorGameServicesAnalytics                                                                         :        2 samples, Peak.  1.16 ms (1.6x), Avg.   711 us, Total. 1.422 ms (0.0%)
[Performance] InitializeOnLoad AnalyticsService                                                                                    :        2 samples, Peak.   152 us (1.1x), Avg.   142 us, Total. 284.2 us (0.0%)
[Performance] InitializeOnLoad BuildService                                                                                        :        2 samples, Peak.   110 us (1.0x), Avg.   108 us, Total. 216.8 us (0.0%)
[Performance] InitializeOnLoad AdsService                                                                                          :        2 samples, Peak.   264 us (1.0x), Avg.   262 us, Total. 524.4 us (0.0%)
[Performance] InitializeOnLoad UDPService                                                                                          :        2 samples, Peak.   109 us (1.0x), Avg.   106 us, Total. 212.5 us (0.0%)
[Performance] InitializeOnLoad CrashService                                                                                        :        2 samples, Peak.   107 us (1.0x), Avg.   106 us, Total. 211.8 us (0.0%)
[Performance] InitializeOnLoad ServicesRepository                                                                                  :        2 samples, Peak.   292 ns (1.3x), Avg.   230 ns, Total. 459.0 ns (0.0%)
[Performance] InitializeOnLoad SearchWindow                                                                                        :        2 samples, Peak.  98.4 us (1.1x), Avg.  86.0 us, Total. 172.1 us (0.0%)
[Performance] InitializeOnLoad CustomIndexers                                                                                      :        2 samples, Peak.  10.9 ms (1.1x), Avg.  9.81 ms, Total. 19.61 ms (0.1%)
[Performance] InitializeOnLoad SearchMonitor                                                                                       :        2 samples, Peak.   709 us (1.1x), Avg.   638 us, Total. 1.276 ms (0.0%)
[Performance] InitializeOnLoad ParameterControllerEditor                                                                           :        2 samples, Peak.  18.3 us (1.3x), Avg.  14.4 us, Total. 28.71 us (0.0%)
[Performance] InitializeOnLoad LayerSettingsWindow                                                                                 :        2 samples, Peak.  14.1 us (1.5x), Avg.  9.54 us, Total. 19.08 us (0.0%)
[Performance] InitializeOnLoad PackageManagerHookGUIDConverter.RegisterPackagesEventHandler                                        :        2 samples, Peak.   560 us (1.7x), Avg.   322 us, Total. 644.4 us (0.0%)
[Performance] InitializeOnLoad EditorDragAndDrop.RegisterEditorClient                                                              :        2 samples, Peak.   178 us (1.2x), Avg.   155 us, Total. 309.3 us (0.0%)
[Performance] InitializeOnLoad EditorEventCallbacks.InitializeFontAssetResourceChangeCallBacks                                     :        2 samples, Peak.   855 us (1.1x), Avg.   797 us, Total. 1.594 ms (0.0%)
[Performance] InitializeOnLoad SceneTemplateService.Init                                                                           :        2 samples, Peak.   850 us (1.2x), Avg.   733 us, Total. 1.467 ms (0.0%)
[Performance] InitializeOnLoad DiagnosticSwitchesConsoleMessage.Init                                                               :        2 samples, Peak.  2.34 ms (1.6x), Avg.  1.45 ms, Total. 2.901 ms (0.0%)
[Performance] InitializeOnLoad PackageManagerWindow.EditorInitializedInSafeMode                                                    :        2 samples, Peak.  18.6 ms (2.0x), Avg.  9.32 ms, Total. 18.65 ms (0.1%)
[Performance] InitializeOnLoad ToolShortcutContext.Init                                                                            :        2 samples, Peak.  90.2 us (1.0x), Avg.  89.1 us, Total. 178.1 us (0.0%)
[Performance] InitializeOnLoad MemoryProfilerCompilationGuard.InjectCompileGuard                                                   :        2 samples, Peak.   116 us (1.6x), Avg.  73.4 us, Total. 146.9 us (0.0%)
[Performance] InitializeOnLoad AssetPostprocessingInternal.RefreshCustomDependencies                                               :        2 samples, Peak.  2.35 ms (1.3x), Avg.  1.75 ms, Total. 3.492 ms (0.0%)
[Performance] InitializeOnLoad SysrootManager.Initialize                                                                           :        2 samples, Peak.   314 us (1.0x), Avg.   313 us, Total. 626.7 us (0.0%)
[Performance] InitializeOnLoad ScopedRegistryAddedPopup.SubscribeToRegistriesAdded                                                 :        2 samples, Peak.  5.32 ms (2.0x), Avg.  2.69 ms, Total. 5.387 ms (0.0%)
[Performance] InitializeOnLoad SceneVisibilityManager.Initialize                                                                   :        2 samples, Peak.  2.16 ms (1.6x), Avg.  1.36 ms, Total. 2.729 ms (0.0%)
[Performance] InitializeOnLoad EditorWindow.Initialize                                                                             :        2 samples, Peak.   148 us (1.0x), Avg.   146 us, Total. 292.8 us (0.0%)
[Performance] AssemblyReloadEvents.afterAssemblyReload: UnityEditor.SceneTemplate.SceneTemplateService.AfterAssemblyReload         :        2 samples, Peak.   706 us (1.6x), Avg.   451 us, Total. 902.1 us (0.0%)
[Performance] ProcessService.EditorAfterLoadAllAssemblies                                                                          :        2 samples, Peak.   217 us (1.1x), Avg.   189 us, Total. 378.7 us (0.0%)
[Performance] Application.ReadLicenseInfo                                                                                          :        1 samples, Peak.  12.6 ms (1.0x), Avg.  12.6 ms, Total. 12.64 ms (0.1%)
[Performance] Application.InitialRefresh                                                                                           :        1 samples, Peak.  5.19 s (1.0x), Avg.  5.19 s, Total. 5.190 s (27.2%)
[Performance] Compiling Scripts                                                                                                    :        1 samples, Peak.   940 ms (1.0x), Avg.   940 ms, Total. 940.1 ms (4.9%)
[Performance] AssemblyReloadEvents.beforeAssemblyReload: UnityEditor.SceneTemplate.SceneTemplateService.BeforeAssemblyReload       :        1 samples, Peak.   350 us (1.0x), Avg.   350 us, Total. 350.1 us (0.0%)
[Performance] InitializeOnLoad BurstLoader                                                                                         :        1 samples, Peak.   246 ms (1.0x), Avg.   246 ms, Total. 245.6 ms (1.3%)
[Performance] InitializeOnLoad EditorToolManager                                                                                   :        2 samples, Peak.  1.69 ms (1.9x), Avg.   900 us, Total. 1.801 ms (0.0%)
[Performance] InitializeOnLoad CopyStrippedAOTAssembliesHook                                                                       :        1 samples, Peak.  11.1 ms (1.0x), Avg.  11.1 ms, Total. 11.12 ms (0.1%)
[Performance] InitializeOnLoad GetIl2CppFolderHook                                                                                 :        1 samples, Peak.  1.87 ms (1.0x), Avg.  1.87 ms, Total. 1.872 ms (0.0%)
[Performance] InitializeOnLoad ShadowCasterGroup2DManager                                                                          :        1 samples, Peak.  51.1 us (1.0x), Avg.  51.1 us, Total. 51.12 us (0.0%)
[Performance] InitializeOnLoad ProbeGIBaking                                                                                       :        1 samples, Peak.  1.58 ms (1.0x), Avg.  1.58 ms, Total. 1.577 ms (0.0%)
[Performance] InitializeOnLoad FilterWindow                                                                                        :        1 samples, Peak.  23.7 us (1.0x), Avg.  23.7 us, Total. 23.75 us (0.0%)
[Performance] InitializeOnLoad RealtimeProbeSubdivisionDebug                                                                       :        1 samples, Peak.   119 us (1.0x), Avg.   119 us, Total. 119.3 us (0.0%)
[Performance] InitializeOnLoad NodeClassCache                                                                                      :        1 samples, Peak.  4.25 us (1.0x), Avg.  4.25 us, Total. 4.250 us (0.0%)
[Performance] InitializeOnLoad ShaderGraphMaterialsUpdater                                                                         :        2 samples, Peak.   224 us (1.7x), Avg.   131 us, Total. 262.5 us (0.0%)
[Performance] InitializeOnLoad Renderer2DAnalytics                                                                                 :        1 samples, Peak.  46.3 us (1.0x), Avg.  46.3 us, Total. 46.29 us (0.0%)
[Performance] InitializeOnLoad BackgroundWatcher                                                                                   :        1 samples, Peak.  72.7 us (1.0x), Avg.  72.7 us, Total. 72.71 us (0.0%)
[Performance] InitializeOnLoad UnityTestProtocolStarter                                                                            :        1 samples, Peak.   119 us (1.0x), Avg.   119 us, Total. 118.8 us (0.0%)
[Performance] InitializeOnLoad TestStarter                                                                                         :        1 samples, Peak.   429 us (1.0x), Avg.   429 us, Total. 429.0 us (0.0%)
[Performance] InitializeOnLoad RerunCallbackInitializer                                                                            :        1 samples, Peak.  1.42 ms (1.0x), Avg.  1.42 ms, Total. 1.423 ms (0.0%)
[Performance] InitializeOnLoad RiderScriptEditor                                                                                   :        1 samples, Peak.  49.3 ms (1.0x), Avg.  49.3 ms, Total. 49.32 ms (0.3%)
[Performance] InitializeOnLoad CallbackInitializer                                                                                 :        1 samples, Peak.   626 us (1.0x), Avg.   626 us, Total. 625.8 us (0.0%)
[Performance] InitializeOnLoad SpriteEditorWindow                                                                                  :        1 samples, Peak.   275 us (1.0x), Avg.   275 us, Total. 275.2 us (0.0%)
[Performance] InitializeOnLoad PlasticPlugin                                                                                       :        1 samples, Peak.  45.0 ms (1.0x), Avg.  45.0 ms, Total. 44.98 ms (0.2%)
[Performance] InitializeOnLoad ToolbarBootstrap                                                                                    :        1 samples, Peak.  41.7 ms (1.0x), Avg.  41.7 ms, Total. 41.66 ms (0.2%)
[Performance] InitializeOnLoad BackgroundImport                                                                                    :        1 samples, Peak.   120 us (1.0x), Avg.   120 us, Total. 119.5 us (0.0%)
[Performance] InitializeOnLoad McpEditorShutdownCleanup                                                                            :        1 samples, Peak.   551 us (1.0x), Avg.   551 us, Total. 550.5 us (0.0%)
[Performance] InitializeOnLoad ProjectAutoConnectMonitor                                                                           :        1 samples, Peak.  3.62 ms (1.0x), Avg.  3.62 ms, Total. 3.623 ms (0.0%)
[Performance] InitializeOnLoad EditorStateCache                                                                                    :        1 samples, Peak.  77.1 ms (1.0x), Avg.  77.1 ms, Total. 77.07 ms (0.4%)
[Performance] InitializeOnLoad StdioBridgeHost                                                                                     :        1 samples, Peak.   487 us (1.0x), Avg.   487 us, Total. 486.8 us (0.0%)
[Performance] InitializeOnLoad StdioBridgeReloadHandler                                                                            :        1 samples, Peak.   162 us (1.0x), Avg.   162 us, Total. 161.5 us (0.0%)
[Performance] InitializeOnLoad AssetGenJobManager                                                                                  :        1 samples, Peak.   505 us (1.0x), Avg.   505 us, Total. 504.8 us (0.0%)
[Performance] InitializeOnLoad LegacyServerSrcMigration                                                                            :        1 samples, Peak.  46.1 us (1.0x), Avg.  46.1 us, Total. 46.08 us (0.0%)
[Performance] InitializeOnLoad HttpAutoStartHandler                                                                                :        1 samples, Peak.  74.2 us (1.0x), Avg.  74.2 us, Total. 74.21 us (0.0%)
[Performance] InitializeOnLoad TransportCommandDispatcher                                                                          :        1 samples, Peak.   551 ms (1.0x), Avg.   551 ms, Total. 550.8 ms (2.9%)
[Performance] InitializeOnLoad PlayModeOptionsGuard                                                                                :        1 samples, Peak.   301 us (1.0x), Avg.   301 us, Total. 300.8 us (0.0%)
[Performance] InitializeOnLoad HttpBridgeReloadHandler                                                                             :        1 samples, Peak.   219 us (1.0x), Avg.   219 us, Total. 219.4 us (0.0%)
[Performance] InitializeOnLoad TestRunnerNoThrottle                                                                                :        1 samples, Peak.   356 us (1.0x), Avg.   356 us, Total. 356.3 us (0.0%)
[Performance] InitializeOnLoad StdIoVersionMigration                                                                               :        1 samples, Peak.  53.6 us (1.0x), Avg.  53.6 us, Total. 53.58 us (0.0%)
[Performance] InitializeOnLoad ProjectIdentityUtility                                                                              :        1 samples, Peak.   375 ns (1.0x), Avg.   375 ns, Total. 375.0 ns (0.0%)
[Performance] InitializeOnLoad SetupWindowService                                                                                  :        1 samples, Peak.  35.6 us (1.0x), Avg.  35.6 us, Total. 35.58 us (0.0%)
[Performance] InitializeOnLoad StartupConfigRewrite                                                                                :        1 samples, Peak.  53.2 us (1.0x), Avg.  53.2 us, Total. 53.17 us (0.0%)
[Performance] InitializeOnLoad VSUsageUtility                                                                                      :        1 samples, Peak.  7.48 ms (1.0x), Avg.  7.48 ms, Total. 7.485 ms (0.0%)
[Performance] InitializeOnLoad VisualStudioEditor                                                                                  :        1 samples, Peak.  4.12 ms (1.0x), Avg.  4.12 ms, Total. 4.121 ms (0.0%)
[Performance] InitializeOnLoad TestRunnerApiListener                                                                               :        1 samples, Peak.   259 us (1.0x), Avg.   259 us, Total. 259.0 us (0.0%)
[Performance] InitializeOnLoad VisualStudioIntegration                                                                             :        1 samples, Peak.   490 us (1.0x), Avg.   490 us, Total. 489.7 us (0.0%)
[Performance] InitializeOnLoad PrefabLayoutRebuilder                                                                               :        1 samples, Peak.   214 us (1.0x), Avg.   214 us, Total. 213.7 us (0.0%)
[Performance] InitializeOnLoad SpriteSkinCompositeStartup                                                                          :        1 samples, Peak.  8.74 ms (1.0x), Avg.  8.74 ms, Total. 8.741 ms (0.0%)
[Performance] InitializeOnLoad UnityAnalyticsStorage                                                                               :        1 samples, Peak.   266 us (1.0x), Avg.   266 us, Total. 265.6 us (0.0%)
[Performance] InitializeOnLoad BoneGizmoInitializer                                                                                :        1 samples, Peak.  1.86 ms (1.0x), Avg.  1.86 ms, Total. 1.858 ms (0.0%)
[Performance] InitializeOnLoad Analytics                                                                                           :        1 samples, Peak.   134 us (1.0x), Avg.   134 us, Total. 134.0 us (0.0%)
[Performance] InitializeOnLoad SceneDragAndDrop                                                                                    :        1 samples, Peak.   107 us (1.0x), Avg.   107 us, Total. 106.8 us (0.0%)
[Performance] InitializeOnLoad SpriteShapeUpdateCache                                                                              :        1 samples, Peak.   392 us (1.0x), Avg.   392 us, Total. 392.0 us (0.0%)
[Performance] InitializeOnLoad SpriteShapeUnityAnalyticsStorage                                                                    :        1 samples, Peak.  8.38 us (1.0x), Avg.  8.38 us, Total. 8.375 us (0.0%)
[Performance] InitializeOnLoad IKEditorManager.CreateInstance                                                                      :        1 samples, Peak.   915 us (1.0x), Avg.   915 us, Total. 915.3 us (0.0%)
[Performance] InitializeOnLoad $BurstDirectCallInitializer.Initialize                                                              :        7 samples, Peak.  15.0 ms (4.3x), Avg.  3.48 ms, Total. 24.38 ms (0.1%)
[Performance] InitializeOnLoad SceneViewGridManager.Initialize                                                                     :        1 samples, Peak.  2.64 ms (1.0x), Avg.  2.64 ms, Total. 2.638 ms (0.0%)
[Performance] InitializeOnLoad TilemapPrefabStageHelper.Initialize                                                                 :        1 samples, Peak.   725 us (1.0x), Avg.   725 us, Total. 725.3 us (0.0%)
[Performance] InitializeOnLoad SceneViewOpenTilePaletteHelper.Initialize                                                           :        1 samples, Peak.   505 us (1.0x), Avg.   505 us, Total. 505.0 us (0.0%)
[Performance] InitializeOnLoad TileDragAndDropManager.Initialize                                                                   :        1 samples, Peak.   286 us (1.0x), Avg.   286 us, Total. 285.7 us (0.0%)
[Performance] InitializeOnLoad VisualStudioEditor.LegacyVisualStudioCodePackageDisabler                                            :        1 samples, Peak.   674 us (1.0x), Avg.   674 us, Total. 673.9 us (0.0%)
[Performance] InitializeOnLoad MaterialReimporter.RegisterUpgraderReimport                                                         :        2 samples, Peak.   154 us (1.8x), Avg.  87.0 us, Total. 174.0 us (0.0%)
[Performance] InitializeOnLoad UnityReflect.OnLoad                                                                                 :        1 samples, Peak.   376 us (1.0x), Avg.   376 us, Total. 375.7 us (0.0%)
[Performance] InitializeOnLoad GetMenuItems.BuildCache                                                                             :        1 samples, Peak.  5.06 ms (1.0x), Avg.  5.06 ms, Total. 5.061 ms (0.0%)
[Performance] InitializeOnLoad ExecuteCode.OnDomainReload                                                                          :        1 samples, Peak.   292 us (1.0x), Avg.   292 us, Total. 292.3 us (0.0%)
[Performance] InitializeOnLoad McpLogRecord.RefreshFromPrefs                                                                       :        1 samples, Peak.  92.3 us (1.0x), Avg.  92.3 us, Total. 92.33 us (0.0%)
[Performance] InitializeOnLoad BackgroundImport.Setup                                                                              :        1 samples, Peak.   682 us (1.0x), Avg.   682 us, Total. 682.3 us (0.0%)
[Performance] InitializeOnLoad TestJobDataHolder.ResumeRunningJobs                                                                 :        1 samples, Peak.   593 us (1.0x), Avg.   593 us, Total. 592.9 us (0.0%)
[Performance] InitializeOnLoad AnalyticsReporter.RegisterCallbacks                                                                 :        1 samples, Peak.   160 us (1.0x), Avg.   160 us, Total. 160.0 us (0.0%)
[Performance] InitializeOnLoad DebugManagerWindowLifetimeAnalytic.SubscribeToDebugManagerOpenCloseWindows                          :        1 samples, Peak.   369 us (1.0x), Avg.   369 us, Total. 368.7 us (0.0%)
[Performance] InitializeOnLoad CoreRenderPipelinePreferences.InitPreferenceProviders                                               :        1 samples, Peak.  10.1 ms (1.0x), Avg.  10.1 ms, Total. 10.06 ms (0.1%)
[Performance] InitializeOnLoad VolumeGizmoDrawer.InitVolumeGizmoCallbacks                                                          :        1 samples, Peak.   252 us (1.0x), Avg.   252 us, Total. 252.2 us (0.0%)
[Performance] DidReloadScriptsTestRunnerWindow.CompilationCallback                                                                 :        1 samples, Peak.   134 us (1.0x), Avg.   134 us, Total. 133.6 us (0.0%)
[Performance] DidReloadScriptsTestListCache.ScriptReloaded                                                                         :        1 samples, Peak.   714 us (1.0x), Avg.   714 us, Total. 713.7 us (0.0%)
[Performance] DidReloadScriptsLookDev.OnEditorReload                                                                               :        1 samples, Peak.   141 us (1.0x), Avg.   141 us, Total. 140.9 us (0.0%)
[Performance] DidReloadScriptsDebugWindow.OnEditorReload                                                                           :        1 samples, Peak.  5.94 ms (1.0x), Avg.  5.94 ms, Total. 5.942 ms (0.0%)
[Performance] DidReloadScriptsVolumeComponentEditor.OnEditorReload                                                                 :        1 samples, Peak.  7.69 ms (1.0x), Avg.  7.69 ms, Total. 7.693 ms (0.0%)
[Performance] DidReloadScriptsAdvancedDropdownWindow.OnScriptReload                                                                :        1 samples, Peak.   149 us (1.0x), Avg.   149 us, Total. 149.2 us (0.0%)
[Performance] AssemblyReloadEvents.afterAssemblyReload: callback in MCPForUnity.Editor.Services.EditorStateCache                   :        1 samples, Peak.   317 us (1.0x), Avg.   317 us, Total. 317.0 us (0.0%)
[Performance] AssemblyReloadEvents.afterAssemblyReload: MCPForUnity.Editor.Services.StdioBridgeReloadHandler.OnAfterAssemblyReload :        1 samples, Peak.   547 us (1.0x), Avg.   547 us, Total. 547.3 us (0.0%)
[Performance] AssemblyReloadEvents.afterAssemblyReload: MCPForUnity.Editor.Services.HttpBridgeReloadHandler.OnAfterAssemblyReload  :        1 samples, Peak.  95.1 us (1.0x), Avg.  95.1 us, Total. 95.12 us (0.0%)
[Performance] AssemblyReloadEvents.afterAssemblyReload: UnityEditor.U2D.Animation.BoneGizmo.OnAfterAssemblyReload                  :        1 samples, Peak.   539 us (1.0x), Avg.   539 us, Total. 539.1 us (0.0%)
[Performance] AssemblyReloadEvents.afterAssemblyReload: MCPForUnity.Editor.Tools.UnityReflect.InvalidateCache                      :        1 samples, Peak.   286 us (1.0x), Avg.   286 us, Total. 286.2 us (0.0%)
[Performance] UniversalRenderPipelineGlobalSettingsPostprocessor.OnPostprocessAllAssets                                            :        2 samples, Peak.  1.20 ms (1.0x), Avg.  1.14 ms, Total. 2.285 ms (0.0%)
[Performance] SyncVS.PostprocessSyncProject                                                                                        :        1 samples, Peak.  1.48 ms (1.0x), Avg.  1.48 ms, Total. 1.477 ms (0.0%)
[Performance] Application.ImportPackagesAndSetTemplateWhenCreatingProject                                                          :        1 samples, Peak.  16.5 ms (1.0x), Avg.  16.5 ms, Total. 16.55 ms (0.1%)
[Performance] Application.SyncCurrentColorSpace                                                                                    :        1 samples, Peak.   103 ms (1.0x), Avg.   103 ms, Total. 102.6 ms (0.5%)
[Performance] Application.OnUsbDevicesChanged                                                                                      :        1 samples, Peak.   353 us (1.0x), Avg.   353 us, Total. 352.6 us (0.0%)
[Performance] Application.AssetInstanceCacheUpdate                                                                                 :        1 samples, Peak.   167 ns (1.0x), Avg.   167 ns, Total. 167.0 ns (0.0%)
[Performance] Application.UnityExtensions.Initialize                                                                               :        1 samples, Peak.  7.32 ms (1.0x), Avg.  7.32 ms, Total. 7.322 ms (0.0%)
[Performance] CodeEditorProjectSync.SyncEditorProject                                                                              :        1 samples, Peak.   134 ms (1.0x), Avg.   134 ms, Total. 134.3 ms (0.7%)
[Performance] Application.ExecuteStartups                                                                                          :        1 samples, Peak.  45.0 ms (1.0x), Avg.  45.0 ms, Total. 45.04 ms (0.2%)
[Performance] Menu.RegisterMenuInterface                                                                                           :       26 samples, Peak.   500 ns (3.7x), Avg.   136 ns, Total. 3.540 us (0.0%)
[Performance] Gizmo.RebuildRenderers                                                                                               :        1 samples, Peak.  43.7 ms (1.0x), Avg.  43.7 ms, Total. 43.74 ms (0.2%)
[Performance] Gizmo.AddGizmoRenderers                                                                                              :      127 samples, Peak.  1.17 ms (66.8x), Avg.  17.5 us, Total. 2.225 ms (0.0%)
[Performance] Application.editorInitializingProject                                                                                :        1 samples, Peak.  13.3 ms (1.0x), Avg.  13.3 ms, Total. 13.28 ms (0.1%)
[Performance] Application.InitializeMenu                                                                                           :        1 samples, Peak.  1.34 s (1.0x), Avg.  1.34 s, Total. 1.337 s (7.0%)
[Performance] Menu.RebuildAll                                                                                                      :        1 samples, Peak.  1.34 s (1.0x), Avg.  1.34 s, Total. 1.337 s (7.0%)
[Performance] Menu.BuildRegisteredMenuInterfaces                                                                                   :        1 samples, Peak.  1.33 s (1.0x), Avg.  1.33 s, Total. 1.332 s (7.0%)
[Performance] Menu.FilterMenuItem                                                                                                  :      746 samples, Peak.  67.8 ms (743.7x), Avg.  91.1 us, Total. 67.98 ms (0.4%)
[Performance] UpdateAllMenus                                                                                                       :        1 samples, Peak.   436 us (1.0x), Avg.   436 us, Total. 435.8 us (0.0%)
[Performance] EditorSceneManager.sceneClosing: UnityEditor.SceneVisibilityManager.EditorSceneManagerOnSceneClosing                 :        1 samples, Peak.   222 us (1.0x), Avg.   222 us, Total. 222.1 us (0.0%)
[Performance] GUIView.RepaintAll.PlayerLoopController                                                                              :        1 samples, Peak.   875 ns (1.0x), Avg.   875 ns, Total. 875.0 ns (0.0%)
[Performance] EditorSceneManager.newSceneCreated: UnityEditor.SceneTemplate.SceneTemplateService.OnNewSceneCreated                 :        1 samples, Peak.   199 us (1.0x), Avg.   199 us, Total. 199.5 us (0.0%)
[Performance] EditorSceneManager.newSceneCreated: UnityEditor.SceneVisibilityManager.EditorSceneManagerOnNewSceneCreated           :        1 samples, Peak.   127 us (1.0x), Avg.   127 us, Total. 126.9 us (0.0%)
[Performance] EditorSceneManager.newSceneCreated: UnityEditor.SceneManagement.StageNavigationManager.OnNewSceneCreated             :        1 samples, Peak.  41.5 us (1.0x), Avg.  41.5 us, Total. 41.46 us (0.0%)
[Performance] Application.InvokeFinishedLoadingProject                                                                             :        1 samples, Peak.  14.2 ms (1.0x), Avg.  14.2 ms, Total. 14.21 ms (0.1%)
[Performance] ProcessService.OnProjectLoaded                                                                                       :        1 samples, Peak.  42.2 us (1.0x), Avg.  42.2 us, Total. 42.21 us (0.0%)
[Performance] VersionControl.Task.Wait                                                                                             :        1 samples, Peak.  6.67 us (1.0x), Avg.  6.67 us, Total. 6.667 us (0.0%)
[Performance] EditorApplication.quitting: Unity.Burst.Editor.BurstLoader.OnEditorApplicationQuitting                               :        1 samples, Peak.  33.2 us (1.0x), Avg.  33.2 us, Total. 33.17 us (0.0%)
[Performance] EditorApplication.quitting: MCPForUnity.Editor.Services.McpEditorShutdownCleanup.OnEditorQuitting                    :        1 samples, Peak.   280 us (1.0x), Avg.   280 us, Total. 279.9 us (0.0%)
[Performance] EditorApplication.quitting: MCPForUnity.Editor.Services.StdioBridgeReloadHandler.CancelRetries                       :        1 samples, Peak.  48.3 us (1.0x), Avg.  48.3 us, Total. 48.33 us (0.0%)
[Performance] EditorApplication.quitting: UnityEditor.Tilemaps.SceneViewGridManager.EditorQuitting                                 :        1 samples, Peak.  59.3 us (1.0x), Avg.  59.3 us, Total. 59.33 us (0.0%)
[Performance] EditorApplication.quitting: callback in UnityEditor.TextCore.Text.EditorEventCallbacks                               :        1 samples, Peak.  8.95 ms (1.0x), Avg.  8.95 ms, Total. 8.947 ms (0.0%)
[Performance] Killing ADB server                                                                                                   :        1 samples, Peak.  35.4 ms (1.0x), Avg.  35.4 ms, Total. 35.42 ms (0.2%)
[Performance] Application.Shutdown.PauseProfilerSession                                                                            :        1 samples, Peak.  50.4 us (1.0x), Avg.  50.4 us, Total. 50.42 us (0.0%)
[Performance] Application.Shutdown.PauseAssetImportWorkers                                                                         :        1 samples, Peak.   387 us (1.0x), Avg.   387 us, Total. 386.6 us (0.0%)
[Performance] Application.Shutdown.SaveAssets                                                                                      :        1 samples, Peak.  8.60 ms (1.0x), Avg.  8.60 ms, Total. 8.599 ms (0.0%)
[Performance] PaletteAssetModificationProcessor.OnWillSaveAssets                                                                   :        1 samples, Peak.  1.51 ms (1.0x), Avg.  1.51 ms, Total. 1.509 ms (0.0%)
[Performance] StateMacroSavedEvent.OnWillSaveAssets                                                                                :        1 samples, Peak.   119 us (1.0x), Avg.   119 us, Total. 119.0 us (0.0%)
[Performance] FlowMacroSavedEvent.OnWillSaveAssets                                                                                 :        1 samples, Peak.  88.3 us (1.0x), Avg.  88.3 us, Total. 88.25 us (0.0%)
[Performance] AssetModificationProcessor.OnWillSaveAssets                                                                          :        1 samples, Peak.   221 us (1.0x), Avg.   221 us, Total. 220.6 us (0.0%)
[Performance] UnityCloudProjectLinkMonitor.OnWillSaveAssets                                                                        :        1 samples, Peak.   234 us (1.0x), Avg.   234 us, Total. 233.5 us (0.0%)
[Performance] BuilderAssetModificationProcessor.OnWillSaveAssets                                                                   :        1 samples, Peak.   327 us (1.0x), Avg.   327 us, Total. 327.2 us (0.0%)
[Performance] TerrainModificationProcessor.OnWillSaveAssets                                                                        :        1 samples, Peak.   449 us (1.0x), Avg.   449 us, Total. 449.1 us (0.0%)
[Performance] AssetDatabase.ImportAssets                                                                                           :        2 samples, Peak.   292 ns (1.6x), Avg.   187 ns, Total. 375.0 ns (0.0%)
[Performance] Application.Shutdown.CleanupRenderPipeline                                                                           :        1 samples, Peak.  2.83 us (1.0x), Avg.  2.83 us, Total. 2.834 us (0.0%)
[Performance] Application.Shutdown.StopPreloadManager                                                                              :        1 samples, Peak.  12.1 ms (1.0x), Avg.  12.1 ms, Total. 12.05 ms (0.1%)
[Performance] Application.Shutdown.DestroyWorld                                                                                    :        1 samples, Peak.   745 us (1.0x), Avg.   745 us, Total. 744.9 us (0.0%)
[Performance] Application.Shutdown.CleanupAfterLoad                                                                                :        1 samples, Peak.  5.18 ms (1.0x), Avg.  5.18 ms, Total. 5.181 ms (0.0%)
[Performance] Application.Shutdown.Progress                                                                                        :        1 samples, Peak.  10.8 us (1.0x), Avg.  10.8 us, Total. 10.79 us (0.0%)
[Performance] Application.Shutdown.GICleanupManagers                                                                               :        1 samples, Peak.   560 us (1.0x), Avg.   560 us, Total. 560.5 us (0.0%)
[Performance] Application.Shutdown.MenuCleanupClass                                                                                :        1 samples, Peak.   148 us (1.0x), Avg.   148 us, Total. 148.4 us (0.0%)
[Performance] Application.Shutdown.ADBSaveStateBeforeShutdown                                                                      :        1 samples, Peak.  10.2 us (1.0x), Avg.  10.2 us, Total. 10.21 us (0.0%)
[Performance] Application.Shutdown.RemoteShutdown                                                                                  :        1 samples, Peak.   583 ns (1.0x), Avg.   583 ns, Total. 583.0 ns (0.0%)
[Performance] Application.Shutdown.CleanupVCProvider                                                                               :        1 samples, Peak.  12.0 us (1.0x), Avg.  12.0 us, Total. 12.04 us (0.0%)
[Performance] Application.Shutdown.InputShutdown                                                                                   :        1 samples, Peak.   187 us (1.0x), Avg.   187 us, Total. 186.8 us (0.0%)
[Performance] Application.Shutdown.GizmoManagerDestroy                                                                             :        1 samples, Peak.   368 us (1.0x), Avg.   368 us, Total. 368.0 us (0.0%)
[Performance] Application.Shutdown.ProfilerSession                                                                                 :        1 samples, Peak.   137 us (1.0x), Avg.   137 us, Total. 136.8 us (0.0%)
[Performance] Application.Shutdown.ReleaseGfxWindowOnAllGUIViews                                                                   :        1 samples, Peak.  1.54 us (1.0x), Avg.  1.54 us, Total. 1.542 us (0.0%)
[Performance] Application.Shutdown.CleanupEngine                                                                                   :        1 samples, Peak.   148 ms (1.0x), Avg.   148 ms, Total. 148.0 ms (0.8%)
[Performance] Application.Shutdown.CleanupAssetDatabase                                                                            :        1 samples, Peak.  4.58 ms (1.0x), Avg.  4.58 ms, Total. 4.583 ms (0.0%)
[Performance] Application.Shutdown.ScriptCompilationCleanUp                                                                        :        1 samples, Peak.  16.4 us (1.0x), Avg.  16.4 us, Total. 16.42 us (0.0%)
[Performance] Application.Shutdown.DestroyJobSystem                                                                                :        1 samples, Peak.   264 us (1.0x), Avg.   264 us, Total. 264.3 us (0.0%)
[Performance] Application.Shutdown.CleanupPersistentManager                                                                        :        1 samples, Peak.  1.47 ms (1.0x), Avg.  1.47 ms, Total. 1.472 ms (0.0%)
[Performance] Application.Shutdown.CleanupAsyncReadManager                                                                         :        1 samples, Peak.   345 us (1.0x), Avg.   345 us, Total. 345.3 us (0.0%)
[Performance] Application.Shutdown.CleanupMono                                                                                     :        1 samples, Peak.  82.4 ms (1.0x), Avg.  82.4 ms, Total. 82.39 ms (0.4%)
[Performance] Application.Shutdown.CleanupStdConverters                                                                            :        1 samples, Peak.  11.0 us (1.0x), Avg.  11.0 us, Total. 11.04 us (0.0%)
[Performance] Application.Shutdown.UnloadAllPlatformSupportModuleNativeDlls                                                        :        1 samples, Peak.   458 ns (1.0x), Avg.   458 ns, Total. 458.0 ns (0.0%)
[Performance] Application.Shutdown.UnloadAllPlatformSupportNativeLibraries                                                         :        1 samples, Peak.  58.5 us (1.0x), Avg.  58.5 us, Total. 58.50 us (0.0%)
[Performance] Application.Shutdown.CleanupAutoDocumentation                                                                        :        1 samples, Peak.   125 us (1.0x), Avg.   125 us, Total. 125.2 us (0.0%)
[Performance] Application.Shutdown.ShaderNameManagerDestroy                                                                        :        1 samples, Peak.  30.3 us (1.0x), Avg.  30.3 us, Total. 30.33 us (0.0%)
[Performance] Application.Shutdown.CleanupCacheServer                                                                              :        1 samples, Peak.   167 ns (1.0x), Avg.   167 ns, Total. 167.0 ns (0.0%)
[Performance] Application.Shutdown.Virtualization_Shutdown                                                                         :        1 samples, Peak.   292 ns (1.0x), Avg.   292 ns, Total. 292.0 ns (0.0%)
[Performance] Application.Shutdown.DevConnections                                                                                  :        1 samples, Peak.  59.3 us (1.0x), Avg.  59.3 us, Total. 59.33 us (0.0%)
Exiting batchmode successfully now!
[Package Manager] Server::Kill -- Server was shutdown
