Unity Editor version:    2022.3.62f2 (7670c08855a9)
Branch:                  2022.3/respin/2022.3.62f2-4af31df585-v2
Build type:              Release
Batch mode:              YES
macOS version:           Version 26.5.2 (Build 25F84)
Darwin version:          25.5.0
Architecture:            arm64
Running under Rosetta:   NO
Available memory:        16384 MB
[Licensing::Module] Trying to connect to existing licensing client channel...
[Licensing::IpcConnector] Successfully connected to: "LicenseClient-ah" at "2026-08-28T15:07:06.192135Z"
[Licensing::Client] Code 10 while verifying Licensing Client signature (process Id: 1178, path: "/Applications/Unity Hub.app/Contents/Frameworks/UnityLicensingClient_V1.app/Contents/MacOS/Unity.Licensing.Client")
[Licensing::Module] LicensingClient has failed validation; ignoring
[Licensing::Client] Handshaking with LicensingClient:
  Version:                 1.17.4+4293ba1
  Session Id:              4b136288f3224ff0974f6caf7c800da3
  Correlation Id:          23bec5edb52c04c3c14770915b66c008
  External correlation Id: 6729215141764685226
  Machine Id:              QTbwZpmVHn8IER/kXaS7sHTplvE=
[Licensing::Module] Successfully connected to LicensingClient on channel: "LicenseClient-ah" (connect: 0.00s, validation: 0.01s, handshake: 0.31s)
[Licensing::IpcConnector] Successfully connected to: "LicenseClient-ah-notifications" at "2026-08-28T15:07:06.518273Z"
[Licensing::Module] Error: Access token is unavailable; failed to update
[Licensing::Client] Successfully updated license
[Licensing::Client] Successfully resolved entitlement details
[Licensing::Module] Serial number assigned to: "1375968193622-UnityPersXXXX"
Pro License: NO
[Licensing::Client] Successfully resolved entitlement details
Launching external process: /Applications/Unity/Hub/Editor/2022.3.62f2/Unity.app/Contents/Resources/PackageManager/Server/UnityPackageManager

COMMAND LINE ARGUMENTS:
/Applications/Unity/Hub/Editor/2022.3.62f2/Unity.app/Contents/MacOS/Unity
-projectPath
/Users/ah/GitHub/hybridclr/hybridclr_demo_shadow
-batchmode
-quit
-logFile
/Users/ah/GitHub/hybridclr/hybridclr_demo_shadow/_temp/UnityExec_20260828_080706.log
-executeMethod
AssemblyShadowBaseline.Editor.BaselineBuild.InstallRepeatability
Successfully changed project path to: /Users/ah/GitHub/hybridclr/hybridclr_demo_shadow
/Users/ah/GitHub/hybridclr/hybridclr_demo_shadow
[UnityMemory] Configuration Parameters - Can be set up in boot.config
    "memorysetup-bucket-allocator-granularity=16"
    "memorysetup-bucket-allocator-bucket-count=8"
    "memorysetup-bucket-allocator-block-size=33554432"
    "memorysetup-bucket-allocator-block-count=8"
    "memorysetup-main-allocator-block-size=16777216"
    "memorysetup-thread-allocator-block-size=16777216"
    "memorysetup-gfx-main-allocator-block-size=16777216"
    "memorysetup-gfx-thread-allocator-block-size=16777216"
    "memorysetup-cache-allocator-block-size=4194304"
    "memorysetup-typetree-allocator-block-size=2097152"
    "memorysetup-profiler-bucket-allocator-granularity=16"
    "memorysetup-profiler-bucket-allocator-bucket-count=8"
    "memorysetup-profiler-bucket-allocator-block-size=33554432"
    "memorysetup-profiler-bucket-allocator-block-count=8"
    "memorysetup-profiler-allocator-block-size=16777216"
    "memorysetup-profiler-editor-allocator-block-size=1048576"
    "memorysetup-temp-allocator-size-main=16777216"
    "memorysetup-job-temp-allocator-block-size=2097152"
    "memorysetup-job-temp-allocator-block-size-background=1048576"
    "memorysetup-job-temp-allocator-reduction-small-platforms=262144"
    "memorysetup-allocator-temp-initial-block-size-main=262144"
    "memorysetup-allocator-temp-initial-block-size-worker=262144"
    "memorysetup-temp-allocator-size-background-worker=32768"
    "memorysetup-temp-allocator-size-job-worker=262144"
    "memorysetup-temp-allocator-size-preload-manager=33554432"
    "memorysetup-temp-allocator-size-nav-mesh-worker=65536"
    "memorysetup-temp-allocator-size-audio-worker=65536"
    "memorysetup-temp-allocator-size-cloud-worker=32768"
    "memorysetup-temp-allocator-size-gi-baking-worker=262144"
    "memorysetup-temp-allocator-size-gfx=262144"
Player connection [8416632192]  Target information:

Player connection [8416632192]  * "[IP] 192.168.1.54 [Port] 55505 [Flags] 2 [Guid] 561499272 [EditorId] 561499272 [Version] 1048832 [Id] OSXEditor(0,Mac) [Debug] 1 [PackageName] OSXEditor [ProjectName] Editor" 

Player connection [8416632192] Host joined multi-casting on [225.0.0.222:54997]...
Player connection [8416632192] Host joined alternative multi-casting on [225.0.0.222:34997]...
Input System module state changed to: Initialized.
[PhysX] Initialized MultithreadedTaskDispatcher with 10 workers.
[Package Manager] UpmClient::Connect -- Connected to IPC stream "Upm-22028" after 0.5 seconds.
[Package Manager] Restoring resolved packages state from cache
[Licensing::Client] Successfully resolved entitlement details
[Package Manager] Registered 62 packages:
  Packages from [https://packages.unity.com]:
    com.unity.collab-proxy@2.7.1 (location: /Users/ah/GitHub/hybridclr/hybridclr_demo_shadow/Library/PackageCache/com.unity.collab-proxy@2.7.1)
    com.unity.ide.rider@3.0.36 (location: /Users/ah/GitHub/hybridclr/hybridclr_demo_shadow/Library/PackageCache/com.unity.ide.rider@3.0.36)
    com.unity.ide.visualstudio@2.0.22 (location: /Users/ah/GitHub/hybridclr/hybridclr_demo_shadow/Library/PackageCache/com.unity.ide.visualstudio@2.0.22)
    com.unity.test-framework@1.1.33 (location: /Users/ah/GitHub/hybridclr/hybridclr_demo_shadow/Library/PackageCache/com.unity.test-framework@1.1.33)
    com.unity.textmeshpro@3.0.7 (location: /Users/ah/GitHub/hybridclr/hybridclr_demo_shadow/Library/PackageCache/com.unity.textmeshpro@3.0.7)
    com.unity.timeline@1.7.7 (location: /Users/ah/GitHub/hybridclr/hybridclr_demo_shadow/Library/PackageCache/com.unity.timeline@1.7.7)
    com.unity.visualscripting@1.9.4 (location: /Users/ah/GitHub/hybridclr/hybridclr_demo_shadow/Library/PackageCache/com.unity.visualscripting@1.9.4)
    com.unity.ext.nunit@1.0.6 (location: /Users/ah/GitHub/hybridclr/hybridclr_demo_shadow/Library/PackageCache/com.unity.ext.nunit@1.0.6)
    com.unity.mathematics@1.2.6 (location: /Users/ah/GitHub/hybridclr/hybridclr_demo_shadow/Library/PackageCache/com.unity.mathematics@1.2.6)
    com.unity.burst@1.8.21 (location: /Users/ah/GitHub/hybridclr/hybridclr_demo_shadow/Library/PackageCache/com.unity.burst@1.8.21)
    com.unity.2d.animation@9.2.0 (location: /Users/ah/GitHub/hybridclr/hybridclr_demo_shadow/Library/PackageCache/com.unity.2d.animation@9.2.0)
    com.unity.2d.pixel-perfect@5.1.0 (location: /Users/ah/GitHub/hybridclr/hybridclr_demo_shadow/Library/PackageCache/com.unity.2d.pixel-perfect@5.1.0)
    com.unity.2d.psdimporter@8.1.0 (location: /Users/ah/GitHub/hybridclr/hybridclr_demo_shadow/Library/PackageCache/com.unity.2d.psdimporter@8.1.0)
    com.unity.2d.spriteshape@9.1.0 (location: /Users/ah/GitHub/hybridclr/hybridclr_demo_shadow/Library/PackageCache/com.unity.2d.spriteshape@9.1.0)
    com.unity.2d.tilemap.extras@3.1.3 (location: /Users/ah/GitHub/hybridclr/hybridclr_demo_shadow/Library/PackageCache/com.unity.2d.tilemap.extras@3.1.3)
    com.unity.2d.aseprite@1.1.9 (location: /Users/ah/GitHub/hybridclr/hybridclr_demo_shadow/Library/PackageCache/com.unity.2d.aseprite@1.1.9)
    com.unity.nuget.newtonsoft-json@3.2.1 (location: /Users/ah/GitHub/hybridclr/hybridclr_demo_shadow/Library/PackageCache/com.unity.nuget.newtonsoft-json@3.2.1)
    com.unity.searcher@4.9.2 (location: /Users/ah/GitHub/hybridclr/hybridclr_demo_shadow/Library/PackageCache/com.unity.searcher@4.9.2)
    com.unity.2d.common@8.1.0 (location: /Users/ah/GitHub/hybridclr/hybridclr_demo_shadow/Library/PackageCache/com.unity.2d.common@8.1.0)
    com.unity.collections@1.2.4 (location: /Users/ah/GitHub/hybridclr/hybridclr_demo_shadow/Library/PackageCache/com.unity.collections@1.2.4)
  Built-in packages:
    com.unity.feature.2d@2.0.1 (location: /Users/ah/GitHub/hybridclr/hybridclr_demo_shadow/Library/PackageCache/com.unity.feature.2d@2.0.1)
    com.unity.render-pipelines.universal@14.0.12 (location: /Users/ah/GitHub/hybridclr/hybridclr_demo_shadow/Library/PackageCache/com.unity.render-pipelines.universal@14.0.12)
    com.unity.ugui@1.0.0 (location: /Users/ah/GitHub/hybridclr/hybridclr_demo_shadow/Library/PackageCache/com.unity.ugui@1.0.0)
    com.unity.modules.ai@1.0.0 (location: /Users/ah/GitHub/hybridclr/hybridclr_demo_shadow/Library/PackageCache/com.unity.modules.ai@1.0.0)
    com.unity.modules.androidjni@1.0.0 (location: /Users/ah/GitHub/hybridclr/hybridclr_demo_shadow/Library/PackageCache/com.unity.modules.androidjni@1.0.0)
    com.unity.modules.animation@1.0.0 (location: /Users/ah/GitHub/hybridclr/hybridclr_demo_shadow/Library/PackageCache/com.unity.modules.animation@1.0.0)
    com.unity.modules.assetbundle@1.0.0 (location: /Users/ah/GitHub/hybridclr/hybridclr_demo_shadow/Library/PackageCache/com.unity.modules.assetbundle@1.0.0)
    com.unity.modules.audio@1.0.0 (location: /Users/ah/GitHub/hybridclr/hybridclr_demo_shadow/Library/PackageCache/com.unity.modules.audio@1.0.0)
    com.unity.modules.cloth@1.0.0 (location: /Users/ah/GitHub/hybridclr/hybridclr_demo_shadow/Library/PackageCache/com.unity.modules.cloth@1.0.0)
    com.unity.modules.director@1.0.0 (location: /Users/ah/GitHub/hybridclr/hybridclr_demo_shadow/Library/PackageCache/com.unity.modules.director@1.0.0)
    com.unity.modules.imageconversion@1.0.0 (location: /Users/ah/GitHub/hybridclr/hybridclr_demo_shadow/Library/PackageCache/com.unity.modules.imageconversion@1.0.0)
    com.unity.modules.imgui@1.0.0 (location: /Users/ah/GitHub/hybridclr/hybridclr_demo_shadow/Library/PackageCache/com.unity.modules.imgui@1.0.0)
    com.unity.modules.jsonserialize@1.0.0 (location: /Users/ah/GitHub/hybridclr/hybridclr_demo_shadow/Library/PackageCache/com.unity.modules.jsonserialize@1.0.0)
    com.unity.modules.particlesystem@1.0.0 (location: /Users/ah/GitHub/hybridclr/hybridclr_demo_shadow/Library/PackageCache/com.unity.modules.particlesystem@1.0.0)
    com.unity.modules.physics@1.0.0 (location: /Users/ah/GitHub/hybridclr/hybridclr_demo_shadow/Library/PackageCache/com.unity.modules.physics@1.0.0)
    com.unity.modules.physics2d@1.0.0 (location: /Users/ah/GitHub/hybridclr/hybridclr_demo_shadow/Library/PackageCache/com.unity.modules.physics2d@1.0.0)
    com.unity.modules.screencapture@1.0.0 (location: /Users/ah/GitHub/hybridclr/hybridclr_demo_shadow/Library/PackageCache/com.unity.modules.screencapture@1.0.0)
    com.unity.modules.terrain@1.0.0 (location: /Users/ah/GitHub/hybridclr/hybridclr_demo_shadow/Library/PackageCache/com.unity.modules.terrain@1.0.0)
    com.unity.modules.terrainphysics@1.0.0 (location: /Users/ah/GitHub/hybridclr/hybridclr_demo_shadow/Library/PackageCache/com.unity.modules.terrainphysics@1.0.0)
    com.unity.modules.tilemap@1.0.0 (location: /Users/ah/GitHub/hybridclr/hybridclr_demo_shadow/Library/PackageCache/com.unity.modules.tilemap@1.0.0)
    com.unity.modules.ui@1.0.0 (location: /Users/ah/GitHub/hybridclr/hybridclr_demo_shadow/Library/PackageCache/com.unity.modules.ui@1.0.0)
    com.unity.modules.uielements@1.0.0 (location: /Users/ah/GitHub/hybridclr/hybridclr_demo_shadow/Library/PackageCache/com.unity.modules.uielements@1.0.0)
    com.unity.modules.umbra@1.0.0 (location: /Users/ah/GitHub/hybridclr/hybridclr_demo_shadow/Library/PackageCache/com.unity.modules.umbra@1.0.0)
    com.unity.modules.unityanalytics@1.0.0 (location: /Users/ah/GitHub/hybridclr/hybridclr_demo_shadow/Library/PackageCache/com.unity.modules.unityanalytics@1.0.0)
    com.unity.modules.unitywebrequest@1.0.0 (location: /Users/ah/GitHub/hybridclr/hybridclr_demo_shadow/Library/PackageCache/com.unity.modules.unitywebrequest@1.0.0)
    com.unity.modules.unitywebrequestassetbundle@1.0.0 (location: /Users/ah/GitHub/hybridclr/hybridclr_demo_shadow/Library/PackageCache/com.unity.modules.unitywebrequestassetbundle@1.0.0)
    com.unity.modules.unitywebrequestaudio@1.0.0 (location: /Users/ah/GitHub/hybridclr/hybridclr_demo_shadow/Library/PackageCache/com.unity.modules.unitywebrequestaudio@1.0.0)
    com.unity.modules.unitywebrequesttexture@1.0.0 (location: /Users/ah/GitHub/hybridclr/hybridclr_demo_shadow/Library/PackageCache/com.unity.modules.unitywebrequesttexture@1.0.0)
    com.unity.modules.unitywebrequestwww@1.0.0 (location: /Users/ah/GitHub/hybridclr/hybridclr_demo_shadow/Library/PackageCache/com.unity.modules.unitywebrequestwww@1.0.0)
    com.unity.modules.vehicles@1.0.0 (location: /Users/ah/GitHub/hybridclr/hybridclr_demo_shadow/Library/PackageCache/com.unity.modules.vehicles@1.0.0)
    com.unity.modules.video@1.0.0 (location: /Users/ah/GitHub/hybridclr/hybridclr_demo_shadow/Library/PackageCache/com.unity.modules.video@1.0.0)
    com.unity.modules.vr@1.0.0 (location: /Users/ah/GitHub/hybridclr/hybridclr_demo_shadow/Library/PackageCache/com.unity.modules.vr@1.0.0)
    com.unity.modules.wind@1.0.0 (location: /Users/ah/GitHub/hybridclr/hybridclr_demo_shadow/Library/PackageCache/com.unity.modules.wind@1.0.0)
    com.unity.modules.xr@1.0.0 (location: /Users/ah/GitHub/hybridclr/hybridclr_demo_shadow/Library/PackageCache/com.unity.modules.xr@1.0.0)
    com.unity.modules.subsystems@1.0.0 (location: /Users/ah/GitHub/hybridclr/hybridclr_demo_shadow/Library/PackageCache/com.unity.modules.subsystems@1.0.0)
    com.unity.render-pipelines.core@14.0.12 (location: /Users/ah/GitHub/hybridclr/hybridclr_demo_shadow/Library/PackageCache/com.unity.render-pipelines.core@14.0.12)
    com.unity.shadergraph@14.0.12 (location: /Users/ah/GitHub/hybridclr/hybridclr_demo_shadow/Library/PackageCache/com.unity.shadergraph@14.0.12)
    com.unity.render-pipelines.universal-config@14.0.10 (location: /Users/ah/GitHub/hybridclr/hybridclr_demo_shadow/Library/PackageCache/com.unity.render-pipelines.universal-config@14.0.10)
    com.unity.2d.sprite@1.0.0 (location: /Users/ah/GitHub/hybridclr/hybridclr_demo_shadow/Library/PackageCache/com.unity.2d.sprite@1.0.0)
    com.unity.2d.tilemap@1.0.0 (location: /Users/ah/GitHub/hybridclr/hybridclr_demo_shadow/Library/PackageCache/com.unity.2d.tilemap@1.0.0)
  Embedded packages:
    com.coplaydev.unity-mcp@file:/Users/ah/GitHub/hybridclr/hybridclr_demo_shadow/Packages/com.coplaydev.unity-mcp (location: /Users/ah/GitHub/hybridclr/hybridclr_demo_shadow/Packages/com.coplaydev.unity-mcp)
  Local packages:
    com.code-philosophy.hybridclr@file:/Users/ah/GitHub/hybridclr/hybridclr_unity (location: /Users/ah/GitHub/hybridclr/hybridclr_unity)
[Subsystems] No new subsystems found in resolved package list.
Package Manager log level set to [2]
[Package Manager] Done registering packages in 0.14 seconds
Refreshing native plugins compatible for Editor in 18.16 ms, found 7 plugins.
Preloading 0 native plugins for Editor in 0.00 ms.
Initialize engine version: 2022.3.62f2 (7670c08855a9)
[Subsystems] Discovering subsystems at path /Applications/Unity/Hub/Editor/2022.3.62f2/Unity.app/Contents/Resources/UnitySubsystems
[Subsystems] Discovering subsystems at path /Users/ah/GitHub/hybridclr/hybridclr_demo_shadow/Assets
GfxDevice: creating device client; threaded=0; jobified=0
 preferred device: Apple M4 (high power)
Metal devices available: 1
0: Apple M4 (high power)
Using device Apple M4 (high power)
Initializing Metal device caps: Apple M4
[Licensing::Client] Successfully resolved entitlement details
Initialize mono
Mono path[0] = '/Applications/Unity/Hub/Editor/2022.3.62f2/Unity.app/Contents/Managed'
Mono path[1] = '/Applications/Unity/Hub/Editor/2022.3.62f2/Unity.app/Contents/MonoBleedingEdge/lib/mono/unityjit-macos'
Mono config path = '/Applications/Unity/Hub/Editor/2022.3.62f2/Unity.app/Contents/MonoBleedingEdge/etc'
Using monoOptions --debugger-agent=transport=dt_socket,embedding=1,server=y,suspend=n,address=127.0.0.1:56028
Using cacheserver namespaces - metadata:defaultmetadata, artifacts:defaultartifacts
Using cacheserver namespaces - metadata:defaultmetadata, artifacts:defaultartifacts
ImportWorker Server TCP listen port: 0
Begin MonoManager ReloadAssembly
Registering precompiled unity dll's ...
Register platform support module: /Applications/Unity/Hub/Editor/2022.3.62f2/Unity.app/Contents/PlaybackEngines/MacStandaloneSupport/UnityEditor.OSXStandalone.Extensions.dll
[Licensing::Client] Successfully resolved entitlement details
Register platform support module: /Applications/Unity/Hub/Editor/2022.3.62f2/PlaybackEngines/AndroidPlayer/UnityEditor.Android.Extensions.dll
[Licensing::Client] Successfully resolved entitlement details
Register platform support module: /Applications/Unity/Hub/Editor/2022.3.62f2/PlaybackEngines/iOSSupport/UnityEditor.iOS.Extensions.dll
Registered in 0.028442 seconds.
- Loaded All Assemblies, in  0.320 seconds
[usbmuxd] Start listen thread
[usbmuxd] Listen thread started
[usbmuxd] Send listen message
Native extension for iOS target not found
Native extension for Android target not found
Android Extension - Scanning For ADB Devices 191 ms
Native extension for OSXStandalone target not found
Mono: successfully reloaded assembly
- Finished resetting the current domain, in  0.471 seconds
Domain Reload Profiling: 791ms
	BeginReloadAssembly (87ms)
		ExecutionOrderSort (0ms)
		DisableScriptedObjects (0ms)
		BackupInstance (0ms)
		ReleaseScriptingObjects (0ms)
		CreateAndSetChildDomain (1ms)
	RebuildCommonClasses (28ms)
	RebuildNativeTypeToScriptingClass (10ms)
	initialDomainReloadingComplete (66ms)
	LoadAllAssembliesAndSetupDomain (130ms)
		LoadAssemblies (88ms)
		RebuildTransferFunctionScriptingTraits (0ms)
		AnalyzeDomain (127ms)
			TypeCache.Refresh (126ms)
				TypeCache.ScanAssembly (112ms)
			ScanForSourceGeneratedMonoScriptInfo (0ms)
			ResolveRequiredComponents (0ms)
	FinalizeReload (471ms)
		ReleaseScriptCaches (0ms)
		RebuildScriptCaches (0ms)
		SetupLoadedEditorAssemblies (433ms)
			LogAssemblyErrors (0ms)
			InitializePlatformSupportModulesInManaged (319ms)
			SetLoadedEditorAssemblies (3ms)
			RefreshPlugins (0ms)
			BeforeProcessingInitializeOnLoad (2ms)
			ProcessInitializeOnLoadAttributes (79ms)
			ProcessInitializeOnLoadMethodAttributes (30ms)
			AfterProcessingInitializeOnLoad (0ms)
			EditorAssembliesLoaded (0ms)
		ExecutionOrderSort2 (0ms)
		AwakeInstancesAfterBackupRestoration (0ms)
[Licensing::Client] Successfully resolved entitlement details
Application.AssetDatabase Initial Refresh Start
[40m[32minfo[39m[22m[49m: Microsoft.Hosting.Lifetime[14]
      Now listening on: http://unix:/tmp/ilpp.sock-6bfb419590cbbc64989d39d95a4e287a
[40m[32minfo[39m[22m[49m: Microsoft.Hosting.Lifetime[0]
      Application started. Press Ctrl+C to shut down.
[40m[32minfo[39m[22m[49m: Microsoft.Hosting.Lifetime[0]
      Hosting environment: Production
[40m[32minfo[39m[22m[49m: Microsoft.Hosting.Lifetime[0]
      Content root path: /Users/ah/GitHub/hybridclr/hybridclr_demo_shadow/
[40m[32minfo[39m[22m[49m: Microsoft.AspNetCore.Hosting.Diagnostics[1]
      Request starting HTTP/2 POST http://ilpp/UnityILPP.PostProcessing/Ping application/grpc -
[40m[32minfo[39m[22m[49m: Microsoft.AspNetCore.Routing.EndpointMiddleware[0]
      Executing endpoint 'gRPC - /UnityILPP.PostProcessing/Ping'
[40m[32minfo[39m[22m[49m: Microsoft.AspNetCore.Routing.EndpointMiddleware[1]
      Executed endpoint 'gRPC - /UnityILPP.PostProcessing/Ping'
[40m[32minfo[39m[22m[49m: Microsoft.AspNetCore.Hosting.Diagnostics[2]
      Request finished HTTP/2 POST http://ilpp/UnityILPP.PostProcessing/Ping application/grpc - - 200 - application/grpc 34.4160ms
Starting: /Applications/Unity/Hub/Editor/2022.3.62f2/Unity.app/Contents/bee_backend --ipc --defer-dag-verification --dagfile="Library/Bee/200b0aE.dag" --continue-on-failure --profile="Library/Bee/backend1.traceevents" ScriptAssemblies
WorkingDir: /Users/ah/GitHub/hybridclr/hybridclr_demo_shadow
ExitCode: 4 Duration: 0s19ms
[             ] Require frontend run.  Library/Bee/200b0aE.dag couldn't be loaded
DisplayProgressbar: Compiling Scripts
Starting: /Applications/Unity/Hub/Editor/2022.3.62f2/Unity.app/Contents/Tools/netcorerun/netcorerun "/Applications/Unity/Hub/Editor/2022.3.62f2/Unity.app/Contents/Tools/BuildPipeline/ScriptCompilationBuildProgram.exe" "Library/Bee/200b0aE.dag.json" "Library/Bee/200b0aE-inputdata.json" "Library/Bee/buildprogram0.traceevents"
WorkingDir: /Users/ah/GitHub/hybridclr/hybridclr_demo_shadow
ExitCode: 0 Duration: 0s995ms
Starting: /Applications/Unity/Hub/Editor/2022.3.62f2/Unity.app/Contents/bee_backend --ipc --defer-dag-verification --dagfile="Library/Bee/200b0aE.dag" --continue-on-failure --dagfilejson="Library/Bee/200b0aE.dag.json" --profile="Library/Bee/backend2.traceevents" ScriptAssemblies
WorkingDir: /Users/ah/GitHub/hybridclr/hybridclr_demo_shadow
[40m[32minfo[39m[22m[49m: Microsoft.AspNetCore.Hosting.Diagnostics[1]
      Request starting HTTP/2 POST http://ilpp/UnityILPP.PostProcessing/ConfigurePostProcessors application/grpc -
[40m[32minfo[39m[22m[49m: Microsoft.AspNetCore.Routing.EndpointMiddleware[0]
      Executing endpoint 'gRPC - /UnityILPP.PostProcessing/ConfigurePostProcessors'
[40m[1m[33mwarn[39m[22m[49m: Unity.ILPP.Runner.PostProcessingAssemblyLoadContext[0]
      Assembly unityeditor.ios.extensions.xcode has duplicate hint path. Ignoring "/Applications/Unity/Hub/Editor/2022.3.62f2/Unity.app/Contents/PlaybackEngines/MacStandaloneSupport/UnityEditor.iOS.Extensions.Xcode.dll" in favor of "/Applications/Unity/Hub/Editor/2022.3.62f2/PlaybackEngines/iOSSupport/UnityEditor.iOS.Extensions.Xcode.dll"
[40m[1m[33mwarn[39m[22m[49m: Unity.ILPP.Runner.PostProcessingAssemblyLoadContext[0]
      Assembly system.componentmodel.composition has duplicate hint path. Ignoring "/Applications/Unity/Hub/Editor/2022.3.62f2/Unity.app/Contents/NetStandard/compat/2.1.0/shims/netfx/System.ComponentModel.Composition.dll" in favor of "/Applications/Unity/Hub/Editor/2022.3.62f2/Unity.app/Contents/UnityReferenceAssemblies/unity-4.8-api/System.ComponentModel.Composition.dll"
[40m[1m[33mwarn[39m[22m[49m: Unity.ILPP.Runner.PostProcessingAssemblyLoadContext[0]
      Assembly system.runtime.interopservices.windowsruntime has duplicate hint path. Ignoring "/Applications/Unity/Hub/Editor/2022.3.62f2/Unity.app/Contents/NetStandard/Extensions/2.0.0/System.Runtime.InteropServices.WindowsRuntime.dll" in favor of "/Applications/Unity/Hub/Editor/2022.3.62f2/Unity.app/Contents/UnityReferenceAssemblies/unity-4.8-api/Facades/System.Runtime.InteropServices.WindowsRuntime.dll"
[40m[32minfo[39m[22m[49m: Unity.ILPP.Runner.PostProcessingAssemblyLoadContext[0]
      Resolved Unity.Burst.Cecil, Version=0.11.4.0, Culture=neutral, PublicKeyToken=50cebf1cceb9d05e with Library/PackageCache/com.unity.burst@1.8.21/Unity.Burst.CodeGen/Unity.Burst.Cecil.dll
[40m[32minfo[39m[22m[49m: Microsoft.AspNetCore.Routing.EndpointMiddleware[1]
      Executed endpoint 'gRPC - /UnityILPP.PostProcessing/ConfigurePostProcessors'
[40m[32minfo[39m[22m[49m: Microsoft.AspNetCore.Hosting.Diagnostics[2]
      Request finished HTTP/2 POST http://ilpp/UnityILPP.PostProcessing/ConfigurePostProcessors application/grpc - - 200 - application/grpc 28.3082ms
[40m[32minfo[39m[22m[49m: Microsoft.AspNetCore.Hosting.Diagnostics[1]
      Request starting HTTP/2 POST http://ilpp/UnityILPP.PostProcessing/PostProcessAssembly application/grpc -
[40m[32minfo[39m[22m[49m: Microsoft.AspNetCore.Routing.EndpointMiddleware[0]
      Executing endpoint 'gRPC - /UnityILPP.PostProcessing/PostProcessAssembly'
[40m[32minfo[39m[22m[49m: Unity.ILPP.Runner.PostProcessingPipeline[0]
      Processing assembly Library/Bee/artifacts/200b0aE.dag/AssemblyA.Implementation.Internal.dll, with 117 defines and 231 references
[40m[32minfo[39m[22m[49m: Unity.ILPP.Runner.PostProcessingPipeline[0]
      processors: HybridCLR.AssemblyShadow.CodeGen.ReflectionBindingsILPostProcessor, zzzUnity.Burst.CodeGen.BurstILPostProcessor
[40m[32minfo[39m[22m[49m: Unity.ILPP.Runner.PostProcessingPipeline[0]
      running HybridCLR.AssemblyShadow.CodeGen.ReflectionBindingsILPostProcessor
[40m[32minfo[39m[22m[49m: Unity.ILPP.Runner.PostProcessingPipeline[0]
      running zzzUnity.Burst.CodeGen.BurstILPostProcessor
[40m[32minfo[39m[22m[49m: Microsoft.AspNetCore.Hosting.Diagnostics[1]
      Request starting HTTP/2 POST http://ilpp/UnityILPP.PostProcessing/PostProcessAssembly application/grpc -
[40m[32minfo[39m[22m[49m: Microsoft.AspNetCore.Routing.EndpointMiddleware[0]
      Executing endpoint 'gRPC - /UnityILPP.PostProcessing/PostProcessAssembly'
[40m[32minfo[39m[22m[49m: Microsoft.AspNetCore.Routing.EndpointMiddleware[1]
      Executed endpoint 'gRPC - /UnityILPP.PostProcessing/PostProcessAssembly'
[40m[32minfo[39m[22m[49m: Microsoft.AspNetCore.Hosting.Diagnostics[2]
      Request finished HTTP/2 POST http://ilpp/UnityILPP.PostProcessing/PostProcessAssembly application/grpc - - 200 - application/grpc 28.3460ms
[40m[32minfo[39m[22m[49m: Microsoft.AspNetCore.Hosting.Diagnostics[1]
      Request starting HTTP/2 POST http://ilpp/UnityILPP.PostProcessing/PostProcessAssembly application/grpc -
[40m[32minfo[39m[22m[49m: Microsoft.AspNetCore.Hosting.Diagnostics[1]
      Request starting HTTP/2 POST http://ilpp/UnityILPP.PostProcessing/PostProcessAssembly application/grpc -
[40m[32minfo[39m[22m[49m: Microsoft.AspNetCore.Routing.EndpointMiddleware[0]
      Executing endpoint 'gRPC - /UnityILPP.PostProcessing/PostProcessAssembly'
[40m[32minfo[39m[22m[49m: Microsoft.AspNetCore.Routing.EndpointMiddleware[0]
      Executing endpoint 'gRPC - /UnityILPP.PostProcessing/PostProcessAssembly'
[40m[32minfo[39m[22m[49m: Unity.ILPP.Runner.PostProcessingPipeline[0]
      Processing assembly Library/Bee/artifacts/200b0aE.dag/AssemblyShadowDemo.ExtensibilityConsumer.dll, with 117 defines and 231 references
[40m[32minfo[39m[22m[49m: Unity.ILPP.Runner.PostProcessingPipeline[0]
      processors: HybridCLR.AssemblyShadow.CodeGen.ReflectionBindingsILPostProcessor, zzzUnity.Burst.CodeGen.BurstILPostProcessor
[40m[32minfo[39m[22m[49m: Unity.ILPP.Runner.PostProcessingPipeline[0]
      running HybridCLR.AssemblyShadow.CodeGen.ReflectionBindingsILPostProcessor
[40m[32minfo[39m[22m[49m: Unity.ILPP.Runner.PostProcessingPipeline[0]
      running zzzUnity.Burst.CodeGen.BurstILPostProcessor
[40m[32minfo[39m[22m[49m: Microsoft.AspNetCore.Routing.EndpointMiddleware[1]
      Executed endpoint 'gRPC - /UnityILPP.PostProcessing/PostProcessAssembly'
[40m[32minfo[39m[22m[49m: Microsoft.AspNetCore.Hosting.Diagnostics[2]
      Request finished HTTP/2 POST http://ilpp/UnityILPP.PostProcessing/PostProcessAssembly application/grpc - - 200 - application/grpc 14.8455ms
[40m[32minfo[39m[22m[49m: Unity.ILPP.Runner.PostProcessingPipeline[0]
      Processing assembly Library/Bee/artifacts/200b0aE.dag/Unity.2D.Common.Runtime.dll, with 117 defines and 230 references
[40m[32minfo[39m[22m[49m: Unity.ILPP.Runner.PostProcessingPipeline[0]
      processors: HybridCLR.AssemblyShadow.CodeGen.ReflectionBindingsILPostProcessor, zzzUnity.Burst.CodeGen.BurstILPostProcessor
[40m[32minfo[39m[22m[49m: Unity.ILPP.Runner.PostProcessingPipeline[0]
      running HybridCLR.AssemblyShadow.CodeGen.ReflectionBindingsILPostProcessor
[40m[32minfo[39m[22m[49m: Unity.ILPP.Runner.PostProcessingPipeline[0]
      running zzzUnity.Burst.CodeGen.BurstILPostProcessor
[40m[32minfo[39m[22m[49m: Microsoft.AspNetCore.Routing.EndpointMiddleware[1]
      Executed endpoint 'gRPC - /UnityILPP.PostProcessing/PostProcessAssembly'
[40m[32minfo[39m[22m[49m: Microsoft.AspNetCore.Hosting.Diagnostics[2]
      Request finished HTTP/2 POST http://ilpp/UnityILPP.PostProcessing/PostProcessAssembly application/grpc - - 200 - application/grpc 12.2853ms
[40m[32minfo[39m[22m[49m: Unity.ILPP.Runner.PostProcessingPipeline[0]
      Processing assembly Library/Bee/artifacts/200b0aE.dag/Unity.Mathematics.dll, with 117 defines and 229 references
[40m[32minfo[39m[22m[49m: Unity.ILPP.Runner.PostProcessingPipeline[0]
      processors: HybridCLR.AssemblyShadow.CodeGen.ReflectionBindingsILPostProcessor, zzzUnity.Burst.CodeGen.BurstILPostProcessor
[40m[32minfo[39m[22m[49m: Unity.ILPP.Runner.PostProcessingPipeline[0]
      running HybridCLR.AssemblyShadow.CodeGen.ReflectionBindingsILPostProcessor
[40m[32minfo[39m[22m[49m: Unity.ILPP.Runner.PostProcessingPipeline[0]
      running zzzUnity.Burst.CodeGen.BurstILPostProcessor
[40m[32minfo[39m[22m[49m: Microsoft.AspNetCore.Routing.EndpointMiddleware[1]
      Executed endpoint 'gRPC - /UnityILPP.PostProcessing/PostProcessAssembly'
[40m[32minfo[39m[22m[49m: Microsoft.AspNetCore.Hosting.Diagnostics[2]
      Request finished HTTP/2 POST http://ilpp/UnityILPP.PostProcessing/PostProcessAssembly application/grpc - - 200 - application/grpc 13.7226ms
[40m[32minfo[39m[22m[49m: Microsoft.AspNetCore.Hosting.Diagnostics[1]
      Request starting HTTP/2 POST http://ilpp/UnityILPP.PostProcessing/PostProcessAssembly application/grpc -
[40m[32minfo[39m[22m[49m: Microsoft.AspNetCore.Routing.EndpointMiddleware[0]
      Executing endpoint 'gRPC - /UnityILPP.PostProcessing/PostProcessAssembly'
[40m[32minfo[39m[22m[49m: Unity.ILPP.Runner.PostProcessingPipeline[0]
      Processing assembly Library/Bee/artifacts/200b0aE.dag/AssemblyShadowDemo.ContractsConsumer.dll, with 117 defines and 141 references
[40m[32minfo[39m[22m[49m: Unity.ILPP.Runner.PostProcessingPipeline[0]
      processors: HybridCLR.AssemblyShadow.CodeGen.ReflectionBindingsILPostProcessor, zzzUnity.Burst.CodeGen.BurstILPostProcessor
[40m[32minfo[39m[22m[49m: Unity.ILPP.Runner.PostProcessingPipeline[0]
      running HybridCLR.AssemblyShadow.CodeGen.ReflectionBindingsILPostProcessor
[40m[32minfo[39m[22m[49m: Unity.ILPP.Runner.PostProcessingPipeline[0]
      running zzzUnity.Burst.CodeGen.BurstILPostProcessor
[40m[32minfo[39m[22m[49m: Microsoft.AspNetCore.Hosting.Diagnostics[1]
      Request starting HTTP/2 POST http://ilpp/UnityILPP.PostProcessing/PostProcessAssembly application/grpc -
[40m[32minfo[39m[22m[49m: Microsoft.AspNetCore.Routing.EndpointMiddleware[0]
      Executing endpoint 'gRPC - /UnityILPP.PostProcessing/PostProcessAssembly'
[40m[32minfo[39m[22m[49m: Microsoft.AspNetCore.Routing.EndpointMiddleware[1]
      Executed endpoint 'gRPC - /UnityILPP.PostProcessing/PostProcessAssembly'
[40m[32minfo[39m[22m[49m: Microsoft.AspNetCore.Hosting.Diagnostics[2]
      Request finished HTTP/2 POST http://ilpp/UnityILPP.PostProcessing/PostProcessAssembly application/grpc - - 200 - application/grpc 20.2907ms
[40m[32minfo[39m[22m[49m: Unity.ILPP.Runner.PostProcessingPipeline[0]
      Processing assembly Library/Bee/artifacts/200b0aE.dag/AssemblyShadowBaseline.HotUpdate.dll, with 117 defines and 140 references
[40m[32minfo[39m[22m[49m: Unity.ILPP.Runner.PostProcessingPipeline[0]
      processors: HybridCLR.AssemblyShadow.CodeGen.ReflectionBindingsILPostProcessor, zzzUnity.Burst.CodeGen.BurstILPostProcessor
[40m[32minfo[39m[22m[49m: Unity.ILPP.Runner.PostProcessingPipeline[0]
      running HybridCLR.AssemblyShadow.CodeGen.ReflectionBindingsILPostProcessor
[40m[32minfo[39m[22m[49m: Unity.ILPP.Runner.PostProcessingPipeline[0]
      running zzzUnity.Burst.CodeGen.BurstILPostProcessor
[40m[32minfo[39m[22m[49m: Microsoft.AspNetCore.Routing.EndpointMiddleware[1]
      Executed endpoint 'gRPC - /UnityILPP.PostProcessing/PostProcessAssembly'
[40m[32minfo[39m[22m[49m: Microsoft.AspNetCore.Hosting.Diagnostics[2]
      Request finished HTTP/2 POST http://ilpp/UnityILPP.PostProcessing/PostProcessAssembly application/grpc - - 200 - application/grpc 2.1442ms
[40m[32minfo[39m[22m[49m: Microsoft.AspNetCore.Hosting.Diagnostics[1]
      Request starting HTTP/2 POST http://ilpp/UnityILPP.PostProcessing/PostProcessAssembly application/grpc -
[40m[32minfo[39m[22m[49m: Microsoft.AspNetCore.Routing.EndpointMiddleware[0]
      Executing endpoint 'gRPC - /UnityILPP.PostProcessing/PostProcessAssembly'
[40m[32minfo[39m[22m[49m: Microsoft.AspNetCore.Hosting.Diagnostics[1]
      Request starting HTTP/2 POST http://ilpp/UnityILPP.PostProcessing/PostProcessAssembly application/grpc -
[40m[32minfo[39m[22m[49m: Microsoft.AspNetCore.Routing.EndpointMiddleware[0]
      Executing endpoint 'gRPC - /UnityILPP.PostProcessing/PostProcessAssembly'
[40m[32minfo[39m[22m[49m: Unity.ILPP.Runner.PostProcessingPipeline[0]
      Processing assembly Library/Bee/artifacts/200b0aE.dag/Unity.Collections.dll, with 117 defines and 231 references
[40m[32minfo[39m[22m[49m: Unity.ILPP.Runner.PostProcessingPipeline[0]
      processors: HybridCLR.AssemblyShadow.CodeGen.ReflectionBindingsILPostProcessor, zzzUnity.Burst.CodeGen.BurstILPostProcessor
[40m[32minfo[39m[22m[49m: Unity.ILPP.Runner.PostProcessingPipeline[0]
      running HybridCLR.AssemblyShadow.CodeGen.ReflectionBindingsILPostProcessor
[40m[32minfo[39m[22m[49m: Unity.ILPP.Runner.PostProcessingPipeline[0]
      running zzzUnity.Burst.CodeGen.BurstILPostProcessor
[40m[32minfo[39m[22m[49m: Microsoft.AspNetCore.Hosting.Diagnostics[1]
      Request starting HTTP/2 POST http://ilpp/UnityILPP.PostProcessing/PostProcessAssembly application/grpc -
[40m[32minfo[39m[22m[49m: Microsoft.AspNetCore.Routing.EndpointMiddleware[0]
      Executing endpoint 'gRPC - /UnityILPP.PostProcessing/PostProcessAssembly'
[40m[32minfo[39m[22m[49m: Unity.ILPP.Runner.PostProcessingPipeline[0]
      Processing assembly Library/Bee/artifacts/200b0aE.dag/Unity.RenderPipelines.Core.Runtime.dll, with 119 defines and 229 references
[40m[32minfo[39m[22m[49m: Unity.ILPP.Runner.PostProcessingPipeline[0]
      processors: HybridCLR.AssemblyShadow.CodeGen.ReflectionBindingsILPostProcessor, zzzUnity.Burst.CodeGen.BurstILPostProcessor
[40m[32minfo[39m[22m[49m: Microsoft.AspNetCore.Hosting.Diagnostics[1]
      Request starting HTTP/2 POST http://ilpp/UnityILPP.PostProcessing/PostProcessAssembly application/grpc -
[40m[32minfo[39m[22m[49m: Microsoft.AspNetCore.Routing.EndpointMiddleware[0]
      Executing endpoint 'gRPC - /UnityILPP.PostProcessing/PostProcessAssembly'
[40m[32minfo[39m[22m[49m: Unity.ILPP.Runner.PostProcessingPipeline[0]
      running HybridCLR.AssemblyShadow.CodeGen.ReflectionBindingsILPostProcessor
[40m[32minfo[39m[22m[49m: Unity.ILPP.Runner.PostProcessingPipeline[0]
      running zzzUnity.Burst.CodeGen.BurstILPostProcessor
[40m[32minfo[39m[22m[49m: Unity.ILPP.Runner.PostProcessingPipeline[0]
      Processing assembly Library/Bee/artifacts/200b0aE.dag/Unity.RenderPipelines.Universal.2D.Internal.dll, with 117 defines and 229 references
[40m[32minfo[39m[22m[49m: Unity.ILPP.Runner.PostProcessingPipeline[0]
      processors: HybridCLR.AssemblyShadow.CodeGen.ReflectionBindingsILPostProcessor, zzzUnity.Burst.CodeGen.BurstILPostProcessor
[40m[32minfo[39m[22m[49m: Unity.ILPP.Runner.PostProcessingPipeline[0]
      running HybridCLR.AssemblyShadow.CodeGen.ReflectionBindingsILPostProcessor
[40m[32minfo[39m[22m[49m: Unity.ILPP.Runner.PostProcessingPipeline[0]
      running zzzUnity.Burst.CodeGen.BurstILPostProcessor
[40m[32minfo[39m[22m[49m: Unity.ILPP.Runner.PostProcessingPipeline[0]
      Processing assembly Library/Bee/artifacts/200b0aE.dag/Unity.Burst.dll, with 117 defines and 218 references
[40m[32minfo[39m[22m[49m: Unity.ILPP.Runner.PostProcessingPipeline[0]
      processors: HybridCLR.AssemblyShadow.CodeGen.ReflectionBindingsILPostProcessor, zzzUnity.Burst.CodeGen.BurstILPostProcessor
[40m[32minfo[39m[22m[49m: Microsoft.AspNetCore.Routing.EndpointMiddleware[1]
      Executed endpoint 'gRPC - /UnityILPP.PostProcessing/PostProcessAssembly'
[40m[32minfo[39m[22m[49m: Microsoft.AspNetCore.Hosting.Diagnostics[2]
      Request finished HTTP/2 POST http://ilpp/UnityILPP.PostProcessing/PostProcessAssembly application/grpc - - 200 - application/grpc 10.3235ms
[40m[32minfo[39m[22m[49m: Unity.ILPP.Runner.PostProcessingPipeline[0]
      running HybridCLR.AssemblyShadow.CodeGen.ReflectionBindingsILPostProcessor
[40m[32minfo[39m[22m[49m: Unity.ILPP.Runner.PostProcessingPipeline[0]
      running zzzUnity.Burst.CodeGen.BurstILPostProcessor
[40m[32minfo[39m[22m[49m: Microsoft.AspNetCore.Routing.EndpointMiddleware[1]
      Executed endpoint 'gRPC - /UnityILPP.PostProcessing/PostProcessAssembly'
[40m[32minfo[39m[22m[49m: Microsoft.AspNetCore.Hosting.Diagnostics[2]
      Request finished HTTP/2 POST http://ilpp/UnityILPP.PostProcessing/PostProcessAssembly application/grpc - - 200 - application/grpc 5.2955ms
[40m[32minfo[39m[22m[49m: Microsoft.AspNetCore.Routing.EndpointMiddleware[1]
      Executed endpoint 'gRPC - /UnityILPP.PostProcessing/PostProcessAssembly'
[40m[32minfo[39m[22m[49m: Microsoft.AspNetCore.Hosting.Diagnostics[2]
      Request finished HTTP/2 POST http://ilpp/UnityILPP.PostProcessing/PostProcessAssembly application/grpc - - 200 - application/grpc 9.6178ms
[40m[32minfo[39m[22m[49m: Microsoft.AspNetCore.Hosting.Diagnostics[1]
      Request starting HTTP/2 POST http://ilpp/UnityILPP.PostProcessing/PostProcessAssembly application/grpc -
[40m[32minfo[39m[22m[49m: Microsoft.AspNetCore.Routing.EndpointMiddleware[0]
      Executing endpoint 'gRPC - /UnityILPP.PostProcessing/PostProcessAssembly'
[40m[32minfo[39m[22m[49m: Unity.ILPP.Runner.PostProcessingPipeline[0]
      Processing assembly Library/Bee/artifacts/200b0aE.dag/AssemblyShadowBaseline.Aot.dll, with 117 defines and 230 references
[40m[32minfo[39m[22m[49m: Unity.ILPP.Runner.PostProcessingPipeline[0]
      processors: HybridCLR.AssemblyShadow.CodeGen.ReflectionBindingsILPostProcessor, zzzUnity.Burst.CodeGen.BurstILPostProcessor
[40m[32minfo[39m[22m[49m: Unity.ILPP.Runner.PostProcessingPipeline[0]
      running HybridCLR.AssemblyShadow.CodeGen.ReflectionBindingsILPostProcessor
[40m[32minfo[39m[22m[49m: Unity.ILPP.Runner.PostProcessingPipeline[0]
      running zzzUnity.Burst.CodeGen.BurstILPostProcessor
[40m[32minfo[39m[22m[49m: Microsoft.AspNetCore.Routing.EndpointMiddleware[1]
      Executed endpoint 'gRPC - /UnityILPP.PostProcessing/PostProcessAssembly'
[40m[32minfo[39m[22m[49m: Microsoft.AspNetCore.Hosting.Diagnostics[2]
      Request finished HTTP/2 POST http://ilpp/UnityILPP.PostProcessing/PostProcessAssembly application/grpc - - 200 - application/grpc 7.0714ms
[40m[32minfo[39m[22m[49m: Microsoft.AspNetCore.Hosting.Diagnostics[1]
      Request starting HTTP/2 POST http://ilpp/UnityILPP.PostProcessing/PostProcessAssembly application/grpc -
[40m[32minfo[39m[22m[49m: Microsoft.AspNetCore.Routing.EndpointMiddleware[0]
      Executing endpoint 'gRPC - /UnityILPP.PostProcessing/PostProcessAssembly'
[40m[32minfo[39m[22m[49m: Unity.ILPP.Runner.PostProcessingPipeline[0]
      Processing assembly Library/Bee/artifacts/200b0aE.dag/MCPForUnity.Runtime.dll, with 117 defines and 218 references
[40m[32minfo[39m[22m[49m: Unity.ILPP.Runner.PostProcessingPipeline[0]
      processors: HybridCLR.AssemblyShadow.CodeGen.ReflectionBindingsILPostProcessor, zzzUnity.Burst.CodeGen.BurstILPostProcessor
[40m[32minfo[39m[22m[49m: Unity.ILPP.Runner.PostProcessingPipeline[0]
      running HybridCLR.AssemblyShadow.CodeGen.ReflectionBindingsILPostProcessor
[40m[32minfo[39m[22m[49m: Unity.ILPP.Runner.PostProcessingPipeline[0]
      running zzzUnity.Burst.CodeGen.BurstILPostProcessor
[40m[32minfo[39m[22m[49m: Microsoft.AspNetCore.Routing.EndpointMiddleware[1]
      Executed endpoint 'gRPC - /UnityILPP.PostProcessing/PostProcessAssembly'
[40m[32minfo[39m[22m[49m: Microsoft.AspNetCore.Hosting.Diagnostics[2]
      Request finished HTTP/2 POST http://ilpp/UnityILPP.PostProcessing/PostProcessAssembly application/grpc - - 200 - application/grpc 5.1622ms
[40m[32minfo[39m[22m[49m: Microsoft.AspNetCore.Hosting.Diagnostics[1]
      Request starting HTTP/2 POST http://ilpp/UnityILPP.PostProcessing/PostProcessAssembly application/grpc -
[40m[32minfo[39m[22m[49m: Microsoft.AspNetCore.Routing.EndpointMiddleware[0]
      Executing endpoint 'gRPC - /UnityILPP.PostProcessing/PostProcessAssembly'
[40m[32minfo[39m[22m[49m: Unity.ILPP.Runner.PostProcessingPipeline[0]
      Processing assembly Library/Bee/artifacts/200b0aE.dag/Assembly-CSharp.dll, with 117 defines and 275 references
[40m[32minfo[39m[22m[49m: Unity.ILPP.Runner.PostProcessingPipeline[0]
      processors: HybridCLR.AssemblyShadow.CodeGen.ReflectionBindingsILPostProcessor, zzzUnity.Burst.CodeGen.BurstILPostProcessor
[40m[32minfo[39m[22m[49m: Unity.ILPP.Runner.PostProcessingPipeline[0]
      running HybridCLR.AssemblyShadow.CodeGen.ReflectionBindingsILPostProcessor
[40m[32minfo[39m[22m[49m: Unity.ILPP.Runner.PostProcessingPipeline[0]
      running zzzUnity.Burst.CodeGen.BurstILPostProcessor
[40m[32minfo[39m[22m[49m: Unity.ILPP.Runner.PostProcessingAssemblyLoadContext[0]
      Resolved Unity.Burst.Cecil.Rocks, Version=0.11.4.0, Culture=neutral, PublicKeyToken=50cebf1cceb9d05e with Library/PackageCache/com.unity.burst@1.8.21/Unity.Burst.CodeGen/Unity.Burst.Cecil.Rocks.dll
[40m[32minfo[39m[22m[49m: Microsoft.AspNetCore.Routing.EndpointMiddleware[1]
      Executed endpoint 'gRPC - /UnityILPP.PostProcessing/PostProcessAssembly'
[40m[32minfo[39m[22m[49m: Microsoft.AspNetCore.Hosting.Diagnostics[2]
      Request finished HTTP/2 POST http://ilpp/UnityILPP.PostProcessing/PostProcessAssembly application/grpc - - 200 - application/grpc 80.1482ms
[40m[32minfo[39m[22m[49m: Microsoft.AspNetCore.Hosting.Diagnostics[1]
      Request starting HTTP/2 POST http://ilpp/UnityILPP.PostProcessing/PostProcessAssembly application/grpc -
[40m[32minfo[39m[22m[49m: Microsoft.AspNetCore.Routing.EndpointMiddleware[0]
      Executing endpoint 'gRPC - /UnityILPP.PostProcessing/PostProcessAssembly'
[40m[32minfo[39m[22m[49m: Microsoft.AspNetCore.Hosting.Diagnostics[1]
      Request starting HTTP/2 POST http://ilpp/UnityILPP.PostProcessing/PostProcessAssembly application/grpc -
[40m[32minfo[39m[22m[49m: Microsoft.AspNetCore.Hosting.Diagnostics[1]
      Request starting HTTP/2 POST http://ilpp/UnityILPP.PostProcessing/PostProcessAssembly application/grpc -
[40m[32minfo[39m[22m[49m: Microsoft.AspNetCore.Routing.EndpointMiddleware[0]
      Executing endpoint 'gRPC - /UnityILPP.PostProcessing/PostProcessAssembly'
[40m[32minfo[39m[22m[49m: Microsoft.AspNetCore.Routing.EndpointMiddleware[0]
      Executing endpoint 'gRPC - /UnityILPP.PostProcessing/PostProcessAssembly'
[40m[32minfo[39m[22m[49m: Unity.ILPP.Runner.PostProcessingPipeline[0]
      Processing assembly Library/Bee/artifacts/200b0aE.dag/Unity.VisualScripting.Core.dll, with 120 defines and 229 references
[40m[32minfo[39m[22m[49m: Unity.ILPP.Runner.PostProcessingPipeline[0]
      processors: HybridCLR.AssemblyShadow.CodeGen.ReflectionBindingsILPostProcessor, zzzUnity.Burst.CodeGen.BurstILPostProcessor
[40m[32minfo[39m[22m[49m: Unity.ILPP.Runner.PostProcessingPipeline[0]
      running HybridCLR.AssemblyShadow.CodeGen.ReflectionBindingsILPostProcessor
[40m[32minfo[39m[22m[49m: Unity.ILPP.Runner.PostProcessingPipeline[0]
      running zzzUnity.Burst.CodeGen.BurstILPostProcessor
[40m[32minfo[39m[22m[49m: Unity.ILPP.Runner.PostProcessingPipeline[0]
      Processing assembly Library/Bee/artifacts/200b0aE.dag/Unity.2D.IK.Runtime.dll, with 117 defines and 230 references
[40m[32minfo[39m[22m[49m: Unity.ILPP.Runner.PostProcessingPipeline[0]
      processors: HybridCLR.AssemblyShadow.CodeGen.ReflectionBindingsILPostProcessor, zzzUnity.Burst.CodeGen.BurstILPostProcessor
[40m[32minfo[39m[22m[49m: Unity.ILPP.Runner.PostProcessingPipeline[0]
      running HybridCLR.AssemblyShadow.CodeGen.ReflectionBindingsILPostProcessor
[40m[32minfo[39m[22m[49m: Unity.ILPP.Runner.PostProcessingPipeline[0]
      running zzzUnity.Burst.CodeGen.BurstILPostProcessor
[40m[32minfo[39m[22m[49m: Unity.ILPP.Runner.PostProcessingPipeline[0]
      Processing assembly Library/Bee/artifacts/200b0aE.dag/Unity.2D.Animation.Runtime.dll, with 117 defines and 234 references
[40m[32minfo[39m[22m[49m: Unity.ILPP.Runner.PostProcessingPipeline[0]
      processors: HybridCLR.AssemblyShadow.CodeGen.ReflectionBindingsILPostProcessor, zzzUnity.Burst.CodeGen.BurstILPostProcessor
[40m[32minfo[39m[22m[49m: Unity.ILPP.Runner.PostProcessingPipeline[0]
      running HybridCLR.AssemblyShadow.CodeGen.ReflectionBindingsILPostProcessor
[40m[32minfo[39m[22m[49m: Unity.ILPP.Runner.PostProcessingPipeline[0]
      running zzzUnity.Burst.CodeGen.BurstILPostProcessor
[40m[32minfo[39m[22m[49m: Microsoft.AspNetCore.Routing.EndpointMiddleware[1]
      Executed endpoint 'gRPC - /UnityILPP.PostProcessing/PostProcessAssembly'
[40m[32minfo[39m[22m[49m: Microsoft.AspNetCore.Hosting.Diagnostics[2]
      Request finished HTTP/2 POST http://ilpp/UnityILPP.PostProcessing/PostProcessAssembly application/grpc - - 200 - application/grpc 20.7972ms
[40m[32minfo[39m[22m[49m: Microsoft.AspNetCore.Routing.EndpointMiddleware[1]
      Executed endpoint 'gRPC - /UnityILPP.PostProcessing/PostProcessAssembly'
[40m[32minfo[39m[22m[49m: Microsoft.AspNetCore.Hosting.Diagnostics[2]
      Request finished HTTP/2 POST http://ilpp/UnityILPP.PostProcessing/PostProcessAssembly application/grpc - - 200 - application/grpc 17.6454ms
[40m[32minfo[39m[22m[49m: Microsoft.AspNetCore.Hosting.Diagnostics[1]
      Request starting HTTP/2 POST http://ilpp/UnityILPP.PostProcessing/PostProcessAssembly application/grpc -
[40m[32minfo[39m[22m[49m: Microsoft.AspNetCore.Hosting.Diagnostics[1]
      Request starting HTTP/2 POST http://ilpp/UnityILPP.PostProcessing/PostProcessAssembly application/grpc -
[40m[32minfo[39m[22m[49m: Microsoft.AspNetCore.Routing.EndpointMiddleware[0]
      Executing endpoint 'gRPC - /UnityILPP.PostProcessing/PostProcessAssembly'
[40m[32minfo[39m[22m[49m: Microsoft.AspNetCore.Routing.EndpointMiddleware[0]
      Executing endpoint 'gRPC - /UnityILPP.PostProcessing/PostProcessAssembly'
[40m[32minfo[39m[22m[49m: Unity.ILPP.Runner.PostProcessingPipeline[0]
      Processing assembly Library/Bee/artifacts/200b0aE.dag/Unity.Timeline.dll, with 118 defines and 229 references
[40m[32minfo[39m[22m[49m: Unity.ILPP.Runner.PostProcessingPipeline[0]
      processors: HybridCLR.AssemblyShadow.CodeGen.ReflectionBindingsILPostProcessor, zzzUnity.Burst.CodeGen.BurstILPostProcessor
[40m[32minfo[39m[22m[49m: Unity.ILPP.Runner.PostProcessingPipeline[0]
      running HybridCLR.AssemblyShadow.CodeGen.ReflectionBindingsILPostProcessor
[40m[32minfo[39m[22m[49m: Unity.ILPP.Runner.PostProcessingPipeline[0]
      running zzzUnity.Burst.CodeGen.BurstILPostProcessor
[40m[32minfo[39m[22m[49m: Unity.ILPP.Runner.PostProcessingPipeline[0]
      Processing assembly Library/Bee/artifacts/200b0aE.dag/Unity.InternalAPIEngineBridge.001.dll, with 117 defines and 229 references
[40m[32minfo[39m[22m[49m: Unity.ILPP.Runner.PostProcessingPipeline[0]
      processors: HybridCLR.AssemblyShadow.CodeGen.ReflectionBindingsILPostProcessor, zzzUnity.Burst.CodeGen.BurstILPostProcessor
[40m[32minfo[39m[22m[49m: Unity.ILPP.Runner.PostProcessingPipeline[0]
      running HybridCLR.AssemblyShadow.CodeGen.ReflectionBindingsILPostProcessor
[40m[32minfo[39m[22m[49m: Unity.ILPP.Runner.PostProcessingPipeline[0]
      running zzzUnity.Burst.CodeGen.BurstILPostProcessor
[40m[32minfo[39m[22m[49m: Microsoft.AspNetCore.Routing.EndpointMiddleware[1]
      Executed endpoint 'gRPC - /UnityILPP.PostProcessing/PostProcessAssembly'
[40m[32minfo[39m[22m[49m: Microsoft.AspNetCore.Hosting.Diagnostics[2]
      Request finished HTTP/2 POST http://ilpp/UnityILPP.PostProcessing/PostProcessAssembly application/grpc - - 200 - application/grpc 4.3741ms
[40m[32minfo[39m[22m[49m: Microsoft.AspNetCore.Routing.EndpointMiddleware[1]
      Executed endpoint 'gRPC - /UnityILPP.PostProcessing/PostProcessAssembly'
[40m[32minfo[39m[22m[49m: Microsoft.AspNetCore.Hosting.Diagnostics[2]
      Request finished HTTP/2 POST http://ilpp/UnityILPP.PostProcessing/PostProcessAssembly application/grpc - - 200 - application/grpc 5.1667ms
[40m[32minfo[39m[22m[49m: Microsoft.AspNetCore.Hosting.Diagnostics[1]
      Request starting HTTP/2 POST http://ilpp/UnityILPP.PostProcessing/PostProcessAssembly application/grpc -
[40m[32minfo[39m[22m[49m: Microsoft.AspNetCore.Routing.EndpointMiddleware[0]
      Executing endpoint 'gRPC - /UnityILPP.PostProcessing/PostProcessAssembly'
[40m[32minfo[39m[22m[49m: Unity.ILPP.Runner.PostProcessingPipeline[0]
      Processing assembly Library/Bee/artifacts/200b0aE.dag/Unity.VisualScripting.Flow.dll, with 122 defines and 230 references
[40m[32minfo[39m[22m[49m: Unity.ILPP.Runner.PostProcessingPipeline[0]
      processors: HybridCLR.AssemblyShadow.CodeGen.ReflectionBindingsILPostProcessor, zzzUnity.Burst.CodeGen.BurstILPostProcessor
[40m[32minfo[39m[22m[49m: Unity.ILPP.Runner.PostProcessingPipeline[0]
      running HybridCLR.AssemblyShadow.CodeGen.ReflectionBindingsILPostProcessor
[40m[32minfo[39m[22m[49m: Unity.ILPP.Runner.PostProcessingPipeline[0]
      running zzzUnity.Burst.CodeGen.BurstILPostProcessor
[40m[32minfo[39m[22m[49m: Microsoft.AspNetCore.Routing.EndpointMiddleware[1]
      Executed endpoint 'gRPC - /UnityILPP.PostProcessing/PostProcessAssembly'
[40m[32minfo[39m[22m[49m: Microsoft.AspNetCore.Hosting.Diagnostics[2]
      Request finished HTTP/2 POST http://ilpp/UnityILPP.PostProcessing/PostProcessAssembly application/grpc - - 200 - application/grpc 11.2091ms
[40m[32minfo[39m[22m[49m: Microsoft.AspNetCore.Hosting.Diagnostics[1]
      Request starting HTTP/2 POST http://ilpp/UnityILPP.PostProcessing/PostProcessAssembly application/grpc -
[40m[32minfo[39m[22m[49m: Microsoft.AspNetCore.Routing.EndpointMiddleware[0]
      Executing endpoint 'gRPC - /UnityILPP.PostProcessing/PostProcessAssembly'
[40m[32minfo[39m[22m[49m: Unity.ILPP.Runner.PostProcessingPipeline[0]
      Processing assembly Library/Bee/artifacts/200b0aE.dag/Unity.RenderPipeline.Universal.ShaderLibrary.dll, with 117 defines and 230 references
[40m[32minfo[39m[22m[49m: Unity.ILPP.Runner.PostProcessingPipeline[0]
      processors: HybridCLR.AssemblyShadow.CodeGen.ReflectionBindingsILPostProcessor, zzzUnity.Burst.CodeGen.BurstILPostProcessor
[40m[32minfo[39m[22m[49m: Microsoft.AspNetCore.Hosting.Diagnostics[1]
      Request starting HTTP/2 POST http://ilpp/UnityILPP.PostProcessing/PostProcessAssembly application/grpc -
[40m[32minfo[39m[22m[49m: Microsoft.AspNetCore.Routing.EndpointMiddleware[0]
      Executing endpoint 'gRPC - /UnityILPP.PostProcessing/PostProcessAssembly'
[40m[32minfo[39m[22m[49m: Unity.ILPP.Runner.PostProcessingPipeline[0]
      running HybridCLR.AssemblyShadow.CodeGen.ReflectionBindingsILPostProcessor
[40m[32minfo[39m[22m[49m: Unity.ILPP.Runner.PostProcessingPipeline[0]
      running zzzUnity.Burst.CodeGen.BurstILPostProcessor
[40m[32minfo[39m[22m[49m: Microsoft.AspNetCore.Hosting.Diagnostics[1]
      Request starting HTTP/2 POST http://ilpp/UnityILPP.PostProcessing/PostProcessAssembly application/grpc -
[40m[32minfo[39m[22m[49m: Microsoft.AspNetCore.Routing.EndpointMiddleware[0]
      Executing endpoint 'gRPC - /UnityILPP.PostProcessing/PostProcessAssembly'
[40m[32minfo[39m[22m[49m: Microsoft.AspNetCore.Routing.EndpointMiddleware[1]
      Executed endpoint 'gRPC - /UnityILPP.PostProcessing/PostProcessAssembly'
[40m[32minfo[39m[22m[49m: Microsoft.AspNetCore.Hosting.Diagnostics[2]
      Request finished HTTP/2 POST http://ilpp/UnityILPP.PostProcessing/PostProcessAssembly application/grpc - - 200 - application/grpc 14.8995ms
[40m[32minfo[39m[22m[49m: Unity.ILPP.Runner.PostProcessingPipeline[0]
      Processing assembly Library/Bee/artifacts/200b0aE.dag/Unity.RenderPipelines.Universal.Shaders.dll, with 117 defines and 229 references
[40m[32minfo[39m[22m[49m: Unity.ILPP.Runner.PostProcessingPipeline[0]
      processors: HybridCLR.AssemblyShadow.CodeGen.ReflectionBindingsILPostProcessor, zzzUnity.Burst.CodeGen.BurstILPostProcessor
[40m[32minfo[39m[22m[49m: Unity.ILPP.Runner.PostProcessingPipeline[0]
      running HybridCLR.AssemblyShadow.CodeGen.ReflectionBindingsILPostProcessor
[40m[32minfo[39m[22m[49m: Unity.ILPP.Runner.PostProcessingPipeline[0]
      running zzzUnity.Burst.CodeGen.BurstILPostProcessor
[40m[32minfo[39m[22m[49m: Microsoft.AspNetCore.Hosting.Diagnostics[1]
      Request starting HTTP/2 POST http://ilpp/UnityILPP.PostProcessing/PostProcessAssembly application/grpc -
[40m[32minfo[39m[22m[49m: Microsoft.AspNetCore.Routing.EndpointMiddleware[0]
      Executing endpoint 'gRPC - /UnityILPP.PostProcessing/PostProcessAssembly'
[40m[32minfo[39m[22m[49m: Microsoft.AspNetCore.Routing.EndpointMiddleware[1]
      Executed endpoint 'gRPC - /UnityILPP.PostProcessing/PostProcessAssembly'
[40m[32minfo[39m[22m[49m: Microsoft.AspNetCore.Hosting.Diagnostics[2]
      Request finished HTTP/2 POST http://ilpp/UnityILPP.PostProcessing/PostProcessAssembly application/grpc - - 200 - application/grpc 4.9280ms
[40m[32minfo[39m[22m[49m: Unity.ILPP.Runner.PostProcessingPipeline[0]
      Processing assembly Library/Bee/artifacts/200b0aE.dag/Unity.RenderPipelines.Core.ShaderLibrary.dll, with 117 defines and 229 references
[40m[32minfo[39m[22m[49m: Unity.ILPP.Runner.PostProcessingPipeline[0]
      processors: HybridCLR.AssemblyShadow.CodeGen.ReflectionBindingsILPostProcessor, zzzUnity.Burst.CodeGen.BurstILPostProcessor
[40m[32minfo[39m[22m[49m: Unity.ILPP.Runner.PostProcessingPipeline[0]
      running HybridCLR.AssemblyShadow.CodeGen.ReflectionBindingsILPostProcessor
[40m[32minfo[39m[22m[49m: Unity.ILPP.Runner.PostProcessingPipeline[0]
      running zzzUnity.Burst.CodeGen.BurstILPostProcessor
[40m[32minfo[39m[22m[49m: Microsoft.AspNetCore.Routing.EndpointMiddleware[1]
      Executed endpoint 'gRPC - /UnityILPP.PostProcessing/PostProcessAssembly'
[40m[32minfo[39m[22m[49m: Microsoft.AspNetCore.Hosting.Diagnostics[2]
      Request finished HTTP/2 POST http://ilpp/UnityILPP.PostProcessing/PostProcessAssembly application/grpc - - 200 - application/grpc 32.2793ms
[40m[32minfo[39m[22m[49m: Microsoft.AspNetCore.Hosting.Diagnostics[1]
      Request starting HTTP/2 POST http://ilpp/UnityILPP.PostProcessing/PostProcessAssembly application/grpc -
[40m[32minfo[39m[22m[49m: Microsoft.AspNetCore.Hosting.Diagnostics[1]
      Request starting HTTP/2 POST http://ilpp/UnityILPP.PostProcessing/PostProcessAssembly application/grpc -
[40m[32minfo[39m[22m[49m: Microsoft.AspNetCore.Routing.EndpointMiddleware[0]
      Executing endpoint 'gRPC - /UnityILPP.PostProcessing/PostProcessAssembly'
[40m[32minfo[39m[22m[49m: Microsoft.AspNetCore.Routing.EndpointMiddleware[0]
      Executing endpoint 'gRPC - /UnityILPP.PostProcessing/PostProcessAssembly'
[40m[32minfo[39m[22m[49m: Microsoft.AspNetCore.Hosting.Diagnostics[1]
      Request starting HTTP/2 POST http://ilpp/UnityILPP.PostProcessing/PostProcessAssembly application/grpc -
[40m[32minfo[39m[22m[49m: Microsoft.AspNetCore.Routing.EndpointMiddleware[0]
      Executing endpoint 'gRPC - /UnityILPP.PostProcessing/PostProcessAssembly'
[40m[32minfo[39m[22m[49m: Unity.ILPP.Runner.PostProcessingPipeline[0]
      Processing assembly Library/Bee/artifacts/200b0aE.dag/UnityEngine.UI.dll, with 122 defines and 227 references
[40m[32minfo[39m[22m[49m: Unity.ILPP.Runner.PostProcessingPipeline[0]
      Processing assembly Library/Bee/artifacts/200b0aE.dag/AssemblyA.Implementation.Extensibility.dll, with 117 defines and 230 references
[40m[32minfo[39m[22m[49m: Unity.ILPP.Runner.PostProcessingPipeline[0]
      processors: HybridCLR.AssemblyShadow.CodeGen.ReflectionBindingsILPostProcessor, zzzUnity.Burst.CodeGen.BurstILPostProcessor
[40m[32minfo[39m[22m[49m: Unity.ILPP.Runner.PostProcessingPipeline[0]
      processors: HybridCLR.AssemblyShadow.CodeGen.ReflectionBindingsILPostProcessor, zzzUnity.Burst.CodeGen.BurstILPostProcessor
[40m[32minfo[39m[22m[49m: Unity.ILPP.Runner.PostProcessingPipeline[0]
      Processing assembly Library/Bee/artifacts/200b0aE.dag/AssemblyShadowDemo.Bootstrap.dll, with 117 defines and 232 references
[40m[32minfo[39m[22m[49m: Unity.ILPP.Runner.PostProcessingPipeline[0]
      processors: HybridCLR.AssemblyShadow.CodeGen.ReflectionBindingsILPostProcessor, zzzUnity.Burst.CodeGen.BurstILPostProcessor
[40m[32minfo[39m[22m[49m: Unity.ILPP.Runner.PostProcessingPipeline[0]
      running HybridCLR.AssemblyShadow.CodeGen.ReflectionBindingsILPostProcessor
[40m[32minfo[39m[22m[49m: Unity.ILPP.Runner.PostProcessingPipeline[0]
      running zzzUnity.Burst.CodeGen.BurstILPostProcessor
[40m[32minfo[39m[22m[49m: Unity.ILPP.Runner.PostProcessingPipeline[0]
      Processing assembly Library/Bee/artifacts/200b0aE.dag/Unity.2D.Tilemap.Extras.dll, with 117 defines and 229 references
[40m[32minfo[39m[22m[49m: Unity.ILPP.Runner.PostProcessingPipeline[0]
      processors: HybridCLR.AssemblyShadow.CodeGen.ReflectionBindingsILPostProcessor, zzzUnity.Burst.CodeGen.BurstILPostProcessor
[40m[32minfo[39m[22m[49m: Unity.ILPP.Runner.PostProcessingPipeline[0]
      running HybridCLR.AssemblyShadow.CodeGen.ReflectionBindingsILPostProcessor
[40m[32minfo[39m[22m[49m: Unity.ILPP.Runner.PostProcessingPipeline[0]
      running zzzUnity.Burst.CodeGen.BurstILPostProcessor
[40m[32minfo[39m[22m[49m: Unity.ILPP.Runner.PostProcessingPipeline[0]
      running HybridCLR.AssemblyShadow.CodeGen.ReflectionBindingsILPostProcessor
[40m[32minfo[39m[22m[49m: Unity.ILPP.Runner.PostProcessingPipeline[0]
      running zzzUnity.Burst.CodeGen.BurstILPostProcessor
[40m[32minfo[39m[22m[49m: Microsoft.AspNetCore.Routing.EndpointMiddleware[1]
      Executed endpoint 'gRPC - /UnityILPP.PostProcessing/PostProcessAssembly'
[40m[32minfo[39m[22m[49m: Microsoft.AspNetCore.Hosting.Diagnostics[2]
      Request finished HTTP/2 POST http://ilpp/UnityILPP.PostProcessing/PostProcessAssembly application/grpc - - 200 - application/grpc 2.3440ms
[40m[32minfo[39m[22m[49m: Unity.ILPP.Runner.PostProcessingPipeline[0]
      running HybridCLR.AssemblyShadow.CodeGen.ReflectionBindingsILPostProcessor
[40m[32minfo[39m[22m[49m: Unity.ILPP.Runner.PostProcessingPipeline[0]
      running zzzUnity.Burst.CodeGen.BurstILPostProcessor
[40m[32minfo[39m[22m[49m: Microsoft.AspNetCore.Routing.EndpointMiddleware[1]
      Executed endpoint 'gRPC - /UnityILPP.PostProcessing/PostProcessAssembly'
[40m[32minfo[39m[22m[49m: Microsoft.AspNetCore.Hosting.Diagnostics[2]
      Request finished HTTP/2 POST http://ilpp/UnityILPP.PostProcessing/PostProcessAssembly application/grpc - - 200 - application/grpc 26.0109ms
[40m[32minfo[39m[22m[49m: Microsoft.AspNetCore.Routing.EndpointMiddleware[1]
      Executed endpoint 'gRPC - /UnityILPP.PostProcessing/PostProcessAssembly'
[40m[32minfo[39m[22m[49m: Microsoft.AspNetCore.Hosting.Diagnostics[2]
      Request finished HTTP/2 POST http://ilpp/UnityILPP.PostProcessing/PostProcessAssembly application/grpc - - 200 - application/grpc 3.3829ms
[40m[32minfo[39m[22m[49m: Microsoft.AspNetCore.Routing.EndpointMiddleware[1]
      Executed endpoint 'gRPC - /UnityILPP.PostProcessing/PostProcessAssembly'
[40m[32minfo[39m[22m[49m: Microsoft.AspNetCore.Hosting.Diagnostics[2]
      Request finished HTTP/2 POST http://ilpp/UnityILPP.PostProcessing/PostProcessAssembly application/grpc - - 200 - application/grpc 3.7524ms
[40m[32minfo[39m[22m[49m: Microsoft.AspNetCore.Hosting.Diagnostics[1]
      Request starting HTTP/2 POST http://ilpp/UnityILPP.PostProcessing/PostProcessAssembly application/grpc -
[40m[32minfo[39m[22m[49m: Microsoft.AspNetCore.Routing.EndpointMiddleware[0]
      Executing endpoint 'gRPC - /UnityILPP.PostProcessing/PostProcessAssembly'
[40m[32minfo[39m[22m[49m: Unity.ILPP.Runner.PostProcessingPipeline[0]
      Processing assembly Library/Bee/artifacts/200b0aE.dag/HybridCLR.Runtime.dll, with 117 defines and 229 references
[40m[32minfo[39m[22m[49m: Unity.ILPP.Runner.PostProcessingPipeline[0]
      processors: HybridCLR.AssemblyShadow.CodeGen.ReflectionBindingsILPostProcessor, zzzUnity.Burst.CodeGen.BurstILPostProcessor
[40m[32minfo[39m[22m[49m: Unity.ILPP.Runner.PostProcessingPipeline[0]
      running HybridCLR.AssemblyShadow.CodeGen.ReflectionBindingsILPostProcessor
[40m[32minfo[39m[22m[49m: Unity.ILPP.Runner.PostProcessingPipeline[0]
      running zzzUnity.Burst.CodeGen.BurstILPostProcessor
[40m[32minfo[39m[22m[49m: Microsoft.AspNetCore.Routing.EndpointMiddleware[1]
      Executed endpoint 'gRPC - /UnityILPP.PostProcessing/PostProcessAssembly'
[40m[32minfo[39m[22m[49m: Microsoft.AspNetCore.Hosting.Diagnostics[2]
      Request finished HTTP/2 POST http://ilpp/UnityILPP.PostProcessing/PostProcessAssembly application/grpc - - 200 - application/grpc 1.0989ms
[40m[32minfo[39m[22m[49m: Microsoft.AspNetCore.Routing.EndpointMiddleware[1]
      Executed endpoint 'gRPC - /UnityILPP.PostProcessing/PostProcessAssembly'
[40m[32minfo[39m[22m[49m: Microsoft.AspNetCore.Hosting.Diagnostics[2]
      Request finished HTTP/2 POST http://ilpp/UnityILPP.PostProcessing/PostProcessAssembly application/grpc - - 200 - application/grpc 378.4171ms
[40m[32minfo[39m[22m[49m: Microsoft.AspNetCore.Routing.EndpointMiddleware[1]
      Executed endpoint 'gRPC - /UnityILPP.PostProcessing/PostProcessAssembly'
[40m[32minfo[39m[22m[49m: Microsoft.AspNetCore.Hosting.Diagnostics[2]
      Request finished HTTP/2 POST http://ilpp/UnityILPP.PostProcessing/PostProcessAssembly application/grpc - - 200 - application/grpc 604.5176ms
[40m[32minfo[39m[22m[49m: Microsoft.AspNetCore.Hosting.Diagnostics[1]
      Request starting HTTP/2 POST http://ilpp/UnityILPP.PostProcessing/PostProcessAssembly application/grpc -
[40m[32minfo[39m[22m[49m: Microsoft.AspNetCore.Routing.EndpointMiddleware[0]
      Executing endpoint 'gRPC - /UnityILPP.PostProcessing/PostProcessAssembly'
[40m[32minfo[39m[22m[49m: Microsoft.AspNetCore.Hosting.Diagnostics[1]
      Request starting HTTP/2 POST http://ilpp/UnityILPP.PostProcessing/PostProcessAssembly application/grpc -
[40m[32minfo[39m[22m[49m: Microsoft.AspNetCore.Routing.EndpointMiddleware[0]
      Executing endpoint 'gRPC - /UnityILPP.PostProcessing/PostProcessAssembly'
[40m[32minfo[39m[22m[49m: Microsoft.AspNetCore.Hosting.Diagnostics[1]
      Request starting HTTP/2 POST http://ilpp/UnityILPP.PostProcessing/PostProcessAssembly application/grpc -
[40m[32minfo[39m[22m[49m: Microsoft.AspNetCore.Routing.EndpointMiddleware[0]
      Executing endpoint 'gRPC - /UnityILPP.PostProcessing/PostProcessAssembly'
[40m[32minfo[39m[22m[49m: Unity.ILPP.Runner.PostProcessingPipeline[0]
      Processing assembly Library/Bee/artifacts/200b0aE.dag/AssemblyA.Contracts.dll, with 117 defines and 140 references
[40m[32minfo[39m[22m[49m: Unity.ILPP.Runner.PostProcessingPipeline[0]
      processors: HybridCLR.AssemblyShadow.CodeGen.ReflectionBindingsILPostProcessor, zzzUnity.Burst.CodeGen.BurstILPostProcessor
[40m[32minfo[39m[22m[49m: Unity.ILPP.Runner.PostProcessingPipeline[0]
      running HybridCLR.AssemblyShadow.CodeGen.ReflectionBindingsILPostProcessor
[40m[32minfo[39m[22m[49m: Unity.ILPP.Runner.PostProcessingPipeline[0]
      running zzzUnity.Burst.CodeGen.BurstILPostProcessor
[40m[32minfo[39m[22m[49m: Unity.ILPP.Runner.PostProcessingPipeline[0]
      Processing assembly Library/Bee/artifacts/200b0aE.dag/Unity.RenderPipelines.ShaderGraph.ShaderGraphLibrary.dll, with 117 defines and 229 references
[40m[32minfo[39m[22m[49m: Unity.ILPP.Runner.PostProcessingPipeline[0]
      processors: HybridCLR.AssemblyShadow.CodeGen.ReflectionBindingsILPostProcessor, zzzUnity.Burst.CodeGen.BurstILPostProcessor
[40m[32minfo[39m[22m[49m: Microsoft.AspNetCore.Hosting.Diagnostics[1]
      Request starting HTTP/2 POST http://ilpp/UnityILPP.PostProcessing/PostProcessAssembly application/grpc -
[40m[32minfo[39m[22m[49m: Microsoft.AspNetCore.Routing.EndpointMiddleware[0]
      Executing endpoint 'gRPC - /UnityILPP.PostProcessing/PostProcessAssembly'
[40m[32minfo[39m[22m[49m: Unity.ILPP.Runner.PostProcessingPipeline[0]
      running HybridCLR.AssemblyShadow.CodeGen.ReflectionBindingsILPostProcessor
[40m[32minfo[39m[22m[49m: Unity.ILPP.Runner.PostProcessingPipeline[0]
      running zzzUnity.Burst.CodeGen.BurstILPostProcessor
[40m[32minfo[39m[22m[49m: Microsoft.AspNetCore.Hosting.Diagnostics[1]
      Request starting HTTP/2 POST http://ilpp/UnityILPP.PostProcessing/PostProcessAssembly application/grpc -
[40m[32minfo[39m[22m[49m: Microsoft.AspNetCore.Routing.EndpointMiddleware[0]
      Executing endpoint 'gRPC - /UnityILPP.PostProcessing/PostProcessAssembly'
[40m[32minfo[39m[22m[49m: Unity.ILPP.Runner.PostProcessingPipeline[0]
      Processing assembly Library/Bee/artifacts/200b0aE.dag/Unity.TextMeshPro.dll, with 118 defines and 229 references
[40m[32minfo[39m[22m[49m: Unity.ILPP.Runner.PostProcessingPipeline[0]
      processors: HybridCLR.AssemblyShadow.CodeGen.ReflectionBindingsILPostProcessor, zzzUnity.Burst.CodeGen.BurstILPostProcessor
[40m[32minfo[39m[22m[49m: Microsoft.AspNetCore.Routing.EndpointMiddleware[1]
      Executed endpoint 'gRPC - /UnityILPP.PostProcessing/PostProcessAssembly'
[40m[32minfo[39m[22m[49m: Microsoft.AspNetCore.Hosting.Diagnostics[2]
      Request finished HTTP/2 POST http://ilpp/UnityILPP.PostProcessing/PostProcessAssembly application/grpc - - 200 - application/grpc 15.4464ms
[40m[32minfo[39m[22m[49m: Unity.ILPP.Runner.PostProcessingPipeline[0]
      running HybridCLR.AssemblyShadow.CodeGen.ReflectionBindingsILPostProcessor
[40m[32minfo[39m[22m[49m: Unity.ILPP.Runner.PostProcessingPipeline[0]
      running zzzUnity.Burst.CodeGen.BurstILPostProcessor
[40m[32minfo[39m[22m[49m: Microsoft.AspNetCore.Routing.EndpointMiddleware[1]
      Executed endpoint 'gRPC - /UnityILPP.PostProcessing/PostProcessAssembly'
[40m[32minfo[39m[22m[49m: Microsoft.AspNetCore.Hosting.Diagnostics[2]
      Request finished HTTP/2 POST http://ilpp/UnityILPP.PostProcessing/PostProcessAssembly application/grpc - - 200 - application/grpc 31.4995ms
[40m[32minfo[39m[22m[49m: Microsoft.AspNetCore.Routing.EndpointMiddleware[1]
      Executed endpoint 'gRPC - /UnityILPP.PostProcessing/PostProcessAssembly'
[40m[32minfo[39m[22m[49m: Microsoft.AspNetCore.Hosting.Diagnostics[2]
      Request finished HTTP/2 POST http://ilpp/UnityILPP.PostProcessing/PostProcessAssembly application/grpc - - 200 - application/grpc 21.7211ms
[40m[32minfo[39m[22m[49m: Unity.ILPP.Runner.PostProcessingPipeline[0]
      Processing assembly Library/Bee/artifacts/200b0aE.dag/Unity.2D.PixelPerfect.dll, with 118 defines and 229 references
[40m[32minfo[39m[22m[49m: Unity.ILPP.Runner.PostProcessingPipeline[0]
      processors: HybridCLR.AssemblyShadow.CodeGen.ReflectionBindingsILPostProcessor, zzzUnity.Burst.CodeGen.BurstILPostProcessor
[40m[32minfo[39m[22m[49m: Unity.ILPP.Runner.PostProcessingPipeline[0]
      running HybridCLR.AssemblyShadow.CodeGen.ReflectionBindingsILPostProcessor
[40m[32minfo[39m[22m[49m: Unity.ILPP.Runner.PostProcessingPipeline[0]
      running zzzUnity.Burst.CodeGen.BurstILPostProcessor
[40m[32minfo[39m[22m[49m: Microsoft.AspNetCore.Hosting.Diagnostics[1]
      Request starting HTTP/2 POST http://ilpp/UnityILPP.PostProcessing/PostProcessAssembly application/grpc -
[40m[32minfo[39m[22m[49m: Microsoft.AspNetCore.Routing.EndpointMiddleware[0]
      Executing endpoint 'gRPC - /UnityILPP.PostProcessing/PostProcessAssembly'
[40m[32minfo[39m[22m[49m: Microsoft.AspNetCore.Routing.EndpointMiddleware[1]
      Executed endpoint 'gRPC - /UnityILPP.PostProcessing/PostProcessAssembly'
[40m[32minfo[39m[22m[49m: Microsoft.AspNetCore.Hosting.Diagnostics[2]
      Request finished HTTP/2 POST http://ilpp/UnityILPP.PostProcessing/PostProcessAssembly application/grpc - - 200 - application/grpc 17.8435ms
[40m[32minfo[39m[22m[49m: Microsoft.AspNetCore.Hosting.Diagnostics[1]
      Request starting HTTP/2 POST http://ilpp/UnityILPP.PostProcessing/PostProcessAssembly application/grpc -
[40m[32minfo[39m[22m[49m: Microsoft.AspNetCore.Routing.EndpointMiddleware[0]
      Executing endpoint 'gRPC - /UnityILPP.PostProcessing/PostProcessAssembly'
[40m[32minfo[39m[22m[49m: Unity.ILPP.Runner.PostProcessingPipeline[0]
      Processing assembly Library/Bee/artifacts/200b0aE.dag/Unity.RenderPipelines.Universal.Config.Runtime.dll, with 117 defines and 230 references
[40m[32minfo[39m[22m[49m: Unity.ILPP.Runner.PostProcessingPipeline[0]
      processors: HybridCLR.AssemblyShadow.CodeGen.ReflectionBindingsILPostProcessor, zzzUnity.Burst.CodeGen.BurstILPostProcessor
[40m[32minfo[39m[22m[49m: Unity.ILPP.Runner.PostProcessingPipeline[0]
      running HybridCLR.AssemblyShadow.CodeGen.ReflectionBindingsILPostProcessor
[40m[32minfo[39m[22m[49m: Unity.ILPP.Runner.PostProcessingPipeline[0]
      running zzzUnity.Burst.CodeGen.BurstILPostProcessor
[40m[32minfo[39m[22m[49m: Microsoft.AspNetCore.Routing.EndpointMiddleware[1]
      Executed endpoint 'gRPC - /UnityILPP.PostProcessing/PostProcessAssembly'
[40m[32minfo[39m[22m[49m: Microsoft.AspNetCore.Hosting.Diagnostics[2]
      Request finished HTTP/2 POST http://ilpp/UnityILPP.PostProcessing/PostProcessAssembly application/grpc - - 200 - application/grpc 4.9656ms
[40m[32minfo[39m[22m[49m: Unity.ILPP.Runner.PostProcessingPipeline[0]
      Processing assembly Library/Bee/artifacts/200b0aE.dag/Unity.2D.SpriteShape.Runtime.dll, with 118 defines and 232 references
[40m[32minfo[39m[22m[49m: Unity.ILPP.Runner.PostProcessingPipeline[0]
      processors: HybridCLR.AssemblyShadow.CodeGen.ReflectionBindingsILPostProcessor, zzzUnity.Burst.CodeGen.BurstILPostProcessor
[40m[32minfo[39m[22m[49m: Unity.ILPP.Runner.PostProcessingPipeline[0]
      running HybridCLR.AssemblyShadow.CodeGen.ReflectionBindingsILPostProcessor
[40m[32minfo[39m[22m[49m: Unity.ILPP.Runner.PostProcessingPipeline[0]
      running zzzUnity.Burst.CodeGen.BurstILPostProcessor
[40m[32minfo[39m[22m[49m: Microsoft.AspNetCore.Hosting.Diagnostics[1]
      Request starting HTTP/2 POST http://ilpp/UnityILPP.PostProcessing/PostProcessAssembly application/grpc -
[40m[32minfo[39m[22m[49m: Microsoft.AspNetCore.Routing.EndpointMiddleware[0]
      Executing endpoint 'gRPC - /UnityILPP.PostProcessing/PostProcessAssembly'
[40m[32minfo[39m[22m[49m: Unity.ILPP.Runner.PostProcessingPipeline[0]
      Processing assembly Library/Bee/artifacts/200b0aE.dag/Unity.RenderPipelines.Universal.Runtime.dll, with 122 defines and 235 references
[40m[32minfo[39m[22m[49m: Unity.ILPP.Runner.PostProcessingPipeline[0]
      processors: HybridCLR.AssemblyShadow.CodeGen.ReflectionBindingsILPostProcessor, zzzUnity.Burst.CodeGen.BurstILPostProcessor
[40m[32minfo[39m[22m[49m: Unity.ILPP.Runner.PostProcessingPipeline[0]
      running HybridCLR.AssemblyShadow.CodeGen.ReflectionBindingsILPostProcessor
[40m[32minfo[39m[22m[49m: Unity.ILPP.Runner.PostProcessingPipeline[0]
      running zzzUnity.Burst.CodeGen.BurstILPostProcessor
[40m[32minfo[39m[22m[49m: Microsoft.AspNetCore.Hosting.Diagnostics[1]
      Request starting HTTP/2 POST http://ilpp/UnityILPP.PostProcessing/PostProcessAssembly application/grpc -
[40m[32minfo[39m[22m[49m: Microsoft.AspNetCore.Hosting.Diagnostics[1]
      Request starting HTTP/2 POST http://ilpp/UnityILPP.PostProcessing/PostProcessAssembly application/grpc -
[40m[32minfo[39m[22m[49m: Microsoft.AspNetCore.Routing.EndpointMiddleware[0]
      Executing endpoint 'gRPC - /UnityILPP.PostProcessing/PostProcessAssembly'
[40m[32minfo[39m[22m[49m: Microsoft.AspNetCore.Routing.EndpointMiddleware[0]
      Executing endpoint 'gRPC - /UnityILPP.PostProcessing/PostProcessAssembly'
[40m[32minfo[39m[22m[49m: Unity.ILPP.Runner.PostProcessingPipeline[0]
      Processing assembly Library/Bee/artifacts/200b0aE.dag/Unity.PlasticSCM.Editor.dll, with 115 defines and 226 references
[40m[32minfo[39m[22m[49m: Unity.ILPP.Runner.PostProcessingPipeline[0]
      processors: HybridCLR.AssemblyShadow.CodeGen.ReflectionBindingsILPostProcessor, zzzUnity.Burst.CodeGen.BurstILPostProcessor
[40m[32minfo[39m[22m[49m: Unity.ILPP.Runner.PostProcessingPipeline[0]
      Processing assembly Library/Bee/artifacts/200b0aE.dag/Unity.VisualScripting.State.dll, with 117 defines and 231 references
[40m[32minfo[39m[22m[49m: Unity.ILPP.Runner.PostProcessingPipeline[0]
      processors: HybridCLR.AssemblyShadow.CodeGen.ReflectionBindingsILPostProcessor, zzzUnity.Burst.CodeGen.BurstILPostProcessor
[40m[32minfo[39m[22m[49m: Unity.ILPP.Runner.PostProcessingPipeline[0]
      running HybridCLR.AssemblyShadow.CodeGen.ReflectionBindingsILPostProcessor
[40m[32minfo[39m[22m[49m: Unity.ILPP.Runner.PostProcessingPipeline[0]
      running zzzUnity.Burst.CodeGen.BurstILPostProcessor
[40m[32minfo[39m[22m[49m: Unity.ILPP.Runner.PostProcessingPipeline[0]
      running HybridCLR.AssemblyShadow.CodeGen.ReflectionBindingsILPostProcessor
[40m[32minfo[39m[22m[49m: Unity.ILPP.Runner.PostProcessingPipeline[0]
      running zzzUnity.Burst.CodeGen.BurstILPostProcessor
[40m[32minfo[39m[22m[49m: Microsoft.AspNetCore.Routing.EndpointMiddleware[1]
      Executed endpoint 'gRPC - /UnityILPP.PostProcessing/PostProcessAssembly'
[40m[32minfo[39m[22m[49m: Unity.ILPP.Runner.PostProcessingPipeline[0]
      Processing assembly Library/Bee/artifacts/200b0aE.dag/AssemblyShadowDemo.Editor.dll, with 115 defines and 245 references
[40m[32minfo[39m[22m[49m: Unity.ILPP.Runner.PostProcessingPipeline[0]
      processors: HybridCLR.AssemblyShadow.CodeGen.ReflectionBindingsILPostProcessor, zzzUnity.Burst.CodeGen.BurstILPostProcessor
[40m[32minfo[39m[22m[49m: Microsoft.AspNetCore.Hosting.Diagnostics[2]
      Request finished HTTP/2 POST http://ilpp/UnityILPP.PostProcessing/PostProcessAssembly application/grpc - - 200 - application/grpc 8.4065ms
[40m[32minfo[39m[22m[49m: Microsoft.AspNetCore.Routing.EndpointMiddleware[1]
      Executed endpoint 'gRPC - /UnityILPP.PostProcessing/PostProcessAssembly'
[40m[32minfo[39m[22m[49m: Microsoft.AspNetCore.Hosting.Diagnostics[2]
      Request finished HTTP/2 POST http://ilpp/UnityILPP.PostProcessing/PostProcessAssembly application/grpc - - 200 - application/grpc 12.3894ms
[40m[32minfo[39m[22m[49m: Unity.ILPP.Runner.PostProcessingPipeline[0]
      running HybridCLR.AssemblyShadow.CodeGen.ReflectionBindingsILPostProcessor
[40m[32minfo[39m[22m[49m: Unity.ILPP.Runner.PostProcessingPipeline[0]
      running zzzUnity.Burst.CodeGen.BurstILPostProcessor
[40m[32minfo[39m[22m[49m: Microsoft.AspNetCore.Routing.EndpointMiddleware[1]
      Executed endpoint 'gRPC - /UnityILPP.PostProcessing/PostProcessAssembly'
[40m[32minfo[39m[22m[49m: Microsoft.AspNetCore.Hosting.Diagnostics[2]
      Request finished HTTP/2 POST http://ilpp/UnityILPP.PostProcessing/PostProcessAssembly application/grpc - - 200 - application/grpc 29.8721ms
[40m[32minfo[39m[22m[49m: Microsoft.AspNetCore.Routing.EndpointMiddleware[1]
      Executed endpoint 'gRPC - /UnityILPP.PostProcessing/PostProcessAssembly'
[40m[32minfo[39m[22m[49m: Microsoft.AspNetCore.Hosting.Diagnostics[2]
      Request finished HTTP/2 POST http://ilpp/UnityILPP.PostProcessing/PostProcessAssembly application/grpc - - 200 - application/grpc 77.8390ms
[40m[32minfo[39m[22m[49m: Microsoft.AspNetCore.Routing.EndpointMiddleware[1]
      Executed endpoint 'gRPC - /UnityILPP.PostProcessing/PostProcessAssembly'
[40m[32minfo[39m[22m[49m: Microsoft.AspNetCore.Hosting.Diagnostics[2]
      Request finished HTTP/2 POST http://ilpp/UnityILPP.PostProcessing/PostProcessAssembly application/grpc - - 200 - application/grpc 112.4147ms
[40m[32minfo[39m[22m[49m: Microsoft.AspNetCore.Hosting.Diagnostics[1]
      Request starting HTTP/2 POST http://ilpp/UnityILPP.PostProcessing/PostProcessAssembly application/grpc -
[40m[32minfo[39m[22m[49m: Microsoft.AspNetCore.Routing.EndpointMiddleware[0]
      Executing endpoint 'gRPC - /UnityILPP.PostProcessing/PostProcessAssembly'
[40m[32minfo[39m[22m[49m: Unity.ILPP.Runner.PostProcessingPipeline[0]
      Processing assembly Library/Bee/artifacts/200b0aE.dag/Unity.HybridCLR.AssemblyShadow.CodeGen.Tests.dll, with 115 defines and 227 references
[40m[32minfo[39m[22m[49m: Unity.ILPP.Runner.PostProcessingPipeline[0]
      processors: HybridCLR.AssemblyShadow.CodeGen.ReflectionBindingsILPostProcessor, zzzUnity.Burst.CodeGen.BurstILPostProcessor
[40m[32minfo[39m[22m[49m: Unity.ILPP.Runner.PostProcessingPipeline[0]
      running HybridCLR.AssemblyShadow.CodeGen.ReflectionBindingsILPostProcessor
[40m[32minfo[39m[22m[49m: Unity.ILPP.Runner.PostProcessingPipeline[0]
      running zzzUnity.Burst.CodeGen.BurstILPostProcessor
[40m[32minfo[39m[22m[49m: Microsoft.AspNetCore.Routing.EndpointMiddleware[1]
      Executed endpoint 'gRPC - /UnityILPP.PostProcessing/PostProcessAssembly'
[40m[32minfo[39m[22m[49m: Microsoft.AspNetCore.Hosting.Diagnostics[2]
      Request finished HTTP/2 POST http://ilpp/UnityILPP.PostProcessing/PostProcessAssembly application/grpc - - 200 - application/grpc 1.3990ms
[40m[32minfo[39m[22m[49m: Microsoft.AspNetCore.Hosting.Diagnostics[1]
      Request starting HTTP/2 POST http://ilpp/UnityILPP.PostProcessing/PostProcessAssembly application/grpc -
[40m[32minfo[39m[22m[49m: Microsoft.AspNetCore.Routing.EndpointMiddleware[0]
      Executing endpoint 'gRPC - /UnityILPP.PostProcessing/PostProcessAssembly'
[40m[32minfo[39m[22m[49m: Microsoft.AspNetCore.Hosting.Diagnostics[1]
      Request starting HTTP/2 POST http://ilpp/UnityILPP.PostProcessing/PostProcessAssembly application/grpc -
[40m[32minfo[39m[22m[49m: Microsoft.AspNetCore.Routing.EndpointMiddleware[0]
      Executing endpoint 'gRPC - /UnityILPP.PostProcessing/PostProcessAssembly'
[40m[32minfo[39m[22m[49m: Unity.ILPP.Runner.PostProcessingPipeline[0]
      Processing assembly Library/Bee/artifacts/200b0aE.dag/MCPForUnityTests.EditMode.dll, with 115 defines and 227 references
[40m[32minfo[39m[22m[49m: Unity.ILPP.Runner.PostProcessingPipeline[0]
      processors: HybridCLR.AssemblyShadow.CodeGen.ReflectionBindingsILPostProcessor, zzzUnity.Burst.CodeGen.BurstILPostProcessor
[40m[32minfo[39m[22m[49m: Unity.ILPP.Runner.PostProcessingPipeline[0]
      running HybridCLR.AssemblyShadow.CodeGen.ReflectionBindingsILPostProcessor
[40m[32minfo[39m[22m[49m: Unity.ILPP.Runner.PostProcessingPipeline[0]
      running zzzUnity.Burst.CodeGen.BurstILPostProcessor
[40m[32minfo[39m[22m[49m: Microsoft.AspNetCore.Routing.EndpointMiddleware[1]
      Executed endpoint 'gRPC - /UnityILPP.PostProcessing/PostProcessAssembly'
[40m[32minfo[39m[22m[49m: Microsoft.AspNetCore.Hosting.Diagnostics[2]
      Request finished HTTP/2 POST http://ilpp/UnityILPP.PostProcessing/PostProcessAssembly application/grpc - - 200 - application/grpc 24.5760ms
[40m[32minfo[39m[22m[49m: Unity.ILPP.Runner.PostProcessingPipeline[0]
      Processing assembly Library/Bee/artifacts/200b0aE.dag/Unity.2D.Psdimporter.Editor.dll, with 115 defines and 245 references
[40m[32minfo[39m[22m[49m: Unity.ILPP.Runner.PostProcessingPipeline[0]
      processors: HybridCLR.AssemblyShadow.CodeGen.ReflectionBindingsILPostProcessor, zzzUnity.Burst.CodeGen.BurstILPostProcessor
[40m[32minfo[39m[22m[49m: Unity.ILPP.Runner.PostProcessingPipeline[0]
      running HybridCLR.AssemblyShadow.CodeGen.ReflectionBindingsILPostProcessor
[40m[32minfo[39m[22m[49m: Unity.ILPP.Runner.PostProcessingPipeline[0]
      running zzzUnity.Burst.CodeGen.BurstILPostProcessor
[40m[32minfo[39m[22m[49m: Microsoft.AspNetCore.Hosting.Diagnostics[1]
      Request starting HTTP/2 POST http://ilpp/UnityILPP.PostProcessing/PostProcessAssembly application/grpc -
[40m[32minfo[39m[22m[49m: Microsoft.AspNetCore.Routing.EndpointMiddleware[0]
      Executing endpoint 'gRPC - /UnityILPP.PostProcessing/PostProcessAssembly'
[40m[32minfo[39m[22m[49m: Microsoft.AspNetCore.Hosting.Diagnostics[1]
      Request starting HTTP/2 POST http://ilpp/UnityILPP.PostProcessing/PostProcessAssembly application/grpc -
[40m[32minfo[39m[22m[49m: Microsoft.AspNetCore.Routing.EndpointMiddleware[0]
      Executing endpoint 'gRPC - /UnityILPP.PostProcessing/PostProcessAssembly'
[40m[32minfo[39m[22m[49m: Microsoft.AspNetCore.Hosting.Diagnostics[1]
      Request starting HTTP/2 POST http://ilpp/UnityILPP.PostProcessing/PostProcessAssembly application/grpc -
[40m[32minfo[39m[22m[49m: Microsoft.AspNetCore.Routing.EndpointMiddleware[0]
      Executing endpoint 'gRPC - /UnityILPP.PostProcessing/PostProcessAssembly'
[40m[32minfo[39m[22m[49m: Microsoft.AspNetCore.Hosting.Diagnostics[1]
      Request starting HTTP/2 POST http://ilpp/UnityILPP.PostProcessing/PostProcessAssembly application/grpc -
[40m[32minfo[39m[22m[49m: Microsoft.AspNetCore.Routing.EndpointMiddleware[0]
      Executing endpoint 'gRPC - /UnityILPP.PostProcessing/PostProcessAssembly'
[40m[32minfo[39m[22m[49m: Microsoft.AspNetCore.Routing.EndpointMiddleware[1]
      Executed endpoint 'gRPC - /UnityILPP.PostProcessing/PostProcessAssembly'
[40m[32minfo[39m[22m[49m: Microsoft.AspNetCore.Hosting.Diagnostics[2]
      Request finished HTTP/2 POST http://ilpp/UnityILPP.PostProcessing/PostProcessAssembly application/grpc - - 200 - application/grpc 53.6169ms
[40m[32minfo[39m[22m[49m: Microsoft.AspNetCore.Hosting.Diagnostics[1]
      Request starting HTTP/2 POST http://ilpp/UnityILPP.PostProcessing/PostProcessAssembly application/grpc -
[40m[32minfo[39m[22m[49m: Microsoft.AspNetCore.Routing.EndpointMiddleware[0]
      Executing endpoint 'gRPC - /UnityILPP.PostProcessing/PostProcessAssembly'
[40m[32minfo[39m[22m[49m: Unity.ILPP.Runner.PostProcessingPipeline[0]
      Processing assembly Library/Bee/artifacts/200b0aE.dag/Unity.VisualScripting.Shared.Editor.dll, with 115 defines and 242 references
[40m[32minfo[39m[22m[49m: Unity.ILPP.Runner.PostProcessingPipeline[0]
      processors: HybridCLR.AssemblyShadow.CodeGen.ReflectionBindingsILPostProcessor, zzzUnity.Burst.CodeGen.BurstILPostProcessor
[40m[32minfo[39m[22m[49m: Microsoft.AspNetCore.Hosting.Diagnostics[1]
      Request starting HTTP/2 POST http://ilpp/UnityILPP.PostProcessing/PostProcessAssembly application/grpc -
[40m[32minfo[39m[22m[49m: Microsoft.AspNetCore.Routing.EndpointMiddleware[0]
      Executing endpoint 'gRPC - /UnityILPP.PostProcessing/PostProcessAssembly'
[40m[32minfo[39m[22m[49m: Unity.ILPP.Runner.PostProcessingPipeline[0]
      running HybridCLR.AssemblyShadow.CodeGen.ReflectionBindingsILPostProcessor
[40m[32minfo[39m[22m[49m: Unity.ILPP.Runner.PostProcessingPipeline[0]
      running zzzUnity.Burst.CodeGen.BurstILPostProcessor
[40m[32minfo[39m[22m[49m: Microsoft.AspNetCore.Routing.EndpointMiddleware[1]
      Executed endpoint 'gRPC - /UnityILPP.PostProcessing/PostProcessAssembly'
[40m[32minfo[39m[22m[49m: Microsoft.AspNetCore.Hosting.Diagnostics[2]
      Request finished HTTP/2 POST http://ilpp/UnityILPP.PostProcessing/PostProcessAssembly application/grpc - - 200 - application/grpc 12.2595ms
[40m[32minfo[39m[22m[49m: Unity.ILPP.Runner.PostProcessingPipeline[0]
      Processing assembly Library/Bee/artifacts/200b0aE.dag/Unity.VisualScripting.SettingsProvider.Editor.dll, with 115 defines and 241 references
[40m[32minfo[39m[22m[49m: Unity.ILPP.Runner.PostProcessingPipeline[0]
      processors: HybridCLR.AssemblyShadow.CodeGen.ReflectionBindingsILPostProcessor, zzzUnity.Burst.CodeGen.BurstILPostProcessor
[40m[32minfo[39m[22m[49m: Unity.ILPP.Runner.PostProcessingPipeline[0]
      running HybridCLR.AssemblyShadow.CodeGen.ReflectionBindingsILPostProcessor
[40m[32minfo[39m[22m[49m: Unity.ILPP.Runner.PostProcessingPipeline[0]
      running zzzUnity.Burst.CodeGen.BurstILPostProcessor
[40m[32minfo[39m[22m[49m: Unity.ILPP.Runner.PostProcessingPipeline[0]
      Processing assembly Library/Bee/artifacts/200b0aE.dag/Unity.2D.IK.Editor.dll, with 115 defines and 242 references
[40m[32minfo[39m[22m[49m: Unity.ILPP.Runner.PostProcessingPipeline[0]
      processors: HybridCLR.AssemblyShadow.CodeGen.ReflectionBindingsILPostProcessor, zzzUnity.Burst.CodeGen.BurstILPostProcessor
[40m[32minfo[39m[22m[49m: Microsoft.AspNetCore.Routing.EndpointMiddleware[1]
      Executed endpoint 'gRPC - /UnityILPP.PostProcessing/PostProcessAssembly'
[40m[32minfo[39m[22m[49m: Unity.ILPP.Runner.PostProcessingPipeline[0]
      running HybridCLR.AssemblyShadow.CodeGen.ReflectionBindingsILPostProcessor
[40m[32minfo[39m[22m[49m: Microsoft.AspNetCore.Hosting.Diagnostics[2]
      Request finished HTTP/2 POST http://ilpp/UnityILPP.PostProcessing/PostProcessAssembly application/grpc - - 200 - application/grpc 14.6539ms
[40m[32minfo[39m[22m[49m: Unity.ILPP.Runner.PostProcessingPipeline[0]
      running zzzUnity.Burst.CodeGen.BurstILPostProcessor
[40m[32minfo[39m[22m[49m: Unity.ILPP.Runner.PostProcessingPipeline[0]
      Processing assembly Library/Bee/artifacts/200b0aE.dag/Unity.Collections.DocCodeSamples.dll, with 115 defines and 237 references
[40m[32minfo[39m[22m[49m: Unity.ILPP.Runner.PostProcessingPipeline[0]
      processors: HybridCLR.AssemblyShadow.CodeGen.ReflectionBindingsILPostProcessor, zzzUnity.Burst.CodeGen.BurstILPostProcessor
[40m[32minfo[39m[22m[49m: Unity.ILPP.Runner.PostProcessingPipeline[0]
      running HybridCLR.AssemblyShadow.CodeGen.ReflectionBindingsILPostProcessor
[40m[32minfo[39m[22m[49m: Unity.ILPP.Runner.PostProcessingPipeline[0]
      running zzzUnity.Burst.CodeGen.BurstILPostProcessor
[40m[32minfo[39m[22m[49m: Microsoft.AspNetCore.Routing.EndpointMiddleware[1]
      Executed endpoint 'gRPC - /UnityILPP.PostProcessing/PostProcessAssembly'
[40m[32minfo[39m[22m[49m: Microsoft.AspNetCore.Hosting.Diagnostics[2]
      Request finished HTTP/2 POST http://ilpp/UnityILPP.PostProcessing/PostProcessAssembly application/grpc - - 200 - application/grpc 5.7959ms
[40m[32minfo[39m[22m[49m: Microsoft.AspNetCore.Hosting.Diagnostics[1]
      Request starting HTTP/2 POST http://ilpp/UnityILPP.PostProcessing/PostProcessAssembly application/grpc -
[40m[32minfo[39m[22m[49m: Microsoft.AspNetCore.Routing.EndpointMiddleware[0]
      Executing endpoint 'gRPC - /UnityILPP.PostProcessing/PostProcessAssembly'
[40m[32minfo[39m[22m[49m: Microsoft.AspNetCore.Routing.EndpointMiddleware[1]
      Executed endpoint 'gRPC - /UnityILPP.PostProcessing/PostProcessAssembly'
[40m[32minfo[39m[22m[49m: Microsoft.AspNetCore.Hosting.Diagnostics[2]
      Request finished HTTP/2 POST http://ilpp/UnityILPP.PostProcessing/PostProcessAssembly application/grpc - - 200 - application/grpc 16.7145ms
[40m[32minfo[39m[22m[49m: Unity.ILPP.Runner.PostProcessingPipeline[0]
      Processing assembly Library/Bee/artifacts/200b0aE.dag/Unity.TextMeshPro.Editor.dll, with 115 defines and 237 references
[40m[32minfo[39m[22m[49m: Unity.ILPP.Runner.PostProcessingPipeline[0]
      processors: HybridCLR.AssemblyShadow.CodeGen.ReflectionBindingsILPostProcessor, zzzUnity.Burst.CodeGen.BurstILPostProcessor
[40m[32minfo[39m[22m[49m: Microsoft.AspNetCore.Hosting.Diagnostics[1]
      Request starting HTTP/2 POST http://ilpp/UnityILPP.PostProcessing/PostProcessAssembly application/grpc -
[40m[32minfo[39m[22m[49m: Microsoft.AspNetCore.Routing.EndpointMiddleware[0]
      Executing endpoint 'gRPC - /UnityILPP.PostProcessing/PostProcessAssembly'
[40m[32minfo[39m[22m[49m: Unity.ILPP.Runner.PostProcessingPipeline[0]
      running HybridCLR.AssemblyShadow.CodeGen.ReflectionBindingsILPostProcessor
[40m[32minfo[39m[22m[49m: Unity.ILPP.Runner.PostProcessingPipeline[0]
      running zzzUnity.Burst.CodeGen.BurstILPostProcessor
[40m[32minfo[39m[22m[49m: Microsoft.AspNetCore.Routing.EndpointMiddleware[1]
      Executed endpoint 'gRPC - /UnityILPP.PostProcessing/PostProcessAssembly'
[40m[32minfo[39m[22m[49m: Microsoft.AspNetCore.Hosting.Diagnostics[2]
      Request finished HTTP/2 POST http://ilpp/UnityILPP.PostProcessing/PostProcessAssembly application/grpc - - 200 - application/grpc 16.7795ms
[40m[32minfo[39m[22m[49m: Unity.ILPP.Runner.PostProcessingPipeline[0]
      Processing assembly Library/Bee/artifacts/200b0aE.dag/MCPForUnity.Editor.dll, with 115 defines and 226 references
[40m[32minfo[39m[22m[49m: Unity.ILPP.Runner.PostProcessingPipeline[0]
      processors: HybridCLR.AssemblyShadow.CodeGen.ReflectionBindingsILPostProcessor, zzzUnity.Burst.CodeGen.BurstILPostProcessor
[40m[32minfo[39m[22m[49m: Unity.ILPP.Runner.PostProcessingPipeline[0]
      running HybridCLR.AssemblyShadow.CodeGen.ReflectionBindingsILPostProcessor
[40m[32minfo[39m[22m[49m: Unity.ILPP.Runner.PostProcessingPipeline[0]
      running zzzUnity.Burst.CodeGen.BurstILPostProcessor
[40m[32minfo[39m[22m[49m: Microsoft.AspNetCore.Routing.EndpointMiddleware[1]
      Executed endpoint 'gRPC - /UnityILPP.PostProcessing/PostProcessAssembly'
[40m[32minfo[39m[22m[49m: Microsoft.AspNetCore.Hosting.Diagnostics[2]
      Request finished HTTP/2 POST http://ilpp/UnityILPP.PostProcessing/PostProcessAssembly application/grpc - - 200 - application/grpc 5.5933ms
[40m[32minfo[39m[22m[49m: Unity.ILPP.Runner.PostProcessingPipeline[0]
      Processing assembly Library/Bee/artifacts/200b0aE.dag/Unity.2D.Common.Editor.dll, with 115 defines and 240 references
[40m[32minfo[39m[22m[49m: Unity.ILPP.Runner.PostProcessingPipeline[0]
      processors: HybridCLR.AssemblyShadow.CodeGen.ReflectionBindingsILPostProcessor, zzzUnity.Burst.CodeGen.BurstILPostProcessor
[40m[32minfo[39m[22m[49m: Unity.ILPP.Runner.PostProcessingPipeline[0]
      Processing assembly Library/Bee/artifacts/200b0aE.dag/Unity.2D.Aseprite.Editor.dll, with 116 defines and 242 references
[40m[32minfo[39m[22m[49m: Unity.ILPP.Runner.PostProcessingPipeline[0]
      processors: HybridCLR.AssemblyShadow.CodeGen.ReflectionBindingsILPostProcessor, zzzUnity.Burst.CodeGen.BurstILPostProcessor
[40m[32minfo[39m[22m[49m: Unity.ILPP.Runner.PostProcessingPipeline[0]
      running HybridCLR.AssemblyShadow.CodeGen.ReflectionBindingsILPostProcessor
[40m[32minfo[39m[22m[49m: Unity.ILPP.Runner.PostProcessingPipeline[0]
      running zzzUnity.Burst.CodeGen.BurstILPostProcessor
[40m[32minfo[39m[22m[49m: Unity.ILPP.Runner.PostProcessingPipeline[0]
      running HybridCLR.AssemblyShadow.CodeGen.ReflectionBindingsILPostProcessor
[40m[32minfo[39m[22m[49m: Unity.ILPP.Runner.PostProcessingPipeline[0]
      running zzzUnity.Burst.CodeGen.BurstILPostProcessor
[40m[32minfo[39m[22m[49m: Microsoft.AspNetCore.Routing.EndpointMiddleware[1]
      Executed endpoint 'gRPC - /UnityILPP.PostProcessing/PostProcessAssembly'
[40m[32minfo[39m[22m[49m: Microsoft.AspNetCore.Hosting.Diagnostics[2]
      Request finished HTTP/2 POST http://ilpp/UnityILPP.PostProcessing/PostProcessAssembly application/grpc - - 200 - application/grpc 66.3663ms
[40m[32minfo[39m[22m[49m: Microsoft.AspNetCore.Routing.EndpointMiddleware[1]
      Executed endpoint 'gRPC - /UnityILPP.PostProcessing/PostProcessAssembly'
[40m[32minfo[39m[22m[49m: Microsoft.AspNetCore.Hosting.Diagnostics[2]
      Request finished HTTP/2 POST http://ilpp/UnityILPP.PostProcessing/PostProcessAssembly application/grpc - - 200 - application/grpc 90.1813ms
[40m[32minfo[39m[22m[49m: Microsoft.AspNetCore.Hosting.Diagnostics[1]
      Request starting HTTP/2 POST http://ilpp/UnityILPP.PostProcessing/PostProcessAssembly application/grpc -
[40m[32minfo[39m[22m[49m: Microsoft.AspNetCore.Routing.EndpointMiddleware[0]
      Executing endpoint 'gRPC - /UnityILPP.PostProcessing/PostProcessAssembly'
[40m[32minfo[39m[22m[49m: Unity.ILPP.Runner.PostProcessingPipeline[0]
      Processing assembly Library/Bee/artifacts/200b0aE.dag/Unity.2D.Animation.Editor.dll, with 115 defines and 245 references
[40m[32minfo[39m[22m[49m: Unity.ILPP.Runner.PostProcessingPipeline[0]
      processors: HybridCLR.AssemblyShadow.CodeGen.ReflectionBindingsILPostProcessor, zzzUnity.Burst.CodeGen.BurstILPostProcessor
[40m[32minfo[39m[22m[49m: Unity.ILPP.Runner.PostProcessingPipeline[0]
      running HybridCLR.AssemblyShadow.CodeGen.ReflectionBindingsILPostProcessor
[40m[32minfo[39m[22m[49m: Unity.ILPP.Runner.PostProcessingPipeline[0]
      running zzzUnity.Burst.CodeGen.BurstILPostProcessor
[40m[32minfo[39m[22m[49m: Microsoft.AspNetCore.Hosting.Diagnostics[1]
      Request starting HTTP/2 POST http://ilpp/UnityILPP.PostProcessing/PostProcessAssembly application/grpc -
[40m[32minfo[39m[22m[49m: Microsoft.AspNetCore.Routing.EndpointMiddleware[0]
      Executing endpoint 'gRPC - /UnityILPP.PostProcessing/PostProcessAssembly'
[40m[32minfo[39m[22m[49m: Unity.ILPP.Runner.PostProcessingPipeline[0]
      Processing assembly Library/Bee/artifacts/200b0aE.dag/Unity.2D.PixelPerfect.Editor.dll, with 117 defines and 239 references
[40m[32minfo[39m[22m[49m: Unity.ILPP.Runner.PostProcessingPipeline[0]
      processors: HybridCLR.AssemblyShadow.CodeGen.ReflectionBindingsILPostProcessor, zzzUnity.Burst.CodeGen.BurstILPostProcessor
[40m[32minfo[39m[22m[49m: Unity.ILPP.Runner.PostProcessingPipeline[0]
      running HybridCLR.AssemblyShadow.CodeGen.ReflectionBindingsILPostProcessor
[40m[32minfo[39m[22m[49m: Unity.ILPP.Runner.PostProcessingPipeline[0]
      running zzzUnity.Burst.CodeGen.BurstILPostProcessor
[40m[32minfo[39m[22m[49m: Microsoft.AspNetCore.Routing.EndpointMiddleware[1]
      Executed endpoint 'gRPC - /UnityILPP.PostProcessing/PostProcessAssembly'
[40m[32minfo[39m[22m[49m: Microsoft.AspNetCore.Hosting.Diagnostics[2]
      Request finished HTTP/2 POST http://ilpp/UnityILPP.PostProcessing/PostProcessAssembly application/grpc - - 200 - application/grpc 7.7240ms
[40m[32minfo[39m[22m[49m: Microsoft.AspNetCore.Routing.EndpointMiddleware[1]
      Executed endpoint 'gRPC - /UnityILPP.PostProcessing/PostProcessAssembly'
[40m[32minfo[39m[22m[49m: Microsoft.AspNetCore.Hosting.Diagnostics[2]
      Request finished HTTP/2 POST http://ilpp/UnityILPP.PostProcessing/PostProcessAssembly application/grpc - - 200 - application/grpc 208.7773ms
[40m[32minfo[39m[22m[49m: Microsoft.AspNetCore.Hosting.Diagnostics[1]
      Request starting HTTP/2 POST http://ilpp/UnityILPP.PostProcessing/PostProcessAssembly application/grpc -
[40m[32minfo[39m[22m[49m: Microsoft.AspNetCore.Routing.EndpointMiddleware[0]
      Executing endpoint 'gRPC - /UnityILPP.PostProcessing/PostProcessAssembly'
[40m[32minfo[39m[22m[49m: Microsoft.AspNetCore.Hosting.Diagnostics[1]
      Request starting HTTP/2 POST http://ilpp/UnityILPP.PostProcessing/PostProcessAssembly application/grpc -
[40m[32minfo[39m[22m[49m: Microsoft.AspNetCore.Routing.EndpointMiddleware[0]
      Executing endpoint 'gRPC - /UnityILPP.PostProcessing/PostProcessAssembly'
[40m[32minfo[39m[22m[49m: Microsoft.AspNetCore.Hosting.Diagnostics[1]
      Request starting HTTP/2 POST http://ilpp/UnityILPP.PostProcessing/PostProcessAssembly application/grpc -
[40m[32minfo[39m[22m[49m: Microsoft.AspNetCore.Routing.EndpointMiddleware[0]
      Executing endpoint 'gRPC - /UnityILPP.PostProcessing/PostProcessAssembly'
[40m[32minfo[39m[22m[49m: Unity.ILPP.Runner.PostProcessingPipeline[0]
      Processing assembly Library/Bee/artifacts/200b0aE.dag/Unity.RenderPipelines.Core.Editor.dll, with 116 defines and 238 references
[40m[32minfo[39m[22m[49m: Unity.ILPP.Runner.PostProcessingPipeline[0]
      processors: HybridCLR.AssemblyShadow.CodeGen.ReflectionBindingsILPostProcessor, zzzUnity.Burst.CodeGen.BurstILPostProcessor
[40m[32minfo[39m[22m[49m: Unity.ILPP.Runner.PostProcessingPipeline[0]
      running HybridCLR.AssemblyShadow.CodeGen.ReflectionBindingsILPostProcessor
[40m[32minfo[39m[22m[49m: Unity.ILPP.Runner.PostProcessingPipeline[0]
      running zzzUnity.Burst.CodeGen.BurstILPostProcessor
[40m[32minfo[39m[22m[49m: Unity.ILPP.Runner.PostProcessingPipeline[0]
      Processing assembly Library/Bee/artifacts/200b0aE.dag/Unity.2D.Common.Path.Editor.dll, with 115 defines and 236 references
[40m[32minfo[39m[22m[49m: Unity.ILPP.Runner.PostProcessingPipeline[0]
      processors: HybridCLR.AssemblyShadow.CodeGen.ReflectionBindingsILPostProcessor, zzzUnity.Burst.CodeGen.BurstILPostProcessor
[40m[32minfo[39m[22m[49m: Unity.ILPP.Runner.PostProcessingPipeline[0]
      running HybridCLR.AssemblyShadow.CodeGen.ReflectionBindingsILPostProcessor
[40m[32minfo[39m[22m[49m: Unity.ILPP.Runner.PostProcessingPipeline[0]
      running zzzUnity.Burst.CodeGen.BurstILPostProcessor
[40m[32minfo[39m[22m[49m: Microsoft.AspNetCore.Hosting.Diagnostics[1]
      Request starting HTTP/2 POST http://ilpp/UnityILPP.PostProcessing/PostProcessAssembly application/grpc -
[40m[32minfo[39m[22m[49m: Microsoft.AspNetCore.Routing.EndpointMiddleware[0]
      Executing endpoint 'gRPC - /UnityILPP.PostProcessing/PostProcessAssembly'
[40m[32minfo[39m[22m[49m: Microsoft.AspNetCore.Hosting.Diagnostics[1]
      Request starting HTTP/2 POST http://ilpp/UnityILPP.PostProcessing/PostProcessAssembly application/grpc -
[40m[32minfo[39m[22m[49m: Microsoft.AspNetCore.Routing.EndpointMiddleware[0]
      Executing endpoint 'gRPC - /UnityILPP.PostProcessing/PostProcessAssembly'
[40m[32minfo[39m[22m[49m: Microsoft.AspNetCore.Routing.EndpointMiddleware[1]
      Executed endpoint 'gRPC - /UnityILPP.PostProcessing/PostProcessAssembly'
[40m[32minfo[39m[22m[49m: Microsoft.AspNetCore.Hosting.Diagnostics[2]
      Request finished HTTP/2 POST http://ilpp/UnityILPP.PostProcessing/PostProcessAssembly application/grpc - - 200 - application/grpc 23.3428ms
[40m[32minfo[39m[22m[49m: Microsoft.AspNetCore.Hosting.Diagnostics[1]
      Request starting HTTP/2 POST http://ilpp/UnityILPP.PostProcessing/PostProcessAssembly application/grpc -
[40m[32minfo[39m[22m[49m: Microsoft.AspNetCore.Routing.EndpointMiddleware[0]
      Executing endpoint 'gRPC - /UnityILPP.PostProcessing/PostProcessAssembly'
[40m[32minfo[39m[22m[49m: Unity.ILPP.Runner.PostProcessingPipeline[0]
      Processing assembly Library/Bee/artifacts/200b0aE.dag/Unity.InternalAPIEditorBridge.001.dll, with 115 defines and 237 references
[40m[32minfo[39m[22m[49m: Unity.ILPP.Runner.PostProcessingPipeline[0]
      processors: HybridCLR.AssemblyShadow.CodeGen.ReflectionBindingsILPostProcessor, zzzUnity.Burst.CodeGen.BurstILPostProcessor
[40m[32minfo[39m[22m[49m: Unity.ILPP.Runner.PostProcessingPipeline[0]
      running HybridCLR.AssemblyShadow.CodeGen.ReflectionBindingsILPostProcessor
[40m[32minfo[39m[22m[49m: Unity.ILPP.Runner.PostProcessingPipeline[0]
      running zzzUnity.Burst.CodeGen.BurstILPostProcessor
[40m[32minfo[39m[22m[49m: Microsoft.AspNetCore.Routing.EndpointMiddleware[1]
      Executed endpoint 'gRPC - /UnityILPP.PostProcessing/PostProcessAssembly'
[40m[32minfo[39m[22m[49m: Microsoft.AspNetCore.Hosting.Diagnostics[2]
      Request finished HTTP/2 POST http://ilpp/UnityILPP.PostProcessing/PostProcessAssembly application/grpc - - 200 - application/grpc 29.0439ms
[40m[32minfo[39m[22m[49m: Unity.ILPP.Runner.PostProcessingPipeline[0]
      Processing assembly Library/Bee/artifacts/200b0aE.dag/HybridCLR.Editor.dll, with 115 defines and 238 references
[40m[32minfo[39m[22m[49m: Unity.ILPP.Runner.PostProcessingPipeline[0]
      processors: HybridCLR.AssemblyShadow.CodeGen.ReflectionBindingsILPostProcessor, zzzUnity.Burst.CodeGen.BurstILPostProcessor
[40m[32minfo[39m[22m[49m: Microsoft.AspNetCore.Hosting.Diagnostics[1]
      Request starting HTTP/2 POST http://ilpp/UnityILPP.PostProcessing/PostProcessAssembly application/grpc -
[40m[32minfo[39m[22m[49m: Microsoft.AspNetCore.Routing.EndpointMiddleware[0]
      Executing endpoint 'gRPC - /UnityILPP.PostProcessing/PostProcessAssembly'
[40m[32minfo[39m[22m[49m: Unity.ILPP.Runner.PostProcessingPipeline[0]
      running HybridCLR.AssemblyShadow.CodeGen.ReflectionBindingsILPostProcessor
[40m[32minfo[39m[22m[49m: Unity.ILPP.Runner.PostProcessingPipeline[0]
      running zzzUnity.Burst.CodeGen.BurstILPostProcessor
[40m[32minfo[39m[22m[49m: Microsoft.AspNetCore.Hosting.Diagnostics[1]
      Request starting HTTP/2 POST http://ilpp/UnityILPP.PostProcessing/PostProcessAssembly application/grpc -
[40m[32minfo[39m[22m[49m: Microsoft.AspNetCore.Routing.EndpointMiddleware[1]
      Executed endpoint 'gRPC - /UnityILPP.PostProcessing/PostProcessAssembly'
[40m[32minfo[39m[22m[49m: Microsoft.AspNetCore.Hosting.Diagnostics[2]
      Request finished HTTP/2 POST http://ilpp/UnityILPP.PostProcessing/PostProcessAssembly application/grpc - - 200 - application/grpc 20.8885ms
[40m[32minfo[39m[22m[49m: Unity.ILPP.Runner.PostProcessingPipeline[0]
      Processing assembly Library/Bee/artifacts/200b0aE.dag/Unity.Collections.BurstCompatibilityGen.dll, with 115 defines and 238 references
[40m[32minfo[39m[22m[49m: Unity.ILPP.Runner.PostProcessingPipeline[0]
      processors: HybridCLR.AssemblyShadow.CodeGen.ReflectionBindingsILPostProcessor, zzzUnity.Burst.CodeGen.BurstILPostProcessor
[40m[32minfo[39m[22m[49m: Microsoft.AspNetCore.Routing.EndpointMiddleware[0]
      Executing endpoint 'gRPC - /UnityILPP.PostProcessing/PostProcessAssembly'
[40m[32minfo[39m[22m[49m: Unity.ILPP.Runner.PostProcessingPipeline[0]
      running HybridCLR.AssemblyShadow.CodeGen.ReflectionBindingsILPostProcessor
[40m[32minfo[39m[22m[49m: Unity.ILPP.Runner.PostProcessingPipeline[0]
      running zzzUnity.Burst.CodeGen.BurstILPostProcessor
[40m[32minfo[39m[22m[49m: Unity.ILPP.Runner.PostProcessingPipeline[0]
      Processing assembly Library/Bee/artifacts/200b0aE.dag/Unity.VisualScripting.State.Editor.dll, with 115 defines and 241 references
[40m[32minfo[39m[22m[49m: Unity.ILPP.Runner.PostProcessingPipeline[0]
      processors: HybridCLR.AssemblyShadow.CodeGen.ReflectionBindingsILPostProcessor, zzzUnity.Burst.CodeGen.BurstILPostProcessor
[40m[32minfo[39m[22m[49m: Unity.ILPP.Runner.PostProcessingPipeline[0]
      running HybridCLR.AssemblyShadow.CodeGen.ReflectionBindingsILPostProcessor
[40m[32minfo[39m[22m[49m: Unity.ILPP.Runner.PostProcessingPipeline[0]
      running zzzUnity.Burst.CodeGen.BurstILPostProcessor
[40m[32minfo[39m[22m[49m: Microsoft.AspNetCore.Hosting.Diagnostics[1]
      Request starting HTTP/2 POST http://ilpp/UnityILPP.PostProcessing/PostProcessAssembly application/grpc -
[40m[32minfo[39m[22m[49m: Microsoft.AspNetCore.Routing.EndpointMiddleware[0]
      Executing endpoint 'gRPC - /UnityILPP.PostProcessing/PostProcessAssembly'
[40m[32minfo[39m[22m[49m: Unity.ILPP.Runner.PostProcessingPipeline[0]
      Processing assembly Library/Bee/artifacts/200b0aE.dag/Unity.ShaderGraph.Editor.dll, with 115 defines and 240 references
[40m[32minfo[39m[22m[49m: Unity.ILPP.Runner.PostProcessingPipeline[0]
      processors: HybridCLR.AssemblyShadow.CodeGen.ReflectionBindingsILPostProcessor, zzzUnity.Burst.CodeGen.BurstILPostProcessor
[40m[32minfo[39m[22m[49m: Unity.ILPP.Runner.PostProcessingPipeline[0]
      running HybridCLR.AssemblyShadow.CodeGen.ReflectionBindingsILPostProcessor
[40m[32minfo[39m[22m[49m: Unity.ILPP.Runner.PostProcessingPipeline[0]
      running zzzUnity.Burst.CodeGen.BurstILPostProcessor
[40m[32minfo[39m[22m[49m: Microsoft.AspNetCore.Routing.EndpointMiddleware[1]
      Executed endpoint 'gRPC - /UnityILPP.PostProcessing/PostProcessAssembly'
[40m[32minfo[39m[22m[49m: Microsoft.AspNetCore.Hosting.Diagnostics[2]
      Request finished HTTP/2 POST http://ilpp/UnityILPP.PostProcessing/PostProcessAssembly application/grpc - - 200 - application/grpc 27.7180ms
[40m[32minfo[39m[22m[49m: Microsoft.AspNetCore.Routing.EndpointMiddleware[1]
      Executed endpoint 'gRPC - /UnityILPP.PostProcessing/PostProcessAssembly'
[40m[32minfo[39m[22m[49m: Microsoft.AspNetCore.Hosting.Diagnostics[2]
      Request finished HTTP/2 POST http://ilpp/UnityILPP.PostProcessing/PostProcessAssembly application/grpc - - 200 - application/grpc 23.6966ms
[40m[32minfo[39m[22m[49m: Unity.ILPP.Runner.PostProcessingPipeline[0]
      Processing assembly Library/Bee/artifacts/200b0aE.dag/Unity.2D.Aseprite.Common.dll, with 115 defines and 239 references
[40m[32minfo[39m[22m[49m: Unity.ILPP.Runner.PostProcessingPipeline[0]
      processors: HybridCLR.AssemblyShadow.CodeGen.ReflectionBindingsILPostProcessor, zzzUnity.Burst.CodeGen.BurstILPostProcessor
[40m[32minfo[39m[22m[49m: Microsoft.AspNetCore.Routing.EndpointMiddleware[1]
      Executed endpoint 'gRPC - /UnityILPP.PostProcessing/PostProcessAssembly'
[40m[32minfo[39m[22m[49m: Microsoft.AspNetCore.Hosting.Diagnostics[2]
      Request finished HTTP/2 POST http://ilpp/UnityILPP.PostProcessing/PostProcessAssembly application/grpc - - 200 - application/grpc 31.7126ms
[40m[32minfo[39m[22m[49m: Unity.ILPP.Runner.PostProcessingPipeline[0]
      Processing assembly Library/Bee/artifacts/200b0aE.dag/AssemblyShadowBaseline.Editor.dll, with 115 defines and 239 references
[40m[32minfo[39m[22m[49m: Unity.ILPP.Runner.PostProcessingPipeline[0]
      processors: HybridCLR.AssemblyShadow.CodeGen.ReflectionBindingsILPostProcessor, zzzUnity.Burst.CodeGen.BurstILPostProcessor
[40m[32minfo[39m[22m[49m: Unity.ILPP.Runner.PostProcessingPipeline[0]
      running HybridCLR.AssemblyShadow.CodeGen.ReflectionBindingsILPostProcessor
[40m[32minfo[39m[22m[49m: Unity.ILPP.Runner.PostProcessingPipeline[0]
      running zzzUnity.Burst.CodeGen.BurstILPostProcessor
[40m[32minfo[39m[22m[49m: Unity.ILPP.Runner.PostProcessingPipeline[0]
      running HybridCLR.AssemblyShadow.CodeGen.ReflectionBindingsILPostProcessor
[40m[32minfo[39m[22m[49m: Unity.ILPP.Runner.PostProcessingPipeline[0]
      running zzzUnity.Burst.CodeGen.BurstILPostProcessor
[40m[32minfo[39m[22m[49m: Microsoft.AspNetCore.Routing.EndpointMiddleware[1]
      Executed endpoint 'gRPC - /UnityILPP.PostProcessing/PostProcessAssembly'
[40m[32minfo[39m[22m[49m: Microsoft.AspNetCore.Hosting.Diagnostics[2]
      Request finished HTTP/2 POST http://ilpp/UnityILPP.PostProcessing/PostProcessAssembly application/grpc - - 200 - application/grpc 16.3873ms
[40m[32minfo[39m[22m[49m: Microsoft.AspNetCore.Routing.EndpointMiddleware[1]
      Executed endpoint 'gRPC - /UnityILPP.PostProcessing/PostProcessAssembly'
[40m[32minfo[39m[22m[49m: Microsoft.AspNetCore.Hosting.Diagnostics[2]
      Request finished HTTP/2 POST http://ilpp/UnityILPP.PostProcessing/PostProcessAssembly application/grpc - - 200 - application/grpc 106.6916ms
[40m[32minfo[39m[22m[49m: Microsoft.AspNetCore.Routing.EndpointMiddleware[1]
      Executed endpoint 'gRPC - /UnityILPP.PostProcessing/PostProcessAssembly'
[40m[32minfo[39m[22m[49m: Microsoft.AspNetCore.Hosting.Diagnostics[2]
      Request finished HTTP/2 POST http://ilpp/UnityILPP.PostProcessing/PostProcessAssembly application/grpc - - 200 - application/grpc 65.0685ms
[40m[32minfo[39m[22m[49m: Microsoft.AspNetCore.Hosting.Diagnostics[1]
      Request starting HTTP/2 POST http://ilpp/UnityILPP.PostProcessing/PostProcessAssembly application/grpc -
[40m[32minfo[39m[22m[49m: Microsoft.AspNetCore.Routing.EndpointMiddleware[0]
      Executing endpoint 'gRPC - /UnityILPP.PostProcessing/PostProcessAssembly'
[40m[32minfo[39m[22m[49m: Unity.ILPP.Runner.PostProcessingPipeline[0]
      Processing assembly Library/Bee/artifacts/200b0aE.dag/HybridCLR.AssemblyShadow.Editor.Tests.dll, with 115 defines and 229 references
[40m[32minfo[39m[22m[49m: Unity.ILPP.Runner.PostProcessingPipeline[0]
      processors: HybridCLR.AssemblyShadow.CodeGen.ReflectionBindingsILPostProcessor, zzzUnity.Burst.CodeGen.BurstILPostProcessor
[40m[32minfo[39m[22m[49m: Unity.ILPP.Runner.PostProcessingPipeline[0]
      running HybridCLR.AssemblyShadow.CodeGen.ReflectionBindingsILPostProcessor
[40m[32minfo[39m[22m[49m: Unity.ILPP.Runner.PostProcessingPipeline[0]
      running zzzUnity.Burst.CodeGen.BurstILPostProcessor
[40m[32minfo[39m[22m[49m: Microsoft.AspNetCore.Routing.EndpointMiddleware[1]
      Executed endpoint 'gRPC - /UnityILPP.PostProcessing/PostProcessAssembly'
[40m[32minfo[39m[22m[49m: Microsoft.AspNetCore.Hosting.Diagnostics[2]
      Request finished HTTP/2 POST http://ilpp/UnityILPP.PostProcessing/PostProcessAssembly application/grpc - - 200 - application/grpc 1.3738ms
[40m[32minfo[39m[22m[49m: Microsoft.AspNetCore.Hosting.Diagnostics[1]
      Request starting HTTP/2 POST http://ilpp/UnityILPP.PostProcessing/PostProcessAssembly application/grpc -
[40m[32minfo[39m[22m[49m: Microsoft.AspNetCore.Routing.EndpointMiddleware[0]
      Executing endpoint 'gRPC - /UnityILPP.PostProcessing/PostProcessAssembly'
[40m[32minfo[39m[22m[49m: Unity.ILPP.Runner.PostProcessingPipeline[0]
      Processing assembly Library/Bee/artifacts/200b0aE.dag/Unity.ShaderGraph.Utilities.dll, with 115 defines and 236 references
[40m[32minfo[39m[22m[49m: Unity.ILPP.Runner.PostProcessingPipeline[0]
      processors: HybridCLR.AssemblyShadow.CodeGen.ReflectionBindingsILPostProcessor, zzzUnity.Burst.CodeGen.BurstILPostProcessor
[40m[32minfo[39m[22m[49m: Unity.ILPP.Runner.PostProcessingPipeline[0]
      running HybridCLR.AssemblyShadow.CodeGen.ReflectionBindingsILPostProcessor
[40m[32minfo[39m[22m[49m: Unity.ILPP.Runner.PostProcessingPipeline[0]
      running zzzUnity.Burst.CodeGen.BurstILPostProcessor
[40m[32minfo[39m[22m[49m: Microsoft.AspNetCore.Routing.EndpointMiddleware[1]
      Executed endpoint 'gRPC - /UnityILPP.PostProcessing/PostProcessAssembly'
[40m[32minfo[39m[22m[49m: Microsoft.AspNetCore.Hosting.Diagnostics[2]
      Request finished HTTP/2 POST http://ilpp/UnityILPP.PostProcessing/PostProcessAssembly application/grpc - - 200 - application/grpc 3.0685ms
[40m[32minfo[39m[22m[49m: Microsoft.AspNetCore.Hosting.Diagnostics[1]
      Request starting HTTP/2 POST http://ilpp/UnityILPP.PostProcessing/PostProcessAssembly application/grpc -
[40m[32minfo[39m[22m[49m: Microsoft.AspNetCore.Routing.EndpointMiddleware[0]
      Executing endpoint 'gRPC - /UnityILPP.PostProcessing/PostProcessAssembly'
[40m[32minfo[39m[22m[49m: Unity.ILPP.Runner.PostProcessingPipeline[0]
      Processing assembly Library/Bee/artifacts/200b0aE.dag/Unity.2D.Tilemap.Editor.dll, with 115 defines and 236 references
[40m[32minfo[39m[22m[49m: Unity.ILPP.Runner.PostProcessingPipeline[0]
      processors: HybridCLR.AssemblyShadow.CodeGen.ReflectionBindingsILPostProcessor, zzzUnity.Burst.CodeGen.BurstILPostProcessor
[40m[32minfo[39m[22m[49m: Unity.ILPP.Runner.PostProcessingPipeline[0]
      running HybridCLR.AssemblyShadow.CodeGen.ReflectionBindingsILPostProcessor
[40m[32minfo[39m[22m[49m: Unity.ILPP.Runner.PostProcessingPipeline[0]
      running zzzUnity.Burst.CodeGen.BurstILPostProcessor
[40m[32minfo[39m[22m[49m: Microsoft.AspNetCore.Routing.EndpointMiddleware[1]
      Executed endpoint 'gRPC - /UnityILPP.PostProcessing/PostProcessAssembly'
[40m[32minfo[39m[22m[49m: Microsoft.AspNetCore.Hosting.Diagnostics[2]
      Request finished HTTP/2 POST http://ilpp/UnityILPP.PostProcessing/PostProcessAssembly application/grpc - - 200 - application/grpc 4.2057ms
[40m[32minfo[39m[22m[49m: Microsoft.AspNetCore.Hosting.Diagnostics[1]
      Request starting HTTP/2 POST http://ilpp/UnityILPP.PostProcessing/PostProcessAssembly application/grpc -
[40m[32minfo[39m[22m[49m: Microsoft.AspNetCore.Routing.EndpointMiddleware[0]
      Executing endpoint 'gRPC - /UnityILPP.PostProcessing/PostProcessAssembly'
[40m[32minfo[39m[22m[49m: Unity.ILPP.Runner.PostProcessingPipeline[0]
      Processing assembly Library/Bee/artifacts/200b0aE.dag/Unity.VisualScripting.Core.Editor.dll, with 115 defines and 237 references
[40m[32minfo[39m[22m[49m: Unity.ILPP.Runner.PostProcessingPipeline[0]
      processors: HybridCLR.AssemblyShadow.CodeGen.ReflectionBindingsILPostProcessor, zzzUnity.Burst.CodeGen.BurstILPostProcessor
[40m[32minfo[39m[22m[49m: Unity.ILPP.Runner.PostProcessingPipeline[0]
      running HybridCLR.AssemblyShadow.CodeGen.ReflectionBindingsILPostProcessor
[40m[32minfo[39m[22m[49m: Unity.ILPP.Runner.PostProcessingPipeline[0]
      running zzzUnity.Burst.CodeGen.BurstILPostProcessor
[40m[32minfo[39m[22m[49m: Microsoft.AspNetCore.Routing.EndpointMiddleware[1]
      Executed endpoint 'gRPC - /UnityILPP.PostProcessing/PostProcessAssembly'
[40m[32minfo[39m[22m[49m: Microsoft.AspNetCore.Hosting.Diagnostics[2]
      Request finished HTTP/2 POST http://ilpp/UnityILPP.PostProcessing/PostProcessAssembly application/grpc - - 200 - application/grpc 4.5569ms
[40m[32minfo[39m[22m[49m: Microsoft.AspNetCore.Hosting.Diagnostics[1]
      Request starting HTTP/2 POST http://ilpp/UnityILPP.PostProcessing/PostProcessAssembly application/grpc -
[40m[32minfo[39m[22m[49m: Microsoft.AspNetCore.Routing.EndpointMiddleware[0]
      Executing endpoint 'gRPC - /UnityILPP.PostProcessing/PostProcessAssembly'
[40m[32minfo[39m[22m[49m: Microsoft.AspNetCore.Hosting.Diagnostics[1]
      Request starting HTTP/2 POST http://ilpp/UnityILPP.PostProcessing/PostProcessAssembly application/grpc -
[40m[32minfo[39m[22m[49m: Microsoft.AspNetCore.Hosting.Diagnostics[1]
      Request starting HTTP/2 POST http://ilpp/UnityILPP.PostProcessing/PostProcessAssembly application/grpc -
[40m[32minfo[39m[22m[49m: Microsoft.AspNetCore.Routing.EndpointMiddleware[0]
      Executing endpoint 'gRPC - /UnityILPP.PostProcessing/PostProcessAssembly'
[40m[32minfo[39m[22m[49m: Microsoft.AspNetCore.Routing.EndpointMiddleware[0]
      Executing endpoint 'gRPC - /UnityILPP.PostProcessing/PostProcessAssembly'
[40m[32minfo[39m[22m[49m: Unity.ILPP.Runner.PostProcessingPipeline[0]
      Processing assembly Library/Bee/artifacts/200b0aE.dag/Unity.Searcher.Editor.dll, with 115 defines and 236 references
[40m[32minfo[39m[22m[49m: Unity.ILPP.Runner.PostProcessingPipeline[0]
      processors: HybridCLR.AssemblyShadow.CodeGen.ReflectionBindingsILPostProcessor, zzzUnity.Burst.CodeGen.BurstILPostProcessor
[40m[32minfo[39m[22m[49m: Unity.ILPP.Runner.PostProcessingPipeline[0]
      running HybridCLR.AssemblyShadow.CodeGen.ReflectionBindingsILPostProcessor
[40m[32minfo[39m[22m[49m: Unity.ILPP.Runner.PostProcessingPipeline[0]
      running zzzUnity.Burst.CodeGen.BurstILPostProcessor
[40m[32minfo[39m[22m[49m: Unity.ILPP.Runner.PostProcessingPipeline[0]
      Processing assembly Library/Bee/artifacts/200b0aE.dag/AssemblyShadowDemo.EditorTests.dll, with 115 defines and 227 references
[40m[32minfo[39m[22m[49m: Unity.ILPP.Runner.PostProcessingPipeline[0]
      processors: HybridCLR.AssemblyShadow.CodeGen.ReflectionBindingsILPostProcessor, zzzUnity.Burst.CodeGen.BurstILPostProcessor
[40m[32minfo[39m[22m[49m: Microsoft.AspNetCore.Hosting.Diagnostics[1]
      Request starting HTTP/2 POST http://ilpp/UnityILPP.PostProcessing/PostProcessAssembly application/grpc -
[40m[32minfo[39m[22m[49m: Microsoft.AspNetCore.Routing.EndpointMiddleware[0]
      Executing endpoint 'gRPC - /UnityILPP.PostProcessing/PostProcessAssembly'
[40m[32minfo[39m[22m[49m: Unity.ILPP.Runner.PostProcessingPipeline[0]
      running HybridCLR.AssemblyShadow.CodeGen.ReflectionBindingsILPostProcessor
[40m[32minfo[39m[22m[49m: Unity.ILPP.Runner.PostProcessingPipeline[0]
      running zzzUnity.Burst.CodeGen.BurstILPostProcessor
[40m[32minfo[39m[22m[49m: Microsoft.AspNetCore.Routing.EndpointMiddleware[1]
      Executed endpoint 'gRPC - /UnityILPP.PostProcessing/PostProcessAssembly'
[40m[32minfo[39m[22m[49m: Microsoft.AspNetCore.Hosting.Diagnostics[2]
      Request finished HTTP/2 POST http://ilpp/UnityILPP.PostProcessing/PostProcessAssembly application/grpc - - 200 - application/grpc 30.3365ms
[40m[32minfo[39m[22m[49m: Microsoft.AspNetCore.Routing.EndpointMiddleware[1]
      Executed endpoint 'gRPC - /UnityILPP.PostProcessing/PostProcessAssembly'
[40m[32minfo[39m[22m[49m: Microsoft.AspNetCore.Hosting.Diagnostics[2]
      Request finished HTTP/2 POST http://ilpp/UnityILPP.PostProcessing/PostProcessAssembly application/grpc - - 200 - application/grpc 24.5491ms
[40m[32minfo[39m[22m[49m: Microsoft.AspNetCore.Hosting.Diagnostics[1]
      Request starting HTTP/2 POST http://ilpp/UnityILPP.PostProcessing/PostProcessAssembly application/grpc -
[40m[32minfo[39m[22m[49m: Microsoft.AspNetCore.Routing.EndpointMiddleware[0]
      Executing endpoint 'gRPC - /UnityILPP.PostProcessing/PostProcessAssembly'
[40m[32minfo[39m[22m[49m: Unity.ILPP.Runner.PostProcessingPipeline[0]
      Processing assembly Library/Bee/artifacts/200b0aE.dag/Unity.2D.Tilemap.Extras.Editor.dll, with 115 defines and 238 references
[40m[32minfo[39m[22m[49m: Unity.ILPP.Runner.PostProcessingPipeline[0]
      processors: HybridCLR.AssemblyShadow.CodeGen.ReflectionBindingsILPostProcessor, zzzUnity.Burst.CodeGen.BurstILPostProcessor
[40m[32minfo[39m[22m[49m: Unity.ILPP.Runner.PostProcessingPipeline[0]
      running HybridCLR.AssemblyShadow.CodeGen.ReflectionBindingsILPostProcessor
[40m[32minfo[39m[22m[49m: Unity.ILPP.Runner.PostProcessingPipeline[0]
      running zzzUnity.Burst.CodeGen.BurstILPostProcessor
[40m[32minfo[39m[22m[49m: Unity.ILPP.Runner.PostProcessingPipeline[0]
      Processing assembly Library/Bee/artifacts/200b0aE.dag/Unity.Mathematics.Editor.dll, with 115 defines and 237 references
[40m[32minfo[39m[22m[49m: Unity.ILPP.Runner.PostProcessingPipeline[0]
      processors: HybridCLR.AssemblyShadow.CodeGen.ReflectionBindingsILPostProcessor, zzzUnity.Burst.CodeGen.BurstILPostProcessor
[40m[32minfo[39m[22m[49m: Unity.ILPP.Runner.PostProcessingPipeline[0]
      running HybridCLR.AssemblyShadow.CodeGen.ReflectionBindingsILPostProcessor
[40m[32minfo[39m[22m[49m: Unity.ILPP.Runner.PostProcessingPipeline[0]
      running zzzUnity.Burst.CodeGen.BurstILPostProcessor
[40m[32minfo[39m[22m[49m: Microsoft.AspNetCore.Routing.EndpointMiddleware[1]
      Executed endpoint 'gRPC - /UnityILPP.PostProcessing/PostProcessAssembly'
[40m[32minfo[39m[22m[49m: Microsoft.AspNetCore.Hosting.Diagnostics[2]
      Request finished HTTP/2 POST http://ilpp/UnityILPP.PostProcessing/PostProcessAssembly application/grpc - - 200 - application/grpc 13.7565ms
[40m[32minfo[39m[22m[49m: Microsoft.AspNetCore.Routing.EndpointMiddleware[1]
      Executed endpoint 'gRPC - /UnityILPP.PostProcessing/PostProcessAssembly'
[40m[32minfo[39m[22m[49m: Microsoft.AspNetCore.Hosting.Diagnostics[2]
      Request finished HTTP/2 POST http://ilpp/UnityILPP.PostProcessing/PostProcessAssembly application/grpc - - 200 - application/grpc 32.1012ms
[40m[32minfo[39m[22m[49m: Microsoft.AspNetCore.Hosting.Diagnostics[1]
      Request starting HTTP/2 POST http://ilpp/UnityILPP.PostProcessing/PostProcessAssembly application/grpc -
[40m[32minfo[39m[22m[49m: Microsoft.AspNetCore.Routing.EndpointMiddleware[0]
      Executing endpoint 'gRPC - /UnityILPP.PostProcessing/PostProcessAssembly'
[40m[32minfo[39m[22m[49m: Unity.ILPP.Runner.PostProcessingPipeline[0]
      Processing assembly Library/Bee/artifacts/200b0aE.dag/Unity.Burst.Editor.dll, with 115 defines and 237 references
[40m[32minfo[39m[22m[49m: Unity.ILPP.Runner.PostProcessingPipeline[0]
      processors: HybridCLR.AssemblyShadow.CodeGen.ReflectionBindingsILPostProcessor, zzzUnity.Burst.CodeGen.BurstILPostProcessor
[40m[32minfo[39m[22m[49m: Unity.ILPP.Runner.PostProcessingPipeline[0]
      running HybridCLR.AssemblyShadow.CodeGen.ReflectionBindingsILPostProcessor
[40m[32minfo[39m[22m[49m: Unity.ILPP.Runner.PostProcessingPipeline[0]
      running zzzUnity.Burst.CodeGen.BurstILPostProcessor
[40m[32minfo[39m[22m[49m: Microsoft.AspNetCore.Hosting.Diagnostics[1]
      Request starting HTTP/2 POST http://ilpp/UnityILPP.PostProcessing/PostProcessAssembly application/grpc -
[40m[32minfo[39m[22m[49m: Microsoft.AspNetCore.Routing.EndpointMiddleware[0]
      Executing endpoint 'gRPC - /UnityILPP.PostProcessing/PostProcessAssembly'
[40m[32minfo[39m[22m[49m: Unity.ILPP.Runner.PostProcessingPipeline[0]
      Processing assembly Library/Bee/artifacts/200b0aE.dag/PsdPlugin.dll, with 115 defines and 237 references
[40m[32minfo[39m[22m[49m: Unity.ILPP.Runner.PostProcessingPipeline[0]
      processors: HybridCLR.AssemblyShadow.CodeGen.ReflectionBindingsILPostProcessor, zzzUnity.Burst.CodeGen.BurstILPostProcessor
[40m[32minfo[39m[22m[49m: Unity.ILPP.Runner.PostProcessingPipeline[0]
      running HybridCLR.AssemblyShadow.CodeGen.ReflectionBindingsILPostProcessor
[40m[32minfo[39m[22m[49m: Unity.ILPP.Runner.PostProcessingPipeline[0]
      running zzzUnity.Burst.CodeGen.BurstILPostProcessor
[40m[32minfo[39m[22m[49m: Microsoft.AspNetCore.Hosting.Diagnostics[1]
      Request starting HTTP/2 POST http://ilpp/UnityILPP.PostProcessing/PostProcessAssembly application/grpc -
[40m[32minfo[39m[22m[49m: Unity.ILPP.Runner.PostProcessingPipeline[0]
      Processing assembly Library/Bee/artifacts/200b0aE.dag/Unity.2D.Sprite.Editor.dll, with 115 defines and 236 references
[40m[32minfo[39m[22m[49m: Unity.ILPP.Runner.PostProcessingPipeline[0]
      processors: HybridCLR.AssemblyShadow.CodeGen.ReflectionBindingsILPostProcessor, zzzUnity.Burst.CodeGen.BurstILPostProcessor
[40m[32minfo[39m[22m[49m: Microsoft.AspNetCore.Hosting.Diagnostics[1]
      Request starting HTTP/2 POST http://ilpp/UnityILPP.PostProcessing/PostProcessAssembly application/grpc -
[40m[32minfo[39m[22m[49m: Microsoft.AspNetCore.Routing.EndpointMiddleware[0]
      Executing endpoint 'gRPC - /UnityILPP.PostProcessing/PostProcessAssembly'
[40m[32minfo[39m[22m[49m: Microsoft.AspNetCore.Routing.EndpointMiddleware[0]
      Executing endpoint 'gRPC - /UnityILPP.PostProcessing/PostProcessAssembly'
[40m[32minfo[39m[22m[49m: Microsoft.AspNetCore.Hosting.Diagnostics[1]
      Request starting HTTP/2 POST http://ilpp/UnityILPP.PostProcessing/PostProcessAssembly application/grpc -
[40m[32minfo[39m[22m[49m: Microsoft.AspNetCore.Routing.EndpointMiddleware[0]
      Executing endpoint 'gRPC - /UnityILPP.PostProcessing/PostProcessAssembly'
[40m[32minfo[39m[22m[49m: Unity.ILPP.Runner.PostProcessingPipeline[0]
      running HybridCLR.AssemblyShadow.CodeGen.ReflectionBindingsILPostProcessor
[40m[32minfo[39m[22m[49m: Unity.ILPP.Runner.PostProcessingPipeline[0]
      running zzzUnity.Burst.CodeGen.BurstILPostProcessor
[40m[32minfo[39m[22m[49m: Microsoft.AspNetCore.Routing.EndpointMiddleware[1]
      Executed endpoint 'gRPC - /UnityILPP.PostProcessing/PostProcessAssembly'
[40m[32minfo[39m[22m[49m: Microsoft.AspNetCore.Hosting.Diagnostics[2]
      Request finished HTTP/2 POST http://ilpp/UnityILPP.PostProcessing/PostProcessAssembly application/grpc - - 200 - application/grpc 35.1799ms
[40m[32minfo[39m[22m[49m: Unity.ILPP.Runner.PostProcessingPipeline[0]
      Processing assembly Library/Bee/artifacts/200b0aE.dag/Unity.CollabProxy.Editor.dll, with 115 defines and 237 references
[40m[32minfo[39m[22m[49m: Unity.ILPP.Runner.PostProcessingPipeline[0]
      processors: HybridCLR.AssemblyShadow.CodeGen.ReflectionBindingsILPostProcessor, zzzUnity.Burst.CodeGen.BurstILPostProcessor
[40m[32minfo[39m[22m[49m: Unity.ILPP.Runner.PostProcessingPipeline[0]
      running HybridCLR.AssemblyShadow.CodeGen.ReflectionBindingsILPostProcessor
[40m[32minfo[39m[22m[49m: Unity.ILPP.Runner.PostProcessingPipeline[0]
      running zzzUnity.Burst.CodeGen.BurstILPostProcessor
[40m[32minfo[39m[22m[49m: Unity.ILPP.Runner.PostProcessingPipeline[0]
      Processing assembly Library/Bee/artifacts/200b0aE.dag/UnityEditor.UI.dll, with 118 defines and 235 references
[40m[32minfo[39m[22m[49m: Unity.ILPP.Runner.PostProcessingPipeline[0]
      processors: HybridCLR.AssemblyShadow.CodeGen.ReflectionBindingsILPostProcessor, zzzUnity.Burst.CodeGen.BurstILPostProcessor
[40m[32minfo[39m[22m[49m: Microsoft.AspNetCore.Routing.EndpointMiddleware[1]
      Executed endpoint 'gRPC - /UnityILPP.PostProcessing/PostProcessAssembly'
[40m[32minfo[39m[22m[49m: Unity.ILPP.Runner.PostProcessingPipeline[0]
      Processing assembly Library/Bee/artifacts/200b0aE.dag/Unity.Timeline.Editor.dll, with 116 defines and 237 references
[40m[32minfo[39m[22m[49m: Unity.ILPP.Runner.PostProcessingPipeline[0]
      processors: HybridCLR.AssemblyShadow.CodeGen.ReflectionBindingsILPostProcessor, zzzUnity.Burst.CodeGen.BurstILPostProcessor
[40m[32minfo[39m[22m[49m: Microsoft.AspNetCore.Hosting.Diagnostics[2]
      Request finished HTTP/2 POST http://ilpp/UnityILPP.PostProcessing/PostProcessAssembly application/grpc - - 200 - application/grpc 6.6730ms
[40m[32minfo[39m[22m[49m: Unity.ILPP.Runner.PostProcessingPipeline[0]
      running HybridCLR.AssemblyShadow.CodeGen.ReflectionBindingsILPostProcessor
[40m[32minfo[39m[22m[49m: Unity.ILPP.Runner.PostProcessingPipeline[0]
      running zzzUnity.Burst.CodeGen.BurstILPostProcessor
[40m[32minfo[39m[22m[49m: Unity.ILPP.Runner.PostProcessingPipeline[0]
      running HybridCLR.AssemblyShadow.CodeGen.ReflectionBindingsILPostProcessor
[40m[32minfo[39m[22m[49m: Unity.ILPP.Runner.PostProcessingPipeline[0]
      running zzzUnity.Burst.CodeGen.BurstILPostProcessor
[40m[32minfo[39m[22m[49m: Microsoft.AspNetCore.Routing.EndpointMiddleware[1]
      Executed endpoint 'gRPC - /UnityILPP.PostProcessing/PostProcessAssembly'
[40m[32minfo[39m[22m[49m: Microsoft.AspNetCore.Hosting.Diagnostics[2]
      Request finished HTTP/2 POST http://ilpp/UnityILPP.PostProcessing/PostProcessAssembly application/grpc - - 200 - application/grpc 9.0461ms
[40m[32minfo[39m[22m[49m: Microsoft.AspNetCore.Routing.EndpointMiddleware[1]
      Executed endpoint 'gRPC - /UnityILPP.PostProcessing/PostProcessAssembly'
[40m[32minfo[39m[22m[49m: Microsoft.AspNetCore.Hosting.Diagnostics[2]
      Request finished HTTP/2 POST http://ilpp/UnityILPP.PostProcessing/PostProcessAssembly application/grpc - - 200 - application/grpc 19.6575ms
[40m[32minfo[39m[22m[49m: Microsoft.AspNetCore.Routing.EndpointMiddleware[1]
      Executed endpoint 'gRPC - /UnityILPP.PostProcessing/PostProcessAssembly'
[40m[32minfo[39m[22m[49m: Microsoft.AspNetCore.Hosting.Diagnostics[2]
      Request finished HTTP/2 POST http://ilpp/UnityILPP.PostProcessing/PostProcessAssembly application/grpc - - 200 - application/grpc 63.3000ms
[40m[32minfo[39m[22m[49m: Microsoft.AspNetCore.Routing.EndpointMiddleware[1]
      Executed endpoint 'gRPC - /UnityILPP.PostProcessing/PostProcessAssembly'
[40m[32minfo[39m[22m[49m: Microsoft.AspNetCore.Hosting.Diagnostics[2]
      Request finished HTTP/2 POST http://ilpp/UnityILPP.PostProcessing/PostProcessAssembly application/grpc - - 200 - application/grpc 84.1319ms
[40m[32minfo[39m[22m[49m: Microsoft.AspNetCore.Hosting.Diagnostics[1]
      Request starting HTTP/2 POST http://ilpp/UnityILPP.PostProcessing/PostProcessAssembly application/grpc -
[40m[32minfo[39m[22m[49m: Microsoft.AspNetCore.Routing.EndpointMiddleware[0]
      Executing endpoint 'gRPC - /UnityILPP.PostProcessing/PostProcessAssembly'
[40m[32minfo[39m[22m[49m: Unity.ILPP.Runner.PostProcessingPipeline[0]
      Processing assembly Library/Bee/artifacts/200b0aE.dag/Unity.RenderPipelines.Universal.Editor.dll, with 116 defines and 242 references
[40m[32minfo[39m[22m[49m: Unity.ILPP.Runner.PostProcessingPipeline[0]
      processors: HybridCLR.AssemblyShadow.CodeGen.ReflectionBindingsILPostProcessor, zzzUnity.Burst.CodeGen.BurstILPostProcessor
[40m[32minfo[39m[22m[49m: Unity.ILPP.Runner.PostProcessingPipeline[0]
      running HybridCLR.AssemblyShadow.CodeGen.ReflectionBindingsILPostProcessor
[40m[32minfo[39m[22m[49m: Unity.ILPP.Runner.PostProcessingPipeline[0]
      running zzzUnity.Burst.CodeGen.BurstILPostProcessor
[40m[32minfo[39m[22m[49m: Microsoft.AspNetCore.Routing.EndpointMiddleware[1]
      Executed endpoint 'gRPC - /UnityILPP.PostProcessing/PostProcessAssembly'
[40m[32minfo[39m[22m[49m: Microsoft.AspNetCore.Hosting.Diagnostics[2]
      Request finished HTTP/2 POST http://ilpp/UnityILPP.PostProcessing/PostProcessAssembly application/grpc - - 200 - application/grpc 3.7758ms
[40m[32minfo[39m[22m[49m: Microsoft.AspNetCore.Hosting.Diagnostics[1]
      Request starting HTTP/2 POST http://ilpp/UnityILPP.PostProcessing/PostProcessAssembly application/grpc -
[40m[32minfo[39m[22m[49m: Microsoft.AspNetCore.Routing.EndpointMiddleware[0]
      Executing endpoint 'gRPC - /UnityILPP.PostProcessing/PostProcessAssembly'
[40m[32minfo[39m[22m[49m: Microsoft.AspNetCore.Hosting.Diagnostics[1]
      Request starting HTTP/2 POST http://ilpp/UnityILPP.PostProcessing/PostProcessAssembly application/grpc -
[40m[32minfo[39m[22m[49m: Microsoft.AspNetCore.Routing.EndpointMiddleware[0]
      Executing endpoint 'gRPC - /UnityILPP.PostProcessing/PostProcessAssembly'
[40m[32minfo[39m[22m[49m: Unity.ILPP.Runner.PostProcessingPipeline[0]
      Processing assembly Library/Bee/artifacts/200b0aE.dag/PPv2URPConverters.dll, with 115 defines and 240 references
[40m[32minfo[39m[22m[49m: Unity.ILPP.Runner.PostProcessingPipeline[0]
      processors: HybridCLR.AssemblyShadow.CodeGen.ReflectionBindingsILPostProcessor, zzzUnity.Burst.CodeGen.BurstILPostProcessor
[40m[32minfo[39m[22m[49m: Unity.ILPP.Runner.PostProcessingPipeline[0]
      running HybridCLR.AssemblyShadow.CodeGen.ReflectionBindingsILPostProcessor
[40m[32minfo[39m[22m[49m: Unity.ILPP.Runner.PostProcessingPipeline[0]
      running zzzUnity.Burst.CodeGen.BurstILPostProcessor
[40m[32minfo[39m[22m[49m: Microsoft.AspNetCore.Routing.EndpointMiddleware[1]
      Executed endpoint 'gRPC - /UnityILPP.PostProcessing/PostProcessAssembly'
[40m[32minfo[39m[22m[49m: Microsoft.AspNetCore.Hosting.Diagnostics[2]
      Request finished HTTP/2 POST http://ilpp/UnityILPP.PostProcessing/PostProcessAssembly application/grpc - - 200 - application/grpc 3.7440ms
[40m[32minfo[39m[22m[49m: Microsoft.AspNetCore.Hosting.Diagnostics[1]
      Request starting HTTP/2 POST http://ilpp/UnityILPP.PostProcessing/PostProcessAssembly application/grpc -
[40m[32minfo[39m[22m[49m: Microsoft.AspNetCore.Routing.EndpointMiddleware[0]
      Executing endpoint 'gRPC - /UnityILPP.PostProcessing/PostProcessAssembly'
[40m[32minfo[39m[22m[49m: Unity.ILPP.Runner.PostProcessingPipeline[0]
      Processing assembly Library/Bee/artifacts/200b0aE.dag/Unity.VisualScripting.Flow.Editor.dll, with 115 defines and 239 references
[40m[32minfo[39m[22m[49m: Unity.ILPP.Runner.PostProcessingPipeline[0]
      processors: HybridCLR.AssemblyShadow.CodeGen.ReflectionBindingsILPostProcessor, zzzUnity.Burst.CodeGen.BurstILPostProcessor
[40m[32minfo[39m[22m[49m: Unity.ILPP.Runner.PostProcessingPipeline[0]
      running HybridCLR.AssemblyShadow.CodeGen.ReflectionBindingsILPostProcessor
[40m[32minfo[39m[22m[49m: Unity.ILPP.Runner.PostProcessingPipeline[0]
      running zzzUnity.Burst.CodeGen.BurstILPostProcessor
[40m[32minfo[39m[22m[49m: Unity.ILPP.Runner.PostProcessingPipeline[0]
      Processing assembly Library/Bee/artifacts/200b0aE.dag/Unity.2D.SpriteShape.Editor.dll, with 115 defines and 241 references
[40m[32minfo[39m[22m[49m: Unity.ILPP.Runner.PostProcessingPipeline[0]
      processors: HybridCLR.AssemblyShadow.CodeGen.ReflectionBindingsILPostProcessor, zzzUnity.Burst.CodeGen.BurstILPostProcessor
[40m[32minfo[39m[22m[49m: Microsoft.AspNetCore.Routing.EndpointMiddleware[1]
      Executed endpoint 'gRPC - /UnityILPP.PostProcessing/PostProcessAssembly'
[40m[32minfo[39m[22m[49m: Microsoft.AspNetCore.Hosting.Diagnostics[2]
      Request finished HTTP/2 POST http://ilpp/UnityILPP.PostProcessing/PostProcessAssembly application/grpc - - 200 - application/grpc 4.4101ms
[40m[32minfo[39m[22m[49m: Unity.ILPP.Runner.PostProcessingPipeline[0]
      running HybridCLR.AssemblyShadow.CodeGen.ReflectionBindingsILPostProcessor
[40m[32minfo[39m[22m[49m: Unity.ILPP.Runner.PostProcessingPipeline[0]
      running zzzUnity.Burst.CodeGen.BurstILPostProcessor
[40m[32minfo[39m[22m[49m: Microsoft.AspNetCore.Routing.EndpointMiddleware[1]
      Executed endpoint 'gRPC - /UnityILPP.PostProcessing/PostProcessAssembly'
[40m[32minfo[39m[22m[49m: Microsoft.AspNetCore.Hosting.Diagnostics[2]
      Request finished HTTP/2 POST http://ilpp/UnityILPP.PostProcessing/PostProcessAssembly application/grpc - - 200 - application/grpc 19.6511ms
ExitCode: 0 Duration: 5s511ms
Finished compiling graph: 911 nodes, 14358 flattened edges (11610 ToBuild, 166 ToUse), maximum node priority 992
[  3/908    0s] WriteText Library/Bee/artifacts/200b0aE.dag/UnityEngine.TestRunner.UnityAdditionalFile.txt
[  5/908    0s] WriteText Library/Bee/artifacts/200b0aE.dag/UnityEngine.TestRunner.rsp2
[102/908    0s] WriteText Library/Bee/artifacts/200b0aE.dag/UnityEngine.UI.rsp2
[105/908    0s] WriteText Library/Bee/artifacts/200b0aE.dag/UnityEngine.TestRunner.dll.mvfrm.rsp
[106/908    0s] WriteText Library/Bee/artifacts/200b0aE.dag/UnityEditor.TestRunner.UnityAdditionalFile.txt
[107/908    0s] WriteText Library/Bee/artifacts/200b0aE.dag/UnityEngine.UI.UnityAdditionalFile.txt
[108/908    0s] WriteText Library/Bee/artifacts/200b0aE.dag/UnityEditor.TestRunner.rsp2
[109/908    0s] WriteText Library/Bee/artifacts/200b0aE.dag/UnityEngine.UI.rsp
[110/908    0s] WriteText Library/Bee/artifacts/200b0aE.dag/UnityEngine.TestRunner.rsp
[111/908    0s] WriteText Library/Bee/artifacts/200b0aE.dag/UnityEngine.UI.dll.mvfrm.rsp
[112/908    0s] WriteText Library/Bee/artifacts/200b0aE.dag/UnityEditor.UI.UnityAdditionalFile.txt
[113/908    0s] WriteText Library/Bee/artifacts/200b0aE.dag/UnityEditor.TestRunner.dll.mvfrm.rsp
[115/908    0s] WriteText Library/Bee/artifacts/200b0aE.dag/UnityEditor.TestRunner.rsp
[116/908    0s] WriteText Library/Bee/artifacts/200b0aE.dag/Unity.Burst.UnityAdditionalFile.txt
[117/908    0s] WriteText Library/Bee/artifacts/200b0aE.dag/Unity.Burst.dll.mvfrm.rsp
[118/908    0s] WriteText Library/Bee/artifacts/200b0aE.dag/UnityEditor.UI.rsp2
[119/908    0s] WriteText Library/Bee/artifacts/200b0aE.dag/UnityEditor.UI.dll.mvfrm.rsp
[120/908    0s] WriteText Library/Bee/artifacts/200b0aE.dag/UnityEditor.UI.rsp
[122/908    0s] WriteText Library/Bee/artifacts/200b0aE.dag/Unity.Burst.rsp2
[123/908    0s] WriteText Library/Bee/artifacts/200b0aE.dag/Unity.HybridCLR.AssemblyShadow.CodeGen.UnityAdditionalFile.txt
[128/908    0s] WriteText Library/Bee/artifacts/200b0aE.dag/Unity.HybridCLR.AssemblyShadow.CodeGen.rsp2
[129/908    0s] WriteText Library/Bee/artifacts/200b0aE.dag/Unity.Burst.CodeGen.rsp2
[130/908    0s] WriteText Library/Bee/artifacts/200b0aE.dag/Unity.Burst.CodeGen.UnityAdditionalFile.txt
[131/908    0s] WriteText Library/Bee/artifacts/200b0aE.dag/Unity.HybridCLR.AssemblyShadow.CodeGen.rsp
[132/908    0s] WriteText Library/Bee/artifacts/200b0aE.dag/Unity.Burst.rsp
[133/908    0s] WriteText Library/Bee/artifacts/200b0aE.dag/Unity.HybridCLR.AssemblyShadow.CodeGen.dll.mvfrm.rsp
[134/908    0s] WriteText Library/Bee/artifacts/200b0aE.dag/Unity.Mathematics.rsp2
[135/908    0s] WriteText Library/Bee/artifacts/200b0aE.dag/Unity.Mathematics.UnityAdditionalFile.txt
[136/908    0s] WriteText Library/Bee/artifacts/200b0aE.dag/Unity.RenderPipelines.Core.Runtime.UnityAdditionalFile.txt
[137/908    0s] WriteText Library/Bee/artifacts/200b0aE.dag/Unity.Burst.CodeGen.rsp
[138/908    0s] WriteText Library/Bee/artifacts/200b0aE.dag/Unity.Mathematics.dll.mvfrm.rsp
[139/908    0s] WriteText Library/Bee/artifacts/200b0aE.dag/Unity.VisualScripting.Core.rsp2
[140/908    0s] WriteText Library/Bee/artifacts/200b0aE.dag/Unity.Burst.CodeGen.dll.mvfrm.rsp
[141/908    0s] WriteText Library/Bee/artifacts/200b0aE.dag/Unity.RenderPipelines.Core.Runtime.rsp2
[142/908    0s] WriteText Library/Bee/artifacts/200b0aE.dag/Unity.Mathematics.rsp
[143/908    0s] WriteText Library/Bee/artifacts/200b0aE.dag/Unity.VisualScripting.Core.UnityAdditionalFile.txt
[144/908    0s] WriteText Library/Bee/artifacts/200b0aE.dag/Unity.2D.Sprite.Editor.rsp2
[145/908    0s] WriteText Library/Bee/artifacts/200b0aE.dag/Unity.VisualScripting.Core.dll.mvfrm.rsp
[146/908    0s] WriteText Library/Bee/artifacts/200b0aE.dag/Unity.RenderPipelines.Core.Runtime.rsp
[147/908    0s] WriteText Library/Bee/artifacts/200b0aE.dag/Unity.2D.Sprite.Editor.UnityAdditionalFile.txt
[148/908    0s] WriteText Library/Bee/artifacts/200b0aE.dag/Unity.RenderPipelines.Core.Runtime.dll.mvfrm.rsp
[149/908    0s] WriteText Library/Bee/artifacts/200b0aE.dag/Unity.2D.Common.Runtime.UnityAdditionalFile.txt
[150/908    0s] WriteText Library/Bee/artifacts/200b0aE.dag/Unity.VisualScripting.Core.rsp
[151/908    0s] WriteText Library/Bee/artifacts/200b0aE.dag/Unity.2D.Common.Runtime.rsp2
[152/908    0s] WriteText Library/Bee/artifacts/200b0aE.dag/Unity.InternalAPIEngineBridge.001.rsp2
[153/908    0s] WriteText Library/Bee/artifacts/200b0aE.dag/Unity.2D.Sprite.Editor.dll.mvfrm.rsp
[154/908    0s] WriteText Library/Bee/artifacts/200b0aE.dag/Unity.InternalAPIEngineBridge.001.UnityAdditionalFile.txt
[155/908    0s] WriteText Library/Bee/artifacts/200b0aE.dag/Unity.Collections.rsp2
[156/908    0s] WriteText Library/Bee/artifacts/200b0aE.dag/Unity.Collections.UnityAdditionalFile.txt
[157/908    0s] WriteText Library/Bee/artifacts/200b0aE.dag/Unity.2D.Common.Runtime.rsp
[158/908    0s] WriteText Library/Bee/artifacts/200b0aE.dag/Unity.VisualScripting.Flow.rsp2
[159/908    0s] WriteText Library/Bee/artifacts/200b0aE.dag/Unity.VisualScripting.Flow.UnityAdditionalFile.txt
[160/908    0s] WriteText Library/Bee/artifacts/200b0aE.dag/Unity.2D.Common.Runtime.dll.mvfrm.rsp
[161/908    0s] WriteText Library/Bee/artifacts/200b0aE.dag/Unity.2D.Sprite.Editor.rsp
[162/908    0s] WriteText Library/Bee/artifacts/200b0aE.dag/Unity.VisualScripting.Core.Editor.rsp2
[163/908    0s] WriteText Library/Bee/artifacts/200b0aE.dag/Unity.RenderPipelines.Universal.Config.Runtime.rsp2
[164/908    0s] WriteText Library/Bee/artifacts/200b0aE.dag/Unity.RenderPipeline.Universal.ShaderLibrary.UnityAdditionalFile.txt
[165/908    0s] WriteText Library/Bee/artifacts/200b0aE.dag/Unity.VisualScripting.Core.Editor.UnityAdditionalFile.txt
[166/908    0s] WriteText Library/Bee/artifacts/200b0aE.dag/Unity.RenderPipelines.Universal.Config.Runtime.UnityAdditionalFile.txt
[167/908    0s] WriteText Library/Bee/artifacts/200b0aE.dag/Unity.RenderPipelines.Universal.2D.Internal.rsp2
[168/908    0s] WriteText Library/Bee/artifacts/200b0aE.dag/Unity.RenderPipelines.Core.Editor.UnityAdditionalFile.txt
[169/908    0s] WriteText Library/Bee/artifacts/200b0aE.dag/Unity.InternalAPIEngineBridge.001.dll.mvfrm.rsp
[170/908    0s] WriteText Library/Bee/artifacts/200b0aE.dag/Unity.RenderPipeline.Universal.ShaderLibrary.rsp2
[171/908    0s] WriteText Library/Bee/artifacts/200b0aE.dag/Unity.InternalAPIEngineBridge.001.rsp
[172/908    0s] WriteText Library/Bee/artifacts/200b0aE.dag/Unity.Collections.dll.mvfrm.rsp
[173/908    0s] WriteText Library/Bee/artifacts/200b0aE.dag/Unity.RenderPipelines.Core.Editor.rsp2
[174/908    0s] WriteText Library/Bee/artifacts/200b0aE.dag/Unity.VisualScripting.Flow.dll.mvfrm.rsp
[175/908    0s] WriteText Library/Bee/artifacts/200b0aE.dag/Unity.RenderPipelines.Universal.Config.Runtime.dll.mvfrm.rsp
[176/908    0s] WriteText Library/Bee/artifacts/200b0aE.dag/Unity.RenderPipelines.Universal.2D.Internal.UnityAdditionalFile.txt
[177/908    0s] WriteText Library/Bee/artifacts/200b0aE.dag/Unity.RenderPipelines.Universal.2D.Internal.dll.mvfrm.rsp
[178/908    0s] WriteText Library/Bee/artifacts/200b0aE.dag/Unity.Searcher.Editor.UnityAdditionalFile.txt
[179/908    0s] WriteText Library/Bee/artifacts/200b0aE.dag/Unity.Searcher.Editor.rsp2
[180/908    0s] WriteText Library/Bee/artifacts/200b0aE.dag/Unity.VisualScripting.Flow.rsp
[181/908    0s] WriteText Library/Bee/artifacts/200b0aE.dag/Unity.RenderPipeline.Universal.ShaderLibrary.dll.mvfrm.rsp
[182/908    0s] WriteText Library/Bee/artifacts/200b0aE.dag/Unity.Collections.rsp
[183/908    0s] WriteText Library/Bee/artifacts/200b0aE.dag/Unity.RenderPipelines.Universal.2D.Internal.rsp
[184/908    0s] WriteText Library/Bee/artifacts/200b0aE.dag/Unity.InternalAPIEditorBridge.001.UnityAdditionalFile.txt
[185/908    0s] WriteText Library/Bee/artifacts/200b0aE.dag/Unity.VisualScripting.Core.Editor.dll.mvfrm.rsp
[186/908    0s] WriteText Library/Bee/artifacts/200b0aE.dag/Unity.RenderPipelines.Universal.Config.Runtime.rsp
[187/908    0s] WriteText Library/Bee/artifacts/200b0aE.dag/Unity.RenderPipeline.Universal.ShaderLibrary.rsp
[188/908    0s] WriteText Library/Bee/artifacts/200b0aE.dag/Unity.InternalAPIEditorBridge.001.rsp2
[189/908    0s] WriteText Library/Bee/artifacts/200b0aE.dag/Unity.ShaderGraph.Utilities.rsp2
[190/908    0s] WriteText Library/Bee/artifacts/200b0aE.dag/Unity.ShaderGraph.Utilities.UnityAdditionalFile.txt
[191/908    0s] WriteText Library/Bee/artifacts/200b0aE.dag/Unity.RenderPipelines.Core.Editor.rsp
[192/908    0s] WriteText Library/Bee/artifacts/200b0aE.dag/Unity.RenderPipelines.Core.Editor.dll.mvfrm.rsp
[193/908    0s] WriteText Library/Bee/artifacts/200b0aE.dag/Unity.2D.Common.Editor.rsp2
[194/908    0s] WriteText Library/Bee/artifacts/200b0aE.dag/Unity.2D.Common.Editor.UnityAdditionalFile.txt
[195/908    0s] WriteText Library/Bee/artifacts/200b0aE.dag/Unity.VisualScripting.Core.Editor.rsp
[196/908    0s] WriteText Library/Bee/artifacts/200b0aE.dag/Unity.RenderPipelines.Universal.Runtime.UnityAdditionalFile.txt
[197/908    0s] WriteText Library/Bee/artifacts/200b0aE.dag/Unity.Searcher.Editor.rsp
[198/908    0s] WriteText Library/Bee/artifacts/200b0aE.dag/Unity.ShaderGraph.Utilities.dll.mvfrm.rsp
[199/908    0s] WriteText Library/Bee/artifacts/200b0aE.dag/Unity.InternalAPIEditorBridge.001.dll.mvfrm.rsp
[200/908    0s] WriteText Library/Bee/artifacts/200b0aE.dag/Unity.VisualScripting.Flow.Editor.rsp2
[201/908    0s] WriteText Library/Bee/artifacts/200b0aE.dag/Unity.VisualScripting.Flow.Editor.UnityAdditionalFile.txt
[202/908    0s] WriteText Library/Bee/artifacts/200b0aE.dag/Unity.ShaderGraph.Utilities.rsp
[203/908    0s] WriteText Library/Bee/artifacts/200b0aE.dag/HybridCLR.Runtime.rsp2
[204/908    0s] WriteText Library/Bee/artifacts/200b0aE.dag/Unity.RenderPipelines.Universal.Runtime.rsp2
[205/908    0s] WriteText Library/Bee/artifacts/200b0aE.dag/Unity.VisualScripting.State.rsp2
[206/908    0s] WriteText Library/Bee/artifacts/200b0aE.dag/Unity.VisualScripting.State.UnityAdditionalFile.txt
[207/908    0s] WriteText Library/Bee/artifacts/200b0aE.dag/HybridCLR.Runtime.UnityAdditionalFile.txt
[208/908    0s] WriteText Library/Bee/artifacts/200b0aE.dag/Unity.InternalAPIEditorBridge.001.rsp
[209/908    0s] WriteText Library/Bee/artifacts/200b0aE.dag/Unity.Searcher.Editor.dll.mvfrm.rsp
[210/908    0s] WriteText Library/Bee/artifacts/200b0aE.dag/Unity.2D.Animation.Runtime.UnityAdditionalFile.txt
[211/908    0s] WriteText Library/Bee/artifacts/200b0aE.dag/Unity.2D.Common.Editor.dll.mvfrm.rsp
[212/908    0s] WriteText Library/Bee/artifacts/200b0aE.dag/Unity.ShaderGraph.Editor.rsp2
[213/908    0s] WriteText Library/Bee/artifacts/200b0aE.dag/Unity.ShaderGraph.Editor.UnityAdditionalFile.txt
[214/908    0s] WriteText Library/Bee/artifacts/200b0aE.dag/Unity.Mathematics.Editor.UnityAdditionalFile.txt
[215/908    0s] WriteText Library/Bee/artifacts/200b0aE.dag/Unity.Mathematics.Editor.rsp2
[216/908    0s] WriteText Library/Bee/artifacts/200b0aE.dag/Unity.2D.Animation.Runtime.rsp2
[217/908    0s] WriteText Library/Bee/artifacts/200b0aE.dag/Unity.RenderPipelines.Universal.Runtime.rsp
[218/908    0s] WriteText Library/Bee/artifacts/200b0aE.dag/Unity.2D.Common.Editor.rsp
[219/908    0s] WriteText Library/Bee/artifacts/200b0aE.dag/Unity.2D.Animation.Runtime.dll.mvfrm.rsp
[220/908    0s] WriteText Library/Bee/artifacts/200b0aE.dag/Unity.Burst.Editor.UnityAdditionalFile.txt
[221/908    0s] WriteText Library/Bee/artifacts/200b0aE.dag/Unity.VisualScripting.State.dll.mvfrm.rsp
[222/908    0s] WriteText Library/Bee/artifacts/200b0aE.dag/Unity.Burst.Editor.rsp2
[223/908    0s] WriteText Library/Bee/artifacts/200b0aE.dag/Unity.VisualScripting.Flow.Editor.dll.mvfrm.rsp
[224/908    0s] WriteText Library/Bee/artifacts/200b0aE.dag/Unity.Burst.Editor.dll.mvfrm.rsp
[225/908    0s] WriteText Library/Bee/artifacts/200b0aE.dag/Unity.Mathematics.Editor.dll.mvfrm.rsp
[226/908    0s] WriteText Library/Bee/artifacts/200b0aE.dag/Unity.RenderPipelines.Universal.Runtime.dll.mvfrm.rsp
[227/908    0s] WriteText Library/Bee/artifacts/200b0aE.dag/AssemblyA.Contracts.UnityAdditionalFile.txt
[228/908    0s] WriteText Library/Bee/artifacts/200b0aE.dag/AssemblyA.Contracts.rsp2
[229/908    0s] WriteText Library/Bee/artifacts/200b0aE.dag/Unity.VisualScripting.Flow.Editor.rsp
[230/908    0s] WriteText Library/Bee/artifacts/200b0aE.dag/Unity.VisualScripting.State.rsp
[231/908    0s] WriteText Library/Bee/artifacts/200b0aE.dag/Unity.2D.Animation.Runtime.rsp
[232/908    0s] WriteText Library/Bee/artifacts/200b0aE.dag/Unity.ShaderGraph.Editor.rsp
[233/908    0s] WriteText Library/Bee/artifacts/200b0aE.dag/Unity.ShaderGraph.Editor.dll.mvfrm.rsp
[234/908    0s] WriteText Library/Bee/artifacts/200b0aE.dag/HybridCLR.Runtime.dll.mvfrm.rsp
[235/908    0s] WriteText Library/Bee/artifacts/200b0aE.dag/Unity.Burst.Editor.rsp
[236/908    0s] WriteText Library/Bee/artifacts/200b0aE.dag/Unity.Mathematics.Editor.rsp
[237/908    0s] WriteText Library/Bee/artifacts/200b0aE.dag/HybridCLR.Runtime.rsp
[238/908    0s] WriteText Library/Bee/artifacts/200b0aE.dag/Unity.RenderPipelines.Universal.Editor.rsp2
[239/908    0s] WriteText Library/Bee/artifacts/200b0aE.dag/Unity.RenderPipelines.Universal.Editor.UnityAdditionalFile.txt
[240/908    0s] WriteText Library/Bee/artifacts/200b0aE.dag/Unity.2D.Animation.Editor.UnityAdditionalFile.txt
[241/908    0s] WriteText Library/Bee/artifacts/200b0aE.dag/AssemblyA.Contracts.dll.mvfrm.rsp
[242/908    0s] WriteText Library/Bee/artifacts/200b0aE.dag/HybridCLR.Editor.UnityAdditionalFile.txt
[243/908    0s] WriteText Library/Bee/artifacts/200b0aE.dag/Unity.2D.Animation.Editor.rsp2
[244/908    0s] WriteText Library/Bee/artifacts/200b0aE.dag/HybridCLR.Editor.rsp2
[245/908    0s] WriteText Library/Bee/artifacts/200b0aE.dag/AssemblyA.Contracts.rsp
[246/908    0s] WriteText Library/Bee/artifacts/200b0aE.dag/Unity.2D.Common.Path.Editor.rsp2
[247/908    0s] WriteText Library/Bee/artifacts/200b0aE.dag/Unity.2D.Tilemap.Extras.rsp2
[248/908    0s] WriteText Library/Bee/artifacts/200b0aE.dag/Unity.2D.SpriteShape.Runtime.UnityAdditionalFile.txt
[249/908    0s] WriteText Library/Bee/artifacts/200b0aE.dag/Unity.2D.Common.Path.Editor.UnityAdditionalFile.txt
[250/908    0s] WriteText Library/Bee/artifacts/200b0aE.dag/Unity.Timeline.UnityAdditionalFile.txt
[251/908    0s] WriteText Library/Bee/artifacts/200b0aE.dag/Unity.TextMeshPro.rsp2
[252/908    0s] WriteText Library/Bee/artifacts/200b0aE.dag/Unity.Timeline.rsp2
[253/908    0s] WriteText Library/Bee/artifacts/200b0aE.dag/Unity.2D.SpriteShape.Runtime.rsp2
[254/908    0s] WriteText Library/Bee/artifacts/200b0aE.dag/Unity.TextMeshPro.UnityAdditionalFile.txt
[255/908    0s] WriteText Library/Bee/artifacts/200b0aE.dag/Unity.2D.Aseprite.Common.rsp2
[256/908    0s] WriteText Library/Bee/artifacts/200b0aE.dag/Unity.2D.Tilemap.Editor.UnityAdditionalFile.txt
[257/908    0s] WriteText Library/Bee/artifacts/200b0aE.dag/Unity.2D.IK.Runtime.UnityAdditionalFile.txt
[258/908    0s] WriteText Library/Bee/artifacts/200b0aE.dag/Unity.2D.PixelPerfect.rsp2
[259/908    0s] WriteText Library/Bee/artifacts/200b0aE.dag/Unity.VisualScripting.State.Editor.UnityAdditionalFile.txt
[260/908    0s] WriteText Library/Bee/artifacts/200b0aE.dag/Unity.2D.Aseprite.Common.UnityAdditionalFile.txt
[261/908    0s] WriteText Library/Bee/artifacts/200b0aE.dag/Unity.2D.Tilemap.Editor.rsp2
[262/908    0s] WriteText Library/Bee/artifacts/200b0aE.dag/Unity.VisualScripting.State.Editor.rsp2
[263/908    0s] WriteText Library/Bee/artifacts/200b0aE.dag/Unity.2D.PixelPerfect.UnityAdditionalFile.txt
[264/908    0s] WriteText Library/Bee/artifacts/200b0aE.dag/Unity.2D.IK.Runtime.rsp2
[265/908    0s] WriteText Library/Bee/artifacts/200b0aE.dag/Unity.2D.Tilemap.Extras.UnityAdditionalFile.txt
[266/908    0s] WriteText Library/Bee/artifacts/200b0aE.dag/Unity.2D.Animation.Editor.dll.mvfrm.rsp
[267/908    0s] WriteText Library/Bee/artifacts/200b0aE.dag/AssemblyA.Implementation.Extensibility.rsp2
[268/908    0s] WriteText Library/Bee/artifacts/200b0aE.dag/Unity.2D.Animation.Editor.rsp
[269/908    0s] WriteText Library/Bee/artifacts/200b0aE.dag/Unity.2D.PixelPerfect.dll.mvfrm.rsp
[270/908    0s] WriteText Library/Bee/artifacts/200b0aE.dag/Unity.VisualScripting.State.Editor.dll.mvfrm.rsp
[271/908    0s] WriteText Library/Bee/artifacts/200b0aE.dag/Unity.RenderPipelines.Universal.Editor.rsp
[272/908    0s] WriteText Library/Bee/artifacts/200b0aE.dag/Unity.2D.IK.Runtime.dll.mvfrm.rsp
[273/908    0s] WriteText Library/Bee/artifacts/200b0aE.dag/Unity.2D.Tilemap.Editor.dll.mvfrm.rsp
[274/908    0s] WriteText Library/Bee/artifacts/200b0aE.dag/Unity.Timeline.dll.mvfrm.rsp
[275/908    0s] WriteText Library/Bee/artifacts/200b0aE.dag/Unity.RenderPipelines.Universal.Editor.dll.mvfrm.rsp
[276/908    0s] WriteText Library/Bee/artifacts/200b0aE.dag/Unity.2D.SpriteShape.Runtime.dll.mvfrm.rsp
[277/908    0s] WriteText Library/Bee/artifacts/200b0aE.dag/Unity.TextMeshPro.dll.mvfrm.rsp
[278/908    0s] WriteText Library/Bee/artifacts/200b0aE.dag/AssemblyA.Implementation.Extensibility.UnityAdditionalFile.txt
[279/908    0s] WriteText Library/Bee/artifacts/200b0aE.dag/Unity.2D.SpriteShape.Runtime.rsp
[280/908    0s] WriteText Library/Bee/artifacts/200b0aE.dag/Unity.VisualScripting.State.Editor.rsp
[281/908    0s] WriteText Library/Bee/artifacts/200b0aE.dag/Unity.2D.Tilemap.Extras.dll.mvfrm.rsp
[282/908    0s] WriteText Library/Bee/artifacts/200b0aE.dag/AssemblyShadowBaseline.Aot.rsp2
[283/908    0s] WriteText Library/Bee/artifacts/200b0aE.dag/Unity.2D.IK.Runtime.rsp
[284/908    0s] WriteText Library/Bee/artifacts/200b0aE.dag/Unity.2D.Common.Path.Editor.dll.mvfrm.rsp
[285/908    0s] WriteText Library/Bee/artifacts/200b0aE.dag/Unity.2D.Aseprite.Common.rsp
[286/908    0s] WriteText Library/Bee/artifacts/200b0aE.dag/Unity.2D.PixelPerfect.rsp
[287/908    0s] WriteText Library/Bee/artifacts/200b0aE.dag/Unity.2D.Tilemap.Editor.rsp
[288/908    0s] WriteText Library/Bee/artifacts/200b0aE.dag/Unity.2D.Aseprite.Common.dll.mvfrm.rsp
[289/908    0s] WriteText Library/Bee/artifacts/200b0aE.dag/AssemblyShadowBaseline.Aot.UnityAdditionalFile.txt
[290/908    0s] WriteText Library/Bee/artifacts/200b0aE.dag/Unity.Timeline.rsp
[291/908    0s] WriteText Library/Bee/artifacts/200b0aE.dag/HybridCLR.Editor.dll.mvfrm.rsp
[292/908    0s] WriteText Library/Bee/artifacts/200b0aE.dag/Unity.TextMeshPro.rsp
[293/908    0s] WriteText Library/Bee/artifacts/200b0aE.dag/Unity.2D.Common.Path.Editor.rsp
[294/908    0s] WriteText Library/Bee/artifacts/200b0aE.dag/Unity.2D.Tilemap.Extras.rsp
[295/908    0s] WriteText Library/Bee/artifacts/200b0aE.dag/PsdPlugin.rsp2
[296/908    0s] WriteText Library/Bee/artifacts/200b0aE.dag/PsdPlugin.UnityAdditionalFile.txt
[297/908    0s] WriteText Library/Bee/artifacts/200b0aE.dag/Unity.PlasticSCM.Editor.UnityAdditionalFile.txt
[298/908    0s] WriteText Library/Bee/artifacts/200b0aE.dag/HybridCLR.Editor.rsp
[299/908    0s] WriteText Library/Bee/artifacts/200b0aE.dag/Unity.PlasticSCM.Editor.rsp2
[300/908    0s] WriteText Library/Bee/artifacts/200b0aE.dag/MCPForUnity.Runtime.rsp2
[301/908    0s] WriteText Library/Bee/artifacts/200b0aE.dag/MCPForUnity.Runtime.UnityAdditionalFile.txt
[302/908    0s] WriteText Library/Bee/artifacts/200b0aE.dag/PsdPlugin.dll.mvfrm.rsp
[303/908    0s] WriteText Library/Bee/artifacts/200b0aE.dag/AssemblyShadowBaseline.Aot.dll.mvfrm.rsp
[304/908    0s] WriteText Library/Bee/artifacts/200b0aE.dag/AssemblyA.Implementation.Extensibility.dll.mvfrm.rsp
[305/908    0s] WriteText Library/Bee/artifacts/200b0aE.dag/AssemblyA.Implementation.Extensibility.rsp
[306/908    0s] WriteText Library/Bee/artifacts/200b0aE.dag/PsdPlugin.rsp
[307/908    0s] WriteText Library/Bee/artifacts/200b0aE.dag/Unity.VisualStudio.Editor.rsp2
[308/908    0s] WriteText Library/Bee/artifacts/200b0aE.dag/Unity.Rider.Editor.rsp2
[309/908    0s] WriteText Library/Bee/artifacts/200b0aE.dag/Unity.VisualStudio.Editor.UnityAdditionalFile.txt
[310/908    0s] WriteText Library/Bee/artifacts/200b0aE.dag/Unity.Rider.Editor.UnityAdditionalFile.txt
[311/908    0s] WriteText Library/Bee/artifacts/200b0aE.dag/AssemblyShadowBaseline.Aot.rsp
[312/908    0s] WriteText Library/Bee/artifacts/200b0aE.dag/MCPForUnity.Runtime.dll.mvfrm.rsp
[313/908    0s] WriteText Library/Bee/artifacts/200b0aE.dag/Unity.PlasticSCM.Editor.dll.mvfrm.rsp
[314/908    0s] WriteText Library/Bee/artifacts/200b0aE.dag/Unity.RenderPipelines.Core.ShaderLibrary.rsp2
[315/908    0s] WriteText Library/Bee/artifacts/200b0aE.dag/Unity.RenderPipelines.ShaderGraph.ShaderGraphLibrary.UnityAdditionalFile.txt
[316/908    0s] WriteText Library/Bee/artifacts/200b0aE.dag/Unity.2D.Aseprite.Editor.rsp2
[317/908    0s] WriteText Library/Bee/artifacts/200b0aE.dag/Unity.RenderPipelines.ShaderGraph.ShaderGraphLibrary.rsp2
[318/908    0s] WriteText Library/Bee/artifacts/200b0aE.dag/Unity.2D.Aseprite.Editor.UnityAdditionalFile.txt
[319/908    0s] WriteText Library/Bee/artifacts/200b0aE.dag/Unity.RenderPipelines.Universal.Shaders.rsp2
[320/908    0s] WriteText Library/Bee/artifacts/200b0aE.dag/Unity.RenderPipelines.Universal.Shaders.UnityAdditionalFile.txt
[321/908    0s] WriteText Library/Bee/artifacts/200b0aE.dag/Unity.2D.Tilemap.Extras.Editor.UnityAdditionalFile.txt
[322/908    0s] WriteText Library/Bee/artifacts/200b0aE.dag/Unity.RenderPipelines.Core.ShaderLibrary.UnityAdditionalFile.txt
[323/908    0s] WriteText Library/Bee/artifacts/200b0aE.dag/Unity.2D.SpriteShape.Editor.rsp2
[324/908    0s] WriteText Library/Bee/artifacts/200b0aE.dag/Unity.2D.SpriteShape.Editor.UnityAdditionalFile.txt
[325/908    0s] WriteText Library/Bee/artifacts/200b0aE.dag/Unity.2D.Tilemap.Extras.Editor.rsp2
[326/908    0s] WriteText Library/Bee/artifacts/200b0aE.dag/Unity.TextMeshPro.Editor.rsp2
[327/908    0s] WriteText Library/Bee/artifacts/200b0aE.dag/Unity.2D.PixelPerfect.Editor.UnityAdditionalFile.txt
[328/908    0s] WriteText Library/Bee/artifacts/200b0aE.dag/Unity.Timeline.Editor.UnityAdditionalFile.txt
[329/908    0s] WriteText Library/Bee/artifacts/200b0aE.dag/Unity.2D.Psdimporter.Editor.UnityAdditionalFile.txt
[330/908    0s] WriteText Library/Bee/artifacts/200b0aE.dag/Unity.2D.IK.Editor.UnityAdditionalFile.txt
[331/908    0s] WriteText Library/Bee/artifacts/200b0aE.dag/Unity.Timeline.Editor.rsp2
[332/908    0s] WriteText Library/Bee/artifacts/200b0aE.dag/Unity.2D.PixelPerfect.Editor.rsp2
[333/908    0s] WriteText Library/Bee/artifacts/200b0aE.dag/Unity.VisualScripting.Shared.Editor.rsp2
[334/908    0s] WriteText Library/Bee/artifacts/200b0aE.dag/Unity.VisualScripting.SettingsProvider.Editor.rsp2
[335/908    0s] WriteText Library/Bee/artifacts/200b0aE.dag/Unity.VisualScripting.SettingsProvider.Editor.UnityAdditionalFile.txt
[336/908    0s] WriteText Library/Bee/artifacts/200b0aE.dag/Unity.PlasticSCM.Editor.rsp
[337/908    0s] WriteText Library/Bee/artifacts/200b0aE.dag/Unity.VisualStudio.Editor.dll.mvfrm.rsp
[338/908    0s] WriteText Library/Bee/artifacts/200b0aE.dag/Unity.Rider.Editor.dll.mvfrm.rsp
[339/908    0s] WriteText Library/Bee/artifacts/200b0aE.dag/Unity.VisualScripting.Shared.Editor.UnityAdditionalFile.txt
[340/908    0s] WriteText Library/Bee/artifacts/200b0aE.dag/Unity.2D.Psdimporter.Editor.rsp2
[341/908    0s] WriteText Library/Bee/artifacts/200b0aE.dag/Unity.VisualScripting.SettingsProvider.Editor.dll.mvfrm.rsp
[342/908    0s] WriteText Library/Bee/artifacts/200b0aE.dag/Unity.TextMeshPro.Editor.UnityAdditionalFile.txt
[343/908    0s] WriteText Library/Bee/artifacts/200b0aE.dag/AssemblyShadowDemo.ExtensibilityConsumer.UnityAdditionalFile.txt
[344/908    0s] WriteText Library/Bee/artifacts/200b0aE.dag/Unity.2D.PixelPerfect.Editor.dll.mvfrm.rsp
[345/908    0s] WriteText Library/Bee/artifacts/200b0aE.dag/Unity.VisualScripting.Shared.Editor.dll.mvfrm.rsp
[346/908    0s] WriteText Library/Bee/artifacts/200b0aE.dag/MCPForUnity.Runtime.rsp
[347/908    0s] WriteText Library/Bee/artifacts/200b0aE.dag/Unity.Timeline.Editor.dll.mvfrm.rsp
[348/908    0s] WriteText Library/Bee/artifacts/200b0aE.dag/Unity.TextMeshPro.Editor.dll.mvfrm.rsp
[349/908    0s] WriteText Library/Bee/artifacts/200b0aE.dag/AssemblyA.Implementation.Internal.UnityAdditionalFile.txt
[350/908    0s] WriteText Library/Bee/artifacts/200b0aE.dag/AssemblyShadowDemo.ExtensibilityConsumer.rsp2
[351/908    0s] WriteText Library/Bee/artifacts/200b0aE.dag/AssemblyShadowBaseline.Editor.rsp2
[352/908    0s] WriteText Library/Bee/artifacts/200b0aE.dag/AssemblyShadowBaseline.Editor.UnityAdditionalFile.txt
[353/908    0s] WriteText Library/Bee/artifacts/200b0aE.dag/Unity.2D.Aseprite.Editor.dll.mvfrm.rsp
[354/908    0s] WriteText Library/Bee/artifacts/200b0aE.dag/AssemblyShadowDemo.ContractsConsumer.UnityAdditionalFile.txt
[355/908    0s] WriteText Library/Bee/artifacts/200b0aE.dag/Unity.2D.IK.Editor.rsp2
[356/908    0s] WriteText Library/Bee/artifacts/200b0aE.dag/AssemblyShadowDemo.ContractsConsumer.rsp2
[357/908    0s] WriteText Library/Bee/artifacts/200b0aE.dag/Unity.RenderPipelines.Universal.Shaders.dll.mvfrm.rsp
[358/908    0s] WriteText Library/Bee/artifacts/200b0aE.dag/Unity.2D.SpriteShape.Editor.dll.mvfrm.rsp
[359/908    0s] WriteText Library/Bee/artifacts/200b0aE.dag/Unity.2D.Tilemap.Extras.Editor.dll.mvfrm.rsp
[360/908    0s] WriteText Library/Bee/artifacts/200b0aE.dag/Unity.RenderPipelines.Core.ShaderLibrary.dll.mvfrm.rsp
[361/908    0s] WriteText Library/Bee/artifacts/200b0aE.dag/MCPForUnity.Editor.UnityAdditionalFile.txt
[362/908    0s] WriteText Library/Bee/artifacts/200b0aE.dag/MCPForUnity.Editor.rsp2
[363/908    0s] WriteText Library/Bee/artifacts/200b0aE.dag/AssemblyA.Implementation.Internal.rsp2
[364/908    0s] WriteText Library/Bee/artifacts/200b0aE.dag/Unity.Rider.Editor.rsp
[365/908    0s] WriteText Library/Bee/artifacts/200b0aE.dag/Unity.2D.IK.Editor.dll.mvfrm.rsp
[366/908    0s] WriteText Library/Bee/artifacts/200b0aE.dag/Unity.2D.Psdimporter.Editor.dll.mvfrm.rsp
[367/908    0s] WriteText Library/Bee/artifacts/200b0aE.dag/Unity.2D.Tilemap.Extras.Editor.rsp
[368/908    0s] WriteText Library/Bee/artifacts/200b0aE.dag/Unity.RenderPipelines.Universal.Shaders.rsp
[369/908    0s] WriteText Library/Bee/artifacts/200b0aE.dag/Unity.RenderPipelines.Core.ShaderLibrary.rsp
[370/908    0s] WriteText Library/Bee/artifacts/200b0aE.dag/Unity.RenderPipelines.ShaderGraph.ShaderGraphLibrary.dll.mvfrm.rsp
[371/908    0s] WriteText Library/Bee/artifacts/200b0aE.dag/AssemblyShadowDemo.ContractsConsumer.dll.mvfrm.rsp
[372/908    0s] WriteText Library/Bee/artifacts/200b0aE.dag/Unity.RenderPipelines.ShaderGraph.ShaderGraphLibrary.rsp
[373/908    0s] WriteText Library/Bee/artifacts/200b0aE.dag/AssemblyShadowBaseline.Editor.dll.mvfrm.rsp
[374/908    0s] WriteText Library/Bee/artifacts/200b0aE.dag/Unity.VisualStudio.Editor.rsp
[375/908    0s] WriteText Library/Bee/artifacts/200b0aE.dag/Unity.2D.Aseprite.Editor.rsp
[376/908    0s] WriteText Library/Bee/artifacts/200b0aE.dag/Unity.TextMeshPro.Editor.rsp
[377/908    0s] WriteText Library/Bee/artifacts/200b0aE.dag/AssemblyShadowDemo.ExtensibilityConsumer.dll.mvfrm.rsp
[378/908    0s] WriteText Library/Bee/artifacts/200b0aE.dag/Unity.VisualScripting.SettingsProvider.Editor.rsp
[379/908    0s] WriteText Library/Bee/artifacts/200b0aE.dag/Unity.2D.SpriteShape.Editor.rsp
[380/908    0s] WriteText Library/Bee/artifacts/200b0aE.dag/Unity.2D.PixelPerfect.Editor.rsp
[381/908    0s] WriteText Library/Bee/artifacts/200b0aE.dag/Unity.2D.Psdimporter.Editor.rsp
[382/908    0s] WriteText Library/Bee/artifacts/200b0aE.dag/Unity.2D.IK.Editor.rsp
[383/908    0s] WriteText Library/Bee/artifacts/200b0aE.dag/AssemblyA.Implementation.Internal.dll.mvfrm.rsp
[384/908    0s] WriteText Library/Bee/artifacts/200b0aE.dag/Unity.Timeline.Editor.rsp
[385/908    0s] WriteText Library/Bee/artifacts/200b0aE.dag/AssemblyA.Implementation.Internal.rsp
[386/908    0s] WriteText Library/Bee/artifacts/200b0aE.dag/Unity.VisualScripting.Shared.Editor.rsp
[387/908    0s] WriteText Library/Bee/artifacts/200b0aE.dag/AssemblyShadowDemo.ExtensibilityConsumer.rsp
[388/908    0s] WriteText Library/Bee/artifacts/200b0aE.dag/MCPForUnity.Editor.dll.mvfrm.rsp
[389/908    0s] WriteText Library/Bee/artifacts/200b0aE.dag/AssemblyShadowDemo.ContractsConsumer.rsp
[390/908    0s] WriteText Library/Bee/artifacts/200b0aE.dag/AssemblyShadowBaseline.Editor.rsp
[391/908    0s] WriteText Library/Bee/artifacts/200b0aE.dag/PPv2URPConverters.rsp2
[392/908    0s] WriteText Library/Bee/artifacts/200b0aE.dag/PPv2URPConverters.UnityAdditionalFile.txt
[393/908    0s] WriteText Library/Bee/artifacts/200b0aE.dag/AssemblyShadowDemo.Editor.rsp2
[394/908    0s] WriteText Library/Bee/artifacts/200b0aE.dag/MCPForUnity.Editor.rsp
[395/908    0s] WriteText Library/Bee/artifacts/200b0aE.dag/PPv2URPConverters.dll.mvfrm.rsp
[396/908    0s] WriteText Library/Bee/artifacts/200b0aE.dag/AssemblyShadowDemo.Editor.dll.mvfrm.rsp
[397/908    0s] WriteText Library/Bee/artifacts/200b0aE.dag/AssemblyShadowDemo.Editor.UnityAdditionalFile.txt
[398/908    0s] WriteText Library/Bee/artifacts/200b0aE.dag/PPv2URPConverters.rsp
[399/908    0s] WriteText Library/Bee/artifacts/200b0aE.dag/AssemblyShadowBaseline.HotUpdate.dll.mvfrm.rsp
[400/908    0s] WriteText Library/Bee/artifacts/200b0aE.dag/AssemblyShadowBaseline.HotUpdate.UnityAdditionalFile.txt
[401/908    0s] WriteText Library/Bee/artifacts/200b0aE.dag/AssemblyShadowDemo.Bootstrap.dll.mvfrm.rsp
[402/908    0s] WriteText Library/Bee/artifacts/200b0aE.dag/AssemblyShadowDemo.Editor.rsp
[403/908    0s] WriteText Library/Bee/artifacts/200b0aE.dag/AssemblyShadowDemo.Bootstrap.UnityAdditionalFile.txt
[404/908    0s] WriteText Library/Bee/artifacts/200b0aE.dag/AssemblyShadowDemo.Bootstrap.rsp2
[405/908    0s] WriteText Library/Bee/artifacts/200b0aE.dag/Assembly-CSharp.dll.mvfrm.rsp
[406/908    0s] WriteText Library/Bee/artifacts/200b0aE.dag/Assembly-CSharp.rsp2
[407/908    0s] WriteText Library/Bee/artifacts/200b0aE.dag/HybridCLR.AssemblyShadow.Editor.Tests.dll.mvfrm.rsp
[408/908    0s] WriteText Library/Bee/artifacts/200b0aE.dag/Assembly-CSharp.UnityAdditionalFile.txt
[409/908    0s] WriteText Library/Bee/artifacts/200b0aE.dag/Unity.Collections.BurstCompatibilityGen.dll.mvfrm.rsp
[410/908    0s] WriteText Library/Bee/artifacts/200b0aE.dag/AssemblyShadowBaseline.HotUpdate.rsp2
[411/908    0s] WriteText Library/Bee/artifacts/200b0aE.dag/MCPForUnityTests.EditMode.dll.mvfrm.rsp
[412/908    0s] WriteText Library/Bee/artifacts/200b0aE.dag/Unity.Collections.DocCodeSamples.dll.mvfrm.rsp
[413/908    0s] WriteText Library/Bee/artifacts/200b0aE.dag/Unity.HybridCLR.AssemblyShadow.CodeGen.Tests.dll.mvfrm.rsp
[414/908    0s] WriteText Library/Bee/artifacts/200b0aE.dag/AssemblyShadowDemo.EditorTests.dll.mvfrm.rsp
[415/908    0s] WriteText Library/Bee/artifacts/200b0aE.dag/AssemblyShadowBaseline.HotUpdate.rsp
[416/908    0s] WriteText Library/Bee/artifacts/200b0aE.dag/Unity.CollabProxy.Editor.dll.mvfrm.rsp
[417/908    0s] WriteText Library/Bee/artifacts/200b0aE.dag/HybridCLR.AssemblyShadow.Editor.Tests.UnityAdditionalFile.txt
[418/908    0s] WriteText Library/Bee/artifacts/200b0aE.dag/AssemblyShadowDemo.Bootstrap.rsp
[419/908    0s] WriteText Library/Bee/artifacts/200b0aE.dag/HybridCLR.AssemblyShadow.Editor.Tests.rsp2
[420/908    0s] WriteText Library/Bee/artifacts/200b0aE.dag/MCPForUnityTests.EditMode.rsp2
[421/908    0s] WriteText Library/Bee/artifacts/200b0aE.dag/Assembly-CSharp.rsp
[422/908    0s] WriteText Library/Bee/artifacts/200b0aE.dag/Unity.Collections.BurstCompatibilityGen.UnityAdditionalFile.txt
[423/908    0s] WriteText Library/Bee/artifacts/200b0aE.dag/Unity.Collections.DocCodeSamples.UnityAdditionalFile.txt
[424/908    0s] WriteText Library/Bee/artifacts/200b0aE.dag/MCPForUnityTests.EditMode.UnityAdditionalFile.txt
[425/908    0s] WriteText Library/Bee/artifacts/200b0aE.dag/Unity.Collections.DocCodeSamples.rsp2
[426/908    0s] WriteText Library/Bee/artifacts/200b0aE.dag/Unity.CollabProxy.Editor.rsp2
[427/908    0s] WriteText Library/Bee/artifacts/200b0aE.dag/Unity.CollabProxy.Editor.UnityAdditionalFile.txt
[428/908    0s] WriteText Library/Bee/artifacts/200b0aE.dag/AssemblyShadowDemo.EditorTests.UnityAdditionalFile.txt
[429/908    0s] WriteText Library/Bee/artifacts/200b0aE.dag/AssemblyShadowDemo.EditorTests.rsp2
[430/908    0s] WriteText Library/Bee/artifacts/200b0aE.dag/Unity.Collections.BurstCompatibilityGen.rsp2
[431/908    0s] WriteText Library/Bee/artifacts/200b0aE.dag/Unity.HybridCLR.AssemblyShadow.CodeGen.Tests.rsp2
[432/908    0s] WriteText Library/Bee/artifacts/200b0aE.dag/Unity.HybridCLR.AssemblyShadow.CodeGen.Tests.UnityAdditionalFile.txt
[433/908    0s] WriteText Library/Bee/artifacts/200b0aE.dag/AssemblyShadowDemo.EditorTests.rsp
[434/908    0s] WriteText Library/Bee/artifacts/200b0aE.dag/Unity.CollabProxy.Editor.rsp
[435/908    0s] WriteText Library/Bee/artifacts/200b0aE.dag/Unity.Collections.BurstCompatibilityGen.rsp
[436/908    0s] WriteText Library/Bee/artifacts/200b0aE.dag/MCPForUnityTests.EditMode.rsp
[437/908    0s] WriteText Library/Bee/artifacts/200b0aE.dag/Unity.Collections.DocCodeSamples.rsp
[438/908    0s] WriteText Library/Bee/artifacts/200b0aE.dag/Unity.HybridCLR.AssemblyShadow.CodeGen.Tests.rsp
[439/908    0s] WriteText Library/Bee/artifacts/200b0aE.dag/HybridCLR.AssemblyShadow.Editor.Tests.rsp
[440/908    0s] MovedFromExtractorCombine Library/Bee/artifacts/200b0aE.dag/Unity.HybridCLR.AssemblyShadow.CodeGen.dll.mvfrm
[441/908    0s] MovedFromExtractorCombine Library/Bee/artifacts/200b0aE.dag/UnityEngine.UI.dll.mvfrm
[442/908    0s] MovedFromExtractorCombine Library/Bee/artifacts/200b0aE.dag/UnityEngine.TestRunner.dll.mvfrm
[443/908    0s] MovedFromExtractorCombine Library/Bee/artifacts/200b0aE.dag/AssemblyA.Contracts.dll.mvfrm
[444/908    0s] MovedFromExtractorCombine Library/Bee/artifacts/200b0aE.dag/AssemblyShadowDemo.ContractsConsumer.dll.mvfrm
[445/908    0s] MovedFromExtractorCombine Library/Bee/artifacts/200b0aE.dag/AssemblyShadowBaseline.HotUpdate.dll.mvfrm
[445/908    0s] Csc Library/Bee/artifacts/200b0aE.dag/Unity.HybridCLR.AssemblyShadow.CodeGen.dll (+2 others) [CacheHit 396f28586d9f6f677a30522a6a7355a800000000000000000000000000000003]
[446/908   1787929632s] Csc Library/Bee/artifacts/200b0aE.dag/Unity.HybridCLR.AssemblyShadow.CodeGen.dll (+2 others)
[448/908    0s] Csc Library/Bee/artifacts/200b0aE.dag/UnityEngine.UI.dll (+2 others) [CacheHit 7684a5405e9c9bd9622ee16e9ee6cf6c00000000000000000000000000000003]
[450/908   1787929632s] Csc Library/Bee/artifacts/200b0aE.dag/UnityEngine.UI.dll (+2 others)
[449/908    0s] Csc Library/Bee/artifacts/200b0aE.dag/UnityEngine.TestRunner.dll (+2 others) [CacheHit 152427c8cbc239b2eb48c0855047653600000000000000000000000000000003]
[452/908   1787929632s] Csc Library/Bee/artifacts/200b0aE.dag/UnityEngine.TestRunner.dll (+2 others)
[456/908    0s] MovedFromExtractor Library/Bee/artifacts/mvdfrm/Unity.HybridCLR.AssemblyShadow.CodeGen.ref.dll_147C9E675980719E.mvfrm
[457/908    0s] MovedFromExtractor Library/Bee/artifacts/mvdfrm/UnityEngine.UI.ref.dll_79746E5030301F94.mvfrm
[458/908    0s] MovedFromExtractor Library/Bee/artifacts/mvdfrm/UnityEngine.TestRunner.ref.dll_AA3B5DF2776E59D2.mvfrm
[459/908    0s] MovedFromExtractorCombine Library/Bee/artifacts/200b0aE.dag/UnityEditor.TestRunner.dll.mvfrm
[456/908    0s] Csc Library/Bee/artifacts/200b0aE.dag/UnityEditor.TestRunner.dll (+2 others) [CacheHit a98f0d02757fee671cdd0cfc1c39b04200000000000000000000000000000003]
[460/908   1787929632s] Csc Library/Bee/artifacts/200b0aE.dag/UnityEditor.TestRunner.dll (+2 others)
[464/908    0s] MovedFromExtractor Library/Bee/artifacts/mvdfrm/UnityEditor.TestRunner.ref.dll_DE1D13444BAAFBE7.mvfrm
[465/908    0s] MovedFromExtractorCombine Library/Bee/artifacts/200b0aE.dag/UnityEditor.UI.dll.mvfrm
[461/908    0s] Csc Library/Bee/artifacts/200b0aE.dag/UnityEditor.UI.dll (+2 others) [CacheHit 03bc2d037dfae4e90894c797d4f0469a00000000000000000000000000000003]
[466/908   1787929633s] Csc Library/Bee/artifacts/200b0aE.dag/UnityEditor.UI.dll (+2 others)
[468/908    0s] MovedFromExtractor Library/Bee/artifacts/mvdfrm/UnityEditor.UI.ref.dll_BD0E97F52A0DF729.mvfrm
[469/908    0s] MovedFromExtractorCombine Library/Bee/artifacts/200b0aE.dag/Unity.Searcher.Editor.dll.mvfrm
[470/908    0s] MovedFromExtractorCombine Library/Bee/artifacts/200b0aE.dag/Unity.VisualScripting.Core.dll.mvfrm
[471/908    0s] MovedFromExtractorCombine Library/Bee/artifacts/200b0aE.dag/Unity.RenderPipelines.Core.Runtime.dll.mvfrm
[472/908    0s] MovedFromExtractorCombine Library/Bee/artifacts/200b0aE.dag/Unity.InternalAPIEngineBridge.001.dll.mvfrm
[473/908    0s] MovedFromExtractorCombine Library/Bee/artifacts/200b0aE.dag/Unity.RenderPipelines.Universal.2D.Internal.dll.mvfrm
[474/908    0s] MovedFromExtractorCombine Library/Bee/artifacts/200b0aE.dag/Unity.2D.Sprite.Editor.dll.mvfrm
[475/908    0s] MovedFromExtractorCombine Library/Bee/artifacts/200b0aE.dag/Unity.Burst.dll.mvfrm
[476/908    0s] MovedFromExtractorCombine Library/Bee/artifacts/200b0aE.dag/Unity.Mathematics.dll.mvfrm
[471/908    0s] Csc Library/Bee/artifacts/200b0aE.dag/Unity.RenderPipelines.Core.Runtime.dll (+2 others) [CacheHit 46547e572d08a79428db212271a1446800000000000000000000000000000003]
[477/908   1787929633s] Csc Library/Bee/artifacts/200b0aE.dag/Unity.RenderPipelines.Core.Runtime.dll (+2 others)
[472/908    0s] Csc Library/Bee/artifacts/200b0aE.dag/Unity.RenderPipelines.Universal.2D.Internal.dll (+2 others) [CacheHit e6136e20948b3a530411fc489335daeb00000000000000000000000000000003]
[479/908   1787929633s] Csc Library/Bee/artifacts/200b0aE.dag/Unity.RenderPipelines.Universal.2D.Internal.dll (+2 others)
[473/908    0s] Csc Library/Bee/artifacts/200b0aE.dag/Unity.InternalAPIEngineBridge.001.dll (+2 others) [CacheHit 986b44d156a1ac953733aa8ca591efff00000000000000000000000000000003]
[481/908   1787929633s] Csc Library/Bee/artifacts/200b0aE.dag/Unity.InternalAPIEngineBridge.001.dll (+2 others)
[474/908    0s] Csc Library/Bee/artifacts/200b0aE.dag/Unity.Searcher.Editor.dll (+2 others) [CacheHit 6d17f06c4b5577cbe262f9e715f09a4600000000000000000000000000000003]
[474/908    0s] Csc Library/Bee/artifacts/200b0aE.dag/Unity.VisualScripting.Core.dll (+2 others) [CacheHit 89279a8ff28b1dfdaf6ac460972e18b900000000000000000000000000000003]
[483/908   1787929633s] Csc Library/Bee/artifacts/200b0aE.dag/Unity.Searcher.Editor.dll (+2 others)
[485/908   1787929633s] Csc Library/Bee/artifacts/200b0aE.dag/Unity.VisualScripting.Core.dll (+2 others)
[476/908    0s] Csc Library/Bee/artifacts/200b0aE.dag/Unity.Mathematics.dll (+2 others) [CacheHit a14f0e9f2c61165df74b3cc9402744d400000000000000000000000000000003]
[487/908   1787929633s] Csc Library/Bee/artifacts/200b0aE.dag/Unity.Mathematics.dll (+2 others)
[477/908    0s] Csc Library/Bee/artifacts/200b0aE.dag/Unity.Burst.dll (+2 others) [CacheHit 317a839ed0ae91b941d0f81aa03bcc6a00000000000000000000000000000003]
[489/908   1787929633s] Csc Library/Bee/artifacts/200b0aE.dag/Unity.Burst.dll (+2 others)
[478/908    0s] Csc Library/Bee/artifacts/200b0aE.dag/Unity.2D.Sprite.Editor.dll (+2 others) [CacheHit 25f4a65f9076734431293eb7eedfaeb500000000000000000000000000000003]
[491/908   1787929633s] Csc Library/Bee/artifacts/200b0aE.dag/Unity.2D.Sprite.Editor.dll (+2 others)
[493/908    0s] MovedFromExtractorCombine Library/Bee/artifacts/200b0aE.dag/Unity.ShaderGraph.Utilities.dll.mvfrm
[480/908    0s] Csc Library/Bee/artifacts/200b0aE.dag/Unity.ShaderGraph.Utilities.dll (+2 others) [CacheHit b6ebf50696d252dd5672bbd8d0ebce5300000000000000000000000000000003]
[494/908   1787929633s] Csc Library/Bee/artifacts/200b0aE.dag/Unity.ShaderGraph.Utilities.dll (+2 others)
[496/908    0s] MovedFromExtractor Library/Bee/artifacts/mvdfrm/Unity.InternalAPIEngineBridge.001.ref.dll_C5B5631EE4DDD44F.mvfrm
[497/908    0s] MovedFromExtractor Library/Bee/artifacts/mvdfrm/Unity.Mathematics.ref.dll_4EAD86AD4C1B715A.mvfrm
[498/908    0s] MovedFromExtractor Library/Bee/artifacts/mvdfrm/Unity.VisualScripting.Core.ref.dll_4EC1FE8B3807FE28.mvfrm
[499/908    0s] MovedFromExtractor Library/Bee/artifacts/mvdfrm/Unity.Burst.ref.dll_A43E80D48102A6F4.mvfrm
[500/908    0s] MovedFromExtractor Library/Bee/artifacts/mvdfrm/Unity.RenderPipelines.Universal.2D.Internal.ref.dll_CF295410B44EF737.mvfrm
[501/908    0s] MovedFromExtractor Library/Bee/artifacts/mvdfrm/Unity.RenderPipelines.Core.Runtime.ref.dll_AA9CC9DBDD612E3E.mvfrm
[502/908    0s] MovedFromExtractor Library/Bee/artifacts/mvdfrm/Unity.2D.Sprite.Editor.ref.dll_A298F0F0964CDA5C.mvfrm
[503/908    0s] MovedFromExtractorCombine Library/Bee/artifacts/200b0aE.dag/Unity.2D.Common.Runtime.dll.mvfrm
[504/908    0s] MovedFromExtractorCombine Library/Bee/artifacts/200b0aE.dag/Unity.RenderPipeline.Universal.ShaderLibrary.dll.mvfrm
[505/908    0s] MovedFromExtractorCombine Library/Bee/artifacts/200b0aE.dag/Unity.VisualScripting.Flow.dll.mvfrm
[506/908    0s] MovedFromExtractorCombine Library/Bee/artifacts/200b0aE.dag/Unity.Collections.dll.mvfrm
[507/908    0s] MovedFromExtractorCombine Library/Bee/artifacts/200b0aE.dag/Unity.Burst.CodeGen.dll.mvfrm
[493/908    0s] Csc Library/Bee/artifacts/200b0aE.dag/Unity.2D.Common.Runtime.dll (+2 others) [CacheHit c127416eac5cfa19c5dffcce57c11f8100000000000000000000000000000003]
[508/908   1787929633s] Csc Library/Bee/artifacts/200b0aE.dag/Unity.2D.Common.Runtime.dll (+2 others)
[494/908    0s] Csc Library/Bee/artifacts/200b0aE.dag/Unity.VisualScripting.Flow.dll (+2 others) [CacheHit 2b19f4fb301d88692c799572cf65986e00000000000000000000000000000003]
[510/908   1787929633s] Csc Library/Bee/artifacts/200b0aE.dag/Unity.VisualScripting.Flow.dll (+2 others)
[495/908    0s] Csc Library/Bee/artifacts/200b0aE.dag/Unity.Burst.CodeGen.dll (+2 others) [CacheHit bedea03b0b26a675e2c100d5efbf064900000000000000000000000000000003]
[512/908   1787929633s] Csc Library/Bee/artifacts/200b0aE.dag/Unity.Burst.CodeGen.dll (+2 others)
[496/908    0s] Csc Library/Bee/artifacts/200b0aE.dag/Unity.Collections.dll (+2 others) [CacheHit ef672c277fa6635f0958965f56899fcb00000000000000000000000000000003]
[514/908   1787929633s] Csc Library/Bee/artifacts/200b0aE.dag/Unity.Collections.dll (+2 others)
[497/908    0s] Csc Library/Bee/artifacts/200b0aE.dag/Unity.RenderPipeline.Universal.ShaderLibrary.dll (+2 others) [CacheHit 41a1c668793ab0294ab56a40be487e2700000000000000000000000000000003]
[516/908   1787929633s] Csc Library/Bee/artifacts/200b0aE.dag/Unity.RenderPipeline.Universal.ShaderLibrary.dll (+2 others)
[518/908    0s] MovedFromExtractor Library/Bee/artifacts/mvdfrm/Unity.Searcher.Editor.ref.dll_188082AF4C893B1A.mvfrm
[519/908    0s] MovedFromExtractorCombine Library/Bee/artifacts/200b0aE.dag/Unity.RenderPipelines.Universal.Config.Runtime.dll.mvfrm
[500/908    0s] Csc Library/Bee/artifacts/200b0aE.dag/Unity.RenderPipelines.Universal.Config.Runtime.dll (+2 others) [CacheHit df01468f8fc15f4682fd2190812222cb00000000000000000000000000000003]
[520/908   1787929633s] Csc Library/Bee/artifacts/200b0aE.dag/Unity.RenderPipelines.Universal.Config.Runtime.dll (+2 others)
[522/908    0s] MovedFromExtractor Library/Bee/artifacts/mvdfrm/Unity.ShaderGraph.Utilities.ref.dll_9587680413563429.mvfrm
[523/908    0s] MovedFromExtractorCombine Library/Bee/artifacts/200b0aE.dag/Unity.VisualScripting.Core.Editor.dll.mvfrm
[524/908    0s] MovedFromExtractorCombine Library/Bee/artifacts/200b0aE.dag/Unity.RenderPipelines.Core.Editor.dll.mvfrm
[525/908    0s] MovedFromExtractorCombine Library/Bee/artifacts/200b0aE.dag/Unity.InternalAPIEditorBridge.001.dll.mvfrm
[505/908    0s] Csc Library/Bee/artifacts/200b0aE.dag/Unity.RenderPipelines.Core.Editor.dll (+2 others) [CacheHit 3f3cf3b0504eddf7b675a7c038a8e6a700000000000000000000000000000003]
[526/908   1787929633s] Csc Library/Bee/artifacts/200b0aE.dag/Unity.RenderPipelines.Core.Editor.dll (+2 others)
[528/908    0s] Csc Library/Bee/artifacts/200b0aE.dag/AssemblyShadowBaseline.HotUpdate.dll (+2 others)
[529/908    0s] MovedFromExtractor Library/Bee/artifacts/mvdfrm/Unity.2D.Common.Runtime.ref.dll_1DF7BBC55D029A75.mvfrm
[530/908    0s] MovedFromExtractor Library/Bee/artifacts/mvdfrm/Unity.RenderPipeline.Universal.ShaderLibrary.ref.dll_8B099D8C97AF393F.mvfrm
[509/908    0s] Csc Library/Bee/artifacts/200b0aE.dag/Unity.InternalAPIEditorBridge.001.dll (+2 others) [CacheHit ab1b45e8ca213a7a845d2f55443654da00000000000000000000000000000003]
[531/908   1787929633s] Csc Library/Bee/artifacts/200b0aE.dag/Unity.InternalAPIEditorBridge.001.dll (+2 others)
[533/908    0s] MovedFromExtractor Library/Bee/artifacts/mvdfrm/Unity.RenderPipelines.Universal.Config.Runtime.ref.dll_E30EE1A78470D274.mvfrm
[534/908    1s] Csc Library/Bee/artifacts/200b0aE.dag/AssemblyA.Contracts.dll (+2 others)
[535/908    0s] MovedFromExtractor Library/Bee/artifacts/mvdfrm/Unity.Collections.ref.dll_CB2B1FA2A63FF8D9.mvfrm
[536/908    0s] ILPP-Configuration Library/ilpp-configuration.nevergeneratedoutput
[513/908    0s] Csc Library/Bee/artifacts/200b0aE.dag/Unity.VisualScripting.Core.Editor.dll (+2 others) [CacheHit 66dbb1d7e3f61f91c2204becc6e188f800000000000000000000000000000003]
[537/908    0s] MovedFromExtractorCombine Library/Bee/artifacts/200b0aE.dag/Unity.2D.Common.Editor.dll.mvfrm
[538/908   1787929633s] Csc Library/Bee/artifacts/200b0aE.dag/Unity.VisualScripting.Core.Editor.dll (+2 others)
[540/908    0s] MovedFromExtractorCombine Library/Bee/artifacts/200b0aE.dag/Unity.Burst.Editor.dll.mvfrm
[541/908    0s] MovedFromExtractorCombine Library/Bee/artifacts/200b0aE.dag/Unity.Mathematics.Editor.dll.mvfrm
[518/908    0s] Csc Library/Bee/artifacts/200b0aE.dag/Unity.2D.Common.Editor.dll (+2 others) [CacheHit 62270eeb51fae92b9f853eb59de797c100000000000000000000000000000003]
[542/908   1787929633s] Csc Library/Bee/artifacts/200b0aE.dag/Unity.2D.Common.Editor.dll (+2 others)
[519/908    0s] Csc Library/Bee/artifacts/200b0aE.dag/Unity.Mathematics.Editor.dll (+2 others) [CacheHit 51bd008a42c343dee994be6f86f5471700000000000000000000000000000003]
[519/908    0s] Csc Library/Bee/artifacts/200b0aE.dag/Unity.Burst.Editor.dll (+2 others) [CacheHit 6b5be6e934abff4cac288513a57f5b9100000000000000000000000000000003]
[544/908   1787929633s] Csc Library/Bee/artifacts/200b0aE.dag/Unity.Mathematics.Editor.dll (+2 others)
[546/908   1787929633s] Csc Library/Bee/artifacts/200b0aE.dag/Unity.Burst.Editor.dll (+2 others)
[548/908    0s] MovedFromExtractorCombine Library/Bee/artifacts/200b0aE.dag/Unity.RenderPipelines.Universal.Runtime.dll.mvfrm
[549/908    0s] MovedFromExtractorCombine Library/Bee/artifacts/200b0aE.dag/HybridCLR.Runtime.dll.mvfrm
[550/908    0s] MovedFromExtractor Library/Bee/artifacts/mvdfrm/Unity.VisualScripting.Flow.ref.dll_95D2DEE1BA1172D7.mvfrm
[524/908    0s] Csc Library/Bee/artifacts/200b0aE.dag/Unity.RenderPipelines.Universal.Runtime.dll (+2 others) [CacheHit e09799d23191d62b2fffdae814b7936a00000000000000000000000000000003]
[551/908   1787929633s] Csc Library/Bee/artifacts/200b0aE.dag/Unity.RenderPipelines.Universal.Runtime.dll (+2 others)
[525/908    0s] Csc Library/Bee/artifacts/200b0aE.dag/HybridCLR.Runtime.dll (+2 others) [CacheHit 17be03a9ac1fef24bc6c1c88886fb62300000000000000000000000000000003]
[553/908   1787929633s] Csc Library/Bee/artifacts/200b0aE.dag/HybridCLR.Runtime.dll (+2 others)
[555/908    0s] MovedFromExtractor Library/Bee/artifacts/mvdfrm/Unity.RenderPipelines.Core.Editor.ref.dll_57B051C6BAF6DF9D.mvfrm
[556/908    0s] MovedFromExtractorCombine Library/Bee/artifacts/200b0aE.dag/Unity.2D.Animation.Runtime.dll.mvfrm
[528/908    0s] Csc Library/Bee/artifacts/200b0aE.dag/Unity.2D.Animation.Runtime.dll (+2 others) [CacheHit 62876e88245eff985dfcad08a61f796700000000000000000000000000000003]
[557/908   1787929633s] Csc Library/Bee/artifacts/200b0aE.dag/Unity.2D.Animation.Runtime.dll (+2 others)
[559/908    0s] MovedFromExtractorCombine Library/Bee/artifacts/200b0aE.dag/Unity.VisualScripting.State.dll.mvfrm
[530/908    0s] Csc Library/Bee/artifacts/200b0aE.dag/Unity.VisualScripting.State.dll (+2 others) [CacheHit 3968153c28ef7943cce607be391d314400000000000000000000000000000003]
[560/908   1787929633s] Csc Library/Bee/artifacts/200b0aE.dag/Unity.VisualScripting.State.dll (+2 others)
[562/908    0s] MovedFromExtractor Library/Bee/artifacts/mvdfrm/Unity.InternalAPIEditorBridge.001.ref.dll_D33AAA747FCEED0A.mvfrm
[563/908    0s] MovedFromExtractorCombine Library/Bee/artifacts/200b0aE.dag/Unity.ShaderGraph.Editor.dll.mvfrm
[564/908    0s] MovedFromExtractor Library/Bee/artifacts/mvdfrm/Unity.2D.Common.Editor.ref.dll_8237F4420D536756.mvfrm
[565/908    0s] MovedFromExtractor Library/Bee/artifacts/mvdfrm/Unity.VisualScripting.Core.Editor.ref.dll_FE8D1F6CE20A2409.mvfrm
[566/908    0s] MovedFromExtractor Library/Bee/artifacts/mvdfrm/Unity.Mathematics.Editor.ref.dll_4A3A50F3774BA9F7.mvfrm
[567/908    0s] MovedFromExtractor Library/Bee/artifacts/mvdfrm/Unity.Burst.Editor.ref.dll_EA1A6D1CB62C8BFD.mvfrm
[568/908    0s] MovedFromExtractorCombine Library/Bee/artifacts/200b0aE.dag/Unity.2D.Tilemap.Extras.dll.mvfrm
[569/908    0s] MovedFromExtractor Library/Bee/artifacts/mvdfrm/Unity.RenderPipelines.Universal.Runtime.ref.dll_C4A720C3D568CE76.mvfrm
[570/908    0s] MovedFromExtractorCombine Library/Bee/artifacts/200b0aE.dag/Unity.TextMeshPro.dll.mvfrm
[571/908    0s] MovedFromExtractorCombine Library/Bee/artifacts/200b0aE.dag/Unity.2D.Tilemap.Editor.dll.mvfrm
[572/908    0s] MovedFromExtractorCombine Library/Bee/artifacts/200b0aE.dag/Unity.VisualScripting.Flow.Editor.dll.mvfrm
[573/908    0s] MovedFromExtractor Library/Bee/artifacts/mvdfrm/Unity.2D.Animation.Runtime.ref.dll_DEAB70CB54ED1324.mvfrm
[543/908    0s] Csc Library/Bee/artifacts/200b0aE.dag/Unity.ShaderGraph.Editor.dll (+2 others) [CacheHit 77cd52078847e4a4b306b161d6b5b57700000000000000000000000000000003]
[574/908   1787929633s] Csc Library/Bee/artifacts/200b0aE.dag/Unity.ShaderGraph.Editor.dll (+2 others)
[576/908    0s] MovedFromExtractorCombine Library/Bee/artifacts/200b0aE.dag/Unity.2D.PixelPerfect.dll.mvfrm
[577/908    0s] MovedFromExtractorCombine Library/Bee/artifacts/200b0aE.dag/Unity.2D.Common.Path.Editor.dll.mvfrm
[546/908    0s] Csc Library/Bee/artifacts/200b0aE.dag/Unity.2D.PixelPerfect.dll (+2 others) [CacheHit 5c1dc2088b7b6d2f6ef4d968174887e400000000000000000000000000000003]
[578/908   1787929633s] Csc Library/Bee/artifacts/200b0aE.dag/Unity.2D.PixelPerfect.dll (+2 others)
[547/908    0s] Csc Library/Bee/artifacts/200b0aE.dag/Unity.2D.Common.Path.Editor.dll (+2 others) [CacheHit 581aeaec3ebc41fc4b680bd65806eadd00000000000000000000000000000003]
[580/908   1787929633s] Csc Library/Bee/artifacts/200b0aE.dag/Unity.2D.Common.Path.Editor.dll (+2 others)
[548/908    0s] Csc Library/Bee/artifacts/200b0aE.dag/Unity.VisualScripting.Flow.Editor.dll (+2 others) [CacheHit d8d1ede3cbce9a93bfb7a5354208f7b300000000000000000000000000000003]
[582/908   1787929633s] Csc Library/Bee/artifacts/200b0aE.dag/Unity.VisualScripting.Flow.Editor.dll (+2 others)
[549/908    0s] Csc Library/Bee/artifacts/200b0aE.dag/Unity.TextMeshPro.dll (+2 others) [CacheHit 59de1a516b23bf2aeb442fa45b54f0ff00000000000000000000000000000003]
[584/908   1787929633s] Csc Library/Bee/artifacts/200b0aE.dag/Unity.TextMeshPro.dll (+2 others)
[550/908    0s] Csc Library/Bee/artifacts/200b0aE.dag/Unity.2D.Tilemap.Editor.dll (+2 others) [CacheHit 7d6a334af387db2556e95dab23e59e0200000000000000000000000000000003]
[586/908   1787929633s] Csc Library/Bee/artifacts/200b0aE.dag/Unity.2D.Tilemap.Editor.dll (+2 others)
[588/908    0s] MovedFromExtractorCombine Library/Bee/artifacts/200b0aE.dag/Unity.2D.IK.Runtime.dll.mvfrm
[589/908    0s] MovedFromExtractorCombine Library/Bee/artifacts/200b0aE.dag/Unity.2D.Aseprite.Common.dll.mvfrm
[553/908    0s] Csc Library/Bee/artifacts/200b0aE.dag/Unity.2D.Tilemap.Extras.dll (+2 others) [CacheHit 25006c45c89e4c5c1245df51d1ba566e00000000000000000000000000000003]
[590/908   1787929633s] Csc Library/Bee/artifacts/200b0aE.dag/Unity.2D.Tilemap.Extras.dll (+2 others)
[554/908    0s] Csc Library/Bee/artifacts/200b0aE.dag/Unity.2D.IK.Runtime.dll (+2 others) [CacheHit 5d9141d6080513a4e0bf84cc956852ae00000000000000000000000000000003]
[592/908   1787929633s] Csc Library/Bee/artifacts/200b0aE.dag/Unity.2D.IK.Runtime.dll (+2 others)
[555/908    0s] Csc Library/Bee/artifacts/200b0aE.dag/Unity.2D.Aseprite.Common.dll (+2 others) [CacheHit 03bd966c553e3c07dd8320e42db7b37500000000000000000000000000000003]
[594/908   1787929633s] Csc Library/Bee/artifacts/200b0aE.dag/Unity.2D.Aseprite.Common.dll (+2 others)
[596/908    0s] MovedFromExtractorCombine Library/Bee/artifacts/200b0aE.dag/Unity.2D.SpriteShape.Runtime.dll.mvfrm
[597/908    0s] MovedFromExtractor Library/Bee/artifacts/mvdfrm/Unity.VisualScripting.State.ref.dll_697AC546F729FDEE.mvfrm
[558/908    0s] Csc Library/Bee/artifacts/200b0aE.dag/Unity.2D.SpriteShape.Runtime.dll (+2 others) [CacheHit 33613e5d14a34fd938f566104efcf62a00000000000000000000000000000003]
[598/908   1787929633s] Csc Library/Bee/artifacts/200b0aE.dag/Unity.2D.SpriteShape.Runtime.dll (+2 others)
[600/908    0s] MovedFromExtractorCombine Library/Bee/artifacts/200b0aE.dag/Unity.Timeline.dll.mvfrm
[601/908    0s] MovedFromExtractorCombine Library/Bee/artifacts/200b0aE.dag/Unity.2D.Animation.Editor.dll.mvfrm
[561/908    0s] Csc Library/Bee/artifacts/200b0aE.dag/Unity.Timeline.dll (+2 others) [CacheHit 585754b9b128e75944cfba5d9316384100000000000000000000000000000003]
[602/908   1787929633s] Csc Library/Bee/artifacts/200b0aE.dag/Unity.Timeline.dll (+2 others)
[604/908    0s] MovedFromExtractorCombine Library/Bee/artifacts/200b0aE.dag/HybridCLR.Editor.dll.mvfrm
[563/908    0s] Csc Library/Bee/artifacts/200b0aE.dag/Unity.2D.Animation.Editor.dll (+2 others) [CacheHit daee4989a6672d22f6cafe502af232bb00000000000000000000000000000003]
[605/908   1787929634s] Csc Library/Bee/artifacts/200b0aE.dag/Unity.2D.Animation.Editor.dll (+2 others)
[607/908    0s] MovedFromExtractorCombine Library/Bee/artifacts/200b0aE.dag/AssemblyA.Implementation.Extensibility.dll.mvfrm
[608/908    0s] MovedFromExtractorCombine Library/Bee/artifacts/200b0aE.dag/PsdPlugin.dll.mvfrm
[609/908    0s] MovedFromExtractorCombine Library/Bee/artifacts/200b0aE.dag/AssemblyShadowBaseline.Aot.dll.mvfrm
[610/908    0s] MovedFromExtractor Library/Bee/artifacts/mvdfrm/Unity.ShaderGraph.Editor.ref.dll_BF69964832659484.mvfrm
[568/908    0s] Csc Library/Bee/artifacts/200b0aE.dag/PsdPlugin.dll (+2 others) [CacheHit c61a04f0ca07d3d739f5d001feb22c1b00000000000000000000000000000003]
[611/908   1787929634s] Csc Library/Bee/artifacts/200b0aE.dag/PsdPlugin.dll (+2 others)
[613/908    0s] MovedFromExtractor Library/Bee/artifacts/mvdfrm/Unity.VisualScripting.Flow.Editor.ref.dll_7BBE081BF0E8AF4A.mvfrm
[614/908    0s] MovedFromExtractor Library/Bee/artifacts/mvdfrm/Unity.2D.Aseprite.Common.ref.dll_3F93312DF16ABE8A.mvfrm
[615/908    0s] MovedFromExtractor Library/Bee/artifacts/mvdfrm/Unity.2D.SpriteShape.Runtime.ref.dll_23B941DDE597517C.mvfrm
[616/908    0s] MovedFromExtractor Library/Bee/artifacts/mvdfrm/Unity.Timeline.ref.dll_D292A1F7EB1601C3.mvfrm
[573/908    0s] Csc Library/Bee/artifacts/200b0aE.dag/HybridCLR.Editor.dll (+2 others) [CacheHit 216f757a62db0a8e51e766ff5cea7cbe00000000000000000000000000000003]
[617/908   1787929634s] Csc Library/Bee/artifacts/200b0aE.dag/HybridCLR.Editor.dll (+2 others)
[619/908    0s] MovedFromExtractorCombine Library/Bee/artifacts/200b0aE.dag/Unity.RenderPipelines.Universal.Editor.dll.mvfrm
[620/908    0s] MovedFromExtractorCombine Library/Bee/artifacts/200b0aE.dag/Unity.VisualScripting.State.Editor.dll.mvfrm
[621/908    0s] MovedFromExtractor Library/Bee/artifacts/mvdfrm/Unity.2D.Animation.Editor.ref.dll_5A2087A6EAF2CE17.mvfrm
[577/908    0s] Csc Library/Bee/artifacts/200b0aE.dag/Unity.VisualScripting.State.Editor.dll (+2 others) [CacheHit e7ebedf00024334a83c76b4a5e4ae7b800000000000000000000000000000003]
[622/908   1787929634s] Csc Library/Bee/artifacts/200b0aE.dag/Unity.VisualScripting.State.Editor.dll (+2 others)
[578/908    0s] Csc Library/Bee/artifacts/200b0aE.dag/Unity.RenderPipelines.Universal.Editor.dll (+2 others) [CacheHit e39f8e51ca4d864c74bb5a39af8c4c6500000000000000000000000000000003]
[624/908   1787929634s] Csc Library/Bee/artifacts/200b0aE.dag/Unity.RenderPipelines.Universal.Editor.dll (+2 others)
[626/908    0s] MovedFromExtractor Library/Bee/artifacts/mvdfrm/Unity.2D.IK.Runtime.ref.dll_3971D385965D884C.mvfrm
[627/908    0s] MovedFromExtractor Library/Bee/artifacts/mvdfrm/Unity.2D.Tilemap.Extras.ref.dll_DD9C61FBB7D63C03.mvfrm
[628/908    0s] MovedFromExtractor Library/Bee/artifacts/mvdfrm/Unity.2D.Tilemap.Editor.ref.dll_E9EA3AB45900FF1D.mvfrm
[629/908    0s] Csc Library/Bee/artifacts/200b0aE.dag/AssemblyA.Implementation.Extensibility.dll (+2 others)
[630/908    0s] MovedFromExtractor Library/Bee/artifacts/mvdfrm/Unity.TextMeshPro.ref.dll_EA61D4CF7C90DCE7.mvfrm
[631/908    0s] MovedFromExtractor Library/Bee/artifacts/mvdfrm/Unity.2D.Common.Path.Editor.ref.dll_91802D938EA41213.mvfrm
[632/908    0s] MovedFromExtractorCombine Library/Bee/artifacts/200b0aE.dag/Unity.PlasticSCM.Editor.dll.mvfrm
[633/908    0s] MovedFromExtractor Library/Bee/artifacts/mvdfrm/Unity.2D.PixelPerfect.ref.dll_8E9298DC6B12ED57.mvfrm
[634/908    0s] MovedFromExtractor Library/Bee/artifacts/mvdfrm/Unity.VisualScripting.State.Editor.ref.dll_BC6ADFF987BC82A3.mvfrm
[635/908    0s] MovedFromExtractorCombine Library/Bee/artifacts/200b0aE.dag/MCPForUnity.Runtime.dll.mvfrm
[636/908    0s] MovedFromExtractor Library/Bee/artifacts/mvdfrm/Unity.RenderPipelines.Universal.Editor.ref.dll_7BE565C70AE586E5.mvfrm
[590/908    0s] Csc Library/Bee/artifacts/200b0aE.dag/MCPForUnity.Runtime.dll (+2 others) [CacheHit 5db1f34f220043e2d6ae73ece1330ea900000000000000000000000000000003]
[637/908   1787929634s] Csc Library/Bee/artifacts/200b0aE.dag/MCPForUnity.Runtime.dll (+2 others)
[639/908    0s] MovedFromExtractorCombine Library/Bee/artifacts/200b0aE.dag/Unity.VisualStudio.Editor.dll.mvfrm
[640/908    0s] MovedFromExtractorCombine Library/Bee/artifacts/200b0aE.dag/Unity.Rider.Editor.dll.mvfrm
[641/908    0s] MovedFromExtractorCombine Library/Bee/artifacts/200b0aE.dag/Unity.TextMeshPro.Editor.dll.mvfrm
[642/908    0s] MovedFromExtractorCombine Library/Bee/artifacts/200b0aE.dag/Unity.2D.SpriteShape.Editor.dll.mvfrm
[595/908    0s] Csc Library/Bee/artifacts/200b0aE.dag/Unity.PlasticSCM.Editor.dll (+2 others) [CacheHit 20db1f856155fba992b8fb2068b9ccb200000000000000000000000000000003]
[643/908   1787929634s] Csc Library/Bee/artifacts/200b0aE.dag/Unity.PlasticSCM.Editor.dll (+2 others)
[645/908    0s] MovedFromExtractorCombine Library/Bee/artifacts/200b0aE.dag/Unity.2D.Tilemap.Extras.Editor.dll.mvfrm
[646/908    0s] MovedFromExtractorCombine Library/Bee/artifacts/200b0aE.dag/Unity.VisualScripting.Shared.Editor.dll.mvfrm
[647/908    0s] MovedFromExtractorCombine Library/Bee/artifacts/200b0aE.dag/Unity.2D.IK.Editor.dll.mvfrm
[648/908    0s] MovedFromExtractorCombine Library/Bee/artifacts/200b0aE.dag/Unity.Timeline.Editor.dll.mvfrm
[649/908    0s] MovedFromExtractorCombine Library/Bee/artifacts/200b0aE.dag/Unity.2D.Psdimporter.Editor.dll.mvfrm
[650/908    0s] Csc Library/Bee/artifacts/200b0aE.dag/AssemblyShadowBaseline.Aot.dll (+2 others)
[651/908    0s] MovedFromExtractorCombine Library/Bee/artifacts/200b0aE.dag/Unity.2D.PixelPerfect.Editor.dll.mvfrm
[603/908    0s] Csc Library/Bee/artifacts/200b0aE.dag/Unity.2D.PixelPerfect.Editor.dll (+2 others) [CacheHit ae4edd11d9bd843c3e7216a3699b9c7100000000000000000000000000000003]
[652/908   1787929634s] Csc Library/Bee/artifacts/200b0aE.dag/Unity.2D.PixelPerfect.Editor.dll (+2 others)
[604/908    0s] Csc Library/Bee/artifacts/200b0aE.dag/Unity.Rider.Editor.dll (+2 others) [CacheHit dafcd6a21adfd67be224d1ed40d4fbfe00000000000000000000000000000003]
[654/908   1787929634s] Csc Library/Bee/artifacts/200b0aE.dag/Unity.Rider.Editor.dll (+2 others)
[605/908    0s] Csc Library/Bee/artifacts/200b0aE.dag/Unity.2D.Psdimporter.Editor.dll (+2 others) [CacheHit 1745ab0893f93401d9d95535f430292800000000000000000000000000000003]
[656/908   1787929634s] Csc Library/Bee/artifacts/200b0aE.dag/Unity.2D.Psdimporter.Editor.dll (+2 others)
[606/908    0s] Csc Library/Bee/artifacts/200b0aE.dag/Unity.VisualStudio.Editor.dll (+2 others) [CacheHit c4e7a9a683293832b0c59b0edeb80b0700000000000000000000000000000003]
[658/908   1787929634s] Csc Library/Bee/artifacts/200b0aE.dag/Unity.VisualStudio.Editor.dll (+2 others)
[660/908    0s] MovedFromExtractorCombine Library/Bee/artifacts/200b0aE.dag/Unity.2D.Aseprite.Editor.dll.mvfrm
[661/908    0s] MovedFromExtractorCombine Library/Bee/artifacts/200b0aE.dag/Unity.VisualScripting.SettingsProvider.Editor.dll.mvfrm
[662/908    0s] MovedFromExtractorCombine Library/Bee/artifacts/200b0aE.dag/Unity.RenderPipelines.ShaderGraph.ShaderGraphLibrary.dll.mvfrm
[610/908    0s] Csc Library/Bee/artifacts/200b0aE.dag/Unity.2D.IK.Editor.dll (+2 others) [CacheHit 7297e945d15a58d2c4c6f62e422716cb00000000000000000000000000000003]
[663/908   1787929634s] Csc Library/Bee/artifacts/200b0aE.dag/Unity.2D.IK.Editor.dll (+2 others)
[611/908    0s] Csc Library/Bee/artifacts/200b0aE.dag/Unity.VisualScripting.Shared.Editor.dll (+2 others) [CacheHit d8d4249fffb3d3132773fedf94d5596100000000000000000000000000000003]
[665/908   1787929634s] Csc Library/Bee/artifacts/200b0aE.dag/Unity.VisualScripting.Shared.Editor.dll (+2 others)
[612/908    0s] Csc Library/Bee/artifacts/200b0aE.dag/Unity.RenderPipelines.ShaderGraph.ShaderGraphLibrary.dll (+2 others) [CacheHit de1e7fb53ee7df4d11ef118d5fb0468300000000000000000000000000000003]
[667/908   1787929634s] Csc Library/Bee/artifacts/200b0aE.dag/Unity.RenderPipelines.ShaderGraph.ShaderGraphLibrary.dll (+2 others)
[613/908    0s] Csc Library/Bee/artifacts/200b0aE.dag/Unity.2D.Tilemap.Extras.Editor.dll (+2 others) [CacheHit 92cd5572b7efbb673abd652a171ba8c000000000000000000000000000000003]
[669/908   1787929634s] Csc Library/Bee/artifacts/200b0aE.dag/Unity.2D.Tilemap.Extras.Editor.dll (+2 others)
[614/908    0s] Csc Library/Bee/artifacts/200b0aE.dag/Unity.2D.SpriteShape.Editor.dll (+2 others) [CacheHit ec4be67dbf7953e376b5d2e0bd6e4aa500000000000000000000000000000003]
[671/908   1787929634s] Csc Library/Bee/artifacts/200b0aE.dag/Unity.2D.SpriteShape.Editor.dll (+2 others)
[615/908    0s] Csc Library/Bee/artifacts/200b0aE.dag/Unity.VisualScripting.SettingsProvider.Editor.dll (+2 others) [CacheHit e3015902eb24e763d9ea8b6442fee41a00000000000000000000000000000003]
[673/908   1787929634s] Csc Library/Bee/artifacts/200b0aE.dag/Unity.VisualScripting.SettingsProvider.Editor.dll (+2 others)
[616/908    0s] Csc Library/Bee/artifacts/200b0aE.dag/Unity.TextMeshPro.Editor.dll (+2 others) [CacheHit 03b4e575177ce09b6807f846a7ec400200000000000000000000000000000003]
[675/908   1787929634s] Csc Library/Bee/artifacts/200b0aE.dag/Unity.TextMeshPro.Editor.dll (+2 others)
[677/908    0s] MovedFromExtractorCombine Library/Bee/artifacts/200b0aE.dag/Unity.RenderPipelines.Core.ShaderLibrary.dll.mvfrm
[678/908    0s] MovedFromExtractorCombine Library/Bee/artifacts/200b0aE.dag/Unity.RenderPipelines.Universal.Shaders.dll.mvfrm
[619/908    0s] Csc Library/Bee/artifacts/200b0aE.dag/Unity.RenderPipelines.Core.ShaderLibrary.dll (+2 others) [CacheHit ca54c2661a477f5f879ecf83efbd84f400000000000000000000000000000003]
[679/908   1787929634s] Csc Library/Bee/artifacts/200b0aE.dag/Unity.RenderPipelines.Core.ShaderLibrary.dll (+2 others)
[620/908    0s] Csc Library/Bee/artifacts/200b0aE.dag/Unity.Timeline.Editor.dll (+2 others) [CacheHit 4d5ec65d498b718b43dfd61c9dc55d1d00000000000000000000000000000003]
[681/908   1787929634s] Csc Library/Bee/artifacts/200b0aE.dag/Unity.Timeline.Editor.dll (+2 others)
[621/908    0s] Csc Library/Bee/artifacts/200b0aE.dag/Unity.RenderPipelines.Universal.Shaders.dll (+2 others) [CacheHit 92d88ef40785498933d9a4bcfec4303300000000000000000000000000000003]
[683/908   1787929634s] Csc Library/Bee/artifacts/200b0aE.dag/Unity.RenderPipelines.Universal.Shaders.dll (+2 others)
[685/908    0s] MovedFromExtractorCombine Library/Bee/artifacts/200b0aE.dag/MCPForUnity.Editor.dll.mvfrm
[686/908    0s] MovedFromExtractorCombine Library/Bee/artifacts/200b0aE.dag/AssemblyA.Implementation.Internal.dll.mvfrm
[687/908    0s] MovedFromExtractorCombine Library/Bee/artifacts/200b0aE.dag/PPv2URPConverters.dll.mvfrm
[688/908    0s] MovedFromExtractorCombine Library/Bee/artifacts/200b0aE.dag/AssemblyShadowBaseline.Editor.dll.mvfrm
[689/908    0s] MovedFromExtractorCombine Library/Bee/artifacts/200b0aE.dag/AssemblyShadowDemo.ExtensibilityConsumer.dll.mvfrm
[690/908    0s] Csc Library/Bee/artifacts/200b0aE.dag/AssemblyShadowDemo.ContractsConsumer.dll (+2 others)
[627/908    0s] Csc Library/Bee/artifacts/200b0aE.dag/Unity.2D.Aseprite.Editor.dll (+2 others) [CacheHit 478d826ec92cb05828c6d6a97755ef8c00000000000000000000000000000003]
[691/908   1787929634s] Csc Library/Bee/artifacts/200b0aE.dag/Unity.2D.Aseprite.Editor.dll (+2 others)
[629/908    0s] Csc Library/Bee/artifacts/200b0aE.dag/MCPForUnity.Editor.dll (+2 others) [CacheHit 6c1c4a96128fbaebbcf7e9750047130700000000000000000000000000000003]
[693/908   1787929634s] Csc Library/Bee/artifacts/200b0aE.dag/MCPForUnity.Editor.dll (+2 others)
[695/908    0s] MovedFromExtractor Library/Bee/artifacts/mvdfrm/Unity.PlasticSCM.Editor.ref.dll_CBF917C274624EE2.mvfrm
[696/908    0s] MovedFromExtractor Library/Bee/artifacts/mvdfrm/Unity.RenderPipelines.Universal.Shaders.ref.dll_050F300D13D769AC.mvfrm
[697/908    0s] MovedFromExtractor Library/Bee/artifacts/mvdfrm/Unity.Timeline.Editor.ref.dll_1305DD42619CF31E.mvfrm
[698/908    0s] MovedFromExtractor Library/Bee/artifacts/mvdfrm/Unity.RenderPipelines.Core.ShaderLibrary.ref.dll_8EDD8A7C38E993CC.mvfrm
[699/908    0s] Csc Library/Bee/artifacts/200b0aE.dag/AssemblyA.Implementation.Internal.dll (+2 others)
[700/908    0s] MovedFromExtractor Library/Bee/artifacts/mvdfrm/Unity.TextMeshPro.Editor.ref.dll_C5B7873C632B963A.mvfrm
[701/908    0s] MovedFromExtractor Library/Bee/artifacts/mvdfrm/Unity.2D.Aseprite.Editor.ref.dll_3C7C2928F291E90C.mvfrm
[702/908    0s] MovedFromExtractor Library/Bee/artifacts/mvdfrm/Unity.VisualScripting.SettingsProvider.Editor.ref.dll_AD2FFB7646FD92B4.mvfrm
[703/908    0s] MovedFromExtractor Library/Bee/artifacts/mvdfrm/Unity.2D.SpriteShape.Editor.ref.dll_AB52260E0554293F.mvfrm
[704/908    0s] MovedFromExtractor Library/Bee/artifacts/mvdfrm/Unity.RenderPipelines.ShaderGraph.ShaderGraphLibrary.ref.dll_4AD9CE269414E4CC.mvfrm
[705/908    0s] MovedFromExtractor Library/Bee/artifacts/mvdfrm/Unity.2D.Tilemap.Extras.Editor.ref.dll_258B0455F8F51CDE.mvfrm
[641/908    0s] Csc Library/Bee/artifacts/200b0aE.dag/PPv2URPConverters.dll (+2 others) [CacheHit b6798820dd891b1969928761080b531200000000000000000000000000000003]
[706/908   1787929634s] Csc Library/Bee/artifacts/200b0aE.dag/PPv2URPConverters.dll (+2 others)
[708/908    0s] MovedFromExtractor Library/Bee/artifacts/mvdfrm/Unity.VisualScripting.Shared.Editor.ref.dll_CBD4E358CB8CDF43.mvfrm
[709/908    0s] MovedFromExtractor Library/Bee/artifacts/mvdfrm/Unity.2D.IK.Editor.ref.dll_FD249531A54E376F.mvfrm
[710/908    0s] MovedFromExtractorCombine Library/Bee/artifacts/200b0aE.dag/AssemblyShadowDemo.Editor.dll.mvfrm
[711/908    0s] Csc Library/Bee/artifacts/200b0aE.dag/AssemblyShadowDemo.ExtensibilityConsumer.dll (+2 others)
[712/908    0s] Csc Library/Bee/artifacts/200b0aE.dag/AssemblyShadowBaseline.Editor.dll (+2 others)
[713/908    0s] MovedFromExtractor Library/Bee/artifacts/mvdfrm/Unity.VisualStudio.Editor.ref.dll_F37C0F1BA2EC04B9.mvfrm
[714/908    0s] MovedFromExtractor Library/Bee/artifacts/mvdfrm/Unity.2D.Psdimporter.Editor.ref.dll_47CE2970C8879D28.mvfrm
[715/908    0s] MovedFromExtractor Library/Bee/artifacts/mvdfrm/Unity.Rider.Editor.ref.dll_A276D0F1D4D046E3.mvfrm
[716/908    0s] MovedFromExtractorCombine Library/Bee/artifacts/200b0aE.dag/AssemblyShadowDemo.Bootstrap.dll.mvfrm
[717/908    0s] MovedFromExtractor Library/Bee/artifacts/mvdfrm/Unity.2D.PixelPerfect.Editor.ref.dll_B6E543B7064A5CCA.mvfrm
[718/908    0s] MovedFromExtractorCombine Library/Bee/artifacts/200b0aE.dag/Unity.CollabProxy.Editor.dll.mvfrm
[719/908    0s] MovedFromExtractorCombine Library/Bee/artifacts/200b0aE.dag/HybridCLR.AssemblyShadow.Editor.Tests.dll.mvfrm
[720/908    0s] MovedFromExtractorCombine Library/Bee/artifacts/200b0aE.dag/Unity.Collections.BurstCompatibilityGen.dll.mvfrm
[655/908    0s] Csc Library/Bee/artifacts/200b0aE.dag/Unity.CollabProxy.Editor.dll (+2 others) [CacheHit a9d6e4bfff296e64c179b06494a6e17200000000000000000000000000000003]
[721/908   1787929634s] Csc Library/Bee/artifacts/200b0aE.dag/Unity.CollabProxy.Editor.dll (+2 others)
[656/908    0s] Csc Library/Bee/artifacts/200b0aE.dag/HybridCLR.AssemblyShadow.Editor.Tests.dll (+2 others) [CacheHit 40cdf2daf80275cc34080eb3848ac00a00000000000000000000000000000003]
[723/908   1787929634s] Csc Library/Bee/artifacts/200b0aE.dag/HybridCLR.AssemblyShadow.Editor.Tests.dll (+2 others)
[657/908    0s] Csc Library/Bee/artifacts/200b0aE.dag/Unity.Collections.BurstCompatibilityGen.dll (+2 others) [CacheHit 80575c75f75f7ea851a20d854d9d3a2600000000000000000000000000000003]
[725/908   1787929634s] Csc Library/Bee/artifacts/200b0aE.dag/Unity.Collections.BurstCompatibilityGen.dll (+2 others)
[727/908    0s] MovedFromExtractorCombine Library/Bee/artifacts/200b0aE.dag/AssemblyShadowDemo.EditorTests.dll.mvfrm
[728/908    0s] MovedFromExtractorCombine Library/Bee/artifacts/200b0aE.dag/MCPForUnityTests.EditMode.dll.mvfrm
[729/908    0s] MovedFromExtractorCombine Library/Bee/artifacts/200b0aE.dag/Unity.Collections.DocCodeSamples.dll.mvfrm
[661/908    0s] Csc Library/Bee/artifacts/200b0aE.dag/MCPForUnityTests.EditMode.dll (+2 others) [CacheHit e4022dc2cba34d507d6f00c84b96d03200000000000000000000000000000003]
[730/908   1787929634s] Csc Library/Bee/artifacts/200b0aE.dag/MCPForUnityTests.EditMode.dll (+2 others)
[662/908    0s] Csc Library/Bee/artifacts/200b0aE.dag/Unity.Collections.DocCodeSamples.dll (+2 others) [CacheHit af79beaf268c2ec20c44d8ceb1cec62a00000000000000000000000000000003]
[732/908   1787929634s] Csc Library/Bee/artifacts/200b0aE.dag/Unity.Collections.DocCodeSamples.dll (+2 others)
[734/908    0s] MovedFromExtractorCombine Library/Bee/artifacts/200b0aE.dag/Assembly-CSharp.dll.mvfrm
[735/908    0s] ILPostProcess Library/Bee/artifacts/200b0aE.dag/post-processed/AssemblyA.Implementation.Internal.dll (+pdb)
Processing assembly Library/Bee/artifacts/200b0aE.dag/AssemblyA.Implementation.Internal.dll, with 117 defines and 231 references
processors: HybridCLR.AssemblyShadow.CodeGen.ReflectionBindingsILPostProcessor, zzzUnity.Burst.CodeGen.BurstILPostProcessor
running HybridCLR.AssemblyShadow.CodeGen.ReflectionBindingsILPostProcessor
running zzzUnity.Burst.CodeGen.BurstILPostProcessor
[736/908    0s] ILPostProcess Library/Bee/artifacts/200b0aE.dag/post-processed/AssemblyShadowDemo.ExtensibilityConsumer.dll (+pdb)
Processing assembly Library/Bee/artifacts/200b0aE.dag/AssemblyShadowDemo.ExtensibilityConsumer.dll, with 117 defines and 231 references
processors: HybridCLR.AssemblyShadow.CodeGen.ReflectionBindingsILPostProcessor, zzzUnity.Burst.CodeGen.BurstILPostProcessor
running HybridCLR.AssemblyShadow.CodeGen.ReflectionBindingsILPostProcessor
running zzzUnity.Burst.CodeGen.BurstILPostProcessor
[737/908    0s] ILPostProcess Library/Bee/artifacts/200b0aE.dag/post-processed/AssemblyShadowDemo.ContractsConsumer.dll (+pdb)
Processing assembly Library/Bee/artifacts/200b0aE.dag/AssemblyShadowDemo.ContractsConsumer.dll, with 117 defines and 141 references
processors: HybridCLR.AssemblyShadow.CodeGen.ReflectionBindingsILPostProcessor, zzzUnity.Burst.CodeGen.BurstILPostProcessor
running HybridCLR.AssemblyShadow.CodeGen.ReflectionBindingsILPostProcessor
running zzzUnity.Burst.CodeGen.BurstILPostProcessor
[738/908    0s] ILPostProcess Library/Bee/artifacts/200b0aE.dag/post-processed/Unity.2D.Common.Runtime.dll (+pdb)
Processing assembly Library/Bee/artifacts/200b0aE.dag/Unity.2D.Common.Runtime.dll, with 117 defines and 230 references
processors: HybridCLR.AssemblyShadow.CodeGen.ReflectionBindingsILPostProcessor, zzzUnity.Burst.CodeGen.BurstILPostProcessor
running HybridCLR.AssemblyShadow.CodeGen.ReflectionBindingsILPostProcessor
running zzzUnity.Burst.CodeGen.BurstILPostProcessor
[739/908    0s] ILPostProcess Library/Bee/artifacts/200b0aE.dag/post-processed/Unity.Mathematics.dll (+pdb)
Processing assembly Library/Bee/artifacts/200b0aE.dag/Unity.Mathematics.dll, with 117 defines and 229 references
processors: HybridCLR.AssemblyShadow.CodeGen.ReflectionBindingsILPostProcessor, zzzUnity.Burst.CodeGen.BurstILPostProcessor
running HybridCLR.AssemblyShadow.CodeGen.ReflectionBindingsILPostProcessor
running zzzUnity.Burst.CodeGen.BurstILPostProcessor
[740/908    0s] ILPostProcess Library/Bee/artifacts/200b0aE.dag/post-processed/AssemblyShadowBaseline.HotUpdate.dll (+pdb)
Processing assembly Library/Bee/artifacts/200b0aE.dag/AssemblyShadowBaseline.HotUpdate.dll, with 117 defines and 140 references
processors: HybridCLR.AssemblyShadow.CodeGen.ReflectionBindingsILPostProcessor, zzzUnity.Burst.CodeGen.BurstILPostProcessor
running HybridCLR.AssemblyShadow.CodeGen.ReflectionBindingsILPostProcessor
running zzzUnity.Burst.CodeGen.BurstILPostProcessor
[741/908    0s] Csc Library/Bee/artifacts/200b0aE.dag/Assembly-CSharp.dll (+2 others)
[742/908    0s] ILPostProcess Library/Bee/artifacts/200b0aE.dag/post-processed/Unity.RenderPipelines.Core.Runtime.dll (+pdb)
Processing assembly Library/Bee/artifacts/200b0aE.dag/Unity.RenderPipelines.Core.Runtime.dll, with 119 defines and 229 references
processors: HybridCLR.AssemblyShadow.CodeGen.ReflectionBindingsILPostProcessor, zzzUnity.Burst.CodeGen.BurstILPostProcessor
running HybridCLR.AssemblyShadow.CodeGen.ReflectionBindingsILPostProcessor
running zzzUnity.Burst.CodeGen.BurstILPostProcessor
[743/908    0s] ILPostProcess Library/Bee/artifacts/200b0aE.dag/post-processed/Unity.RenderPipelines.Universal.2D.Internal.dll (+pdb)
Processing assembly Library/Bee/artifacts/200b0aE.dag/Unity.RenderPipelines.Universal.2D.Internal.dll, with 117 defines and 229 references
processors: HybridCLR.AssemblyShadow.CodeGen.ReflectionBindingsILPostProcessor, zzzUnity.Burst.CodeGen.BurstILPostProcessor
running HybridCLR.AssemblyShadow.CodeGen.ReflectionBindingsILPostProcessor
running zzzUnity.Burst.CodeGen.BurstILPostProcessor
[744/908    0s] ILPostProcess Library/Bee/artifacts/200b0aE.dag/post-processed/Unity.Burst.dll (+pdb)
Processing assembly Library/Bee/artifacts/200b0aE.dag/Unity.Burst.dll, with 117 defines and 218 references
processors: HybridCLR.AssemblyShadow.CodeGen.ReflectionBindingsILPostProcessor, zzzUnity.Burst.CodeGen.BurstILPostProcessor
running HybridCLR.AssemblyShadow.CodeGen.ReflectionBindingsILPostProcessor
running zzzUnity.Burst.CodeGen.BurstILPostProcessor
[745/908    0s] ILPostProcess Library/Bee/artifacts/200b0aE.dag/post-processed/AssemblyShadowBaseline.Aot.dll (+pdb)
Processing assembly Library/Bee/artifacts/200b0aE.dag/AssemblyShadowBaseline.Aot.dll, with 117 defines and 230 references
processors: HybridCLR.AssemblyShadow.CodeGen.ReflectionBindingsILPostProcessor, zzzUnity.Burst.CodeGen.BurstILPostProcessor
running HybridCLR.AssemblyShadow.CodeGen.ReflectionBindingsILPostProcessor
running zzzUnity.Burst.CodeGen.BurstILPostProcessor
[746/908    0s] ILPostProcess Library/Bee/artifacts/200b0aE.dag/post-processed/MCPForUnity.Runtime.dll (+pdb)
Processing assembly Library/Bee/artifacts/200b0aE.dag/MCPForUnity.Runtime.dll, with 117 defines and 218 references
processors: HybridCLR.AssemblyShadow.CodeGen.ReflectionBindingsILPostProcessor, zzzUnity.Burst.CodeGen.BurstILPostProcessor
running HybridCLR.AssemblyShadow.CodeGen.ReflectionBindingsILPostProcessor
running zzzUnity.Burst.CodeGen.BurstILPostProcessor
[747/908    0s] MovedFromExtractorCombine Library/Bee/artifacts/200b0aE.dag/Unity.HybridCLR.AssemblyShadow.CodeGen.Tests.dll.mvfrm
[748/908    0s] Csc Library/Bee/artifacts/200b0aE.dag/AssemblyShadowDemo.Editor.dll (+2 others)
[678/908    0s] Csc Library/Bee/artifacts/200b0aE.dag/Unity.HybridCLR.AssemblyShadow.CodeGen.Tests.dll (+2 others) [CacheHit deb6b6eb075084866303d861fd04091000000000000000000000000000000003]
[749/908   1787929635s] Csc Library/Bee/artifacts/200b0aE.dag/Unity.HybridCLR.AssemblyShadow.CodeGen.Tests.dll (+2 others)
[751/908    0s] ILPostProcess Library/Bee/artifacts/200b0aE.dag/post-processed/Assembly-CSharp.dll (+pdb)
Processing assembly Library/Bee/artifacts/200b0aE.dag/Assembly-CSharp.dll, with 117 defines and 275 references
processors: HybridCLR.AssemblyShadow.CodeGen.ReflectionBindingsILPostProcessor, zzzUnity.Burst.CodeGen.BurstILPostProcessor
running HybridCLR.AssemblyShadow.CodeGen.ReflectionBindingsILPostProcessor
running zzzUnity.Burst.CodeGen.BurstILPostProcessor
[752/908    0s] ILPostProcess Library/Bee/artifacts/200b0aE.dag/post-processed/Unity.VisualScripting.Core.dll (+pdb)
Processing assembly Library/Bee/artifacts/200b0aE.dag/Unity.VisualScripting.Core.dll, with 120 defines and 229 references
processors: HybridCLR.AssemblyShadow.CodeGen.ReflectionBindingsILPostProcessor, zzzUnity.Burst.CodeGen.BurstILPostProcessor
running HybridCLR.AssemblyShadow.CodeGen.ReflectionBindingsILPostProcessor
running zzzUnity.Burst.CodeGen.BurstILPostProcessor
[753/908    0s] ILPostProcess Library/Bee/artifacts/200b0aE.dag/post-processed/Unity.2D.IK.Runtime.dll (+pdb)
Processing assembly Library/Bee/artifacts/200b0aE.dag/Unity.2D.IK.Runtime.dll, with 117 defines and 230 references
processors: HybridCLR.AssemblyShadow.CodeGen.ReflectionBindingsILPostProcessor, zzzUnity.Burst.CodeGen.BurstILPostProcessor
running HybridCLR.AssemblyShadow.CodeGen.ReflectionBindingsILPostProcessor
running zzzUnity.Burst.CodeGen.BurstILPostProcessor
[754/908    0s] Csc Library/Bee/artifacts/200b0aE.dag/AssemblyShadowDemo.Bootstrap.dll (+2 others)
Assets/AssemblyShadowDemo/Bootstrap/ShadowBootstrap.cs(59,31): warning CS0618: 'RuntimeApi.GetAssemblyShadowPrototypeDiagnostics()' is obsolete: 'Assembly Shadow Prototype was retired; use GetDiagnosticsJson.'
Assets/AssemblyShadowDemo/Bootstrap/ShadowBootstrap.cs(92,61): warning CS0618: 'RuntimeApi.GetAssemblyShadowPrototypeDiagnostics()' is obsolete: 'Assembly Shadow Prototype was retired; use GetDiagnosticsJson.'
Assets/AssemblyShadowDemo/Bootstrap/ShadowBootstrap.cs(133,35): warning CS0618: 'RuntimeApi.LoadAssemblyShadowPrototype(byte[], byte[])' is obsolete: 'Assembly Shadow Prototype was retired; use ConfigureCandidates/BeginTransaction/StageAssembly.'
Assets/AssemblyShadowDemo/Bootstrap/ShadowBootstrap.cs(137,25): warning CS0618: 'RuntimeApi.ActivateAssemblyShadowPrototype(string)' is obsolete: 'Assembly Shadow Prototype was retired; use CommitTransaction.'
Assets/AssemblyShadowDemo/Bootstrap/ShadowBootstrap.cs(290,51): warning CS0618: 'RuntimeApi.SetAssemblyShadowPrototypePhase(string)' is obsolete: 'Assembly Shadow Prototype was retired; use generalized diagnostics.'
Assets/AssemblyShadowDemo/Bootstrap/ShadowBootstrap.cs(291,108): warning CS0618: 'RuntimeApi.InspectAssemblyShadowPrototypeObject(object)' is obsolete: 'Assembly Shadow Prototype was retired; use generalized diagnostics.'
Assets/AssemblyShadowDemo/Bootstrap/ShadowBootstrap.cs(292,114): warning CS0618: 'RuntimeApi.InspectAssemblyShadowPrototypeAssembly(Assembly)' is obsolete: 'Assembly Shadow Prototype was retired; use generalized diagnostics.'
[755/908    0s] ILPostProcess Library/Bee/artifacts/200b0aE.dag/post-processed/Unity.Timeline.dll (+pdb)
Processing assembly Library/Bee/artifacts/200b0aE.dag/Unity.Timeline.dll, with 118 defines and 229 references
processors: HybridCLR.AssemblyShadow.CodeGen.ReflectionBindingsILPostProcessor, zzzUnity.Burst.CodeGen.BurstILPostProcessor
running HybridCLR.AssemblyShadow.CodeGen.ReflectionBindingsILPostProcessor
running zzzUnity.Burst.CodeGen.BurstILPostProcessor
[756/908    0s] ILPostProcess Library/Bee/artifacts/200b0aE.dag/post-processed/Unity.InternalAPIEngineBridge.001.dll (+pdb)
Processing assembly Library/Bee/artifacts/200b0aE.dag/Unity.InternalAPIEngineBridge.001.dll, with 117 defines and 229 references
processors: HybridCLR.AssemblyShadow.CodeGen.ReflectionBindingsILPostProcessor, zzzUnity.Burst.CodeGen.BurstILPostProcessor
running HybridCLR.AssemblyShadow.CodeGen.ReflectionBindingsILPostProcessor
running zzzUnity.Burst.CodeGen.BurstILPostProcessor
[757/908    0s] ILPostProcess Library/Bee/artifacts/200b0aE.dag/post-processed/Unity.VisualScripting.Flow.dll (+pdb)
Processing assembly Library/Bee/artifacts/200b0aE.dag/Unity.VisualScripting.Flow.dll, with 122 defines and 230 references
processors: HybridCLR.AssemblyShadow.CodeGen.ReflectionBindingsILPostProcessor, zzzUnity.Burst.CodeGen.BurstILPostProcessor
running HybridCLR.AssemblyShadow.CodeGen.ReflectionBindingsILPostProcessor
running zzzUnity.Burst.CodeGen.BurstILPostProcessor
[758/908    0s] ILPostProcess Library/Bee/artifacts/200b0aE.dag/post-processed/Unity.RenderPipeline.Universal.ShaderLibrary.dll (+pdb)
Processing assembly Library/Bee/artifacts/200b0aE.dag/Unity.RenderPipeline.Universal.ShaderLibrary.dll, with 117 defines and 230 references
processors: HybridCLR.AssemblyShadow.CodeGen.ReflectionBindingsILPostProcessor, zzzUnity.Burst.CodeGen.BurstILPostProcessor
running HybridCLR.AssemblyShadow.CodeGen.ReflectionBindingsILPostProcessor
running zzzUnity.Burst.CodeGen.BurstILPostProcessor
[759/908    0s] ILPostProcess Library/Bee/artifacts/200b0aE.dag/post-processed/Unity.RenderPipelines.Universal.Shaders.dll (+pdb)
Processing assembly Library/Bee/artifacts/200b0aE.dag/Unity.RenderPipelines.Universal.Shaders.dll, with 117 defines and 229 references
processors: HybridCLR.AssemblyShadow.CodeGen.ReflectionBindingsILPostProcessor, zzzUnity.Burst.CodeGen.BurstILPostProcessor
running HybridCLR.AssemblyShadow.CodeGen.ReflectionBindingsILPostProcessor
running zzzUnity.Burst.CodeGen.BurstILPostProcessor
[760/908    0s] ILPostProcess Library/Bee/artifacts/200b0aE.dag/post-processed/Unity.RenderPipelines.Core.ShaderLibrary.dll (+pdb)
Processing assembly Library/Bee/artifacts/200b0aE.dag/Unity.RenderPipelines.Core.ShaderLibrary.dll, with 117 defines and 229 references
processors: HybridCLR.AssemblyShadow.CodeGen.ReflectionBindingsILPostProcessor, zzzUnity.Burst.CodeGen.BurstILPostProcessor
running HybridCLR.AssemblyShadow.CodeGen.ReflectionBindingsILPostProcessor
running zzzUnity.Burst.CodeGen.BurstILPostProcessor
[761/908    0s] ILPostProcess Library/Bee/artifacts/200b0aE.dag/post-processed/AssemblyShadowDemo.Bootstrap.dll (+pdb)
Processing assembly Library/Bee/artifacts/200b0aE.dag/AssemblyShadowDemo.Bootstrap.dll, with 117 defines and 232 references
processors: HybridCLR.AssemblyShadow.CodeGen.ReflectionBindingsILPostProcessor, zzzUnity.Burst.CodeGen.BurstILPostProcessor
running HybridCLR.AssemblyShadow.CodeGen.ReflectionBindingsILPostProcessor
running zzzUnity.Burst.CodeGen.BurstILPostProcessor
[762/908    0s] ILPostProcess Library/Bee/artifacts/200b0aE.dag/post-processed/UnityEngine.UI.dll (+pdb)
Processing assembly Library/Bee/artifacts/200b0aE.dag/UnityEngine.UI.dll, with 122 defines and 227 references
processors: HybridCLR.AssemblyShadow.CodeGen.ReflectionBindingsILPostProcessor, zzzUnity.Burst.CodeGen.BurstILPostProcessor
running HybridCLR.AssemblyShadow.CodeGen.ReflectionBindingsILPostProcessor
running zzzUnity.Burst.CodeGen.BurstILPostProcessor
[763/908    0s] ILPostProcess Library/Bee/artifacts/200b0aE.dag/post-processed/Unity.2D.Tilemap.Extras.dll (+pdb)
Processing assembly Library/Bee/artifacts/200b0aE.dag/Unity.2D.Tilemap.Extras.dll, with 117 defines and 229 references
processors: HybridCLR.AssemblyShadow.CodeGen.ReflectionBindingsILPostProcessor, zzzUnity.Burst.CodeGen.BurstILPostProcessor
running HybridCLR.AssemblyShadow.CodeGen.ReflectionBindingsILPostProcessor
running zzzUnity.Burst.CodeGen.BurstILPostProcessor
[764/908    0s] ILPostProcess Library/Bee/artifacts/200b0aE.dag/post-processed/AssemblyA.Implementation.Extensibility.dll (+pdb)
Processing assembly Library/Bee/artifacts/200b0aE.dag/AssemblyA.Implementation.Extensibility.dll, with 117 defines and 230 references
processors: HybridCLR.AssemblyShadow.CodeGen.ReflectionBindingsILPostProcessor, zzzUnity.Burst.CodeGen.BurstILPostProcessor
running HybridCLR.AssemblyShadow.CodeGen.ReflectionBindingsILPostProcessor
running zzzUnity.Burst.CodeGen.BurstILPostProcessor
[765/908    0s] Csc Library/Bee/artifacts/200b0aE.dag/AssemblyShadowDemo.EditorTests.dll (+2 others)
[766/908    0s] ILPostProcess Library/Bee/artifacts/200b0aE.dag/post-processed/HybridCLR.Runtime.dll (+pdb)
Processing assembly Library/Bee/artifacts/200b0aE.dag/HybridCLR.Runtime.dll, with 117 defines and 229 references
processors: HybridCLR.AssemblyShadow.CodeGen.ReflectionBindingsILPostProcessor, zzzUnity.Burst.CodeGen.BurstILPostProcessor
running HybridCLR.AssemblyShadow.CodeGen.ReflectionBindingsILPostProcessor
running zzzUnity.Burst.CodeGen.BurstILPostProcessor
[767/908    0s] ILPostProcess Library/Bee/artifacts/200b0aE.dag/post-processed/Unity.Collections.dll (+pdb)
Processing assembly Library/Bee/artifacts/200b0aE.dag/Unity.Collections.dll, with 117 defines and 231 references
processors: HybridCLR.AssemblyShadow.CodeGen.ReflectionBindingsILPostProcessor, zzzUnity.Burst.CodeGen.BurstILPostProcessor
running HybridCLR.AssemblyShadow.CodeGen.ReflectionBindingsILPostProcessor
running zzzUnity.Burst.CodeGen.BurstILPostProcessor
[768/908    0s] ILPostProcess Library/Bee/artifacts/200b0aE.dag/post-processed/Unity.2D.Animation.Runtime.dll (+pdb)
Processing assembly Library/Bee/artifacts/200b0aE.dag/Unity.2D.Animation.Runtime.dll, with 117 defines and 234 references
processors: HybridCLR.AssemblyShadow.CodeGen.ReflectionBindingsILPostProcessor, zzzUnity.Burst.CodeGen.BurstILPostProcessor
running HybridCLR.AssemblyShadow.CodeGen.ReflectionBindingsILPostProcessor
running zzzUnity.Burst.CodeGen.BurstILPostProcessor
[769/908    0s] ILPostProcess Library/Bee/artifacts/200b0aE.dag/post-processed/Unity.RenderPipelines.ShaderGraph.ShaderGraphLibrary.dll (+pdb)
Processing assembly Library/Bee/artifacts/200b0aE.dag/Unity.RenderPipelines.ShaderGraph.ShaderGraphLibrary.dll, with 117 defines and 229 references
processors: HybridCLR.AssemblyShadow.CodeGen.ReflectionBindingsILPostProcessor, zzzUnity.Burst.CodeGen.BurstILPostProcessor
running HybridCLR.AssemblyShadow.CodeGen.ReflectionBindingsILPostProcessor
running zzzUnity.Burst.CodeGen.BurstILPostProcessor
[770/908    0s] ILPostProcess Library/Bee/artifacts/200b0aE.dag/post-processed/AssemblyA.Contracts.dll (+pdb)
Processing assembly Library/Bee/artifacts/200b0aE.dag/AssemblyA.Contracts.dll, with 117 defines and 140 references
processors: HybridCLR.AssemblyShadow.CodeGen.ReflectionBindingsILPostProcessor, zzzUnity.Burst.CodeGen.BurstILPostProcessor
running HybridCLR.AssemblyShadow.CodeGen.ReflectionBindingsILPostProcessor
running zzzUnity.Burst.CodeGen.BurstILPostProcessor
[771/908    0s] ILPostProcess Library/Bee/artifacts/200b0aE.dag/post-processed/Unity.TextMeshPro.dll (+pdb)
Processing assembly Library/Bee/artifacts/200b0aE.dag/Unity.TextMeshPro.dll, with 118 defines and 229 references
processors: HybridCLR.AssemblyShadow.CodeGen.ReflectionBindingsILPostProcessor, zzzUnity.Burst.CodeGen.BurstILPostProcessor
running HybridCLR.AssemblyShadow.CodeGen.ReflectionBindingsILPostProcessor
running zzzUnity.Burst.CodeGen.BurstILPostProcessor
[772/908    0s] ILPostProcess Library/Bee/artifacts/200b0aE.dag/post-processed/Unity.2D.PixelPerfect.dll (+pdb)
Processing assembly Library/Bee/artifacts/200b0aE.dag/Unity.2D.PixelPerfect.dll, with 118 defines and 229 references
processors: HybridCLR.AssemblyShadow.CodeGen.ReflectionBindingsILPostProcessor, zzzUnity.Burst.CodeGen.BurstILPostProcessor
running HybridCLR.AssemblyShadow.CodeGen.ReflectionBindingsILPostProcessor
running zzzUnity.Burst.CodeGen.BurstILPostProcessor
[773/908    0s] ILPostProcess Library/Bee/artifacts/200b0aE.dag/post-processed/Unity.RenderPipelines.Universal.Config.Runtime.dll (+pdb)
Processing assembly Library/Bee/artifacts/200b0aE.dag/Unity.RenderPipelines.Universal.Config.Runtime.dll, with 117 defines and 230 references
processors: HybridCLR.AssemblyShadow.CodeGen.ReflectionBindingsILPostProcessor, zzzUnity.Burst.CodeGen.BurstILPostProcessor
running HybridCLR.AssemblyShadow.CodeGen.ReflectionBindingsILPostProcessor
running zzzUnity.Burst.CodeGen.BurstILPostProcessor
[774/908    0s] ILPostProcess Library/Bee/artifacts/200b0aE.dag/post-processed/Unity.VisualScripting.State.dll (+pdb)
Processing assembly Library/Bee/artifacts/200b0aE.dag/Unity.VisualScripting.State.dll, with 117 defines and 231 references
processors: HybridCLR.AssemblyShadow.CodeGen.ReflectionBindingsILPostProcessor, zzzUnity.Burst.CodeGen.BurstILPostProcessor
running HybridCLR.AssemblyShadow.CodeGen.ReflectionBindingsILPostProcessor
running zzzUnity.Burst.CodeGen.BurstILPostProcessor
[775/908    0s] ILPostProcess Library/Bee/artifacts/200b0aE.dag/post-processed/Unity.PlasticSCM.Editor.dll (+pdb)
Processing assembly Library/Bee/artifacts/200b0aE.dag/Unity.PlasticSCM.Editor.dll, with 115 defines and 226 references
processors: HybridCLR.AssemblyShadow.CodeGen.ReflectionBindingsILPostProcessor, zzzUnity.Burst.CodeGen.BurstILPostProcessor
running HybridCLR.AssemblyShadow.CodeGen.ReflectionBindingsILPostProcessor
running zzzUnity.Burst.CodeGen.BurstILPostProcessor
[776/908    0s] ILPostProcess Library/Bee/artifacts/200b0aE.dag/post-processed/AssemblyShadowDemo.Editor.dll (+pdb)
Processing assembly Library/Bee/artifacts/200b0aE.dag/AssemblyShadowDemo.Editor.dll, with 115 defines and 245 references
processors: HybridCLR.AssemblyShadow.CodeGen.ReflectionBindingsILPostProcessor, zzzUnity.Burst.CodeGen.BurstILPostProcessor
running HybridCLR.AssemblyShadow.CodeGen.ReflectionBindingsILPostProcessor
running zzzUnity.Burst.CodeGen.BurstILPostProcessor
[777/908    0s] ILPostProcess Library/Bee/artifacts/200b0aE.dag/post-processed/Unity.2D.SpriteShape.Runtime.dll (+pdb)
Processing assembly Library/Bee/artifacts/200b0aE.dag/Unity.2D.SpriteShape.Runtime.dll, with 118 defines and 232 references
processors: HybridCLR.AssemblyShadow.CodeGen.ReflectionBindingsILPostProcessor, zzzUnity.Burst.CodeGen.BurstILPostProcessor
running HybridCLR.AssemblyShadow.CodeGen.ReflectionBindingsILPostProcessor
running zzzUnity.Burst.CodeGen.BurstILPostProcessor
[778/908    0s] ILPostProcess Library/Bee/artifacts/200b0aE.dag/post-processed/Unity.RenderPipelines.Universal.Runtime.dll (+pdb)
Processing assembly Library/Bee/artifacts/200b0aE.dag/Unity.RenderPipelines.Universal.Runtime.dll, with 122 defines and 235 references
processors: HybridCLR.AssemblyShadow.CodeGen.ReflectionBindingsILPostProcessor, zzzUnity.Burst.CodeGen.BurstILPostProcessor
running HybridCLR.AssemblyShadow.CodeGen.ReflectionBindingsILPostProcessor
running zzzUnity.Burst.CodeGen.BurstILPostProcessor
[779/908    0s] ILPostProcess Library/Bee/artifacts/200b0aE.dag/post-processed/Unity.HybridCLR.AssemblyShadow.CodeGen.Tests.dll (+pdb)
Processing assembly Library/Bee/artifacts/200b0aE.dag/Unity.HybridCLR.AssemblyShadow.CodeGen.Tests.dll, with 115 defines and 227 references
processors: HybridCLR.AssemblyShadow.CodeGen.ReflectionBindingsILPostProcessor, zzzUnity.Burst.CodeGen.BurstILPostProcessor
running HybridCLR.AssemblyShadow.CodeGen.ReflectionBindingsILPostProcessor
running zzzUnity.Burst.CodeGen.BurstILPostProcessor
[780/908    0s] ILPostProcess Library/Bee/artifacts/200b0aE.dag/post-processed/MCPForUnityTests.EditMode.dll (+pdb)
Processing assembly Library/Bee/artifacts/200b0aE.dag/MCPForUnityTests.EditMode.dll, with 115 defines and 227 references
processors: HybridCLR.AssemblyShadow.CodeGen.ReflectionBindingsILPostProcessor, zzzUnity.Burst.CodeGen.BurstILPostProcessor
running HybridCLR.AssemblyShadow.CodeGen.ReflectionBindingsILPostProcessor
running zzzUnity.Burst.CodeGen.BurstILPostProcessor
[781/908    0s] ILPostProcess Library/Bee/artifacts/200b0aE.dag/post-processed/Unity.2D.Psdimporter.Editor.dll (+pdb)
Processing assembly Library/Bee/artifacts/200b0aE.dag/Unity.2D.Psdimporter.Editor.dll, with 115 defines and 245 references
processors: HybridCLR.AssemblyShadow.CodeGen.ReflectionBindingsILPostProcessor, zzzUnity.Burst.CodeGen.BurstILPostProcessor
running HybridCLR.AssemblyShadow.CodeGen.ReflectionBindingsILPostProcessor
running zzzUnity.Burst.CodeGen.BurstILPostProcessor
[782/908    0s] ILPostProcess Library/Bee/artifacts/200b0aE.dag/post-processed/Unity.VisualScripting.Shared.Editor.dll (+pdb)
Processing assembly Library/Bee/artifacts/200b0aE.dag/Unity.VisualScripting.Shared.Editor.dll, with 115 defines and 242 references
processors: HybridCLR.AssemblyShadow.CodeGen.ReflectionBindingsILPostProcessor, zzzUnity.Burst.CodeGen.BurstILPostProcessor
running HybridCLR.AssemblyShadow.CodeGen.ReflectionBindingsILPostProcessor
running zzzUnity.Burst.CodeGen.BurstILPostProcessor
[783/908    0s] ILPostProcess Library/Bee/artifacts/200b0aE.dag/post-processed/Unity.VisualScripting.SettingsProvider.Editor.dll (+pdb)
Processing assembly Library/Bee/artifacts/200b0aE.dag/Unity.VisualScripting.SettingsProvider.Editor.dll, with 115 defines and 241 references
processors: HybridCLR.AssemblyShadow.CodeGen.ReflectionBindingsILPostProcessor, zzzUnity.Burst.CodeGen.BurstILPostProcessor
running HybridCLR.AssemblyShadow.CodeGen.ReflectionBindingsILPostProcessor
running zzzUnity.Burst.CodeGen.BurstILPostProcessor
[784/908    0s] ILPostProcess Library/Bee/artifacts/200b0aE.dag/post-processed/Unity.2D.IK.Editor.dll (+pdb)
Processing assembly Library/Bee/artifacts/200b0aE.dag/Unity.2D.IK.Editor.dll, with 115 defines and 242 references
processors: HybridCLR.AssemblyShadow.CodeGen.ReflectionBindingsILPostProcessor, zzzUnity.Burst.CodeGen.BurstILPostProcessor
running HybridCLR.AssemblyShadow.CodeGen.ReflectionBindingsILPostProcessor
running zzzUnity.Burst.CodeGen.BurstILPostProcessor
[785/908    0s] ILPostProcess Library/Bee/artifacts/200b0aE.dag/post-processed/Unity.Collections.DocCodeSamples.dll (+pdb)
Processing assembly Library/Bee/artifacts/200b0aE.dag/Unity.Collections.DocCodeSamples.dll, with 115 defines and 237 references
processors: HybridCLR.AssemblyShadow.CodeGen.ReflectionBindingsILPostProcessor, zzzUnity.Burst.CodeGen.BurstILPostProcessor
running HybridCLR.AssemblyShadow.CodeGen.ReflectionBindingsILPostProcessor
running zzzUnity.Burst.CodeGen.BurstILPostProcessor
[786/908    0s] ILPostProcess Library/Bee/artifacts/200b0aE.dag/post-processed/Unity.TextMeshPro.Editor.dll (+pdb)
Processing assembly Library/Bee/artifacts/200b0aE.dag/Unity.TextMeshPro.Editor.dll, with 115 defines and 237 references
processors: HybridCLR.AssemblyShadow.CodeGen.ReflectionBindingsILPostProcessor, zzzUnity.Burst.CodeGen.BurstILPostProcessor
running HybridCLR.AssemblyShadow.CodeGen.ReflectionBindingsILPostProcessor
running zzzUnity.Burst.CodeGen.BurstILPostProcessor
[787/908    0s] ILPostProcess Library/Bee/artifacts/200b0aE.dag/post-processed/MCPForUnity.Editor.dll (+pdb)
Processing assembly Library/Bee/artifacts/200b0aE.dag/MCPForUnity.Editor.dll, with 115 defines and 226 references
processors: HybridCLR.AssemblyShadow.CodeGen.ReflectionBindingsILPostProcessor, zzzUnity.Burst.CodeGen.BurstILPostProcessor
running HybridCLR.AssemblyShadow.CodeGen.ReflectionBindingsILPostProcessor
running zzzUnity.Burst.CodeGen.BurstILPostProcessor
[788/908    0s] ILPostProcess Library/Bee/artifacts/200b0aE.dag/post-processed/Unity.2D.Common.Editor.dll (+pdb)
Processing assembly Library/Bee/artifacts/200b0aE.dag/Unity.2D.Common.Editor.dll, with 115 defines and 240 references
processors: HybridCLR.AssemblyShadow.CodeGen.ReflectionBindingsILPostProcessor, zzzUnity.Burst.CodeGen.BurstILPostProcessor
running HybridCLR.AssemblyShadow.CodeGen.ReflectionBindingsILPostProcessor
running zzzUnity.Burst.CodeGen.BurstILPostProcessor
[789/908    0s] ILPostProcess Library/Bee/artifacts/200b0aE.dag/post-processed/Unity.2D.Aseprite.Editor.dll (+pdb)
Processing assembly Library/Bee/artifacts/200b0aE.dag/Unity.2D.Aseprite.Editor.dll, with 116 defines and 242 references
processors: HybridCLR.AssemblyShadow.CodeGen.ReflectionBindingsILPostProcessor, zzzUnity.Burst.CodeGen.BurstILPostProcessor
running HybridCLR.AssemblyShadow.CodeGen.ReflectionBindingsILPostProcessor
running zzzUnity.Burst.CodeGen.BurstILPostProcessor
[790/908    0s] ILPostProcess Library/Bee/artifacts/200b0aE.dag/post-processed/Unity.2D.PixelPerfect.Editor.dll (+pdb)
Processing assembly Library/Bee/artifacts/200b0aE.dag/Unity.2D.PixelPerfect.Editor.dll, with 117 defines and 239 references
processors: HybridCLR.AssemblyShadow.CodeGen.ReflectionBindingsILPostProcessor, zzzUnity.Burst.CodeGen.BurstILPostProcessor
running HybridCLR.AssemblyShadow.CodeGen.ReflectionBindingsILPostProcessor
running zzzUnity.Burst.CodeGen.BurstILPostProcessor
[791/908    0s] ILPostProcess Library/Bee/artifacts/200b0aE.dag/post-processed/Unity.2D.Animation.Editor.dll (+pdb)
Processing assembly Library/Bee/artifacts/200b0aE.dag/Unity.2D.Animation.Editor.dll, with 115 defines and 245 references
processors: HybridCLR.AssemblyShadow.CodeGen.ReflectionBindingsILPostProcessor, zzzUnity.Burst.CodeGen.BurstILPostProcessor
running HybridCLR.AssemblyShadow.CodeGen.ReflectionBindingsILPostProcessor
running zzzUnity.Burst.CodeGen.BurstILPostProcessor
[792/908    0s] ILPostProcess Library/Bee/artifacts/200b0aE.dag/post-processed/Unity.2D.Common.Path.Editor.dll (+pdb)
Processing assembly Library/Bee/artifacts/200b0aE.dag/Unity.2D.Common.Path.Editor.dll, with 115 defines and 236 references
processors: HybridCLR.AssemblyShadow.CodeGen.ReflectionBindingsILPostProcessor, zzzUnity.Burst.CodeGen.BurstILPostProcessor
running HybridCLR.AssemblyShadow.CodeGen.ReflectionBindingsILPostProcessor
running zzzUnity.Burst.CodeGen.BurstILPostProcessor
[793/908    0s] ILPostProcess Library/Bee/artifacts/200b0aE.dag/post-processed/Unity.InternalAPIEditorBridge.001.dll (+pdb)
Processing assembly Library/Bee/artifacts/200b0aE.dag/Unity.InternalAPIEditorBridge.001.dll, with 115 defines and 237 references
processors: HybridCLR.AssemblyShadow.CodeGen.ReflectionBindingsILPostProcessor, zzzUnity.Burst.CodeGen.BurstILPostProcessor
running HybridCLR.AssemblyShadow.CodeGen.ReflectionBindingsILPostProcessor
running zzzUnity.Burst.CodeGen.BurstILPostProcessor
[794/908    0s] ILPostProcess Library/Bee/artifacts/200b0aE.dag/post-processed/Unity.VisualScripting.State.Editor.dll (+pdb)
Processing assembly Library/Bee/artifacts/200b0aE.dag/Unity.VisualScripting.State.Editor.dll, with 115 defines and 241 references
processors: HybridCLR.AssemblyShadow.CodeGen.ReflectionBindingsILPostProcessor, zzzUnity.Burst.CodeGen.BurstILPostProcessor
running HybridCLR.AssemblyShadow.CodeGen.ReflectionBindingsILPostProcessor
running zzzUnity.Burst.CodeGen.BurstILPostProcessor
[795/908    0s] ILPostProcess Library/Bee/artifacts/200b0aE.dag/post-processed/Unity.ShaderGraph.Editor.dll (+pdb)
Processing assembly Library/Bee/artifacts/200b0aE.dag/Unity.ShaderGraph.Editor.dll, with 115 defines and 240 references
processors: HybridCLR.AssemblyShadow.CodeGen.ReflectionBindingsILPostProcessor, zzzUnity.Burst.CodeGen.BurstILPostProcessor
running HybridCLR.AssemblyShadow.CodeGen.ReflectionBindingsILPostProcessor
running zzzUnity.Burst.CodeGen.BurstILPostProcessor
[796/908    0s] ILPostProcess Library/Bee/artifacts/200b0aE.dag/post-processed/HybridCLR.Editor.dll (+pdb)
Processing assembly Library/Bee/artifacts/200b0aE.dag/HybridCLR.Editor.dll, with 115 defines and 238 references
processors: HybridCLR.AssemblyShadow.CodeGen.ReflectionBindingsILPostProcessor, zzzUnity.Burst.CodeGen.BurstILPostProcessor
running HybridCLR.AssemblyShadow.CodeGen.ReflectionBindingsILPostProcessor
running zzzUnity.Burst.CodeGen.BurstILPostProcessor
[797/908    0s] ILPostProcess Library/Bee/artifacts/200b0aE.dag/post-processed/Unity.Collections.BurstCompatibilityGen.dll (+pdb)
Processing assembly Library/Bee/artifacts/200b0aE.dag/Unity.Collections.BurstCompatibilityGen.dll, with 115 defines and 238 references
processors: HybridCLR.AssemblyShadow.CodeGen.ReflectionBindingsILPostProcessor, zzzUnity.Burst.CodeGen.BurstILPostProcessor
running HybridCLR.AssemblyShadow.CodeGen.ReflectionBindingsILPostProcessor
running zzzUnity.Burst.CodeGen.BurstILPostProcessor
[798/908    0s] ILPostProcess Library/Bee/artifacts/200b0aE.dag/post-processed/AssemblyShadowBaseline.Editor.dll (+pdb)
Processing assembly Library/Bee/artifacts/200b0aE.dag/AssemblyShadowBaseline.Editor.dll, with 115 defines and 239 references
processors: HybridCLR.AssemblyShadow.CodeGen.ReflectionBindingsILPostProcessor, zzzUnity.Burst.CodeGen.BurstILPostProcessor
running HybridCLR.AssemblyShadow.CodeGen.ReflectionBindingsILPostProcessor
running zzzUnity.Burst.CodeGen.BurstILPostProcessor
[799/908    0s] ILPostProcess Library/Bee/artifacts/200b0aE.dag/post-processed/Unity.RenderPipelines.Core.Editor.dll (+pdb)
Processing assembly Library/Bee/artifacts/200b0aE.dag/Unity.RenderPipelines.Core.Editor.dll, with 116 defines and 238 references
processors: HybridCLR.AssemblyShadow.CodeGen.ReflectionBindingsILPostProcessor, zzzUnity.Burst.CodeGen.BurstILPostProcessor
running HybridCLR.AssemblyShadow.CodeGen.ReflectionBindingsILPostProcessor
running zzzUnity.Burst.CodeGen.BurstILPostProcessor
[800/908    0s] ILPostProcess Library/Bee/artifacts/200b0aE.dag/post-processed/Unity.2D.Aseprite.Common.dll (+pdb)
Processing assembly Library/Bee/artifacts/200b0aE.dag/Unity.2D.Aseprite.Common.dll, with 115 defines and 239 references
processors: HybridCLR.AssemblyShadow.CodeGen.ReflectionBindingsILPostProcessor, zzzUnity.Burst.CodeGen.BurstILPostProcessor
running HybridCLR.AssemblyShadow.CodeGen.ReflectionBindingsILPostProcessor
running zzzUnity.Burst.CodeGen.BurstILPostProcessor
[801/908    0s] ILPostProcess Library/Bee/artifacts/200b0aE.dag/post-processed/HybridCLR.AssemblyShadow.Editor.Tests.dll (+pdb)
Processing assembly Library/Bee/artifacts/200b0aE.dag/HybridCLR.AssemblyShadow.Editor.Tests.dll, with 115 defines and 229 references
processors: HybridCLR.AssemblyShadow.CodeGen.ReflectionBindingsILPostProcessor, zzzUnity.Burst.CodeGen.BurstILPostProcessor
running HybridCLR.AssemblyShadow.CodeGen.ReflectionBindingsILPostProcessor
running zzzUnity.Burst.CodeGen.BurstILPostProcessor
[802/908    0s] ILPostProcess Library/Bee/artifacts/200b0aE.dag/post-processed/Unity.ShaderGraph.Utilities.dll (+pdb)
Processing assembly Library/Bee/artifacts/200b0aE.dag/Unity.ShaderGraph.Utilities.dll, with 115 defines and 236 references
processors: HybridCLR.AssemblyShadow.CodeGen.ReflectionBindingsILPostProcessor, zzzUnity.Burst.CodeGen.BurstILPostProcessor
running HybridCLR.AssemblyShadow.CodeGen.ReflectionBindingsILPostProcessor
running zzzUnity.Burst.CodeGen.BurstILPostProcessor
[803/908    0s] ILPostProcess Library/Bee/artifacts/200b0aE.dag/post-processed/Unity.2D.Tilemap.Editor.dll (+pdb)
Processing assembly Library/Bee/artifacts/200b0aE.dag/Unity.2D.Tilemap.Editor.dll, with 115 defines and 236 references
processors: HybridCLR.AssemblyShadow.CodeGen.ReflectionBindingsILPostProcessor, zzzUnity.Burst.CodeGen.BurstILPostProcessor
running HybridCLR.AssemblyShadow.CodeGen.ReflectionBindingsILPostProcessor
running zzzUnity.Burst.CodeGen.BurstILPostProcessor
[804/908    0s] ILPostProcess Library/Bee/artifacts/200b0aE.dag/post-processed/Unity.VisualScripting.Core.Editor.dll (+pdb)
Processing assembly Library/Bee/artifacts/200b0aE.dag/Unity.VisualScripting.Core.Editor.dll, with 115 defines and 237 references
processors: HybridCLR.AssemblyShadow.CodeGen.ReflectionBindingsILPostProcessor, zzzUnity.Burst.CodeGen.BurstILPostProcessor
running HybridCLR.AssemblyShadow.CodeGen.ReflectionBindingsILPostProcessor
running zzzUnity.Burst.CodeGen.BurstILPostProcessor
[805/908    0s] ILPostProcess Library/Bee/artifacts/200b0aE.dag/post-processed/AssemblyShadowDemo.EditorTests.dll (+pdb)
Processing assembly Library/Bee/artifacts/200b0aE.dag/AssemblyShadowDemo.EditorTests.dll, with 115 defines and 227 references
processors: HybridCLR.AssemblyShadow.CodeGen.ReflectionBindingsILPostProcessor, zzzUnity.Burst.CodeGen.BurstILPostProcessor
running HybridCLR.AssemblyShadow.CodeGen.ReflectionBindingsILPostProcessor
running zzzUnity.Burst.CodeGen.BurstILPostProcessor
[806/908    0s] ILPostProcess Library/Bee/artifacts/200b0aE.dag/post-processed/Unity.Searcher.Editor.dll (+pdb)
Processing assembly Library/Bee/artifacts/200b0aE.dag/Unity.Searcher.Editor.dll, with 115 defines and 236 references
processors: HybridCLR.AssemblyShadow.CodeGen.ReflectionBindingsILPostProcessor, zzzUnity.Burst.CodeGen.BurstILPostProcessor
running HybridCLR.AssemblyShadow.CodeGen.ReflectionBindingsILPostProcessor
running zzzUnity.Burst.CodeGen.BurstILPostProcessor
[807/908    0s] ILPostProcess Library/Bee/artifacts/200b0aE.dag/post-processed/Unity.2D.Tilemap.Extras.Editor.dll (+pdb)
Processing assembly Library/Bee/artifacts/200b0aE.dag/Unity.2D.Tilemap.Extras.Editor.dll, with 115 defines and 238 references
processors: HybridCLR.AssemblyShadow.CodeGen.ReflectionBindingsILPostProcessor, zzzUnity.Burst.CodeGen.BurstILPostProcessor
running HybridCLR.AssemblyShadow.CodeGen.ReflectionBindingsILPostProcessor
running zzzUnity.Burst.CodeGen.BurstILPostProcessor
[808/908    0s] ILPostProcess Library/Bee/artifacts/200b0aE.dag/post-processed/Unity.Mathematics.Editor.dll (+pdb)
Processing assembly Library/Bee/artifacts/200b0aE.dag/Unity.Mathematics.Editor.dll, with 115 defines and 237 references
processors: HybridCLR.AssemblyShadow.CodeGen.ReflectionBindingsILPostProcessor, zzzUnity.Burst.CodeGen.BurstILPostProcessor
running HybridCLR.AssemblyShadow.CodeGen.ReflectionBindingsILPostProcessor
running zzzUnity.Burst.CodeGen.BurstILPostProcessor
[809/908    0s] ILPostProcess Library/Bee/artifacts/200b0aE.dag/post-processed/Unity.2D.Sprite.Editor.dll (+pdb)
Processing assembly Library/Bee/artifacts/200b0aE.dag/Unity.2D.Sprite.Editor.dll, with 115 defines and 236 references
processors: HybridCLR.AssemblyShadow.CodeGen.ReflectionBindingsILPostProcessor, zzzUnity.Burst.CodeGen.BurstILPostProcessor
running HybridCLR.AssemblyShadow.CodeGen.ReflectionBindingsILPostProcessor
running zzzUnity.Burst.CodeGen.BurstILPostProcessor
[810/908    0s] ILPostProcess Library/Bee/artifacts/200b0aE.dag/post-processed/UnityEditor.UI.dll (+pdb)
Processing assembly Library/Bee/artifacts/200b0aE.dag/UnityEditor.UI.dll, with 118 defines and 235 references
processors: HybridCLR.AssemblyShadow.CodeGen.ReflectionBindingsILPostProcessor, zzzUnity.Burst.CodeGen.BurstILPostProcessor
running HybridCLR.AssemblyShadow.CodeGen.ReflectionBindingsILPostProcessor
running zzzUnity.Burst.CodeGen.BurstILPostProcessor
[811/908    0s] ILPostProcess Library/Bee/artifacts/200b0aE.dag/post-processed/Unity.CollabProxy.Editor.dll (+pdb)
Processing assembly Library/Bee/artifacts/200b0aE.dag/Unity.CollabProxy.Editor.dll, with 115 defines and 237 references
processors: HybridCLR.AssemblyShadow.CodeGen.ReflectionBindingsILPostProcessor, zzzUnity.Burst.CodeGen.BurstILPostProcessor
running HybridCLR.AssemblyShadow.CodeGen.ReflectionBindingsILPostProcessor
running zzzUnity.Burst.CodeGen.BurstILPostProcessor
[812/908    0s] ILPostProcess Library/Bee/artifacts/200b0aE.dag/post-processed/Unity.Timeline.Editor.dll (+pdb)
Processing assembly Library/Bee/artifacts/200b0aE.dag/Unity.Timeline.Editor.dll, with 116 defines and 237 references
processors: HybridCLR.AssemblyShadow.CodeGen.ReflectionBindingsILPostProcessor, zzzUnity.Burst.CodeGen.BurstILPostProcessor
running HybridCLR.AssemblyShadow.CodeGen.ReflectionBindingsILPostProcessor
running zzzUnity.Burst.CodeGen.BurstILPostProcessor
[813/908    0s] ILPostProcess Library/Bee/artifacts/200b0aE.dag/post-processed/PsdPlugin.dll (+pdb)
Processing assembly Library/Bee/artifacts/200b0aE.dag/PsdPlugin.dll, with 115 defines and 237 references
processors: HybridCLR.AssemblyShadow.CodeGen.ReflectionBindingsILPostProcessor, zzzUnity.Burst.CodeGen.BurstILPostProcessor
running HybridCLR.AssemblyShadow.CodeGen.ReflectionBindingsILPostProcessor
running zzzUnity.Burst.CodeGen.BurstILPostProcessor
[814/908    0s] ILPostProcess Library/Bee/artifacts/200b0aE.dag/post-processed/Unity.Burst.Editor.dll (+pdb)
Processing assembly Library/Bee/artifacts/200b0aE.dag/Unity.Burst.Editor.dll, with 115 defines and 237 references
processors: HybridCLR.AssemblyShadow.CodeGen.ReflectionBindingsILPostProcessor, zzzUnity.Burst.CodeGen.BurstILPostProcessor
running HybridCLR.AssemblyShadow.CodeGen.ReflectionBindingsILPostProcessor
running zzzUnity.Burst.CodeGen.BurstILPostProcessor
[815/908    0s] ILPostProcess Library/Bee/artifacts/200b0aE.dag/post-processed/Unity.RenderPipelines.Universal.Editor.dll (+pdb)
Processing assembly Library/Bee/artifacts/200b0aE.dag/Unity.RenderPipelines.Universal.Editor.dll, with 116 defines and 242 references
processors: HybridCLR.AssemblyShadow.CodeGen.ReflectionBindingsILPostProcessor, zzzUnity.Burst.CodeGen.BurstILPostProcessor
running HybridCLR.AssemblyShadow.CodeGen.ReflectionBindingsILPostProcessor
running zzzUnity.Burst.CodeGen.BurstILPostProcessor
[970/908    0s] ILPostProcess Library/Bee/artifacts/200b0aE.dag/post-processed/PPv2URPConverters.dll (+pdb)
Processing assembly Library/Bee/artifacts/200b0aE.dag/PPv2URPConverters.dll, with 115 defines and 240 references
processors: HybridCLR.AssemblyShadow.CodeGen.ReflectionBindingsILPostProcessor, zzzUnity.Burst.CodeGen.BurstILPostProcessor
running HybridCLR.AssemblyShadow.CodeGen.ReflectionBindingsILPostProcessor
running zzzUnity.Burst.CodeGen.BurstILPostProcessor
[971/908    0s] ILPostProcess Library/Bee/artifacts/200b0aE.dag/post-processed/Unity.VisualScripting.Flow.Editor.dll (+pdb)
Processing assembly Library/Bee/artifacts/200b0aE.dag/Unity.VisualScripting.Flow.Editor.dll, with 115 defines and 239 references
processors: HybridCLR.AssemblyShadow.CodeGen.ReflectionBindingsILPostProcessor, zzzUnity.Burst.CodeGen.BurstILPostProcessor
running HybridCLR.AssemblyShadow.CodeGen.ReflectionBindingsILPostProcessor
running zzzUnity.Burst.CodeGen.BurstILPostProcessor
[972/908    0s] ILPostProcess Library/Bee/artifacts/200b0aE.dag/post-processed/Unity.2D.SpriteShape.Editor.dll (+pdb)
Processing assembly Library/Bee/artifacts/200b0aE.dag/Unity.2D.SpriteShape.Editor.dll, with 115 defines and 241 references
processors: HybridCLR.AssemblyShadow.CodeGen.ReflectionBindingsILPostProcessor, zzzUnity.Burst.CodeGen.BurstILPostProcessor
running HybridCLR.AssemblyShadow.CodeGen.ReflectionBindingsILPostProcessor
running zzzUnity.Burst.CodeGen.BurstILPostProcessor
*** Tundra build success (5.49 seconds), 563 items updated, 908 evaluated
Assets/AssemblyShadowDemo/Bootstrap/ShadowBootstrap.cs(59,31): warning CS0618: 'RuntimeApi.GetAssemblyShadowPrototypeDiagnostics()' is obsolete: 'Assembly Shadow Prototype was retired; use GetDiagnosticsJson.'
Assets/AssemblyShadowDemo/Bootstrap/ShadowBootstrap.cs(92,61): warning CS0618: 'RuntimeApi.GetAssemblyShadowPrototypeDiagnostics()' is obsolete: 'Assembly Shadow Prototype was retired; use GetDiagnosticsJson.'
Assets/AssemblyShadowDemo/Bootstrap/ShadowBootstrap.cs(133,35): warning CS0618: 'RuntimeApi.LoadAssemblyShadowPrototype(byte[], byte[])' is obsolete: 'Assembly Shadow Prototype was retired; use ConfigureCandidates/BeginTransaction/StageAssembly.'
Assets/AssemblyShadowDemo/Bootstrap/ShadowBootstrap.cs(137,25): warning CS0618: 'RuntimeApi.ActivateAssemblyShadowPrototype(string)' is obsolete: 'Assembly Shadow Prototype was retired; use CommitTransaction.'
Assets/AssemblyShadowDemo/Bootstrap/ShadowBootstrap.cs(290,51): warning CS0618: 'RuntimeApi.SetAssemblyShadowPrototypePhase(string)' is obsolete: 'Assembly Shadow Prototype was retired; use generalized diagnostics.'
Assets/AssemblyShadowDemo/Bootstrap/ShadowBootstrap.cs(291,108): warning CS0618: 'RuntimeApi.InspectAssemblyShadowPrototypeObject(object)' is obsolete: 'Assembly Shadow Prototype was retired; use generalized diagnostics.'
Assets/AssemblyShadowDemo/Bootstrap/ShadowBootstrap.cs(292,114): warning CS0618: 'RuntimeApi.InspectAssemblyShadowPrototypeAssembly(Assembly)' is obsolete: 'Assembly Shadow Prototype was retired; use generalized diagnostics.'
Assets/AssemblyShadowDemo/Bootstrap/ShadowBootstrap.cs(133,35): warning CS0618: 'RuntimeApi.LoadAssemblyShadowPrototype(byte[], byte[])' is obsolete: 'Assembly Shadow Prototype was retired; use ConfigureCandidates/BeginTransaction/StageAssembly.'
Assets/AssemblyShadowDemo/Bootstrap/ShadowBootstrap.cs(137,25): warning CS0618: 'RuntimeApi.ActivateAssemblyShadowPrototype(string)' is obsolete: 'Assembly Shadow Prototype was retired; use CommitTransaction.'
Assets/AssemblyShadowDemo/Bootstrap/ShadowBootstrap.cs(290,51): warning CS0618: 'RuntimeApi.SetAssemblyShadowPrototypePhase(string)' is obsolete: 'Assembly Shadow Prototype was retired; use generalized diagnostics.'
Assets/AssemblyShadowDemo/Bootstrap/ShadowBootstrap.cs(291,108): warning CS0618: 'RuntimeApi.InspectAssemblyShadowPrototypeObject(object)' is obsolete: 'Assembly Shadow Prototype was retired; use generalized diagnostics.'
Assets/AssemblyShadowDemo/Bootstrap/ShadowBootstrap.cs(292,114): warning CS0618: 'RuntimeApi.InspectAssemblyShadowPrototypeAssembly(Assembly)' is obsolete: 'Assembly Shadow Prototype was retired; use generalized diagnostics.'
Assets/AssemblyShadowDemo/Bootstrap/ShadowBootstrap.cs(133,35): warning CS0618: 'RuntimeApi.LoadAssemblyShadowPrototype(byte[], byte[])' is obsolete: 'Assembly Shadow Prototype was retired; use ConfigureCandidates/BeginTransaction/StageAssembly.'
Assets/AssemblyShadowDemo/Bootstrap/ShadowBootstrap.cs(137,25): warning CS0618: 'RuntimeApi.ActivateAssemblyShadowPrototype(string)' is obsolete: 'Assembly Shadow Prototype was retired; use CommitTransaction.'
Assets/AssemblyShadowDemo/Bootstrap/ShadowBootstrap.cs(290,51): warning CS0618: 'RuntimeApi.SetAssemblyShadowPrototypePhase(string)' is obsolete: 'Assembly Shadow Prototype was retired; use generalized diagnostics.'
Assets/AssemblyShadowDemo/Bootstrap/ShadowBootstrap.cs(291,108): warning CS0618: 'RuntimeApi.InspectAssemblyShadowPrototypeObject(object)' is obsolete: 'Assembly Shadow Prototype was retired; use generalized diagnostics.'
Assets/AssemblyShadowDemo/Bootstrap/ShadowBootstrap.cs(292,114): warning CS0618: 'RuntimeApi.InspectAssemblyShadowPrototypeAssembly(Assembly)' is obsolete: 'Assembly Shadow Prototype was retired; use generalized diagnostics.'
AssetDatabase: script compilation time: 7.272485s
Total cache size 267899536
Total cache size after purge 267899536
Begin MonoManager ReloadAssembly
Symbol file LoadedFromMemory is not a mono symbol file
- Loaded All Assemblies, in  0.589 seconds
Refreshing native plugins compatible for Editor in 2.26 ms, found 7 plugins.
Preloading 0 native plugins for Editor in 0.00 ms.
Refreshing native plugins compatible for Editor in 2.33 ms, found 7 plugins.
Native extension for iOS target not found
Native extension for Android target not found
Native extension for OSXStandalone target not found
Fallback handler could not load library /Applications/Unity/Hub/Editor/2022.3.62f2/Unity.app/Contents/Frameworks/MonoBleedingEdge/lib/pthread
Mono: successfully reloaded assembly
- Finished resetting the current domain, in  1.519 seconds
Domain Reload Profiling: 2108ms
	BeginReloadAssembly (94ms)
		ExecutionOrderSort (0ms)
		DisableScriptedObjects (4ms)
		BackupInstance (0ms)
		ReleaseScriptingObjects (0ms)
		CreateAndSetChildDomain (17ms)
	RebuildCommonClasses (25ms)
	RebuildNativeTypeToScriptingClass (9ms)
	initialDomainReloadingComplete (19ms)
	LoadAllAssembliesAndSetupDomain (441ms)
		LoadAssemblies (292ms)
		RebuildTransferFunctionScriptingTraits (0ms)
		AnalyzeDomain (201ms)
			TypeCache.Refresh (172ms)
				TypeCache.ScanAssembly (156ms)
			ScanForSourceGeneratedMonoScriptInfo (19ms)
			ResolveRequiredComponents (9ms)
	FinalizeReload (1519ms)
		ReleaseScriptCaches (0ms)
		RebuildScriptCaches (0ms)
		SetupLoadedEditorAssemblies (1355ms)
			LogAssemblyErrors (0ms)
			InitializePlatformSupportModulesInManaged (21ms)
			SetLoadedEditorAssemblies (4ms)
			RefreshPlugins (0ms)
			BeforeProcessingInitializeOnLoad (61ms)
			ProcessInitializeOnLoadAttributes (1203ms)
			ProcessInitializeOnLoadMethodAttributes (63ms)
			AfterProcessingInitializeOnLoad (1ms)
			EditorAssembliesLoaded (0ms)
		ExecutionOrderSort2 (0ms)
		AwakeInstancesAfterBackupRestoration (3ms)
Asset Pipeline Refresh (id=612dbd41834874ba2bb0cff54d2a30d8): Total: 11.556 seconds - Initiated by InitialRefreshV2(ForceSynchronousImport)
	Summary:
		Imports: total=0 (actual=0, local cache=0, cache server=0)
		Asset DB Process Time: managed=0 ms, native=2066 ms
		Asset DB Callback time: managed=10 ms, native=0 ms
		Scripting: domain reloads=1, domain reload time=2164 ms, compile time=7274 ms, other=39 ms
		Project Asset Count: scripts=7404, non-scripts=2327
		Asset File Changes: new=0, changed=0, moved=0, deleted=0
		Scan Filter Count: 1
	InvokeBeforeRefreshCallbacks: 0.356ms
	ApplyChangesToAssetFolders: 0.067ms
	Scan: 489.072ms
	OnSourceAssetsModified: 0.001ms
	GetAllGuidsForCategorization: 0.597ms
	CategorizeAssets: 182.869ms
	ImportOutOfDateAssets: 1554.153ms (-5738.857ms without children)
		CompileScripts: 7274.066ms
		ReloadNativeAssets: 0.018ms
		UnloadImportedAssets: 15.105ms
		EnsureUptoDateAssetsAreRegisteredWithGuidPM: 2.655ms
		InitializingProgressBar: 0.000ms
		PostProcessAllAssetNotificationsAddChangedAssets: 0.000ms
		OnDemandSchedulerStart: 1.166ms
	PostProcessAllAssets: 10.860ms
	GatherAllCurrentPrimaryArtifactRevisions: 0.003ms
	UnloadStreamsBegin: 1.735ms
	PersistCurrentRevisions: 0.372ms
	UnloadStreamsEnd: 0.023ms
	GenerateScriptTypeHashes: 1.200ms
	Untracked: 9315.906ms
Application.AssetDatabase Initial Refresh End
Launching external process: /Applications/Unity/Hub/Editor/2022.3.62f2/Unity.app/Contents/Tools/UnityShaderCompiler
Launched and connected shader compiler UnityShaderCompiler after 0.04 seconds
Scanning for USB devices : 0.449ms
Initializing Unity extensions:
[Licensing::Client] Successfully resolved entitlement details
[MODES] ModeService[none].Initialize
[MODES] ModeService[none].LoadModes
[MODES] Loading mode Default (0) for mode-current-id-AssemblyShadowBaseline
2026-08-28 08:07:23.499 Unity[22028:3382261] NSEventModifierFlagFunction specified to -setKeyEquivalentModifierMask: for item <NSMenuItem: 0x73a8d5c20 Font Asset, ke='Command-F12'>, but is only supported for system-provided menu items; will not be used
[PhysX] Initialized MultithreadedTaskDispatcher with 10 workers.
ProgressiveSceneManager::Cancel()
-- Listing OpenCL platforms(s) --
 * OpenCL platform 0
	PROFILE = FULL_PROFILE
	VERSION = OpenCL 1.2 (Apr 18 2026 19:20:04)
	NAME = Apple
	VENDOR = Apple
-- Listing OpenCL device(s) --
 * OpenCL platform 0, device 0 
	DEVICE_TYPE = 4
	DEVICE_NAME = Apple M4
	DEVICE_VENDOR = Apple
	DEVICE_VERSION = OpenCL 1.2 
	DRIVER_VERSION = 1.2 1.0
	DEVICE_MAX_COMPUTE_UNITS = 10
	DEVICE_MAX_CLOCK_FREQUENCY = 1000
	CL_DEVICE_MAX_CONSTANT_BUFFER_SIZE = 1073741824
	CL_DEVICE_HOST_UNIFIED_MEMORY = true
	CL_DEVICE_MAX_MEM_ALLOC_SIZE = 2383708160
	DEVICE_GLOBAL_MEM_SIZE = 12713115648
-- GPU Progressive lightmapper will use OpenCL device 'Apple M4' from 'Apple'--
   use -OpenCL-PlatformAndDeviceIndices <platformIdx> <deviceIdx> as command line arguments if you want to select a specific adapter for OpenCL.
Unloading 7 Unused Serialized files (Serialized files now loaded: 0)
Unloading 114 unused Assets / (0.7 MB). Loaded Objects now: 6744.
Memory consumption went from 166.9 MB to 166.2 MB.
Total: 7.202500 ms (FindLiveObjects: 0.330417 ms CreateObjectMapping: 0.104417 ms MarkObjects: 6.130791 ms  DeleteObjects: 0.636125 ms)

application path:/Applications/Unity/Hub/Editor/2022.3.62f2/Unity.app /Applications/Unity/Hub/Editor/2022.3.62f2/Unity.app/Contents
UnityEngine.StackTraceUtility:ExtractStackTrace () (at /Users/bokken/build/output/unity/unity/Runtime/Export/Scripting/StackTrace.cs:37)
UnityEngine.DebugLogHandler:LogFormat (UnityEngine.LogType,UnityEngine.Object,string,object[])
UnityEngine.Logger:Log (UnityEngine.LogType,object)
UnityEngine.Debug:Log (object)
HybridCLR.Editor.Installer.InstallerController:get_ApplicationIl2cppPath () (at /Users/ah/GitHub/hybridclr/hybridclr_unity/Editor/Installer/InstallerController.cs:191)
HybridCLR.Editor.Installer.InstallerController:InstallFromLocal (string) (at /Users/ah/GitHub/hybridclr/hybridclr_unity/Editor/Installer/InstallerController.cs:293)
HybridCLR.Editor.Installer.PinnedSourceInstaller:Install () (at /Users/ah/GitHub/hybridclr/hybridclr_unity/Editor/Installer/PinnedSourceInstaller.cs:146)
AssemblyShadowBaseline.Editor.BaselineBuild:Install () (at Assets/AssemblyShadowBaseline/Editor/BaselineBuild.cs:65)
AssemblyShadowBaseline.Editor.BaselineBuild:InstallRepeatability () (at Assets/AssemblyShadowBaseline/Editor/BaselineBuild.cs:72)

(Filename: /Users/ah/GitHub/hybridclr/hybridclr_unity/Editor/Installer/InstallerController.cs Line: 191)

[BashUtil] RemoveDir dir:/Users/ah/GitHub/hybridclr/hybridclr_demo_shadow/HybridCLRData/LocalIl2CppData-OSXEditor
UnityEngine.StackTraceUtility:ExtractStackTrace () (at /Users/bokken/build/output/unity/unity/Runtime/Export/Scripting/StackTrace.cs:37)
UnityEngine.DebugLogHandler:LogFormat (UnityEngine.LogType,UnityEngine.Object,string,object[])
UnityEngine.Logger:Log (UnityEngine.LogType,object)
UnityEngine.Debug:Log (object)
HybridCLR.Editor.Installer.BashUtil:RemoveDir (string,bool) (at /Users/ah/GitHub/hybridclr/hybridclr_unity/Editor/Installer/BashUtil.cs:93)
HybridCLR.Editor.Installer.BashUtil:RecreateDir (string) (at /Users/ah/GitHub/hybridclr/hybridclr_unity/Editor/Installer/BashUtil.cs:129)
HybridCLR.Editor.Installer.InstallerController:RunInitLocalIl2CppData (string,string,HybridCLR.Editor.Installer.InstallerController/UnityVersion) (at /Users/ah/GitHub/hybridclr/hybridclr_unity/Editor/Installer/InstallerController.cs:308)
HybridCLR.Editor.Installer.InstallerController:InstallFromLocal (string) (at /Users/ah/GitHub/hybridclr/hybridclr_unity/Editor/Installer/InstallerController.cs:293)
HybridCLR.Editor.Installer.PinnedSourceInstaller:Install () (at /Users/ah/GitHub/hybridclr/hybridclr_unity/Editor/Installer/PinnedSourceInstaller.cs:146)
AssemblyShadowBaseline.Editor.BaselineBuild:Install () (at Assets/AssemblyShadowBaseline/Editor/BaselineBuild.cs:65)
AssemblyShadowBaseline.Editor.BaselineBuild:InstallRepeatability () (at Assets/AssemblyShadowBaseline/Editor/BaselineBuild.cs:72)

(Filename: /Users/ah/GitHub/hybridclr/hybridclr_unity/Editor/Installer/BashUtil.cs Line: 93)

[BashUtil] CopyDir /Applications/Unity/Hub/Editor/2022.3.62f2/Unity.app/Contents/MonoBleedingEdge => /Users/ah/GitHub/hybridclr/hybridclr_demo_shadow/HybridCLRData/LocalIl2CppData-OSXEditor/MonoBleedingEdge
UnityEngine.StackTraceUtility:ExtractStackTrace () (at /Users/bokken/build/output/unity/unity/Runtime/Export/Scripting/StackTrace.cs:37)
UnityEngine.DebugLogHandler:LogFormat (UnityEngine.LogType,UnityEngine.Object,string,object[])
UnityEngine.Logger:Log (UnityEngine.LogType,object)
UnityEngine.Debug:Log (object)
HybridCLR.Editor.Installer.BashUtil:CopyDir (string,string,bool) (at /Users/ah/GitHub/hybridclr/hybridclr_unity/Editor/Installer/BashUtil.cs:137)
HybridCLR.Editor.Installer.InstallerController:RunInitLocalIl2CppData (string,string,HybridCLR.Editor.Installer.InstallerController/UnityVersion) (at /Users/ah/GitHub/hybridclr/hybridclr_unity/Editor/Installer/InstallerController.cs:311)
HybridCLR.Editor.Installer.InstallerController:InstallFromLocal (string) (at /Users/ah/GitHub/hybridclr/hybridclr_unity/Editor/Installer/InstallerController.cs:293)
HybridCLR.Editor.Installer.PinnedSourceInstaller:Install () (at /Users/ah/GitHub/hybridclr/hybridclr_unity/Editor/Installer/PinnedSourceInstaller.cs:146)
AssemblyShadowBaseline.Editor.BaselineBuild:Install () (at Assets/AssemblyShadowBaseline/Editor/BaselineBuild.cs:65)
AssemblyShadowBaseline.Editor.BaselineBuild:InstallRepeatability () (at Assets/AssemblyShadowBaseline/Editor/BaselineBuild.cs:72)

(Filename: /Users/ah/GitHub/hybridclr/hybridclr_unity/Editor/Installer/BashUtil.cs Line: 137)

[BashUtil] CopyDir /Applications/Unity/Hub/Editor/2022.3.62f2/Unity.app/Contents/il2cpp => /Users/ah/GitHub/hybridclr/hybridclr_demo_shadow/HybridCLRData/LocalIl2CppData-OSXEditor/il2cpp
UnityEngine.StackTraceUtility:ExtractStackTrace () (at /Users/bokken/build/output/unity/unity/Runtime/Export/Scripting/StackTrace.cs:37)
UnityEngine.DebugLogHandler:LogFormat (UnityEngine.LogType,UnityEngine.Object,string,object[])
UnityEngine.Logger:Log (UnityEngine.LogType,object)
UnityEngine.Debug:Log (object)
HybridCLR.Editor.Installer.BashUtil:CopyDir (string,string,bool) (at /Users/ah/GitHub/hybridclr/hybridclr_unity/Editor/Installer/BashUtil.cs:137)
HybridCLR.Editor.Installer.InstallerController:RunInitLocalIl2CppData (string,string,HybridCLR.Editor.Installer.InstallerController/UnityVersion) (at /Users/ah/GitHub/hybridclr/hybridclr_unity/Editor/Installer/InstallerController.cs:314)
HybridCLR.Editor.Installer.InstallerController:InstallFromLocal (string) (at /Users/ah/GitHub/hybridclr/hybridclr_unity/Editor/Installer/InstallerController.cs:293)
HybridCLR.Editor.Installer.PinnedSourceInstaller:Install () (at /Users/ah/GitHub/hybridclr/hybridclr_unity/Editor/Installer/PinnedSourceInstaller.cs:146)
AssemblyShadowBaseline.Editor.BaselineBuild:Install () (at Assets/AssemblyShadowBaseline/Editor/BaselineBuild.cs:65)
AssemblyShadowBaseline.Editor.BaselineBuild:InstallRepeatability () (at Assets/AssemblyShadowBaseline/Editor/BaselineBuild.cs:72)

(Filename: /Users/ah/GitHub/hybridclr/hybridclr_unity/Editor/Installer/BashUtil.cs Line: 137)

[BashUtil] CopyDir /Users/ah/GitHub/hybridclr/hybridclr_demo_shadow/HybridCLRData/PinnedSourceInstaller/libil2cpp => /Users/ah/GitHub/hybridclr/hybridclr_demo_shadow/HybridCLRData/LocalIl2CppData-OSXEditor/il2cpp/libil2cpp
UnityEngine.StackTraceUtility:ExtractStackTrace () (at /Users/bokken/build/output/unity/unity/Runtime/Export/Scripting/StackTrace.cs:37)
UnityEngine.DebugLogHandler:LogFormat (UnityEngine.LogType,UnityEngine.Object,string,object[])
UnityEngine.Logger:Log (UnityEngine.LogType,object)
UnityEngine.Debug:Log (object)
HybridCLR.Editor.Installer.BashUtil:CopyDir (string,string,bool) (at /Users/ah/GitHub/hybridclr/hybridclr_unity/Editor/Installer/BashUtil.cs:137)
HybridCLR.Editor.Installer.InstallerController:RunInitLocalIl2CppData (string,string,HybridCLR.Editor.Installer.InstallerController/UnityVersion) (at /Users/ah/GitHub/hybridclr/hybridclr_unity/Editor/Installer/InstallerController.cs:329)
HybridCLR.Editor.Installer.InstallerController:InstallFromLocal (string) (at /Users/ah/GitHub/hybridclr/hybridclr_unity/Editor/Installer/InstallerController.cs:293)
HybridCLR.Editor.Installer.PinnedSourceInstaller:Install () (at /Users/ah/GitHub/hybridclr/hybridclr_unity/Editor/Installer/PinnedSourceInstaller.cs:146)
AssemblyShadowBaseline.Editor.BaselineBuild:Install () (at Assets/AssemblyShadowBaseline/Editor/BaselineBuild.cs:65)
AssemblyShadowBaseline.Editor.BaselineBuild:InstallRepeatability () (at Assets/AssemblyShadowBaseline/Editor/BaselineBuild.cs:72)

(Filename: /Users/ah/GitHub/hybridclr/hybridclr_unity/Editor/Installer/BashUtil.cs Line: 137)

[BashUtil] RemoveDir dir:/Users/ah/GitHub/hybridclr/hybridclr_demo_shadow/Library/Il2cppBuildCache
UnityEngine.StackTraceUtility:ExtractStackTrace () (at /Users/bokken/build/output/unity/unity/Runtime/Export/Scripting/StackTrace.cs:37)
UnityEngine.DebugLogHandler:LogFormat (UnityEngine.LogType,UnityEngine.Object,string,object[])
UnityEngine.Logger:Log (UnityEngine.LogType,object)
UnityEngine.Debug:Log (object)
HybridCLR.Editor.Installer.BashUtil:RemoveDir (string,bool) (at /Users/ah/GitHub/hybridclr/hybridclr_unity/Editor/Installer/BashUtil.cs:93)
HybridCLR.Editor.Installer.InstallerController:RunInitLocalIl2CppData (string,string,HybridCLR.Editor.Installer.InstallerController/UnityVersion) (at /Users/ah/GitHub/hybridclr/hybridclr_unity/Editor/Installer/InstallerController.cs:332)
HybridCLR.Editor.Installer.InstallerController:InstallFromLocal (string) (at /Users/ah/GitHub/hybridclr/hybridclr_unity/Editor/Installer/InstallerController.cs:293)
HybridCLR.Editor.Installer.PinnedSourceInstaller:Install () (at /Users/ah/GitHub/hybridclr/hybridclr_unity/Editor/Installer/PinnedSourceInstaller.cs:146)
AssemblyShadowBaseline.Editor.BaselineBuild:Install () (at Assets/AssemblyShadowBaseline/Editor/BaselineBuild.cs:65)
AssemblyShadowBaseline.Editor.BaselineBuild:InstallRepeatability () (at Assets/AssemblyShadowBaseline/Editor/BaselineBuild.cs:72)

(Filename: /Users/ah/GitHub/hybridclr/hybridclr_unity/Editor/Installer/BashUtil.cs Line: 93)

Write installed version:'8.14.1' to /Users/ah/GitHub/hybridclr/hybridclr_demo_shadow/HybridCLRData/LocalIl2CppData-OSXEditor/il2cpp/libil2cpp/hybridclr/generated/libil2cpp-version.txt
UnityEngine.StackTraceUtility:ExtractStackTrace () (at /Users/bokken/build/output/unity/unity/Runtime/Export/Scripting/StackTrace.cs:37)
UnityEngine.DebugLogHandler:LogFormat (UnityEngine.LogType,UnityEngine.Object,string,object[])
UnityEngine.Logger:Log (UnityEngine.LogType,object)
UnityEngine.Debug:Log (object)
HybridCLR.Editor.Installer.InstallerController:WriteLocalVersion () (at /Users/ah/GitHub/hybridclr/hybridclr_unity/Editor/Installer/InstallerController.cs:224)
HybridCLR.Editor.Installer.InstallerController:RunInitLocalIl2CppData (string,string,HybridCLR.Editor.Installer.InstallerController/UnityVersion) (at /Users/ah/GitHub/hybridclr/hybridclr_unity/Editor/Installer/InstallerController.cs:350)
HybridCLR.Editor.Installer.InstallerController:InstallFromLocal (string) (at /Users/ah/GitHub/hybridclr/hybridclr_unity/Editor/Installer/InstallerController.cs:293)
HybridCLR.Editor.Installer.PinnedSourceInstaller:Install () (at /Users/ah/GitHub/hybridclr/hybridclr_unity/Editor/Installer/PinnedSourceInstaller.cs:146)
AssemblyShadowBaseline.Editor.BaselineBuild:Install () (at Assets/AssemblyShadowBaseline/Editor/BaselineBuild.cs:65)
AssemblyShadowBaseline.Editor.BaselineBuild:InstallRepeatability () (at Assets/AssemblyShadowBaseline/Editor/BaselineBuild.cs:72)

(Filename: /Users/ah/GitHub/hybridclr/hybridclr_unity/Editor/Installer/InstallerController.cs Line: 224)

Install Sucessfully
UnityEngine.StackTraceUtility:ExtractStackTrace () (at /Users/bokken/build/output/unity/unity/Runtime/Export/Scripting/StackTrace.cs:37)
UnityEngine.DebugLogHandler:LogFormat (UnityEngine.LogType,UnityEngine.Object,string,object[])
UnityEngine.Logger:Log (UnityEngine.LogType,object)
UnityEngine.Debug:Log (object)
HybridCLR.Editor.Installer.InstallerController:RunInitLocalIl2CppData (string,string,HybridCLR.Editor.Installer.InstallerController/UnityVersion) (at /Users/ah/GitHub/hybridclr/hybridclr_unity/Editor/Installer/InstallerController.cs:351)
HybridCLR.Editor.Installer.InstallerController:InstallFromLocal (string) (at /Users/ah/GitHub/hybridclr/hybridclr_unity/Editor/Installer/InstallerController.cs:293)
HybridCLR.Editor.Installer.PinnedSourceInstaller:Install () (at /Users/ah/GitHub/hybridclr/hybridclr_unity/Editor/Installer/PinnedSourceInstaller.cs:146)
AssemblyShadowBaseline.Editor.BaselineBuild:Install () (at Assets/AssemblyShadowBaseline/Editor/BaselineBuild.cs:65)
AssemblyShadowBaseline.Editor.BaselineBuild:InstallRepeatability () (at Assets/AssemblyShadowBaseline/Editor/BaselineBuild.cs:72)

(Filename: /Users/ah/GitHub/hybridclr/hybridclr_unity/Editor/Installer/InstallerController.cs Line: 351)

Pinned HybridCLR source installation succeeded at /Users/ah/GitHub/hybridclr/hybridclr_demo_shadow/HybridCLRData/LocalIl2CppData-OSXEditor/il2cpp/libil2cpp
UnityEngine.StackTraceUtility:ExtractStackTrace () (at /Users/bokken/build/output/unity/unity/Runtime/Export/Scripting/StackTrace.cs:37)
UnityEngine.DebugLogHandler:LogFormat (UnityEngine.LogType,UnityEngine.Object,string,object[])
UnityEngine.Logger:Log (UnityEngine.LogType,object)
UnityEngine.Debug:Log (object)
HybridCLR.Editor.Installer.PinnedSourceInstaller:Install () (at /Users/ah/GitHub/hybridclr/hybridclr_unity/Editor/Installer/PinnedSourceInstaller.cs:152)
AssemblyShadowBaseline.Editor.BaselineBuild:Install () (at Assets/AssemblyShadowBaseline/Editor/BaselineBuild.cs:65)
AssemblyShadowBaseline.Editor.BaselineBuild:InstallRepeatability () (at Assets/AssemblyShadowBaseline/Editor/BaselineBuild.cs:72)

(Filename: /Users/ah/GitHub/hybridclr/hybridclr_unity/Editor/Installer/PinnedSourceInstaller.cs Line: 152)

application path:/Applications/Unity/Hub/Editor/2022.3.62f2/Unity.app /Applications/Unity/Hub/Editor/2022.3.62f2/Unity.app/Contents
UnityEngine.StackTraceUtility:ExtractStackTrace () (at /Users/bokken/build/output/unity/unity/Runtime/Export/Scripting/StackTrace.cs:37)
UnityEngine.DebugLogHandler:LogFormat (UnityEngine.LogType,UnityEngine.Object,string,object[])
UnityEngine.Logger:Log (UnityEngine.LogType,object)
UnityEngine.Debug:Log (object)
HybridCLR.Editor.Installer.InstallerController:get_ApplicationIl2cppPath () (at /Users/ah/GitHub/hybridclr/hybridclr_unity/Editor/Installer/InstallerController.cs:191)
HybridCLR.Editor.Installer.InstallerController:InstallFromLocal (string) (at /Users/ah/GitHub/hybridclr/hybridclr_unity/Editor/Installer/InstallerController.cs:293)
HybridCLR.Editor.Installer.PinnedSourceInstaller:Install () (at /Users/ah/GitHub/hybridclr/hybridclr_unity/Editor/Installer/PinnedSourceInstaller.cs:146)
AssemblyShadowBaseline.Editor.BaselineBuild:Install () (at Assets/AssemblyShadowBaseline/Editor/BaselineBuild.cs:65)
AssemblyShadowBaseline.Editor.BaselineBuild:InstallRepeatability () (at Assets/AssemblyShadowBaseline/Editor/BaselineBuild.cs:74)

(Filename: /Users/ah/GitHub/hybridclr/hybridclr_unity/Editor/Installer/InstallerController.cs Line: 191)

[BashUtil] RemoveDir dir:/Users/ah/GitHub/hybridclr/hybridclr_demo_shadow/HybridCLRData/LocalIl2CppData-OSXEditor
UnityEngine.StackTraceUtility:ExtractStackTrace () (at /Users/bokken/build/output/unity/unity/Runtime/Export/Scripting/StackTrace.cs:37)
UnityEngine.DebugLogHandler:LogFormat (UnityEngine.LogType,UnityEngine.Object,string,object[])
UnityEngine.Logger:Log (UnityEngine.LogType,object)
UnityEngine.Debug:Log (object)
HybridCLR.Editor.Installer.BashUtil:RemoveDir (string,bool) (at /Users/ah/GitHub/hybridclr/hybridclr_unity/Editor/Installer/BashUtil.cs:93)
HybridCLR.Editor.Installer.BashUtil:RecreateDir (string) (at /Users/ah/GitHub/hybridclr/hybridclr_unity/Editor/Installer/BashUtil.cs:129)
HybridCLR.Editor.Installer.InstallerController:RunInitLocalIl2CppData (string,string,HybridCLR.Editor.Installer.InstallerController/UnityVersion) (at /Users/ah/GitHub/hybridclr/hybridclr_unity/Editor/Installer/InstallerController.cs:308)
HybridCLR.Editor.Installer.InstallerController:InstallFromLocal (string) (at /Users/ah/GitHub/hybridclr/hybridclr_unity/Editor/Installer/InstallerController.cs:293)
HybridCLR.Editor.Installer.PinnedSourceInstaller:Install () (at /Users/ah/GitHub/hybridclr/hybridclr_unity/Editor/Installer/PinnedSourceInstaller.cs:146)
AssemblyShadowBaseline.Editor.BaselineBuild:Install () (at Assets/AssemblyShadowBaseline/Editor/BaselineBuild.cs:65)
AssemblyShadowBaseline.Editor.BaselineBuild:InstallRepeatability () (at Assets/AssemblyShadowBaseline/Editor/BaselineBuild.cs:74)

(Filename: /Users/ah/GitHub/hybridclr/hybridclr_unity/Editor/Installer/BashUtil.cs Line: 93)

[BashUtil] CopyDir /Applications/Unity/Hub/Editor/2022.3.62f2/Unity.app/Contents/MonoBleedingEdge => /Users/ah/GitHub/hybridclr/hybridclr_demo_shadow/HybridCLRData/LocalIl2CppData-OSXEditor/MonoBleedingEdge
UnityEngine.StackTraceUtility:ExtractStackTrace () (at /Users/bokken/build/output/unity/unity/Runtime/Export/Scripting/StackTrace.cs:37)
UnityEngine.DebugLogHandler:LogFormat (UnityEngine.LogType,UnityEngine.Object,string,object[])
UnityEngine.Logger:Log (UnityEngine.LogType,object)
UnityEngine.Debug:Log (object)
HybridCLR.Editor.Installer.BashUtil:CopyDir (string,string,bool) (at /Users/ah/GitHub/hybridclr/hybridclr_unity/Editor/Installer/BashUtil.cs:137)
HybridCLR.Editor.Installer.InstallerController:RunInitLocalIl2CppData (string,string,HybridCLR.Editor.Installer.InstallerController/UnityVersion) (at /Users/ah/GitHub/hybridclr/hybridclr_unity/Editor/Installer/InstallerController.cs:311)
HybridCLR.Editor.Installer.InstallerController:InstallFromLocal (string) (at /Users/ah/GitHub/hybridclr/hybridclr_unity/Editor/Installer/InstallerController.cs:293)
HybridCLR.Editor.Installer.PinnedSourceInstaller:Install () (at /Users/ah/GitHub/hybridclr/hybridclr_unity/Editor/Installer/PinnedSourceInstaller.cs:146)
AssemblyShadowBaseline.Editor.BaselineBuild:Install () (at Assets/AssemblyShadowBaseline/Editor/BaselineBuild.cs:65)
AssemblyShadowBaseline.Editor.BaselineBuild:InstallRepeatability () (at Assets/AssemblyShadowBaseline/Editor/BaselineBuild.cs:74)

(Filename: /Users/ah/GitHub/hybridclr/hybridclr_unity/Editor/Installer/BashUtil.cs Line: 137)

[BashUtil] CopyDir /Applications/Unity/Hub/Editor/2022.3.62f2/Unity.app/Contents/il2cpp => /Users/ah/GitHub/hybridclr/hybridclr_demo_shadow/HybridCLRData/LocalIl2CppData-OSXEditor/il2cpp
UnityEngine.StackTraceUtility:ExtractStackTrace () (at /Users/bokken/build/output/unity/unity/Runtime/Export/Scripting/StackTrace.cs:37)
UnityEngine.DebugLogHandler:LogFormat (UnityEngine.LogType,UnityEngine.Object,string,object[])
UnityEngine.Logger:Log (UnityEngine.LogType,object)
UnityEngine.Debug:Log (object)
HybridCLR.Editor.Installer.BashUtil:CopyDir (string,string,bool) (at /Users/ah/GitHub/hybridclr/hybridclr_unity/Editor/Installer/BashUtil.cs:137)
HybridCLR.Editor.Installer.InstallerController:RunInitLocalIl2CppData (string,string,HybridCLR.Editor.Installer.InstallerController/UnityVersion) (at /Users/ah/GitHub/hybridclr/hybridclr_unity/Editor/Installer/InstallerController.cs:314)
HybridCLR.Editor.Installer.InstallerController:InstallFromLocal (string) (at /Users/ah/GitHub/hybridclr/hybridclr_unity/Editor/Installer/InstallerController.cs:293)
HybridCLR.Editor.Installer.PinnedSourceInstaller:Install () (at /Users/ah/GitHub/hybridclr/hybridclr_unity/Editor/Installer/PinnedSourceInstaller.cs:146)
AssemblyShadowBaseline.Editor.BaselineBuild:Install () (at Assets/AssemblyShadowBaseline/Editor/BaselineBuild.cs:65)
AssemblyShadowBaseline.Editor.BaselineBuild:InstallRepeatability () (at Assets/AssemblyShadowBaseline/Editor/BaselineBuild.cs:74)

(Filename: /Users/ah/GitHub/hybridclr/hybridclr_unity/Editor/Installer/BashUtil.cs Line: 137)

[BashUtil] CopyDir /Users/ah/GitHub/hybridclr/hybridclr_demo_shadow/HybridCLRData/PinnedSourceInstaller/libil2cpp => /Users/ah/GitHub/hybridclr/hybridclr_demo_shadow/HybridCLRData/LocalIl2CppData-OSXEditor/il2cpp/libil2cpp
UnityEngine.StackTraceUtility:ExtractStackTrace () (at /Users/bokken/build/output/unity/unity/Runtime/Export/Scripting/StackTrace.cs:37)
UnityEngine.DebugLogHandler:LogFormat (UnityEngine.LogType,UnityEngine.Object,string,object[])
UnityEngine.Logger:Log (UnityEngine.LogType,object)
UnityEngine.Debug:Log (object)
HybridCLR.Editor.Installer.BashUtil:CopyDir (string,string,bool) (at /Users/ah/GitHub/hybridclr/hybridclr_unity/Editor/Installer/BashUtil.cs:137)
HybridCLR.Editor.Installer.InstallerController:RunInitLocalIl2CppData (string,string,HybridCLR.Editor.Installer.InstallerController/UnityVersion) (at /Users/ah/GitHub/hybridclr/hybridclr_unity/Editor/Installer/InstallerController.cs:329)
HybridCLR.Editor.Installer.InstallerController:InstallFromLocal (string) (at /Users/ah/GitHub/hybridclr/hybridclr_unity/Editor/Installer/InstallerController.cs:293)
HybridCLR.Editor.Installer.PinnedSourceInstaller:Install () (at /Users/ah/GitHub/hybridclr/hybridclr_unity/Editor/Installer/PinnedSourceInstaller.cs:146)
AssemblyShadowBaseline.Editor.BaselineBuild:Install () (at Assets/AssemblyShadowBaseline/Editor/BaselineBuild.cs:65)
AssemblyShadowBaseline.Editor.BaselineBuild:InstallRepeatability () (at Assets/AssemblyShadowBaseline/Editor/BaselineBuild.cs:74)

(Filename: /Users/ah/GitHub/hybridclr/hybridclr_unity/Editor/Installer/BashUtil.cs Line: 137)

[BashUtil] RemoveDir dir:/Users/ah/GitHub/hybridclr/hybridclr_demo_shadow/Library/Il2cppBuildCache
UnityEngine.StackTraceUtility:ExtractStackTrace () (at /Users/bokken/build/output/unity/unity/Runtime/Export/Scripting/StackTrace.cs:37)
UnityEngine.DebugLogHandler:LogFormat (UnityEngine.LogType,UnityEngine.Object,string,object[])
UnityEngine.Logger:Log (UnityEngine.LogType,object)
UnityEngine.Debug:Log (object)
HybridCLR.Editor.Installer.BashUtil:RemoveDir (string,bool) (at /Users/ah/GitHub/hybridclr/hybridclr_unity/Editor/Installer/BashUtil.cs:93)
HybridCLR.Editor.Installer.InstallerController:RunInitLocalIl2CppData (string,string,HybridCLR.Editor.Installer.InstallerController/UnityVersion) (at /Users/ah/GitHub/hybridclr/hybridclr_unity/Editor/Installer/InstallerController.cs:332)
HybridCLR.Editor.Installer.InstallerController:InstallFromLocal (string) (at /Users/ah/GitHub/hybridclr/hybridclr_unity/Editor/Installer/InstallerController.cs:293)
HybridCLR.Editor.Installer.PinnedSourceInstaller:Install () (at /Users/ah/GitHub/hybridclr/hybridclr_unity/Editor/Installer/PinnedSourceInstaller.cs:146)
AssemblyShadowBaseline.Editor.BaselineBuild:Install () (at Assets/AssemblyShadowBaseline/Editor/BaselineBuild.cs:65)
AssemblyShadowBaseline.Editor.BaselineBuild:InstallRepeatability () (at Assets/AssemblyShadowBaseline/Editor/BaselineBuild.cs:74)

(Filename: /Users/ah/GitHub/hybridclr/hybridclr_unity/Editor/Installer/BashUtil.cs Line: 93)

Write installed version:'8.14.1' to /Users/ah/GitHub/hybridclr/hybridclr_demo_shadow/HybridCLRData/LocalIl2CppData-OSXEditor/il2cpp/libil2cpp/hybridclr/generated/libil2cpp-version.txt
UnityEngine.StackTraceUtility:ExtractStackTrace () (at /Users/bokken/build/output/unity/unity/Runtime/Export/Scripting/StackTrace.cs:37)
UnityEngine.DebugLogHandler:LogFormat (UnityEngine.LogType,UnityEngine.Object,string,object[])
UnityEngine.Logger:Log (UnityEngine.LogType,object)
UnityEngine.Debug:Log (object)
HybridCLR.Editor.Installer.InstallerController:WriteLocalVersion () (at /Users/ah/GitHub/hybridclr/hybridclr_unity/Editor/Installer/InstallerController.cs:224)
HybridCLR.Editor.Installer.InstallerController:RunInitLocalIl2CppData (string,string,HybridCLR.Editor.Installer.InstallerController/UnityVersion) (at /Users/ah/GitHub/hybridclr/hybridclr_unity/Editor/Installer/InstallerController.cs:350)
HybridCLR.Editor.Installer.InstallerController:InstallFromLocal (string) (at /Users/ah/GitHub/hybridclr/hybridclr_unity/Editor/Installer/InstallerController.cs:293)
HybridCLR.Editor.Installer.PinnedSourceInstaller:Install () (at /Users/ah/GitHub/hybridclr/hybridclr_unity/Editor/Installer/PinnedSourceInstaller.cs:146)
AssemblyShadowBaseline.Editor.BaselineBuild:Install () (at Assets/AssemblyShadowBaseline/Editor/BaselineBuild.cs:65)
AssemblyShadowBaseline.Editor.BaselineBuild:InstallRepeatability () (at Assets/AssemblyShadowBaseline/Editor/BaselineBuild.cs:74)

(Filename: /Users/ah/GitHub/hybridclr/hybridclr_unity/Editor/Installer/InstallerController.cs Line: 224)

Install Sucessfully
UnityEngine.StackTraceUtility:ExtractStackTrace () (at /Users/bokken/build/output/unity/unity/Runtime/Export/Scripting/StackTrace.cs:37)
UnityEngine.DebugLogHandler:LogFormat (UnityEngine.LogType,UnityEngine.Object,string,object[])
UnityEngine.Logger:Log (UnityEngine.LogType,object)
UnityEngine.Debug:Log (object)
HybridCLR.Editor.Installer.InstallerController:RunInitLocalIl2CppData (string,string,HybridCLR.Editor.Installer.InstallerController/UnityVersion) (at /Users/ah/GitHub/hybridclr/hybridclr_unity/Editor/Installer/InstallerController.cs:351)
HybridCLR.Editor.Installer.InstallerController:InstallFromLocal (string) (at /Users/ah/GitHub/hybridclr/hybridclr_unity/Editor/Installer/InstallerController.cs:293)
HybridCLR.Editor.Installer.PinnedSourceInstaller:Install () (at /Users/ah/GitHub/hybridclr/hybridclr_unity/Editor/Installer/PinnedSourceInstaller.cs:146)
AssemblyShadowBaseline.Editor.BaselineBuild:Install () (at Assets/AssemblyShadowBaseline/Editor/BaselineBuild.cs:65)
AssemblyShadowBaseline.Editor.BaselineBuild:InstallRepeatability () (at Assets/AssemblyShadowBaseline/Editor/BaselineBuild.cs:74)

(Filename: /Users/ah/GitHub/hybridclr/hybridclr_unity/Editor/Installer/InstallerController.cs Line: 351)

Pinned HybridCLR source installation succeeded at /Users/ah/GitHub/hybridclr/hybridclr_demo_shadow/HybridCLRData/LocalIl2CppData-OSXEditor/il2cpp/libil2cpp
UnityEngine.StackTraceUtility:ExtractStackTrace () (at /Users/bokken/build/output/unity/unity/Runtime/Export/Scripting/StackTrace.cs:37)
UnityEngine.DebugLogHandler:LogFormat (UnityEngine.LogType,UnityEngine.Object,string,object[])
UnityEngine.Logger:Log (UnityEngine.LogType,object)
UnityEngine.Debug:Log (object)
HybridCLR.Editor.Installer.PinnedSourceInstaller:Install () (at /Users/ah/GitHub/hybridclr/hybridclr_unity/Editor/Installer/PinnedSourceInstaller.cs:152)
AssemblyShadowBaseline.Editor.BaselineBuild:Install () (at Assets/AssemblyShadowBaseline/Editor/BaselineBuild.cs:65)
AssemblyShadowBaseline.Editor.BaselineBuild:InstallRepeatability () (at Assets/AssemblyShadowBaseline/Editor/BaselineBuild.cs:74)

(Filename: /Users/ah/GitHub/hybridclr/hybridclr_unity/Editor/Installer/PinnedSourceInstaller.cs Line: 152)

[AssemblyShadow M00] Repeated install receipts identical: d943c2051ac8573a10cfa95b16dd0e2bff28893b45766cdbd1e29f40b3f0410e
UnityEngine.StackTraceUtility:ExtractStackTrace () (at /Users/bokken/build/output/unity/unity/Runtime/Export/Scripting/StackTrace.cs:37)
UnityEngine.DebugLogHandler:LogFormat (UnityEngine.LogType,UnityEngine.Object,string,object[])
UnityEngine.Logger:Log (UnityEngine.LogType,object)
UnityEngine.Debug:Log (object)
AssemblyShadowBaseline.Editor.BaselineBuild:InstallRepeatability () (at Assets/AssemblyShadowBaseline/Editor/BaselineBuild.cs:86)

(Filename: Assets/AssemblyShadowBaseline/Editor/BaselineBuild.cs Line: 86)

Batchmode quit successfully invoked - shutting down!
Killing ADB server in 0.039105 seconds.
Thread 0x304287000 may have been prematurely finalized
[PhysX] Initialized MultithreadedTaskDispatcher with 10 workers.
Input System module state changed to: ShutdownInProgress.
Input System polling thread exited.
Input System module state changed to: Shutdown.
[Licensing::IpcConnector] LicenseClient-ah-notifications channel disconnected successfully.
[Licensing::IpcConnector] LicenseClient-ah channel disconnected successfully.
Thread 0x16bd07000 may have been prematurely finalized
[40m[32minfo[39m[22m[49m: Microsoft.Hosting.Lifetime[0]
      Application is shutting down...
Cleanup mono
[40m[32minfo[39m[22m[49m: Unity.ILPP.Runner.PostProcessingAssemblyLoadContext[0]
      ALC ILPP context 1 is unloading
08:07:32.104 |V| RiderPlugin                    | :1                             | AppDomain.CurrentDomain.DomainUnload lifetimeDefinition.Terminate
debugger-agent: Unable to listen on 48
[usbmuxd] Stop listen thread
[usbmuxd] Error: 
[usbmuxd] Listen thread exiting
[Performance] Application.InitializeProject                                                                                        :        1 samples, Peak.  13.8 s (1.0x), Avg.  13.8 s, Total. 13.83 s (53.3%)
[Performance] Application.PackageManager.StartServer                                                                               :        1 samples, Peak.  2.61 ms (1.0x), Avg.  2.61 ms, Total. 2.614 ms (0.0%)
[Performance] Application.AcquireProjectLock                                                                                       :        1 samples, Peak.  6.95 ms (1.0x), Avg.  6.95 ms, Total. 6.952 ms (0.0%)
[Performance] Application.InitializeEngineNoGraphics                                                                               :        1 samples, Peak.  36.8 ms (1.0x), Avg.  36.8 ms, Total. 36.84 ms (0.1%)
[Performance] Application.PackageManager.Initialize                                                                                :        1 samples, Peak.   541 ms (1.0x), Avg.   541 ms, Total. 540.5 ms (2.1%)
[Performance] Connecting to Package Manager                                                                                        :       55 samples, Peak.  34.0 us (47.3x), Avg.   719 ns, Total. 39.54 us (0.0%)
[Performance] Application.EngineGraphics.Initialize                                                                                :        1 samples, Peak.  84.3 ms (1.0x), Avg.  84.3 ms, Total. 84.34 ms (0.3%)
[Performance] Application.GI.Initialize                                                                                            :        1 samples, Peak.   735 us (1.0x), Avg.   735 us, Total. 734.8 us (0.0%)
[Performance] Application.LoadAllDefaultResourcesFromEditor                                                                        :        1 samples, Peak.  1.55 ms (1.0x), Avg.  1.55 ms, Total. 1.551 ms (0.0%)
[Performance] Application.LoadMonoAssemblies                                                                                       :        1 samples, Peak.   805 ms (1.0x), Avg.   805 ms, Total. 804.5 ms (3.1%)
[Performance] RestoreManagedReferences                                                                                             :        2 samples, Peak.  75.8 ms (2.0x), Avg.  37.9 ms, Total. 75.84 ms (0.3%)
[Performance] InitializeOnLoad DrivenRectTransformUndo                                                                             :        2 samples, Peak.   370 us (1.0x), Avg.   352 us, Total. 704.4 us (0.0%)
[Performance] InitializeOnLoad SceneSearch                                                                                         :        2 samples, Peak.  98.5 us (1.1x), Avg.  89.9 us, Total. 179.7 us (0.0%)
[Performance] InitializeOnLoad CloudBuild                                                                                          :        2 samples, Peak.  4.00 us (1.0x), Avg.  3.83 us, Total. 7.667 us (0.0%)
[Performance] InitializeOnLoad NativeFormatImporterUtility                                                                         :        2 samples, Peak.  1.71 ms (1.2x), Avg.  1.48 ms, Total. 2.952 ms (0.0%)
[Performance] InitializeOnLoad SearchService                                                                                       :        2 samples, Peak.  90.1 us (1.0x), Avg.  87.2 us, Total. 174.3 us (0.0%)
[Performance] InitializeOnLoad SettingsService                                                                                     :        2 samples, Peak.  10.8 us (1.1x), Avg.  9.48 us, Total. 18.96 us (0.0%)
[Performance] InitializeOnLoad WindowLayout                                                                                        :        2 samples, Peak.   177 us (1.0x), Avg.   176 us, Total. 351.6 us (0.0%)
[Performance] InitializeOnLoad AssetStoreContext                                                                                   :        2 samples, Peak.  17.1 ms (1.7x), Avg.  9.83 ms, Total. 19.66 ms (0.1%)
[Performance] InitializeOnLoad PoolManager                                                                                         :        2 samples, Peak.   477 us (1.1x), Avg.   443 us, Total. 885.3 us (0.0%)
[Performance] InitializeOnLoad MixerEffectDefinitionReloader                                                                       :        2 samples, Peak.  1.86 ms (1.2x), Avg.  1.58 ms, Total. 3.157 ms (0.0%)
[Performance] InitializeOnLoad ProjectSearch                                                                                       :        2 samples, Peak.  45.4 us (1.2x), Avg.  37.0 us, Total. 73.92 us (0.0%)
[Performance] InitializeOnLoad UISystemProfilerRenderService                                                                       :        2 samples, Peak.  8.79 us (1.1x), Avg.  8.04 us, Total. 16.08 us (0.0%)
[Performance] InitializeOnLoad EditMode                                                                                            :        2 samples, Peak.   318 us (1.1x), Avg.   281 us, Total. 561.2 us (0.0%)
[Performance] InitializeOnLoad UnityConnect                                                                                        :        2 samples, Peak.  39.8 us (1.1x), Avg.  35.4 us, Total. 70.75 us (0.0%)
[Performance] InitializeOnLoad ManagedDebugger                                                                                     :        2 samples, Peak.   456 us (1.7x), Avg.   271 us, Total. 542.9 us (0.0%)
[Performance] InitializeOnLoad ShortcutIntegration                                                                                 :        2 samples, Peak.  52.7 us (1.2x), Avg.  45.6 us, Total. 91.17 us (0.0%)
[Performance] InitializeOnLoad AddComponentWindow                                                                                  :        2 samples, Peak.  83.5 us (1.0x), Avg.  82.7 us, Total. 165.5 us (0.0%)
[Performance] InitializeOnLoad ManagedDebuggerWindow                                                                               :        2 samples, Peak.  90.8 us (1.0x), Avg.  89.3 us, Total. 178.5 us (0.0%)
[Performance] InitializeOnLoad CacheServerWindow                                                                                   :        2 samples, Peak.  9.33 us (1.2x), Avg.  8.04 us, Total. 16.08 us (0.0%)
[Performance] InitializeOnLoad PlayModeDownload                                                                                    :        2 samples, Peak.  4.02 ms (2.0x), Avg.  2.05 ms, Total. 4.107 ms (0.0%)
[Performance] InitializeOnLoad MenuItems                                                                                           :        2 samples, Peak.  79.4 us (1.1x), Avg.  70.0 us, Total. 140.0 us (0.0%)
[Performance] InitializeOnLoad PrefabInstanceChangedListener                                                                       :        2 samples, Peak.   104 us (1.1x), Avg.  98.5 us, Total. 197.0 us (0.0%)
[Performance] InitializeOnLoad ObjectSelectorSearch                                                                                :        2 samples, Peak.  82.2 us (1.6x), Avg.  51.9 us, Total. 103.7 us (0.0%)
[Performance] InitializeOnLoad EditorMonitor                                                                                       :        2 samples, Peak.   625 us (1.2x), Avg.   503 us, Total. 1.006 ms (0.0%)
[Performance] InitializeOnLoad RetainedMode                                                                                        :        2 samples, Peak.  1.73 ms (1.0x), Avg.  1.68 ms, Total. 3.367 ms (0.0%)
[Performance] InitializeOnLoad EditorShaderLoader                                                                                  :        2 samples, Peak.   494 us (1.1x), Avg.   445 us, Total. 890.9 us (0.0%)
[Performance] InitializeOnLoad EditorDelegateRegistration                                                                          :        2 samples, Peak.   447 us (1.1x), Avg.   415 us, Total. 829.5 us (0.0%)
[Performance] InitializeOnLoad UIDocumentHierarchyWatcher                                                                          :        2 samples, Peak.  49.5 us (1.1x), Avg.  47.1 us, Total. 94.21 us (0.0%)
[Performance] InitializeOnLoad LiveReloadTrackerCreator                                                                            :        2 samples, Peak.   160 us (1.2x), Avg.   139 us, Total. 277.0 us (0.0%)
[Performance] InitializeOnLoad UxmlObjectEditorFactories                                                                           :        2 samples, Peak.   411 us (1.1x), Avg.   381 us, Total. 762.8 us (0.0%)
[Performance] InitializeOnLoad UXMLEditorFactories                                                                                 :        2 samples, Peak.  45.5 ms (1.1x), Avg.  41.5 ms, Total. 82.94 ms (0.3%)
[Performance] InitializeOnLoad PurchasingService                                                                                   :        2 samples, Peak.  5.96 ms (1.1x), Avg.  5.47 ms, Total. 10.94 ms (0.0%)
[Performance] InitializeOnLoad CloudBuildPoller                                                                                    :        2 samples, Peak.  75.1 us (1.0x), Avg.  73.8 us, Total. 147.5 us (0.0%)
[Performance] InitializeOnLoad EditorGameServicesAnalytics                                                                         :        2 samples, Peak.  1.21 ms (1.6x), Avg.   745 us, Total. 1.489 ms (0.0%)
[Performance] InitializeOnLoad AnalyticsService                                                                                    :        2 samples, Peak.   175 us (1.2x), Avg.   152 us, Total. 303.9 us (0.0%)
[Performance] InitializeOnLoad BuildService                                                                                        :        2 samples, Peak.   114 us (1.0x), Avg.   113 us, Total. 226.5 us (0.0%)
[Performance] InitializeOnLoad AdsService                                                                                          :        2 samples, Peak.   275 us (1.0x), Avg.   274 us, Total. 548.0 us (0.0%)
[Performance] InitializeOnLoad UDPService                                                                                          :        2 samples, Peak.   109 us (1.0x), Avg.   108 us, Total. 216.0 us (0.0%)
[Performance] InitializeOnLoad CrashService                                                                                        :        2 samples, Peak.   109 us (1.0x), Avg.   109 us, Total. 217.1 us (0.0%)
[Performance] InitializeOnLoad ServicesRepository                                                                                  :        2 samples, Peak.   250 ns (1.1x), Avg.   230 ns, Total. 459.0 ns (0.0%)
[Performance] InitializeOnLoad SearchWindow                                                                                        :        2 samples, Peak.   101 us (1.1x), Avg.  89.7 us, Total. 179.3 us (0.0%)
[Performance] InitializeOnLoad CustomIndexers                                                                                      :        2 samples, Peak.  12.0 ms (1.1x), Avg.  11.2 ms, Total. 22.33 ms (0.1%)
[Performance] InitializeOnLoad SearchMonitor                                                                                       :        2 samples, Peak.   728 us (1.1x), Avg.   652 us, Total. 1.304 ms (0.0%)
[Performance] InitializeOnLoad ParameterControllerEditor                                                                           :        2 samples, Peak.  23.6 us (1.3x), Avg.  17.5 us, Total. 34.96 us (0.0%)
[Performance] InitializeOnLoad LayerSettingsWindow                                                                                 :        2 samples, Peak.  16.4 us (1.6x), Avg.  10.0 us, Total. 20.04 us (0.0%)
[Performance] InitializeOnLoad PackageManagerHookGUIDConverter.RegisterPackagesEventHandler                                        :        2 samples, Peak.   573 us (1.7x), Avg.   333 us, Total. 666.3 us (0.0%)
[Performance] InitializeOnLoad EditorDragAndDrop.RegisterEditorClient                                                              :        2 samples, Peak.   210 us (1.2x), Avg.   177 us, Total. 354.5 us (0.0%)
[Performance] InitializeOnLoad EditorEventCallbacks.InitializeFontAssetResourceChangeCallBacks                                     :        2 samples, Peak.   897 us (1.1x), Avg.   848 us, Total. 1.696 ms (0.0%)
[Performance] InitializeOnLoad SceneTemplateService.Init                                                                           :        2 samples, Peak.   906 us (1.2x), Avg.   788 us, Total. 1.576 ms (0.0%)
[Performance] InitializeOnLoad DiagnosticSwitchesConsoleMessage.Init                                                               :        2 samples, Peak.  2.46 ms (1.6x), Avg.  1.58 ms, Total. 3.157 ms (0.0%)
[Performance] InitializeOnLoad PackageManagerWindow.EditorInitializedInSafeMode                                                    :        2 samples, Peak.  19.3 ms (2.0x), Avg.  9.69 ms, Total. 19.39 ms (0.1%)
[Performance] InitializeOnLoad ToolShortcutContext.Init                                                                            :        2 samples, Peak.  91.6 us (1.0x), Avg.  89.1 us, Total. 178.3 us (0.0%)
[Performance] InitializeOnLoad MemoryProfilerCompilationGuard.InjectCompileGuard                                                   :        2 samples, Peak.   121 us (1.5x), Avg.  79.7 us, Total. 159.5 us (0.0%)
[Performance] InitializeOnLoad AssetPostprocessingInternal.RefreshCustomDependencies                                               :        2 samples, Peak.  2.45 ms (1.3x), Avg.  1.83 ms, Total. 3.662 ms (0.0%)
[Performance] InitializeOnLoad SysrootManager.Initialize                                                                           :        2 samples, Peak.   338 us (1.0x), Avg.   335 us, Total. 670.2 us (0.0%)
[Performance] InitializeOnLoad ScopedRegistryAddedPopup.SubscribeToRegistriesAdded                                                 :        2 samples, Peak.  5.82 ms (2.0x), Avg.  2.94 ms, Total. 5.884 ms (0.0%)
[Performance] InitializeOnLoad SceneVisibilityManager.Initialize                                                                   :        2 samples, Peak.  2.20 ms (1.6x), Avg.  1.39 ms, Total. 2.782 ms (0.0%)
[Performance] InitializeOnLoad EditorWindow.Initialize                                                                             :        2 samples, Peak.   163 us (1.0x), Avg.   156 us, Total. 312.8 us (0.0%)
[Performance] AssemblyReloadEvents.afterAssemblyReload: UnityEditor.SceneTemplate.SceneTemplateService.AfterAssemblyReload         :        2 samples, Peak.   754 us (1.6x), Avg.   480 us, Total. 959.8 us (0.0%)
[Performance] ProcessService.EditorAfterLoadAllAssemblies                                                                          :        2 samples, Peak.   237 us (1.2x), Avg.   205 us, Total. 409.2 us (0.0%)
[Performance] Application.ReadLicenseInfo                                                                                          :        1 samples, Peak.  13.1 ms (1.0x), Avg.  13.1 ms, Total. 13.06 ms (0.1%)
[Performance] Application.InitialRefresh                                                                                           :        1 samples, Peak.  11.6 s (1.0x), Avg.  11.6 s, Total. 11.56 s (44.5%)
[Performance] Compiling Scripts                                                                                                    :        1 samples, Peak.  7.27 s (1.0x), Avg.  7.27 s, Total. 7.273 s (28.0%)
[Performance] AssemblyReloadEvents.beforeAssemblyReload: UnityEditor.SceneTemplate.SceneTemplateService.BeforeAssemblyReload       :        1 samples, Peak.   360 us (1.0x), Avg.   360 us, Total. 359.7 us (0.0%)
[Performance] InitializeOnLoad BurstLoader                                                                                         :        1 samples, Peak.   249 ms (1.0x), Avg.   249 ms, Total. 249.1 ms (1.0%)
[Performance] InitializeOnLoad EditorToolManager                                                                                   :        2 samples, Peak.  1.89 ms (1.9x), Avg.  1.01 ms, Total. 2.019 ms (0.0%)
[Performance] InitializeOnLoad CopyStrippedAOTAssembliesHook                                                                       :        1 samples, Peak.  11.9 ms (1.0x), Avg.  11.9 ms, Total. 11.88 ms (0.0%)
[Performance] InitializeOnLoad GetIl2CppFolderHook                                                                                 :        1 samples, Peak.  1.80 ms (1.0x), Avg.  1.80 ms, Total. 1.804 ms (0.0%)
[Performance] InitializeOnLoad ShadowCasterGroup2DManager                                                                          :        1 samples, Peak.  77.3 us (1.0x), Avg.  77.3 us, Total. 77.29 us (0.0%)
[Performance] InitializeOnLoad ProbeGIBaking                                                                                       :        1 samples, Peak.  1.67 ms (1.0x), Avg.  1.67 ms, Total. 1.675 ms (0.0%)
[Performance] InitializeOnLoad FilterWindow                                                                                        :        1 samples, Peak.  26.8 us (1.0x), Avg.  26.8 us, Total. 26.83 us (0.0%)
[Performance] InitializeOnLoad RealtimeProbeSubdivisionDebug                                                                       :        1 samples, Peak.   123 us (1.0x), Avg.   123 us, Total. 123.5 us (0.0%)
[Performance] InitializeOnLoad NodeClassCache                                                                                      :        1 samples, Peak.  6.00 us (1.0x), Avg.  6.00 us, Total. 6.000 us (0.0%)
[Performance] InitializeOnLoad ShaderGraphMaterialsUpdater                                                                         :        2 samples, Peak.   248 us (1.7x), Avg.   146 us, Total. 291.5 us (0.0%)
[Performance] InitializeOnLoad Renderer2DAnalytics                                                                                 :        1 samples, Peak.  59.7 us (1.0x), Avg.  59.7 us, Total. 59.71 us (0.0%)
[Performance] InitializeOnLoad BackgroundWatcher                                                                                   :        1 samples, Peak.  74.5 us (1.0x), Avg.  74.5 us, Total. 74.50 us (0.0%)
[Performance] InitializeOnLoad UnityTestProtocolStarter                                                                            :        1 samples, Peak.   139 us (1.0x), Avg.   139 us, Total. 138.7 us (0.0%)
[Performance] InitializeOnLoad TestStarter                                                                                         :        1 samples, Peak.   437 us (1.0x), Avg.   437 us, Total. 436.7 us (0.0%)
[Performance] InitializeOnLoad RerunCallbackInitializer                                                                            :        1 samples, Peak.  1.74 ms (1.0x), Avg.  1.74 ms, Total. 1.741 ms (0.0%)
[Performance] InitializeOnLoad RiderScriptEditor                                                                                   :        1 samples, Peak.  51.1 ms (1.0x), Avg.  51.1 ms, Total. 51.12 ms (0.2%)
[Performance] InitializeOnLoad CallbackInitializer                                                                                 :        1 samples, Peak.   856 us (1.0x), Avg.   856 us, Total. 855.5 us (0.0%)
[Performance] InitializeOnLoad SpriteEditorWindow                                                                                  :        1 samples, Peak.   318 us (1.0x), Avg.   318 us, Total. 318.1 us (0.0%)
[Performance] InitializeOnLoad PlasticPlugin                                                                                       :        1 samples, Peak.  47.8 ms (1.0x), Avg.  47.8 ms, Total. 47.84 ms (0.2%)
[Performance] InitializeOnLoad ToolbarBootstrap                                                                                    :        1 samples, Peak.  42.4 ms (1.0x), Avg.  42.4 ms, Total. 42.44 ms (0.2%)
[Performance] InitializeOnLoad BackgroundImport                                                                                    :        1 samples, Peak.   120 us (1.0x), Avg.   120 us, Total. 120.1 us (0.0%)
[Performance] InitializeOnLoad McpEditorShutdownCleanup                                                                            :        1 samples, Peak.   546 us (1.0x), Avg.   546 us, Total. 546.3 us (0.0%)
[Performance] InitializeOnLoad ProjectAutoConnectMonitor                                                                           :        1 samples, Peak.  3.64 ms (1.0x), Avg.  3.64 ms, Total. 3.637 ms (0.0%)
[Performance] InitializeOnLoad EditorStateCache                                                                                    :        1 samples, Peak.  79.7 ms (1.0x), Avg.  79.7 ms, Total. 79.68 ms (0.3%)
[Performance] InitializeOnLoad StdioBridgeHost                                                                                     :        1 samples, Peak.   509 us (1.0x), Avg.   509 us, Total. 509.2 us (0.0%)
[Performance] InitializeOnLoad StdioBridgeReloadHandler                                                                            :        1 samples, Peak.   169 us (1.0x), Avg.   169 us, Total. 168.8 us (0.0%)
[Performance] InitializeOnLoad AssetGenJobManager                                                                                  :        1 samples, Peak.   528 us (1.0x), Avg.   528 us, Total. 528.1 us (0.0%)
[Performance] InitializeOnLoad LegacyServerSrcMigration                                                                            :        1 samples, Peak.  47.1 us (1.0x), Avg.  47.1 us, Total. 47.13 us (0.0%)
[Performance] InitializeOnLoad HttpAutoStartHandler                                                                                :        1 samples, Peak.  75.7 us (1.0x), Avg.  75.7 us, Total. 75.75 us (0.0%)
[Performance] InitializeOnLoad TransportCommandDispatcher                                                                          :        1 samples, Peak.   583 ms (1.0x), Avg.   583 ms, Total. 582.9 ms (2.2%)
[Performance] InitializeOnLoad PlayModeOptionsGuard                                                                                :        1 samples, Peak.   386 us (1.0x), Avg.   386 us, Total. 385.9 us (0.0%)
[Performance] InitializeOnLoad HttpBridgeReloadHandler                                                                             :        1 samples, Peak.   231 us (1.0x), Avg.   231 us, Total. 230.8 us (0.0%)
[Performance] InitializeOnLoad TestRunnerNoThrottle                                                                                :        1 samples, Peak.   496 us (1.0x), Avg.   496 us, Total. 496.1 us (0.0%)
[Performance] InitializeOnLoad StdIoVersionMigration                                                                               :        1 samples, Peak.  61.2 us (1.0x), Avg.  61.2 us, Total. 61.25 us (0.0%)
[Performance] InitializeOnLoad ProjectIdentityUtility                                                                              :        1 samples, Peak.   500 ns (1.0x), Avg.   500 ns, Total. 500.0 ns (0.0%)
[Performance] InitializeOnLoad SetupWindowService                                                                                  :        1 samples, Peak.  42.0 us (1.0x), Avg.  42.0 us, Total. 41.96 us (0.0%)
[Performance] InitializeOnLoad StartupConfigRewrite                                                                                :        1 samples, Peak.  61.3 us (1.0x), Avg.  61.3 us, Total. 61.29 us (0.0%)
[Performance] InitializeOnLoad VSUsageUtility                                                                                      :        1 samples, Peak.  8.46 ms (1.0x), Avg.  8.46 ms, Total. 8.462 ms (0.0%)
[Performance] InitializeOnLoad VisualStudioEditor                                                                                  :        1 samples, Peak.  4.53 ms (1.0x), Avg.  4.53 ms, Total. 4.526 ms (0.0%)
[Performance] InitializeOnLoad TestRunnerApiListener                                                                               :        1 samples, Peak.   284 us (1.0x), Avg.   284 us, Total. 284.2 us (0.0%)
[Performance] InitializeOnLoad VisualStudioIntegration                                                                             :        1 samples, Peak.   393 us (1.0x), Avg.   393 us, Total. 393.1 us (0.0%)
[Performance] InitializeOnLoad PrefabLayoutRebuilder                                                                               :        1 samples, Peak.   186 us (1.0x), Avg.   186 us, Total. 185.8 us (0.0%)
[Performance] InitializeOnLoad SpriteSkinCompositeStartup                                                                          :        1 samples, Peak.  9.08 ms (1.0x), Avg.  9.08 ms, Total. 9.082 ms (0.0%)
[Performance] InitializeOnLoad UnityAnalyticsStorage                                                                               :        1 samples, Peak.   285 us (1.0x), Avg.   285 us, Total. 284.6 us (0.0%)
[Performance] InitializeOnLoad BoneGizmoInitializer                                                                                :        1 samples, Peak.  4.37 ms (1.0x), Avg.  4.37 ms, Total. 4.370 ms (0.0%)
[Performance] InitializeOnLoad Analytics                                                                                           :        1 samples, Peak.   161 us (1.0x), Avg.   161 us, Total. 160.5 us (0.0%)
[Performance] InitializeOnLoad SceneDragAndDrop                                                                                    :        1 samples, Peak.   120 us (1.0x), Avg.   120 us, Total. 119.7 us (0.0%)
[Performance] InitializeOnLoad SpriteShapeUpdateCache                                                                              :        1 samples, Peak.   433 us (1.0x), Avg.   433 us, Total. 433.2 us (0.0%)
[Performance] InitializeOnLoad SpriteShapeUnityAnalyticsStorage                                                                    :        1 samples, Peak.  8.21 us (1.0x), Avg.  8.21 us, Total. 8.208 us (0.0%)
[Performance] InitializeOnLoad IKEditorManager.CreateInstance                                                                      :        1 samples, Peak.   997 us (1.0x), Avg.   997 us, Total. 996.8 us (0.0%)
[Performance] InitializeOnLoad $BurstDirectCallInitializer.Initialize                                                              :        7 samples, Peak.  15.4 ms (4.2x), Avg.  3.66 ms, Total. 25.59 ms (0.1%)
[Performance] InitializeOnLoad SceneViewGridManager.Initialize                                                                     :        1 samples, Peak.  2.83 ms (1.0x), Avg.  2.83 ms, Total. 2.835 ms (0.0%)
[Performance] InitializeOnLoad TilemapPrefabStageHelper.Initialize                                                                 :        1 samples, Peak.   793 us (1.0x), Avg.   793 us, Total. 792.6 us (0.0%)
[Performance] InitializeOnLoad SceneViewOpenTilePaletteHelper.Initialize                                                           :        1 samples, Peak.   551 us (1.0x), Avg.   551 us, Total. 550.7 us (0.0%)
[Performance] InitializeOnLoad TileDragAndDropManager.Initialize                                                                   :        1 samples, Peak.   296 us (1.0x), Avg.   296 us, Total. 296.2 us (0.0%)
[Performance] InitializeOnLoad VisualStudioEditor.LegacyVisualStudioCodePackageDisabler                                            :        1 samples, Peak.   718 us (1.0x), Avg.   718 us, Total. 718.0 us (0.0%)
[Performance] InitializeOnLoad MaterialReimporter.RegisterUpgraderReimport                                                         :        2 samples, Peak.   181 us (1.8x), Avg.   102 us, Total. 203.6 us (0.0%)
[Performance] InitializeOnLoad UnityReflect.OnLoad                                                                                 :        1 samples, Peak.   427 us (1.0x), Avg.   427 us, Total. 426.8 us (0.0%)
[Performance] InitializeOnLoad GetMenuItems.BuildCache                                                                             :        1 samples, Peak.  5.55 ms (1.0x), Avg.  5.55 ms, Total. 5.554 ms (0.0%)
[Performance] InitializeOnLoad ExecuteCode.OnDomainReload                                                                          :        1 samples, Peak.   322 us (1.0x), Avg.   322 us, Total. 321.5 us (0.0%)
[Performance] InitializeOnLoad McpLogRecord.RefreshFromPrefs                                                                       :        1 samples, Peak.   106 us (1.0x), Avg.   106 us, Total. 105.9 us (0.0%)
[Performance] InitializeOnLoad BackgroundImport.Setup                                                                              :        1 samples, Peak.   756 us (1.0x), Avg.   756 us, Total. 755.9 us (0.0%)
[Performance] InitializeOnLoad TestJobDataHolder.ResumeRunningJobs                                                                 :        1 samples, Peak.   736 us (1.0x), Avg.   736 us, Total. 735.9 us (0.0%)
[Performance] InitializeOnLoad AnalyticsReporter.RegisterCallbacks                                                                 :        1 samples, Peak.   156 us (1.0x), Avg.   156 us, Total. 156.2 us (0.0%)
[Performance] InitializeOnLoad DebugManagerWindowLifetimeAnalytic.SubscribeToDebugManagerOpenCloseWindows                          :        1 samples, Peak.   414 us (1.0x), Avg.   414 us, Total. 414.5 us (0.0%)
[Performance] InitializeOnLoad CoreRenderPipelinePreferences.InitPreferenceProviders                                               :        1 samples, Peak.  10.6 ms (1.0x), Avg.  10.6 ms, Total. 10.63 ms (0.0%)
[Performance] InitializeOnLoad VolumeGizmoDrawer.InitVolumeGizmoCallbacks                                                          :        1 samples, Peak.   276 us (1.0x), Avg.   276 us, Total. 275.8 us (0.0%)
[Performance] DidReloadScriptsTestRunnerWindow.CompilationCallback                                                                 :        1 samples, Peak.   144 us (1.0x), Avg.   144 us, Total. 143.9 us (0.0%)
[Performance] DidReloadScriptsTestListCache.ScriptReloaded                                                                         :        1 samples, Peak.   858 us (1.0x), Avg.   858 us, Total. 858.0 us (0.0%)
[Performance] DidReloadScriptsLookDev.OnEditorReload                                                                               :        1 samples, Peak.   140 us (1.0x), Avg.   140 us, Total. 140.4 us (0.0%)
[Performance] DidReloadScriptsDebugWindow.OnEditorReload                                                                           :        1 samples, Peak.  7.06 ms (1.0x), Avg.  7.06 ms, Total. 7.061 ms (0.0%)
[Performance] DidReloadScriptsVolumeComponentEditor.OnEditorReload                                                                 :        1 samples, Peak.  8.11 ms (1.0x), Avg.  8.11 ms, Total. 8.111 ms (0.0%)
[Performance] DidReloadScriptsAdvancedDropdownWindow.OnScriptReload                                                                :        1 samples, Peak.   158 us (1.0x), Avg.   158 us, Total. 158.4 us (0.0%)
[Performance] AssemblyReloadEvents.afterAssemblyReload: callback in MCPForUnity.Editor.Services.EditorStateCache                   :        1 samples, Peak.   374 us (1.0x), Avg.   374 us, Total. 374.1 us (0.0%)
[Performance] AssemblyReloadEvents.afterAssemblyReload: MCPForUnity.Editor.Services.StdioBridgeReloadHandler.OnAfterAssemblyReload :        1 samples, Peak.   580 us (1.0x), Avg.   580 us, Total. 580.5 us (0.0%)
[Performance] AssemblyReloadEvents.afterAssemblyReload: MCPForUnity.Editor.Services.HttpBridgeReloadHandler.OnAfterAssemblyReload  :        1 samples, Peak.  95.0 us (1.0x), Avg.  95.0 us, Total. 95.00 us (0.0%)
[Performance] AssemblyReloadEvents.afterAssemblyReload: UnityEditor.U2D.Animation.BoneGizmo.OnAfterAssemblyReload                  :        1 samples, Peak.   596 us (1.0x), Avg.   596 us, Total. 595.7 us (0.0%)
[Performance] AssemblyReloadEvents.afterAssemblyReload: MCPForUnity.Editor.Tools.UnityReflect.InvalidateCache                      :        1 samples, Peak.   306 us (1.0x), Avg.   306 us, Total. 306.2 us (0.0%)
[Performance] UniversalRenderPipelineGlobalSettingsPostprocessor.OnPostprocessAllAssets                                            :        2 samples, Peak.  1.81 ms (1.0x), Avg.  1.76 ms, Total. 3.518 ms (0.0%)
[Performance] SyncVS.PostprocessSyncProject                                                                                        :        1 samples, Peak.  1.46 ms (1.0x), Avg.  1.46 ms, Total. 1.462 ms (0.0%)
[Performance] Application.ImportPackagesAndSetTemplateWhenCreatingProject                                                          :        1 samples, Peak.  17.1 ms (1.0x), Avg.  17.1 ms, Total. 17.05 ms (0.1%)
[Performance] Application.SyncCurrentColorSpace                                                                                    :        1 samples, Peak.   116 ms (1.0x), Avg.   116 ms, Total. 116.0 ms (0.4%)
[Performance] Application.OnUsbDevicesChanged                                                                                      :        1 samples, Peak.   489 us (1.0x), Avg.   489 us, Total. 488.8 us (0.0%)
[Performance] Application.AssetInstanceCacheUpdate                                                                                 :        1 samples, Peak.   292 ns (1.0x), Avg.   292 ns, Total. 292.0 ns (0.0%)
[Performance] Application.UnityExtensions.Initialize                                                                               :        1 samples, Peak.  9.35 ms (1.0x), Avg.  9.35 ms, Total. 9.354 ms (0.0%)
[Performance] CodeEditorProjectSync.SyncEditorProject                                                                              :        1 samples, Peak.   145 ms (1.0x), Avg.   145 ms, Total. 145.3 ms (0.6%)
[Performance] Application.ExecuteStartups                                                                                          :        1 samples, Peak.  51.3 ms (1.0x), Avg.  51.3 ms, Total. 51.28 ms (0.2%)
[Performance] Menu.RegisterMenuInterface                                                                                           :       26 samples, Peak.   500 ns (4.0x), Avg.   125 ns, Total. 3.248 us (0.0%)
[Performance] Gizmo.RebuildRenderers                                                                                               :        1 samples, Peak.  49.3 ms (1.0x), Avg.  49.3 ms, Total. 49.30 ms (0.2%)
[Performance] Gizmo.AddGizmoRenderers                                                                                              :      127 samples, Peak.  1.57 ms (70.6x), Avg.  22.2 us, Total. 2.820 ms (0.0%)
[Performance] Application.editorInitializingProject                                                                                :        1 samples, Peak.  13.4 ms (1.0x), Avg.  13.4 ms, Total. 13.43 ms (0.1%)
[Performance] Application.InitializeMenu                                                                                           :        1 samples, Peak.  1.37 s (1.0x), Avg.  1.37 s, Total. 1.369 s (5.3%)
[Performance] Menu.RebuildAll                                                                                                      :        1 samples, Peak.  1.37 s (1.0x), Avg.  1.37 s, Total. 1.369 s (5.3%)
[Performance] Menu.BuildRegisteredMenuInterfaces                                                                                   :        1 samples, Peak.  1.36 s (1.0x), Avg.  1.36 s, Total. 1.364 s (5.3%)
[Performance] Menu.FilterMenuItem                                                                                                  :      746 samples, Peak.  73.4 ms (743.8x), Avg.  98.6 us, Total. 73.57 ms (0.3%)
[Performance] UpdateAllMenus                                                                                                       :        1 samples, Peak.   507 us (1.0x), Avg.   507 us, Total. 506.7 us (0.0%)
[Performance] EditorSceneManager.sceneClosing: UnityEditor.SceneVisibilityManager.EditorSceneManagerOnSceneClosing                 :        1 samples, Peak.   221 us (1.0x), Avg.   221 us, Total. 220.8 us (0.0%)
[Performance] GUIView.RepaintAll.PlayerLoopController                                                                              :        1 samples, Peak.   834 ns (1.0x), Avg.   834 ns, Total. 834.0 ns (0.0%)
[Performance] EditorSceneManager.newSceneCreated: UnityEditor.SceneTemplate.SceneTemplateService.OnNewSceneCreated                 :        1 samples, Peak.   190 us (1.0x), Avg.   190 us, Total. 190.2 us (0.0%)
[Performance] EditorSceneManager.newSceneCreated: UnityEditor.SceneVisibilityManager.EditorSceneManagerOnNewSceneCreated           :        1 samples, Peak.   106 us (1.0x), Avg.   106 us, Total. 105.7 us (0.0%)
[Performance] EditorSceneManager.newSceneCreated: UnityEditor.SceneManagement.StageNavigationManager.OnNewSceneCreated             :        1 samples, Peak.  36.6 us (1.0x), Avg.  36.6 us, Total. 36.58 us (0.0%)
[Performance] Application.InvokeFinishedLoadingProject                                                                             :        1 samples, Peak.  16.7 ms (1.0x), Avg.  16.7 ms, Total. 16.72 ms (0.1%)
[Performance] ProcessService.OnProjectLoaded                                                                                       :        1 samples, Peak.  42.2 us (1.0x), Avg.  42.2 us, Total. 42.21 us (0.0%)
[Performance] VersionControl.Task.Wait                                                                                             :        1 samples, Peak.  10.1 us (1.0x), Avg.  10.1 us, Total. 10.08 us (0.0%)
[Performance] EditorApplication.quitting: Unity.Burst.Editor.BurstLoader.OnEditorApplicationQuitting                               :        1 samples, Peak.  39.9 us (1.0x), Avg.  39.9 us, Total. 39.87 us (0.0%)
[Performance] EditorApplication.quitting: MCPForUnity.Editor.Services.McpEditorShutdownCleanup.OnEditorQuitting                    :        1 samples, Peak.   356 us (1.0x), Avg.   356 us, Total. 356.4 us (0.0%)
[Performance] EditorApplication.quitting: MCPForUnity.Editor.Services.StdioBridgeReloadHandler.CancelRetries                       :        1 samples, Peak.  62.3 us (1.0x), Avg.  62.3 us, Total. 62.29 us (0.0%)
[Performance] EditorApplication.quitting: UnityEditor.Tilemaps.SceneViewGridManager.EditorQuitting                                 :        1 samples, Peak.  85.1 us (1.0x), Avg.  85.1 us, Total. 85.08 us (0.0%)
[Performance] EditorApplication.quitting: callback in UnityEditor.TextCore.Text.EditorEventCallbacks                               :        1 samples, Peak.  11.6 ms (1.0x), Avg.  11.6 ms, Total. 11.63 ms (0.0%)
[Performance] Killing ADB server                                                                                                   :        1 samples, Peak.  40.1 ms (1.0x), Avg.  40.1 ms, Total. 40.13 ms (0.2%)
[Performance] Application.Shutdown.PauseProfilerSession                                                                            :        1 samples, Peak.  66.3 us (1.0x), Avg.  66.3 us, Total. 66.29 us (0.0%)
[Performance] Application.Shutdown.PauseAssetImportWorkers                                                                         :        1 samples, Peak.   448 us (1.0x), Avg.   448 us, Total. 448.1 us (0.0%)
[Performance] Application.Shutdown.SaveAssets                                                                                      :        1 samples, Peak.  10.6 ms (1.0x), Avg.  10.6 ms, Total. 10.60 ms (0.0%)
[Performance] PaletteAssetModificationProcessor.OnWillSaveAssets                                                                   :        1 samples, Peak.  1.75 ms (1.0x), Avg.  1.75 ms, Total. 1.754 ms (0.0%)
[Performance] StateMacroSavedEvent.OnWillSaveAssets                                                                                :        1 samples, Peak.   150 us (1.0x), Avg.   150 us, Total. 150.4 us (0.0%)
[Performance] FlowMacroSavedEvent.OnWillSaveAssets                                                                                 :        1 samples, Peak.  99.3 us (1.0x), Avg.  99.3 us, Total. 99.29 us (0.0%)
[Performance] AssetModificationProcessor.OnWillSaveAssets                                                                          :        1 samples, Peak.   227 us (1.0x), Avg.   227 us, Total. 227.2 us (0.0%)
[Performance] UnityCloudProjectLinkMonitor.OnWillSaveAssets                                                                        :        1 samples, Peak.   304 us (1.0x), Avg.   304 us, Total. 304.3 us (0.0%)
[Performance] BuilderAssetModificationProcessor.OnWillSaveAssets                                                                   :        1 samples, Peak.   378 us (1.0x), Avg.   378 us, Total. 378.4 us (0.0%)
[Performance] TerrainModificationProcessor.OnWillSaveAssets                                                                        :        1 samples, Peak.   520 us (1.0x), Avg.   520 us, Total. 520.3 us (0.0%)
[Performance] AssetDatabase.ImportAssets                                                                                           :        2 samples, Peak.   500 ns (1.8x), Avg.   270 ns, Total. 541.0 ns (0.0%)
[Performance] Application.Shutdown.CleanupRenderPipeline                                                                           :        1 samples, Peak.  3.83 us (1.0x), Avg.  3.83 us, Total. 3.834 us (0.0%)
[Performance] Application.Shutdown.StopPreloadManager                                                                              :        1 samples, Peak.  12.1 ms (1.0x), Avg.  12.1 ms, Total. 12.07 ms (0.0%)
[Performance] Application.Shutdown.DestroyWorld                                                                                    :        1 samples, Peak.   977 us (1.0x), Avg.   977 us, Total. 977.3 us (0.0%)
[Performance] Application.Shutdown.CleanupAfterLoad                                                                                :        1 samples, Peak.  6.18 ms (1.0x), Avg.  6.18 ms, Total. 6.185 ms (0.0%)
[Performance] Application.Shutdown.Progress                                                                                        :        1 samples, Peak.  14.8 us (1.0x), Avg.  14.8 us, Total. 14.79 us (0.0%)
[Performance] Application.Shutdown.GICleanupManagers                                                                               :        1 samples, Peak.   852 us (1.0x), Avg.   852 us, Total. 851.5 us (0.0%)
[Performance] Application.Shutdown.MenuCleanupClass                                                                                :        1 samples, Peak.   198 us (1.0x), Avg.   198 us, Total. 197.5 us (0.0%)
[Performance] Application.Shutdown.ADBSaveStateBeforeShutdown                                                                      :        1 samples, Peak.  11.6 us (1.0x), Avg.  11.6 us, Total. 11.58 us (0.0%)
[Performance] Application.Shutdown.RemoteShutdown                                                                                  :        1 samples, Peak.  1.54 us (1.0x), Avg.  1.54 us, Total. 1.541 us (0.0%)
[Performance] Application.Shutdown.CleanupVCProvider                                                                               :        1 samples, Peak.  15.8 us (1.0x), Avg.  15.8 us, Total. 15.83 us (0.0%)
[Performance] Application.Shutdown.InputShutdown                                                                                   :        1 samples, Peak.   223 us (1.0x), Avg.   223 us, Total. 223.3 us (0.0%)
[Performance] Application.Shutdown.GizmoManagerDestroy                                                                             :        1 samples, Peak.   754 us (1.0x), Avg.   754 us, Total. 753.8 us (0.0%)
[Performance] Application.Shutdown.ProfilerSession                                                                                 :        1 samples, Peak.   119 us (1.0x), Avg.   119 us, Total. 118.6 us (0.0%)
[Performance] Application.Shutdown.ReleaseGfxWindowOnAllGUIViews                                                                   :        1 samples, Peak.  1.88 us (1.0x), Avg.  1.88 us, Total. 1.875 us (0.0%)
[Performance] Application.Shutdown.CleanupEngine                                                                                   :        1 samples, Peak.   129 ms (1.0x), Avg.   129 ms, Total. 129.3 ms (0.5%)
[Performance] Application.Shutdown.CleanupAssetDatabase                                                                            :        1 samples, Peak.  7.15 ms (1.0x), Avg.  7.15 ms, Total. 7.149 ms (0.0%)
[Performance] Application.Shutdown.ScriptCompilationCleanUp                                                                        :        1 samples, Peak.  13.7 us (1.0x), Avg.  13.7 us, Total. 13.71 us (0.0%)
[Performance] Application.Shutdown.DestroyJobSystem                                                                                :        1 samples, Peak.   369 us (1.0x), Avg.   369 us, Total. 369.5 us (0.0%)
[Performance] Application.Shutdown.CleanupPersistentManager                                                                        :        1 samples, Peak.  2.79 ms (1.0x), Avg.  2.79 ms, Total. 2.790 ms (0.0%)
[Performance] Application.Shutdown.CleanupAsyncReadManager                                                                         :        1 samples, Peak.   641 us (1.0x), Avg.   641 us, Total. 641.5 us (0.0%)
[Performance] Application.Shutdown.CleanupMono                                                                                     :        1 samples, Peak.  80.5 ms (1.0x), Avg.  80.5 ms, Total. 80.47 ms (0.3%)
[Performance] Application.Shutdown.CleanupStdConverters                                                                            :        1 samples, Peak.  11.9 us (1.0x), Avg.  11.9 us, Total. 11.87 us (0.0%)
[Performance] Application.Shutdown.UnloadAllPlatformSupportModuleNativeDlls                                                        :        1 samples, Peak.   500 ns (1.0x), Avg.   500 ns, Total. 500.0 ns (0.0%)
[Performance] Application.Shutdown.UnloadAllPlatformSupportNativeLibraries                                                         :        1 samples, Peak.  76.7 us (1.0x), Avg.  76.7 us, Total. 76.71 us (0.0%)
[Performance] Application.Shutdown.CleanupAutoDocumentation                                                                        :        1 samples, Peak.   141 us (1.0x), Avg.   141 us, Total. 140.9 us (0.0%)
[Performance] Application.Shutdown.ShaderNameManagerDestroy                                                                        :        1 samples, Peak.  32.6 us (1.0x), Avg.  32.6 us, Total. 32.58 us (0.0%)
[Performance] Application.Shutdown.CleanupCacheServer                                                                              :        1 samples, Peak.   167 ns (1.0x), Avg.   167 ns, Total. 167.0 ns (0.0%)
[Performance] Application.Shutdown.Virtualization_Shutdown                                                                         :        1 samples, Peak.   209 ns (1.0x), Avg.   209 ns, Total. 209.0 ns (0.0%)
[Performance] Application.Shutdown.DevConnections                                                                                  :        1 samples, Peak.  75.3 us (1.0x), Avg.  75.3 us, Total. 75.29 us (0.0%)
Exiting batchmode successfully now!
[Package Manager] Server::Kill -- Server was shutdown
