Unity Editor version:    2022.3.62f2 (7670c08855a9)
Branch:                  2022.3/respin/2022.3.62f2-4af31df585-v2
Build type:              Release
Batch mode:              YES
macOS version:           Version 26.5.2 (Build 25F84)
Darwin version:          25.5.0
Architecture:            arm64
Running under Rosetta:   NO
Available memory:        16384 MB
[Licensing::Module] Trying to connect to existing licensing client channel...
[Licensing::IpcConnector] Successfully connected to: "LicenseClient-ah" at "2026-08-28T14:06:12.796331Z"
[Licensing::Client] Code 10 while verifying Licensing Client signature (process Id: 1178, path: "/Applications/Unity Hub.app/Contents/Frameworks/UnityLicensingClient_V1.app/Contents/MacOS/Unity.Licensing.Client")
[Licensing::Module] LicensingClient has failed validation; ignoring
[Licensing::Client] Handshaking with LicensingClient:
  Version:                 1.17.4+4293ba1
  Session Id:              d671fc8c4ba64b4bba5031a78d6c329a
  Correlation Id:          23bec5edb52c04c3c14770915b66c008
  External correlation Id: 5494746584969944601
  Machine Id:              QTbwZpmVHn8IER/kXaS7sHTplvE=
[Licensing::Module] Successfully connected to LicensingClient on channel: "LicenseClient-ah" (connect: 0.00s, validation: 0.01s, handshake: 0.31s)
[Licensing::IpcConnector] Successfully connected to: "LicenseClient-ah-notifications" at "2026-08-28T14:06:13.122382Z"
[Licensing::Module] Error: Access token is unavailable; failed to update
[Licensing::Client] Successfully updated license
[Licensing::Client] Successfully resolved entitlement details
[Licensing::Module] Serial number assigned to: "1375968193622-UnityPersXXXX"
Pro License: NO
[Licensing::Client] Successfully resolved entitlement details
Launching external process: /Applications/Unity/Hub/Editor/2022.3.62f2/Unity.app/Contents/Resources/PackageManager/Server/UnityPackageManager

COMMAND LINE ARGUMENTS:
/Applications/Unity/Hub/Editor/2022.3.62f2/Unity.app/Contents/MacOS/Unity
-projectPath
/Users/ah/GitHub/hybridclr/hybridclr_demo_shadow
-batchmode
-quit
-logFile
/Users/ah/GitHub/hybridclr/hybridclr_demo_shadow/_temp/UnityExec_20260828_070612.log
-executeMethod
AssemblyShadowDemo.Editor.M05Build.BuildFixtures
Successfully changed project path to: /Users/ah/GitHub/hybridclr/hybridclr_demo_shadow
/Users/ah/GitHub/hybridclr/hybridclr_demo_shadow
[UnityMemory] Configuration Parameters - Can be set up in boot.config
    "memorysetup-bucket-allocator-granularity=16"
    "memorysetup-bucket-allocator-bucket-count=8"
    "memorysetup-bucket-allocator-block-size=33554432"
    "memorysetup-bucket-allocator-block-count=8"
    "memorysetup-main-allocator-block-size=16777216"
    "memorysetup-thread-allocator-block-size=16777216"
    "memorysetup-gfx-main-allocator-block-size=16777216"
    "memorysetup-gfx-thread-allocator-block-size=16777216"
    "memorysetup-cache-allocator-block-size=4194304"
    "memorysetup-typetree-allocator-block-size=2097152"
    "memorysetup-profiler-bucket-allocator-granularity=16"
    "memorysetup-profiler-bucket-allocator-bucket-count=8"
    "memorysetup-profiler-bucket-allocator-block-size=33554432"
    "memorysetup-profiler-bucket-allocator-block-count=8"
    "memorysetup-profiler-allocator-block-size=16777216"
    "memorysetup-profiler-editor-allocator-block-size=1048576"
    "memorysetup-temp-allocator-size-main=16777216"
    "memorysetup-job-temp-allocator-block-size=2097152"
    "memorysetup-job-temp-allocator-block-size-background=1048576"
    "memorysetup-job-temp-allocator-reduction-small-platforms=262144"
    "memorysetup-allocator-temp-initial-block-size-main=262144"
    "memorysetup-allocator-temp-initial-block-size-worker=262144"
    "memorysetup-temp-allocator-size-background-worker=32768"
    "memorysetup-temp-allocator-size-job-worker=262144"
    "memorysetup-temp-allocator-size-preload-manager=33554432"
    "memorysetup-temp-allocator-size-nav-mesh-worker=65536"
    "memorysetup-temp-allocator-size-audio-worker=65536"
    "memorysetup-temp-allocator-size-cloud-worker=32768"
    "memorysetup-temp-allocator-size-gi-baking-worker=262144"
    "memorysetup-temp-allocator-size-gfx=262144"
Player connection [8416632192]  Target information:

Player connection [8416632192]  * "[IP] 192.168.1.54 [Port] 55505 [Flags] 2 [Guid] 1792205617 [EditorId] 1792205617 [Version] 1048832 [Id] OSXEditor(0,Mac) [Debug] 1 [PackageName] OSXEditor [ProjectName] Editor" 

Player connection [8416632192] Host joined multi-casting on [225.0.0.222:54997]...
Player connection [8416632192] Host joined alternative multi-casting on [225.0.0.222:34997]...
Input System module state changed to: Initialized.
[PhysX] Initialized MultithreadedTaskDispatcher with 10 workers.
[Package Manager] UpmClient::Connect -- Connected to IPC stream "Upm-15385" after 0.5 seconds.
[Package Manager] Restoring resolved packages state from cache
[Licensing::Client] Successfully resolved entitlement details
[Package Manager] Registered 62 packages:
  Packages from [https://packages.unity.com]:
    com.unity.collab-proxy@2.7.1 (location: /Users/ah/GitHub/hybridclr/hybridclr_demo_shadow/Library/PackageCache/com.unity.collab-proxy@2.7.1)
    com.unity.ide.rider@3.0.36 (location: /Users/ah/GitHub/hybridclr/hybridclr_demo_shadow/Library/PackageCache/com.unity.ide.rider@3.0.36)
    com.unity.ide.visualstudio@2.0.22 (location: /Users/ah/GitHub/hybridclr/hybridclr_demo_shadow/Library/PackageCache/com.unity.ide.visualstudio@2.0.22)
    com.unity.test-framework@1.1.33 (location: /Users/ah/GitHub/hybridclr/hybridclr_demo_shadow/Library/PackageCache/com.unity.test-framework@1.1.33)
    com.unity.textmeshpro@3.0.7 (location: /Users/ah/GitHub/hybridclr/hybridclr_demo_shadow/Library/PackageCache/com.unity.textmeshpro@3.0.7)
    com.unity.timeline@1.7.7 (location: /Users/ah/GitHub/hybridclr/hybridclr_demo_shadow/Library/PackageCache/com.unity.timeline@1.7.7)
    com.unity.visualscripting@1.9.4 (location: /Users/ah/GitHub/hybridclr/hybridclr_demo_shadow/Library/PackageCache/com.unity.visualscripting@1.9.4)
    com.unity.ext.nunit@1.0.6 (location: /Users/ah/GitHub/hybridclr/hybridclr_demo_shadow/Library/PackageCache/com.unity.ext.nunit@1.0.6)
    com.unity.mathematics@1.2.6 (location: /Users/ah/GitHub/hybridclr/hybridclr_demo_shadow/Library/PackageCache/com.unity.mathematics@1.2.6)
    com.unity.burst@1.8.21 (location: /Users/ah/GitHub/hybridclr/hybridclr_demo_shadow/Library/PackageCache/com.unity.burst@1.8.21)
    com.unity.2d.animation@9.2.0 (location: /Users/ah/GitHub/hybridclr/hybridclr_demo_shadow/Library/PackageCache/com.unity.2d.animation@9.2.0)
    com.unity.2d.pixel-perfect@5.1.0 (location: /Users/ah/GitHub/hybridclr/hybridclr_demo_shadow/Library/PackageCache/com.unity.2d.pixel-perfect@5.1.0)
    com.unity.2d.psdimporter@8.1.0 (location: /Users/ah/GitHub/hybridclr/hybridclr_demo_shadow/Library/PackageCache/com.unity.2d.psdimporter@8.1.0)
    com.unity.2d.spriteshape@9.1.0 (location: /Users/ah/GitHub/hybridclr/hybridclr_demo_shadow/Library/PackageCache/com.unity.2d.spriteshape@9.1.0)
    com.unity.2d.tilemap.extras@3.1.3 (location: /Users/ah/GitHub/hybridclr/hybridclr_demo_shadow/Library/PackageCache/com.unity.2d.tilemap.extras@3.1.3)
    com.unity.2d.aseprite@1.1.9 (location: /Users/ah/GitHub/hybridclr/hybridclr_demo_shadow/Library/PackageCache/com.unity.2d.aseprite@1.1.9)
    com.unity.nuget.newtonsoft-json@3.2.1 (location: /Users/ah/GitHub/hybridclr/hybridclr_demo_shadow/Library/PackageCache/com.unity.nuget.newtonsoft-json@3.2.1)
    com.unity.searcher@4.9.2 (location: /Users/ah/GitHub/hybridclr/hybridclr_demo_shadow/Library/PackageCache/com.unity.searcher@4.9.2)
    com.unity.2d.common@8.1.0 (location: /Users/ah/GitHub/hybridclr/hybridclr_demo_shadow/Library/PackageCache/com.unity.2d.common@8.1.0)
    com.unity.collections@1.2.4 (location: /Users/ah/GitHub/hybridclr/hybridclr_demo_shadow/Library/PackageCache/com.unity.collections@1.2.4)
  Built-in packages:
    com.unity.feature.2d@2.0.1 (location: /Users/ah/GitHub/hybridclr/hybridclr_demo_shadow/Library/PackageCache/com.unity.feature.2d@2.0.1)
    com.unity.render-pipelines.universal@14.0.12 (location: /Users/ah/GitHub/hybridclr/hybridclr_demo_shadow/Library/PackageCache/com.unity.render-pipelines.universal@14.0.12)
    com.unity.ugui@1.0.0 (location: /Users/ah/GitHub/hybridclr/hybridclr_demo_shadow/Library/PackageCache/com.unity.ugui@1.0.0)
    com.unity.modules.ai@1.0.0 (location: /Users/ah/GitHub/hybridclr/hybridclr_demo_shadow/Library/PackageCache/com.unity.modules.ai@1.0.0)
    com.unity.modules.androidjni@1.0.0 (location: /Users/ah/GitHub/hybridclr/hybridclr_demo_shadow/Library/PackageCache/com.unity.modules.androidjni@1.0.0)
    com.unity.modules.animation@1.0.0 (location: /Users/ah/GitHub/hybridclr/hybridclr_demo_shadow/Library/PackageCache/com.unity.modules.animation@1.0.0)
    com.unity.modules.assetbundle@1.0.0 (location: /Users/ah/GitHub/hybridclr/hybridclr_demo_shadow/Library/PackageCache/com.unity.modules.assetbundle@1.0.0)
    com.unity.modules.audio@1.0.0 (location: /Users/ah/GitHub/hybridclr/hybridclr_demo_shadow/Library/PackageCache/com.unity.modules.audio@1.0.0)
    com.unity.modules.cloth@1.0.0 (location: /Users/ah/GitHub/hybridclr/hybridclr_demo_shadow/Library/PackageCache/com.unity.modules.cloth@1.0.0)
    com.unity.modules.director@1.0.0 (location: /Users/ah/GitHub/hybridclr/hybridclr_demo_shadow/Library/PackageCache/com.unity.modules.director@1.0.0)
    com.unity.modules.imageconversion@1.0.0 (location: /Users/ah/GitHub/hybridclr/hybridclr_demo_shadow/Library/PackageCache/com.unity.modules.imageconversion@1.0.0)
    com.unity.modules.imgui@1.0.0 (location: /Users/ah/GitHub/hybridclr/hybridclr_demo_shadow/Library/PackageCache/com.unity.modules.imgui@1.0.0)
    com.unity.modules.jsonserialize@1.0.0 (location: /Users/ah/GitHub/hybridclr/hybridclr_demo_shadow/Library/PackageCache/com.unity.modules.jsonserialize@1.0.0)
    com.unity.modules.particlesystem@1.0.0 (location: /Users/ah/GitHub/hybridclr/hybridclr_demo_shadow/Library/PackageCache/com.unity.modules.particlesystem@1.0.0)
    com.unity.modules.physics@1.0.0 (location: /Users/ah/GitHub/hybridclr/hybridclr_demo_shadow/Library/PackageCache/com.unity.modules.physics@1.0.0)
    com.unity.modules.physics2d@1.0.0 (location: /Users/ah/GitHub/hybridclr/hybridclr_demo_shadow/Library/PackageCache/com.unity.modules.physics2d@1.0.0)
    com.unity.modules.screencapture@1.0.0 (location: /Users/ah/GitHub/hybridclr/hybridclr_demo_shadow/Library/PackageCache/com.unity.modules.screencapture@1.0.0)
    com.unity.modules.terrain@1.0.0 (location: /Users/ah/GitHub/hybridclr/hybridclr_demo_shadow/Library/PackageCache/com.unity.modules.terrain@1.0.0)
    com.unity.modules.terrainphysics@1.0.0 (location: /Users/ah/GitHub/hybridclr/hybridclr_demo_shadow/Library/PackageCache/com.unity.modules.terrainphysics@1.0.0)
    com.unity.modules.tilemap@1.0.0 (location: /Users/ah/GitHub/hybridclr/hybridclr_demo_shadow/Library/PackageCache/com.unity.modules.tilemap@1.0.0)
    com.unity.modules.ui@1.0.0 (location: /Users/ah/GitHub/hybridclr/hybridclr_demo_shadow/Library/PackageCache/com.unity.modules.ui@1.0.0)
    com.unity.modules.uielements@1.0.0 (location: /Users/ah/GitHub/hybridclr/hybridclr_demo_shadow/Library/PackageCache/com.unity.modules.uielements@1.0.0)
    com.unity.modules.umbra@1.0.0 (location: /Users/ah/GitHub/hybridclr/hybridclr_demo_shadow/Library/PackageCache/com.unity.modules.umbra@1.0.0)
    com.unity.modules.unityanalytics@1.0.0 (location: /Users/ah/GitHub/hybridclr/hybridclr_demo_shadow/Library/PackageCache/com.unity.modules.unityanalytics@1.0.0)
    com.unity.modules.unitywebrequest@1.0.0 (location: /Users/ah/GitHub/hybridclr/hybridclr_demo_shadow/Library/PackageCache/com.unity.modules.unitywebrequest@1.0.0)
    com.unity.modules.unitywebrequestassetbundle@1.0.0 (location: /Users/ah/GitHub/hybridclr/hybridclr_demo_shadow/Library/PackageCache/com.unity.modules.unitywebrequestassetbundle@1.0.0)
    com.unity.modules.unitywebrequestaudio@1.0.0 (location: /Users/ah/GitHub/hybridclr/hybridclr_demo_shadow/Library/PackageCache/com.unity.modules.unitywebrequestaudio@1.0.0)
    com.unity.modules.unitywebrequesttexture@1.0.0 (location: /Users/ah/GitHub/hybridclr/hybridclr_demo_shadow/Library/PackageCache/com.unity.modules.unitywebrequesttexture@1.0.0)
    com.unity.modules.unitywebrequestwww@1.0.0 (location: /Users/ah/GitHub/hybridclr/hybridclr_demo_shadow/Library/PackageCache/com.unity.modules.unitywebrequestwww@1.0.0)
    com.unity.modules.vehicles@1.0.0 (location: /Users/ah/GitHub/hybridclr/hybridclr_demo_shadow/Library/PackageCache/com.unity.modules.vehicles@1.0.0)
    com.unity.modules.video@1.0.0 (location: /Users/ah/GitHub/hybridclr/hybridclr_demo_shadow/Library/PackageCache/com.unity.modules.video@1.0.0)
    com.unity.modules.vr@1.0.0 (location: /Users/ah/GitHub/hybridclr/hybridclr_demo_shadow/Library/PackageCache/com.unity.modules.vr@1.0.0)
    com.unity.modules.wind@1.0.0 (location: /Users/ah/GitHub/hybridclr/hybridclr_demo_shadow/Library/PackageCache/com.unity.modules.wind@1.0.0)
    com.unity.modules.xr@1.0.0 (location: /Users/ah/GitHub/hybridclr/hybridclr_demo_shadow/Library/PackageCache/com.unity.modules.xr@1.0.0)
    com.unity.modules.subsystems@1.0.0 (location: /Users/ah/GitHub/hybridclr/hybridclr_demo_shadow/Library/PackageCache/com.unity.modules.subsystems@1.0.0)
    com.unity.render-pipelines.core@14.0.12 (location: /Users/ah/GitHub/hybridclr/hybridclr_demo_shadow/Library/PackageCache/com.unity.render-pipelines.core@14.0.12)
    com.unity.shadergraph@14.0.12 (location: /Users/ah/GitHub/hybridclr/hybridclr_demo_shadow/Library/PackageCache/com.unity.shadergraph@14.0.12)
    com.unity.render-pipelines.universal-config@14.0.10 (location: /Users/ah/GitHub/hybridclr/hybridclr_demo_shadow/Library/PackageCache/com.unity.render-pipelines.universal-config@14.0.10)
    com.unity.2d.sprite@1.0.0 (location: /Users/ah/GitHub/hybridclr/hybridclr_demo_shadow/Library/PackageCache/com.unity.2d.sprite@1.0.0)
    com.unity.2d.tilemap@1.0.0 (location: /Users/ah/GitHub/hybridclr/hybridclr_demo_shadow/Library/PackageCache/com.unity.2d.tilemap@1.0.0)
  Embedded packages:
    com.coplaydev.unity-mcp@file:/Users/ah/GitHub/hybridclr/hybridclr_demo_shadow/Packages/com.coplaydev.unity-mcp (location: /Users/ah/GitHub/hybridclr/hybridclr_demo_shadow/Packages/com.coplaydev.unity-mcp)
  Local packages:
    com.code-philosophy.hybridclr@file:/Users/ah/GitHub/hybridclr/hybridclr_unity (location: /Users/ah/GitHub/hybridclr/hybridclr_unity)
[Subsystems] No new subsystems found in resolved package list.
Package Manager log level set to [2]
[Package Manager] Done registering packages in 0.14 seconds
Refreshing native plugins compatible for Editor in 18.98 ms, found 7 plugins.
Preloading 0 native plugins for Editor in 0.00 ms.
Initialize engine version: 2022.3.62f2 (7670c08855a9)
[Subsystems] Discovering subsystems at path /Applications/Unity/Hub/Editor/2022.3.62f2/Unity.app/Contents/Resources/UnitySubsystems
[Subsystems] Discovering subsystems at path /Users/ah/GitHub/hybridclr/hybridclr_demo_shadow/Assets
GfxDevice: creating device client; threaded=0; jobified=0
 preferred device: Apple M4 (high power)
Metal devices available: 1
0: Apple M4 (high power)
Using device Apple M4 (high power)
Initializing Metal device caps: Apple M4
[Licensing::Client] Successfully resolved entitlement details
Initialize mono
Mono path[0] = '/Applications/Unity/Hub/Editor/2022.3.62f2/Unity.app/Contents/Managed'
Mono path[1] = '/Applications/Unity/Hub/Editor/2022.3.62f2/Unity.app/Contents/MonoBleedingEdge/lib/mono/unityjit-macos'
Mono config path = '/Applications/Unity/Hub/Editor/2022.3.62f2/Unity.app/Contents/MonoBleedingEdge/etc'
Using monoOptions --debugger-agent=transport=dt_socket,embedding=1,server=y,suspend=n,address=127.0.0.1:56385
Using cacheserver namespaces - metadata:defaultmetadata, artifacts:defaultartifacts
Using cacheserver namespaces - metadata:defaultmetadata, artifacts:defaultartifacts
ImportWorker Server TCP listen port: 0
Begin MonoManager ReloadAssembly
Registering precompiled unity dll's ...
Register platform support module: /Applications/Unity/Hub/Editor/2022.3.62f2/Unity.app/Contents/PlaybackEngines/MacStandaloneSupport/UnityEditor.OSXStandalone.Extensions.dll
[Licensing::Client] Successfully resolved entitlement details
Register platform support module: /Applications/Unity/Hub/Editor/2022.3.62f2/PlaybackEngines/AndroidPlayer/UnityEditor.Android.Extensions.dll
[Licensing::Client] Successfully resolved entitlement details
Register platform support module: /Applications/Unity/Hub/Editor/2022.3.62f2/PlaybackEngines/iOSSupport/UnityEditor.iOS.Extensions.dll
Registered in 0.028322 seconds.
- Loaded All Assemblies, in  0.310 seconds
[usbmuxd] Start listen thread
[usbmuxd] Listen thread started
[usbmuxd] Send listen message
Native extension for iOS target not found
Native extension for Android target not found
Android Extension - Scanning For ADB Devices 193 ms
Native extension for OSXStandalone target not found
Mono: successfully reloaded assembly
- Finished resetting the current domain, in  0.473 seconds
Domain Reload Profiling: 783ms
	BeginReloadAssembly (84ms)
		ExecutionOrderSort (0ms)
		DisableScriptedObjects (0ms)
		BackupInstance (0ms)
		ReleaseScriptingObjects (0ms)
		CreateAndSetChildDomain (1ms)
	RebuildCommonClasses (28ms)
	RebuildNativeTypeToScriptingClass (10ms)
	initialDomainReloadingComplete (65ms)
	LoadAllAssembliesAndSetupDomain (123ms)
		LoadAssemblies (85ms)
		RebuildTransferFunctionScriptingTraits (0ms)
		AnalyzeDomain (120ms)
			TypeCache.Refresh (119ms)
				TypeCache.ScanAssembly (108ms)
			ScanForSourceGeneratedMonoScriptInfo (0ms)
			ResolveRequiredComponents (0ms)
	FinalizeReload (473ms)
		ReleaseScriptCaches (0ms)
		RebuildScriptCaches (0ms)
		SetupLoadedEditorAssemblies (436ms)
			LogAssemblyErrors (0ms)
			InitializePlatformSupportModulesInManaged (322ms)
			SetLoadedEditorAssemblies (4ms)
			RefreshPlugins (0ms)
			BeforeProcessingInitializeOnLoad (2ms)
			ProcessInitializeOnLoadAttributes (78ms)
			ProcessInitializeOnLoadMethodAttributes (31ms)
			AfterProcessingInitializeOnLoad (0ms)
			EditorAssembliesLoaded (0ms)
		ExecutionOrderSort2 (0ms)
		AwakeInstancesAfterBackupRestoration (0ms)
[Licensing::Client] Successfully resolved entitlement details
Application.AssetDatabase Initial Refresh Start
[40m[32minfo[39m[22m[49m: Microsoft.Hosting.Lifetime[14]
      Now listening on: http://unix:/tmp/ilpp.sock-6bfb419590cbbc64989d39d95a4e287a
[40m[32minfo[39m[22m[49m: Microsoft.Hosting.Lifetime[0]
      Application started. Press Ctrl+C to shut down.
[40m[32minfo[39m[22m[49m: Microsoft.Hosting.Lifetime[0]
      Hosting environment: Production
[40m[32minfo[39m[22m[49m: Microsoft.Hosting.Lifetime[0]
      Content root path: /Users/ah/GitHub/hybridclr/hybridclr_demo_shadow/
[40m[32minfo[39m[22m[49m: Microsoft.AspNetCore.Hosting.Diagnostics[1]
      Request starting HTTP/2 POST http://ilpp/UnityILPP.PostProcessing/Ping application/grpc -
[40m[32minfo[39m[22m[49m: Microsoft.AspNetCore.Routing.EndpointMiddleware[0]
      Executing endpoint 'gRPC - /UnityILPP.PostProcessing/Ping'
[40m[32minfo[39m[22m[49m: Microsoft.AspNetCore.Routing.EndpointMiddleware[1]
      Executed endpoint 'gRPC - /UnityILPP.PostProcessing/Ping'
[40m[32minfo[39m[22m[49m: Microsoft.AspNetCore.Hosting.Diagnostics[2]
      Request finished HTTP/2 POST http://ilpp/UnityILPP.PostProcessing/Ping application/grpc - - 200 - application/grpc 33.1339ms
Starting: /Applications/Unity/Hub/Editor/2022.3.62f2/Unity.app/Contents/bee_backend --ipc --defer-dag-verification --dagfile="Library/Bee/200b0aE.dag" --continue-on-failure --profile="Library/Bee/backend1.traceevents" ScriptAssemblies
WorkingDir: /Users/ah/GitHub/hybridclr/hybridclr_demo_shadow
ExitCode: 4 Duration: 0s18ms
[             ] Require frontend run.  Library/Bee/200b0aE.dag couldn't be loaded
DisplayProgressbar: Compiling Scripts
Starting: /Applications/Unity/Hub/Editor/2022.3.62f2/Unity.app/Contents/Tools/netcorerun/netcorerun "/Applications/Unity/Hub/Editor/2022.3.62f2/Unity.app/Contents/Tools/BuildPipeline/ScriptCompilationBuildProgram.exe" "Library/Bee/200b0aE.dag.json" "Library/Bee/200b0aE-inputdata.json" "Library/Bee/buildprogram0.traceevents"
WorkingDir: /Users/ah/GitHub/hybridclr/hybridclr_demo_shadow
ExitCode: 0 Duration: 0s930ms
Starting: /Applications/Unity/Hub/Editor/2022.3.62f2/Unity.app/Contents/bee_backend --ipc --defer-dag-verification --dagfile="Library/Bee/200b0aE.dag" --continue-on-failure --dagfilejson="Library/Bee/200b0aE.dag.json" --profile="Library/Bee/backend2.traceevents" ScriptAssemblies
WorkingDir: /Users/ah/GitHub/hybridclr/hybridclr_demo_shadow
[40m[32minfo[39m[22m[49m: Microsoft.AspNetCore.Hosting.Diagnostics[1]
      Request starting HTTP/2 POST http://ilpp/UnityILPP.PostProcessing/ConfigurePostProcessors application/grpc -
[40m[32minfo[39m[22m[49m: Microsoft.AspNetCore.Routing.EndpointMiddleware[0]
      Executing endpoint 'gRPC - /UnityILPP.PostProcessing/ConfigurePostProcessors'
[40m[1m[33mwarn[39m[22m[49m: Unity.ILPP.Runner.PostProcessingAssemblyLoadContext[0]
      Assembly unityeditor.ios.extensions.xcode has duplicate hint path. Ignoring "/Applications/Unity/Hub/Editor/2022.3.62f2/Unity.app/Contents/PlaybackEngines/MacStandaloneSupport/UnityEditor.iOS.Extensions.Xcode.dll" in favor of "/Applications/Unity/Hub/Editor/2022.3.62f2/PlaybackEngines/iOSSupport/UnityEditor.iOS.Extensions.Xcode.dll"
[40m[1m[33mwarn[39m[22m[49m: Unity.ILPP.Runner.PostProcessingAssemblyLoadContext[0]
      Assembly system.componentmodel.composition has duplicate hint path. Ignoring "/Applications/Unity/Hub/Editor/2022.3.62f2/Unity.app/Contents/NetStandard/compat/2.1.0/shims/netfx/System.ComponentModel.Composition.dll" in favor of "/Applications/Unity/Hub/Editor/2022.3.62f2/Unity.app/Contents/UnityReferenceAssemblies/unity-4.8-api/System.ComponentModel.Composition.dll"
[40m[1m[33mwarn[39m[22m[49m: Unity.ILPP.Runner.PostProcessingAssemblyLoadContext[0]
      Assembly system.runtime.interopservices.windowsruntime has duplicate hint path. Ignoring "/Applications/Unity/Hub/Editor/2022.3.62f2/Unity.app/Contents/NetStandard/Extensions/2.0.0/System.Runtime.InteropServices.WindowsRuntime.dll" in favor of "/Applications/Unity/Hub/Editor/2022.3.62f2/Unity.app/Contents/UnityReferenceAssemblies/unity-4.8-api/Facades/System.Runtime.InteropServices.WindowsRuntime.dll"
[40m[32minfo[39m[22m[49m: Unity.ILPP.Runner.PostProcessingAssemblyLoadContext[0]
      Resolved Unity.Burst.Cecil, Version=0.11.4.0, Culture=neutral, PublicKeyToken=50cebf1cceb9d05e with Library/PackageCache/com.unity.burst@1.8.21/Unity.Burst.CodeGen/Unity.Burst.Cecil.dll
[40m[32minfo[39m[22m[49m: Microsoft.AspNetCore.Routing.EndpointMiddleware[1]
      Executed endpoint 'gRPC - /UnityILPP.PostProcessing/ConfigurePostProcessors'
[40m[32minfo[39m[22m[49m: Microsoft.AspNetCore.Hosting.Diagnostics[2]
      Request finished HTTP/2 POST http://ilpp/UnityILPP.PostProcessing/ConfigurePostProcessors application/grpc - - 200 - application/grpc 29.0102ms
[40m[32minfo[39m[22m[49m: Microsoft.AspNetCore.Hosting.Diagnostics[1]
      Request starting HTTP/2 POST http://ilpp/UnityILPP.PostProcessing/PostProcessAssembly application/grpc -
[40m[32minfo[39m[22m[49m: Microsoft.AspNetCore.Routing.EndpointMiddleware[0]
      Executing endpoint 'gRPC - /UnityILPP.PostProcessing/PostProcessAssembly'
[40m[32minfo[39m[22m[49m: Microsoft.AspNetCore.Hosting.Diagnostics[1]
      Request starting HTTP/2 POST http://ilpp/UnityILPP.PostProcessing/PostProcessAssembly application/grpc -
[40m[32minfo[39m[22m[49m: Microsoft.AspNetCore.Routing.EndpointMiddleware[0]
      Executing endpoint 'gRPC - /UnityILPP.PostProcessing/PostProcessAssembly'
[40m[32minfo[39m[22m[49m: Microsoft.AspNetCore.Hosting.Diagnostics[1]
      Request starting HTTP/2 POST http://ilpp/UnityILPP.PostProcessing/PostProcessAssembly application/grpc -
[40m[32minfo[39m[22m[49m: Microsoft.AspNetCore.Routing.EndpointMiddleware[0]
      Executing endpoint 'gRPC - /UnityILPP.PostProcessing/PostProcessAssembly'
[40m[32minfo[39m[22m[49m: Microsoft.AspNetCore.Hosting.Diagnostics[1]
      Request starting HTTP/2 POST http://ilpp/UnityILPP.PostProcessing/PostProcessAssembly application/grpc -
[40m[32minfo[39m[22m[49m: Microsoft.AspNetCore.Routing.EndpointMiddleware[0]
      Executing endpoint 'gRPC - /UnityILPP.PostProcessing/PostProcessAssembly'
[40m[32minfo[39m[22m[49m: Unity.ILPP.Runner.PostProcessingPipeline[0]
      Processing assembly Library/Bee/artifacts/200b0aE.dag/Unity.VisualScripting.Flow.dll, with 122 defines and 230 references
[40m[32minfo[39m[22m[49m: Unity.ILPP.Runner.PostProcessingPipeline[0]
      processors: HybridCLR.AssemblyShadow.CodeGen.ReflectionBindingsILPostProcessor, zzzUnity.Burst.CodeGen.BurstILPostProcessor
[40m[32minfo[39m[22m[49m: Unity.ILPP.Runner.PostProcessingPipeline[0]
      Processing assembly Library/Bee/artifacts/200b0aE.dag/HybridCLR.Runtime.dll, with 117 defines and 229 references
[40m[32minfo[39m[22m[49m: Unity.ILPP.Runner.PostProcessingPipeline[0]
      processors: HybridCLR.AssemblyShadow.CodeGen.ReflectionBindingsILPostProcessor, zzzUnity.Burst.CodeGen.BurstILPostProcessor
[40m[32minfo[39m[22m[49m: Unity.ILPP.Runner.PostProcessingPipeline[0]
      Processing assembly Library/Bee/artifacts/200b0aE.dag/AssemblyA.Implementation.Internal.dll, with 117 defines and 231 references
[40m[32minfo[39m[22m[49m: Unity.ILPP.Runner.PostProcessingPipeline[0]
      processors: HybridCLR.AssemblyShadow.CodeGen.ReflectionBindingsILPostProcessor, zzzUnity.Burst.CodeGen.BurstILPostProcessor
[40m[32minfo[39m[22m[49m: Unity.ILPP.Runner.PostProcessingPipeline[0]
      running HybridCLR.AssemblyShadow.CodeGen.ReflectionBindingsILPostProcessor
[40m[32minfo[39m[22m[49m: Unity.ILPP.Runner.PostProcessingPipeline[0]
      running HybridCLR.AssemblyShadow.CodeGen.ReflectionBindingsILPostProcessor
[40m[32minfo[39m[22m[49m: Unity.ILPP.Runner.PostProcessingPipeline[0]
      running zzzUnity.Burst.CodeGen.BurstILPostProcessor
[40m[32minfo[39m[22m[49m: Unity.ILPP.Runner.PostProcessingPipeline[0]
      running zzzUnity.Burst.CodeGen.BurstILPostProcessor
[40m[32minfo[39m[22m[49m: Microsoft.AspNetCore.Routing.EndpointMiddleware[1]
      Executed endpoint 'gRPC - /UnityILPP.PostProcessing/PostProcessAssembly'
[40m[32minfo[39m[22m[49m: Microsoft.AspNetCore.Hosting.Diagnostics[2]
      Request finished HTTP/2 POST http://ilpp/UnityILPP.PostProcessing/PostProcessAssembly application/grpc - - 200 - application/grpc 30.1307ms
[40m[32minfo[39m[22m[49m: Unity.ILPP.Runner.PostProcessingPipeline[0]
      running HybridCLR.AssemblyShadow.CodeGen.ReflectionBindingsILPostProcessor
[40m[32minfo[39m[22m[49m: Unity.ILPP.Runner.PostProcessingPipeline[0]
      running zzzUnity.Burst.CodeGen.BurstILPostProcessor
[40m[32minfo[39m[22m[49m: Microsoft.AspNetCore.Hosting.Diagnostics[1]
      Request starting HTTP/2 POST http://ilpp/UnityILPP.PostProcessing/PostProcessAssembly application/grpc -
[40m[32minfo[39m[22m[49m: Microsoft.AspNetCore.Routing.EndpointMiddleware[0]
      Executing endpoint 'gRPC - /UnityILPP.PostProcessing/PostProcessAssembly'
[40m[32minfo[39m[22m[49m: Microsoft.AspNetCore.Routing.EndpointMiddleware[1]
      Executed endpoint 'gRPC - /UnityILPP.PostProcessing/PostProcessAssembly'
[40m[32minfo[39m[22m[49m: Microsoft.AspNetCore.Routing.EndpointMiddleware[1]
      Executed endpoint 'gRPC - /UnityILPP.PostProcessing/PostProcessAssembly'
[40m[32minfo[39m[22m[49m: Unity.ILPP.Runner.PostProcessingPipeline[0]
      Processing assembly Library/Bee/artifacts/200b0aE.dag/AssemblyShadowDemo.ExtensibilityConsumer.dll, with 117 defines and 231 references
[40m[32minfo[39m[22m[49m: Unity.ILPP.Runner.PostProcessingPipeline[0]
      processors: HybridCLR.AssemblyShadow.CodeGen.ReflectionBindingsILPostProcessor, zzzUnity.Burst.CodeGen.BurstILPostProcessor
[40m[32minfo[39m[22m[49m: Microsoft.AspNetCore.Hosting.Diagnostics[2]
      Request finished HTTP/2 POST http://ilpp/UnityILPP.PostProcessing/PostProcessAssembly application/grpc - - 200 - application/grpc 30.2761ms
[40m[32minfo[39m[22m[49m: Microsoft.AspNetCore.Hosting.Diagnostics[2]
      Request finished HTTP/2 POST http://ilpp/UnityILPP.PostProcessing/PostProcessAssembly application/grpc - - 200 - application/grpc 27.8217ms
[40m[32minfo[39m[22m[49m: Unity.ILPP.Runner.PostProcessingPipeline[0]
      running HybridCLR.AssemblyShadow.CodeGen.ReflectionBindingsILPostProcessor
[40m[32minfo[39m[22m[49m: Unity.ILPP.Runner.PostProcessingPipeline[0]
      running zzzUnity.Burst.CodeGen.BurstILPostProcessor
[40m[32minfo[39m[22m[49m: Unity.ILPP.Runner.PostProcessingPipeline[0]
      Processing assembly Library/Bee/artifacts/200b0aE.dag/AssemblyShadowDemo.ContractsConsumer.dll, with 117 defines and 141 references
[40m[32minfo[39m[22m[49m: Unity.ILPP.Runner.PostProcessingPipeline[0]
      processors: HybridCLR.AssemblyShadow.CodeGen.ReflectionBindingsILPostProcessor, zzzUnity.Burst.CodeGen.BurstILPostProcessor
[40m[32minfo[39m[22m[49m: Unity.ILPP.Runner.PostProcessingPipeline[0]
      running HybridCLR.AssemblyShadow.CodeGen.ReflectionBindingsILPostProcessor
[40m[32minfo[39m[22m[49m: Unity.ILPP.Runner.PostProcessingPipeline[0]
      running zzzUnity.Burst.CodeGen.BurstILPostProcessor
[40m[32minfo[39m[22m[49m: Microsoft.AspNetCore.Routing.EndpointMiddleware[1]
      Executed endpoint 'gRPC - /UnityILPP.PostProcessing/PostProcessAssembly'
[40m[32minfo[39m[22m[49m: Microsoft.AspNetCore.Hosting.Diagnostics[2]
      Request finished HTTP/2 POST http://ilpp/UnityILPP.PostProcessing/PostProcessAssembly application/grpc - - 200 - application/grpc 3.1780ms
[40m[32minfo[39m[22m[49m: Microsoft.AspNetCore.Routing.EndpointMiddleware[1]
      Executed endpoint 'gRPC - /UnityILPP.PostProcessing/PostProcessAssembly'
[40m[32minfo[39m[22m[49m: Microsoft.AspNetCore.Hosting.Diagnostics[2]
      Request finished HTTP/2 POST http://ilpp/UnityILPP.PostProcessing/PostProcessAssembly application/grpc - - 200 - application/grpc 35.4262ms
[40m[32minfo[39m[22m[49m: Microsoft.AspNetCore.Hosting.Diagnostics[1]
      Request starting HTTP/2 POST http://ilpp/UnityILPP.PostProcessing/PostProcessAssembly application/grpc -
[40m[32minfo[39m[22m[49m: Microsoft.AspNetCore.Routing.EndpointMiddleware[0]
      Executing endpoint 'gRPC - /UnityILPP.PostProcessing/PostProcessAssembly'
[40m[32minfo[39m[22m[49m: Unity.ILPP.Runner.PostProcessingPipeline[0]
      Processing assembly Library/Bee/artifacts/200b0aE.dag/Unity.2D.IK.Runtime.dll, with 117 defines and 230 references
[40m[32minfo[39m[22m[49m: Unity.ILPP.Runner.PostProcessingPipeline[0]
      processors: HybridCLR.AssemblyShadow.CodeGen.ReflectionBindingsILPostProcessor, zzzUnity.Burst.CodeGen.BurstILPostProcessor
[40m[32minfo[39m[22m[49m: Unity.ILPP.Runner.PostProcessingPipeline[0]
      running HybridCLR.AssemblyShadow.CodeGen.ReflectionBindingsILPostProcessor
[40m[32minfo[39m[22m[49m: Unity.ILPP.Runner.PostProcessingPipeline[0]
      running zzzUnity.Burst.CodeGen.BurstILPostProcessor
[40m[32minfo[39m[22m[49m: Microsoft.AspNetCore.Hosting.Diagnostics[1]
      Request starting HTTP/2 POST http://ilpp/UnityILPP.PostProcessing/PostProcessAssembly application/grpc -
[40m[32minfo[39m[22m[49m: Microsoft.AspNetCore.Routing.EndpointMiddleware[0]
      Executing endpoint 'gRPC - /UnityILPP.PostProcessing/PostProcessAssembly'
[40m[32minfo[39m[22m[49m: Unity.ILPP.Runner.PostProcessingPipeline[0]
      Processing assembly Library/Bee/artifacts/200b0aE.dag/Unity.RenderPipelines.Universal.2D.Internal.dll, with 117 defines and 229 references
[40m[32minfo[39m[22m[49m: Unity.ILPP.Runner.PostProcessingPipeline[0]
      processors: HybridCLR.AssemblyShadow.CodeGen.ReflectionBindingsILPostProcessor, zzzUnity.Burst.CodeGen.BurstILPostProcessor
[40m[32minfo[39m[22m[49m: Unity.ILPP.Runner.PostProcessingPipeline[0]
      running HybridCLR.AssemblyShadow.CodeGen.ReflectionBindingsILPostProcessor
[40m[32minfo[39m[22m[49m: Unity.ILPP.Runner.PostProcessingPipeline[0]
      running zzzUnity.Burst.CodeGen.BurstILPostProcessor
[40m[32minfo[39m[22m[49m: Microsoft.AspNetCore.Routing.EndpointMiddleware[1]
      Executed endpoint 'gRPC - /UnityILPP.PostProcessing/PostProcessAssembly'
[40m[32minfo[39m[22m[49m: Microsoft.AspNetCore.Hosting.Diagnostics[2]
      Request finished HTTP/2 POST http://ilpp/UnityILPP.PostProcessing/PostProcessAssembly application/grpc - - 200 - application/grpc 3.5361ms
[40m[32minfo[39m[22m[49m: Microsoft.AspNetCore.Routing.EndpointMiddleware[1]
      Executed endpoint 'gRPC - /UnityILPP.PostProcessing/PostProcessAssembly'
[40m[32minfo[39m[22m[49m: Microsoft.AspNetCore.Hosting.Diagnostics[2]
      Request finished HTTP/2 POST http://ilpp/UnityILPP.PostProcessing/PostProcessAssembly application/grpc - - 200 - application/grpc 2.3476ms
[40m[32minfo[39m[22m[49m: Microsoft.AspNetCore.Hosting.Diagnostics[1]
      Request starting HTTP/2 POST http://ilpp/UnityILPP.PostProcessing/PostProcessAssembly application/grpc -
[40m[32minfo[39m[22m[49m: Microsoft.AspNetCore.Routing.EndpointMiddleware[0]
      Executing endpoint 'gRPC - /UnityILPP.PostProcessing/PostProcessAssembly'
[40m[32minfo[39m[22m[49m: Microsoft.AspNetCore.Hosting.Diagnostics[1]
      Request starting HTTP/2 POST http://ilpp/UnityILPP.PostProcessing/PostProcessAssembly application/grpc -
[40m[32minfo[39m[22m[49m: Microsoft.AspNetCore.Routing.EndpointMiddleware[0]
      Executing endpoint 'gRPC - /UnityILPP.PostProcessing/PostProcessAssembly'
[40m[32minfo[39m[22m[49m: Microsoft.AspNetCore.Hosting.Diagnostics[1]
      Request starting HTTP/2 POST http://ilpp/UnityILPP.PostProcessing/PostProcessAssembly application/grpc -
[40m[32minfo[39m[22m[49m: Microsoft.AspNetCore.Routing.EndpointMiddleware[0]
      Executing endpoint 'gRPC - /UnityILPP.PostProcessing/PostProcessAssembly'
[40m[32minfo[39m[22m[49m: Microsoft.AspNetCore.Hosting.Diagnostics[1]
      Request starting HTTP/2 POST http://ilpp/UnityILPP.PostProcessing/PostProcessAssembly application/grpc -
[40m[32minfo[39m[22m[49m: Microsoft.AspNetCore.Routing.EndpointMiddleware[0]
      Executing endpoint 'gRPC - /UnityILPP.PostProcessing/PostProcessAssembly'
[40m[32minfo[39m[22m[49m: Microsoft.AspNetCore.Hosting.Diagnostics[1]
      Request starting HTTP/2 POST http://ilpp/UnityILPP.PostProcessing/PostProcessAssembly application/grpc -
[40m[32minfo[39m[22m[49m: Microsoft.AspNetCore.Routing.EndpointMiddleware[0]
      Executing endpoint 'gRPC - /UnityILPP.PostProcessing/PostProcessAssembly'
[40m[32minfo[39m[22m[49m: Unity.ILPP.Runner.PostProcessingPipeline[0]
      Processing assembly Library/Bee/artifacts/200b0aE.dag/Unity.InternalAPIEngineBridge.001.dll, with 117 defines and 229 references
[40m[32minfo[39m[22m[49m: Unity.ILPP.Runner.PostProcessingPipeline[0]
      processors: HybridCLR.AssemblyShadow.CodeGen.ReflectionBindingsILPostProcessor, zzzUnity.Burst.CodeGen.BurstILPostProcessor
[40m[32minfo[39m[22m[49m: Microsoft.AspNetCore.Hosting.Diagnostics[1]
      Request starting HTTP/2 POST http://ilpp/UnityILPP.PostProcessing/PostProcessAssembly application/grpc -
[40m[32minfo[39m[22m[49m: Microsoft.AspNetCore.Routing.EndpointMiddleware[0]
      Executing endpoint 'gRPC - /UnityILPP.PostProcessing/PostProcessAssembly'
[40m[32minfo[39m[22m[49m: Unity.ILPP.Runner.PostProcessingPipeline[0]
      running HybridCLR.AssemblyShadow.CodeGen.ReflectionBindingsILPostProcessor
[40m[32minfo[39m[22m[49m: Unity.ILPP.Runner.PostProcessingPipeline[0]
      running zzzUnity.Burst.CodeGen.BurstILPostProcessor
[40m[32minfo[39m[22m[49m: Unity.ILPP.Runner.PostProcessingPipeline[0]
      Processing assembly Library/Bee/artifacts/200b0aE.dag/Unity.2D.Animation.Runtime.dll, with 117 defines and 234 references
[40m[32minfo[39m[22m[49m: Unity.ILPP.Runner.PostProcessingPipeline[0]
      processors: HybridCLR.AssemblyShadow.CodeGen.ReflectionBindingsILPostProcessor, zzzUnity.Burst.CodeGen.BurstILPostProcessor
[40m[32minfo[39m[22m[49m: Unity.ILPP.Runner.PostProcessingPipeline[0]
      running HybridCLR.AssemblyShadow.CodeGen.ReflectionBindingsILPostProcessor
[40m[32minfo[39m[22m[49m: Unity.ILPP.Runner.PostProcessingPipeline[0]
      running zzzUnity.Burst.CodeGen.BurstILPostProcessor
[40m[32minfo[39m[22m[49m: Microsoft.AspNetCore.Routing.EndpointMiddleware[1]
      Executed endpoint 'gRPC - /UnityILPP.PostProcessing/PostProcessAssembly'
[40m[32minfo[39m[22m[49m: Microsoft.AspNetCore.Hosting.Diagnostics[2]
      Request finished HTTP/2 POST http://ilpp/UnityILPP.PostProcessing/PostProcessAssembly application/grpc - - 200 - application/grpc 16.0388ms
[40m[32minfo[39m[22m[49m: Unity.ILPP.Runner.PostProcessingPipeline[0]
      Processing assembly Library/Bee/artifacts/200b0aE.dag/Unity.RenderPipelines.Universal.Config.Runtime.dll, with 117 defines and 230 references
[40m[32minfo[39m[22m[49m: Unity.ILPP.Runner.PostProcessingPipeline[0]
      processors: HybridCLR.AssemblyShadow.CodeGen.ReflectionBindingsILPostProcessor, zzzUnity.Burst.CodeGen.BurstILPostProcessor
[40m[32minfo[39m[22m[49m: Unity.ILPP.Runner.PostProcessingPipeline[0]
      running HybridCLR.AssemblyShadow.CodeGen.ReflectionBindingsILPostProcessor
[40m[32minfo[39m[22m[49m: Unity.ILPP.Runner.PostProcessingPipeline[0]
      running zzzUnity.Burst.CodeGen.BurstILPostProcessor
[40m[32minfo[39m[22m[49m: Microsoft.AspNetCore.Routing.EndpointMiddleware[1]
      Executed endpoint 'gRPC - /UnityILPP.PostProcessing/PostProcessAssembly'
[40m[32minfo[39m[22m[49m: Microsoft.AspNetCore.Hosting.Diagnostics[2]
      Request finished HTTP/2 POST http://ilpp/UnityILPP.PostProcessing/PostProcessAssembly application/grpc - - 200 - application/grpc 6.0828ms
[40m[32minfo[39m[22m[49m: Unity.ILPP.Runner.PostProcessingPipeline[0]
      Processing assembly Library/Bee/artifacts/200b0aE.dag/Unity.Burst.dll, with 117 defines and 218 references
[40m[32minfo[39m[22m[49m: Unity.ILPP.Runner.PostProcessingPipeline[0]
      processors: HybridCLR.AssemblyShadow.CodeGen.ReflectionBindingsILPostProcessor, zzzUnity.Burst.CodeGen.BurstILPostProcessor
[40m[32minfo[39m[22m[49m: Unity.ILPP.Runner.PostProcessingPipeline[0]
      running HybridCLR.AssemblyShadow.CodeGen.ReflectionBindingsILPostProcessor
[40m[32minfo[39m[22m[49m: Unity.ILPP.Runner.PostProcessingPipeline[0]
      running zzzUnity.Burst.CodeGen.BurstILPostProcessor
[40m[32minfo[39m[22m[49m: Microsoft.AspNetCore.Routing.EndpointMiddleware[1]
      Executed endpoint 'gRPC - /UnityILPP.PostProcessing/PostProcessAssembly'
[40m[32minfo[39m[22m[49m: Microsoft.AspNetCore.Hosting.Diagnostics[2]
      Request finished HTTP/2 POST http://ilpp/UnityILPP.PostProcessing/PostProcessAssembly application/grpc - - 200 - application/grpc 5.8941ms
[40m[32minfo[39m[22m[49m: Microsoft.AspNetCore.Hosting.Diagnostics[1]
      Request starting HTTP/2 POST http://ilpp/UnityILPP.PostProcessing/PostProcessAssembly application/grpc -
[40m[32minfo[39m[22m[49m: Microsoft.AspNetCore.Routing.EndpointMiddleware[0]
      Executing endpoint 'gRPC - /UnityILPP.PostProcessing/PostProcessAssembly'
[40m[32minfo[39m[22m[49m: Unity.ILPP.Runner.PostProcessingPipeline[0]
      Processing assembly Library/Bee/artifacts/200b0aE.dag/AssemblyShadowBaseline.HotUpdate.dll, with 117 defines and 140 references
[40m[32minfo[39m[22m[49m: Unity.ILPP.Runner.PostProcessingPipeline[0]
      processors: HybridCLR.AssemblyShadow.CodeGen.ReflectionBindingsILPostProcessor, zzzUnity.Burst.CodeGen.BurstILPostProcessor
[40m[32minfo[39m[22m[49m: Unity.ILPP.Runner.PostProcessingPipeline[0]
      running HybridCLR.AssemblyShadow.CodeGen.ReflectionBindingsILPostProcessor
[40m[32minfo[39m[22m[49m: Unity.ILPP.Runner.PostProcessingPipeline[0]
      running zzzUnity.Burst.CodeGen.BurstILPostProcessor
[40m[32minfo[39m[22m[49m: Microsoft.AspNetCore.Routing.EndpointMiddleware[1]
      Executed endpoint 'gRPC - /UnityILPP.PostProcessing/PostProcessAssembly'
[40m[32minfo[39m[22m[49m: Microsoft.AspNetCore.Hosting.Diagnostics[2]
      Request finished HTTP/2 POST http://ilpp/UnityILPP.PostProcessing/PostProcessAssembly application/grpc - - 200 - application/grpc 8.3735ms
[40m[32minfo[39m[22m[49m: Unity.ILPP.Runner.PostProcessingPipeline[0]
      Processing assembly Library/Bee/artifacts/200b0aE.dag/Assembly-CSharp.dll, with 117 defines and 275 references
[40m[32minfo[39m[22m[49m: Unity.ILPP.Runner.PostProcessingPipeline[0]
      processors: HybridCLR.AssemblyShadow.CodeGen.ReflectionBindingsILPostProcessor, zzzUnity.Burst.CodeGen.BurstILPostProcessor
[40m[32minfo[39m[22m[49m: Unity.ILPP.Runner.PostProcessingPipeline[0]
      running HybridCLR.AssemblyShadow.CodeGen.ReflectionBindingsILPostProcessor
[40m[32minfo[39m[22m[49m: Unity.ILPP.Runner.PostProcessingPipeline[0]
      running zzzUnity.Burst.CodeGen.BurstILPostProcessor
[40m[32minfo[39m[22m[49m: Microsoft.AspNetCore.Hosting.Diagnostics[1]
      Request starting HTTP/2 POST http://ilpp/UnityILPP.PostProcessing/PostProcessAssembly application/grpc -
[40m[32minfo[39m[22m[49m: Microsoft.AspNetCore.Routing.EndpointMiddleware[0]
      Executing endpoint 'gRPC - /UnityILPP.PostProcessing/PostProcessAssembly'
[40m[32minfo[39m[22m[49m: Unity.ILPP.Runner.PostProcessingPipeline[0]
      Processing assembly Library/Bee/artifacts/200b0aE.dag/AssemblyA.Contracts.dll, with 117 defines and 140 references
[40m[32minfo[39m[22m[49m: Unity.ILPP.Runner.PostProcessingPipeline[0]
      processors: HybridCLR.AssemblyShadow.CodeGen.ReflectionBindingsILPostProcessor, zzzUnity.Burst.CodeGen.BurstILPostProcessor
[40m[32minfo[39m[22m[49m: Unity.ILPP.Runner.PostProcessingPipeline[0]
      running HybridCLR.AssemblyShadow.CodeGen.ReflectionBindingsILPostProcessor
[40m[32minfo[39m[22m[49m: Unity.ILPP.Runner.PostProcessingPipeline[0]
      running zzzUnity.Burst.CodeGen.BurstILPostProcessor
[40m[32minfo[39m[22m[49m: Microsoft.AspNetCore.Routing.EndpointMiddleware[1]
      Executed endpoint 'gRPC - /UnityILPP.PostProcessing/PostProcessAssembly'
[40m[32minfo[39m[22m[49m: Microsoft.AspNetCore.Hosting.Diagnostics[2]
      Request finished HTTP/2 POST http://ilpp/UnityILPP.PostProcessing/PostProcessAssembly application/grpc - - 200 - application/grpc 8.4327ms
[40m[32minfo[39m[22m[49m: Unity.ILPP.Runner.PostProcessingPipeline[0]
      Processing assembly Library/Bee/artifacts/200b0aE.dag/Unity.RenderPipeline.Universal.ShaderLibrary.dll, with 117 defines and 230 references
[40m[32minfo[39m[22m[49m: Unity.ILPP.Runner.PostProcessingPipeline[0]
      processors: HybridCLR.AssemblyShadow.CodeGen.ReflectionBindingsILPostProcessor, zzzUnity.Burst.CodeGen.BurstILPostProcessor
[40m[32minfo[39m[22m[49m: Unity.ILPP.Runner.PostProcessingPipeline[0]
      running HybridCLR.AssemblyShadow.CodeGen.ReflectionBindingsILPostProcessor
[40m[32minfo[39m[22m[49m: Unity.ILPP.Runner.PostProcessingPipeline[0]
      running zzzUnity.Burst.CodeGen.BurstILPostProcessor
[40m[32minfo[39m[22m[49m: Microsoft.AspNetCore.Routing.EndpointMiddleware[1]
      Executed endpoint 'gRPC - /UnityILPP.PostProcessing/PostProcessAssembly'
[40m[32minfo[39m[22m[49m: Microsoft.AspNetCore.Hosting.Diagnostics[2]
      Request finished HTTP/2 POST http://ilpp/UnityILPP.PostProcessing/PostProcessAssembly application/grpc - - 200 - application/grpc 20.8331ms
[40m[32minfo[39m[22m[49m: Microsoft.AspNetCore.Hosting.Diagnostics[1]
      Request starting HTTP/2 POST http://ilpp/UnityILPP.PostProcessing/PostProcessAssembly application/grpc -
[40m[32minfo[39m[22m[49m: Microsoft.AspNetCore.Routing.EndpointMiddleware[0]
      Executing endpoint 'gRPC - /UnityILPP.PostProcessing/PostProcessAssembly'
[40m[32minfo[39m[22m[49m: Unity.ILPP.Runner.PostProcessingPipeline[0]
      Processing assembly Library/Bee/artifacts/200b0aE.dag/AssemblyShadowDemo.Bootstrap.dll, with 117 defines and 232 references
[40m[32minfo[39m[22m[49m: Unity.ILPP.Runner.PostProcessingPipeline[0]
      processors: HybridCLR.AssemblyShadow.CodeGen.ReflectionBindingsILPostProcessor, zzzUnity.Burst.CodeGen.BurstILPostProcessor
[40m[32minfo[39m[22m[49m: Unity.ILPP.Runner.PostProcessingPipeline[0]
      running HybridCLR.AssemblyShadow.CodeGen.ReflectionBindingsILPostProcessor
[40m[32minfo[39m[22m[49m: Unity.ILPP.Runner.PostProcessingPipeline[0]
      running zzzUnity.Burst.CodeGen.BurstILPostProcessor
[40m[32minfo[39m[22m[49m: Microsoft.AspNetCore.Routing.EndpointMiddleware[1]
      Executed endpoint 'gRPC - /UnityILPP.PostProcessing/PostProcessAssembly'
[40m[32minfo[39m[22m[49m: Microsoft.AspNetCore.Hosting.Diagnostics[2]
      Request finished HTTP/2 POST http://ilpp/UnityILPP.PostProcessing/PostProcessAssembly application/grpc - - 200 - application/grpc 1.3619ms
[40m[32minfo[39m[22m[49m: Unity.ILPP.Runner.PostProcessingAssemblyLoadContext[0]
      Resolved Unity.Burst.Cecil.Rocks, Version=0.11.4.0, Culture=neutral, PublicKeyToken=50cebf1cceb9d05e with Library/PackageCache/com.unity.burst@1.8.21/Unity.Burst.CodeGen/Unity.Burst.Cecil.Rocks.dll
[40m[32minfo[39m[22m[49m: Microsoft.AspNetCore.Routing.EndpointMiddleware[1]
      Executed endpoint 'gRPC - /UnityILPP.PostProcessing/PostProcessAssembly'
[40m[32minfo[39m[22m[49m: Microsoft.AspNetCore.Hosting.Diagnostics[2]
      Request finished HTTP/2 POST http://ilpp/UnityILPP.PostProcessing/PostProcessAssembly application/grpc - - 200 - application/grpc 142.2612ms
[40m[32minfo[39m[22m[49m: Microsoft.AspNetCore.Hosting.Diagnostics[1]
      Request starting HTTP/2 POST http://ilpp/UnityILPP.PostProcessing/PostProcessAssembly application/grpc -
[40m[32minfo[39m[22m[49m: Microsoft.AspNetCore.Routing.EndpointMiddleware[0]
      Executing endpoint 'gRPC - /UnityILPP.PostProcessing/PostProcessAssembly'
[40m[32minfo[39m[22m[49m: Unity.ILPP.Runner.PostProcessingPipeline[0]
      Processing assembly Library/Bee/artifacts/200b0aE.dag/Unity.2D.Tilemap.Extras.dll, with 117 defines and 229 references
[40m[32minfo[39m[22m[49m: Unity.ILPP.Runner.PostProcessingPipeline[0]
      processors: HybridCLR.AssemblyShadow.CodeGen.ReflectionBindingsILPostProcessor, zzzUnity.Burst.CodeGen.BurstILPostProcessor
[40m[32minfo[39m[22m[49m: Unity.ILPP.Runner.PostProcessingPipeline[0]
      running HybridCLR.AssemblyShadow.CodeGen.ReflectionBindingsILPostProcessor
[40m[32minfo[39m[22m[49m: Unity.ILPP.Runner.PostProcessingPipeline[0]
      running zzzUnity.Burst.CodeGen.BurstILPostProcessor
[40m[32minfo[39m[22m[49m: Microsoft.AspNetCore.Hosting.Diagnostics[1]
      Request starting HTTP/2 POST http://ilpp/UnityILPP.PostProcessing/PostProcessAssembly application/grpc -
[40m[32minfo[39m[22m[49m: Microsoft.AspNetCore.Routing.EndpointMiddleware[0]
      Executing endpoint 'gRPC - /UnityILPP.PostProcessing/PostProcessAssembly'
[40m[32minfo[39m[22m[49m: Microsoft.AspNetCore.Routing.EndpointMiddleware[1]
      Executed endpoint 'gRPC - /UnityILPP.PostProcessing/PostProcessAssembly'
[40m[32minfo[39m[22m[49m: Microsoft.AspNetCore.Hosting.Diagnostics[2]
      Request finished HTTP/2 POST http://ilpp/UnityILPP.PostProcessing/PostProcessAssembly application/grpc - - 200 - application/grpc 12.1063ms
[40m[32minfo[39m[22m[49m: Microsoft.AspNetCore.Hosting.Diagnostics[1]
      Request starting HTTP/2 POST http://ilpp/UnityILPP.PostProcessing/PostProcessAssembly application/grpc -
[40m[32minfo[39m[22m[49m: Microsoft.AspNetCore.Routing.EndpointMiddleware[0]
      Executing endpoint 'gRPC - /UnityILPP.PostProcessing/PostProcessAssembly'
[40m[32minfo[39m[22m[49m: Microsoft.AspNetCore.Hosting.Diagnostics[1]
      Request starting HTTP/2 POST http://ilpp/UnityILPP.PostProcessing/PostProcessAssembly application/grpc -
[40m[32minfo[39m[22m[49m: Microsoft.AspNetCore.Routing.EndpointMiddleware[0]
      Executing endpoint 'gRPC - /UnityILPP.PostProcessing/PostProcessAssembly'
[40m[32minfo[39m[22m[49m: Microsoft.AspNetCore.Hosting.Diagnostics[1]
      Request starting HTTP/2 POST http://ilpp/UnityILPP.PostProcessing/PostProcessAssembly application/grpc -
[40m[32minfo[39m[22m[49m: Microsoft.AspNetCore.Routing.EndpointMiddleware[0]
      Executing endpoint 'gRPC - /UnityILPP.PostProcessing/PostProcessAssembly'
[40m[32minfo[39m[22m[49m: Unity.ILPP.Runner.PostProcessingPipeline[0]
      Processing assembly Library/Bee/artifacts/200b0aE.dag/Unity.RenderPipelines.Core.Runtime.dll, with 119 defines and 229 references
[40m[32minfo[39m[22m[49m: Unity.ILPP.Runner.PostProcessingPipeline[0]
      processors: HybridCLR.AssemblyShadow.CodeGen.ReflectionBindingsILPostProcessor, zzzUnity.Burst.CodeGen.BurstILPostProcessor
[40m[32minfo[39m[22m[49m: Unity.ILPP.Runner.PostProcessingPipeline[0]
      running HybridCLR.AssemblyShadow.CodeGen.ReflectionBindingsILPostProcessor
[40m[32minfo[39m[22m[49m: Unity.ILPP.Runner.PostProcessingPipeline[0]
      running zzzUnity.Burst.CodeGen.BurstILPostProcessor
[40m[32minfo[39m[22m[49m: Microsoft.AspNetCore.Routing.EndpointMiddleware[1]
      Executed endpoint 'gRPC - /UnityILPP.PostProcessing/PostProcessAssembly'
[40m[32minfo[39m[22m[49m: Microsoft.AspNetCore.Hosting.Diagnostics[2]
      Request finished HTTP/2 POST http://ilpp/UnityILPP.PostProcessing/PostProcessAssembly application/grpc - - 200 - application/grpc 14.6890ms
[40m[32minfo[39m[22m[49m: Microsoft.AspNetCore.Hosting.Diagnostics[1]
      Request starting HTTP/2 POST http://ilpp/UnityILPP.PostProcessing/PostProcessAssembly application/grpc -
[40m[32minfo[39m[22m[49m: Microsoft.AspNetCore.Routing.EndpointMiddleware[0]
      Executing endpoint 'gRPC - /UnityILPP.PostProcessing/PostProcessAssembly'
[40m[32minfo[39m[22m[49m: Unity.ILPP.Runner.PostProcessingPipeline[0]
      Processing assembly Library/Bee/artifacts/200b0aE.dag/Unity.VisualScripting.State.dll, with 117 defines and 231 references
[40m[32minfo[39m[22m[49m: Unity.ILPP.Runner.PostProcessingPipeline[0]
      processors: HybridCLR.AssemblyShadow.CodeGen.ReflectionBindingsILPostProcessor, zzzUnity.Burst.CodeGen.BurstILPostProcessor
[40m[32minfo[39m[22m[49m: Unity.ILPP.Runner.PostProcessingPipeline[0]
      running HybridCLR.AssemblyShadow.CodeGen.ReflectionBindingsILPostProcessor
[40m[32minfo[39m[22m[49m: Unity.ILPP.Runner.PostProcessingPipeline[0]
      running zzzUnity.Burst.CodeGen.BurstILPostProcessor
[40m[32minfo[39m[22m[49m: Unity.ILPP.Runner.PostProcessingPipeline[0]
      Processing assembly Library/Bee/artifacts/200b0aE.dag/Unity.VisualScripting.Core.dll, with 120 defines and 229 references
[40m[32minfo[39m[22m[49m: Unity.ILPP.Runner.PostProcessingPipeline[0]
      processors: HybridCLR.AssemblyShadow.CodeGen.ReflectionBindingsILPostProcessor, zzzUnity.Burst.CodeGen.BurstILPostProcessor
[40m[32minfo[39m[22m[49m: Microsoft.AspNetCore.Routing.EndpointMiddleware[1]
      Executed endpoint 'gRPC - /UnityILPP.PostProcessing/PostProcessAssembly'
[40m[32minfo[39m[22m[49m: Microsoft.AspNetCore.Hosting.Diagnostics[2]
      Request finished HTTP/2 POST http://ilpp/UnityILPP.PostProcessing/PostProcessAssembly application/grpc - - 200 - application/grpc 11.7453ms
[40m[32minfo[39m[22m[49m: Unity.ILPP.Runner.PostProcessingPipeline[0]
      running HybridCLR.AssemblyShadow.CodeGen.ReflectionBindingsILPostProcessor
[40m[32minfo[39m[22m[49m: Unity.ILPP.Runner.PostProcessingPipeline[0]
      running zzzUnity.Burst.CodeGen.BurstILPostProcessor
[40m[32minfo[39m[22m[49m: Microsoft.AspNetCore.Hosting.Diagnostics[1]
      Request starting HTTP/2 POST http://ilpp/UnityILPP.PostProcessing/PostProcessAssembly application/grpc -
[40m[32minfo[39m[22m[49m: Microsoft.AspNetCore.Routing.EndpointMiddleware[0]
      Executing endpoint 'gRPC - /UnityILPP.PostProcessing/PostProcessAssembly'
[40m[32minfo[39m[22m[49m: Unity.ILPP.Runner.PostProcessingPipeline[0]
      Processing assembly Library/Bee/artifacts/200b0aE.dag/Unity.RenderPipelines.ShaderGraph.ShaderGraphLibrary.dll, with 117 defines and 229 references
[40m[32minfo[39m[22m[49m: Unity.ILPP.Runner.PostProcessingPipeline[0]
      processors: HybridCLR.AssemblyShadow.CodeGen.ReflectionBindingsILPostProcessor, zzzUnity.Burst.CodeGen.BurstILPostProcessor
[40m[32minfo[39m[22m[49m: Unity.ILPP.Runner.PostProcessingPipeline[0]
      running HybridCLR.AssemblyShadow.CodeGen.ReflectionBindingsILPostProcessor
[40m[32minfo[39m[22m[49m: Unity.ILPP.Runner.PostProcessingPipeline[0]
      running zzzUnity.Burst.CodeGen.BurstILPostProcessor
[40m[32minfo[39m[22m[49m: Microsoft.AspNetCore.Routing.EndpointMiddleware[1]
      Executed endpoint 'gRPC - /UnityILPP.PostProcessing/PostProcessAssembly'
[40m[32minfo[39m[22m[49m: Microsoft.AspNetCore.Hosting.Diagnostics[2]
      Request finished HTTP/2 POST http://ilpp/UnityILPP.PostProcessing/PostProcessAssembly application/grpc - - 200 - application/grpc 12.3185ms
[40m[32minfo[39m[22m[49m: Unity.ILPP.Runner.PostProcessingPipeline[0]
      Processing assembly Library/Bee/artifacts/200b0aE.dag/Unity.2D.PixelPerfect.dll, with 118 defines and 229 references
[40m[32minfo[39m[22m[49m: Unity.ILPP.Runner.PostProcessingPipeline[0]
      processors: HybridCLR.AssemblyShadow.CodeGen.ReflectionBindingsILPostProcessor, zzzUnity.Burst.CodeGen.BurstILPostProcessor
[40m[32minfo[39m[22m[49m: Unity.ILPP.Runner.PostProcessingPipeline[0]
      running HybridCLR.AssemblyShadow.CodeGen.ReflectionBindingsILPostProcessor
[40m[32minfo[39m[22m[49m: Unity.ILPP.Runner.PostProcessingPipeline[0]
      running zzzUnity.Burst.CodeGen.BurstILPostProcessor
[40m[32minfo[39m[22m[49m: Microsoft.AspNetCore.Routing.EndpointMiddleware[1]
      Executed endpoint 'gRPC - /UnityILPP.PostProcessing/PostProcessAssembly'
[40m[32minfo[39m[22m[49m: Unity.ILPP.Runner.PostProcessingPipeline[0]
      Processing assembly Library/Bee/artifacts/200b0aE.dag/Unity.RenderPipelines.Core.ShaderLibrary.dll, with 117 defines and 229 references
[40m[32minfo[39m[22m[49m: Microsoft.AspNetCore.Hosting.Diagnostics[2]
      Request finished HTTP/2 POST http://ilpp/UnityILPP.PostProcessing/PostProcessAssembly application/grpc - - 200 - application/grpc 14.3174ms
[40m[32minfo[39m[22m[49m: Unity.ILPP.Runner.PostProcessingPipeline[0]
      processors: HybridCLR.AssemblyShadow.CodeGen.ReflectionBindingsILPostProcessor, zzzUnity.Burst.CodeGen.BurstILPostProcessor
[40m[32minfo[39m[22m[49m: Unity.ILPP.Runner.PostProcessingPipeline[0]
      running HybridCLR.AssemblyShadow.CodeGen.ReflectionBindingsILPostProcessor
[40m[32minfo[39m[22m[49m: Unity.ILPP.Runner.PostProcessingPipeline[0]
      running zzzUnity.Burst.CodeGen.BurstILPostProcessor
[40m[32minfo[39m[22m[49m: Microsoft.AspNetCore.Routing.EndpointMiddleware[1]
      Executed endpoint 'gRPC - /UnityILPP.PostProcessing/PostProcessAssembly'
[40m[32minfo[39m[22m[49m: Microsoft.AspNetCore.Hosting.Diagnostics[2]
      Request finished HTTP/2 POST http://ilpp/UnityILPP.PostProcessing/PostProcessAssembly application/grpc - - 200 - application/grpc 17.4807ms
[40m[32minfo[39m[22m[49m: Microsoft.AspNetCore.Hosting.Diagnostics[1]
      Request starting HTTP/2 POST http://ilpp/UnityILPP.PostProcessing/PostProcessAssembly application/grpc -
[40m[32minfo[39m[22m[49m: Microsoft.AspNetCore.Routing.EndpointMiddleware[0]
      Executing endpoint 'gRPC - /UnityILPP.PostProcessing/PostProcessAssembly'
[40m[32minfo[39m[22m[49m: Microsoft.AspNetCore.Routing.EndpointMiddleware[1]
      Executed endpoint 'gRPC - /UnityILPP.PostProcessing/PostProcessAssembly'
[40m[32minfo[39m[22m[49m: Microsoft.AspNetCore.Hosting.Diagnostics[2]
      Request finished HTTP/2 POST http://ilpp/UnityILPP.PostProcessing/PostProcessAssembly application/grpc - - 200 - application/grpc 16.8982ms
[40m[32minfo[39m[22m[49m: Microsoft.AspNetCore.Hosting.Diagnostics[1]
      Request starting HTTP/2 POST http://ilpp/UnityILPP.PostProcessing/PostProcessAssembly application/grpc -
[40m[32minfo[39m[22m[49m: Microsoft.AspNetCore.Routing.EndpointMiddleware[0]
      Executing endpoint 'gRPC - /UnityILPP.PostProcessing/PostProcessAssembly'
[40m[32minfo[39m[22m[49m: Unity.ILPP.Runner.PostProcessingPipeline[0]
      Processing assembly Library/Bee/artifacts/200b0aE.dag/AssemblyA.Implementation.Extensibility.dll, with 117 defines and 230 references
[40m[32minfo[39m[22m[49m: Unity.ILPP.Runner.PostProcessingPipeline[0]
      processors: HybridCLR.AssemblyShadow.CodeGen.ReflectionBindingsILPostProcessor, zzzUnity.Burst.CodeGen.BurstILPostProcessor
[40m[32minfo[39m[22m[49m: Unity.ILPP.Runner.PostProcessingPipeline[0]
      running HybridCLR.AssemblyShadow.CodeGen.ReflectionBindingsILPostProcessor
[40m[32minfo[39m[22m[49m: Unity.ILPP.Runner.PostProcessingPipeline[0]
      running zzzUnity.Burst.CodeGen.BurstILPostProcessor
[40m[32minfo[39m[22m[49m: Microsoft.AspNetCore.Routing.EndpointMiddleware[1]
      Executed endpoint 'gRPC - /UnityILPP.PostProcessing/PostProcessAssembly'
[40m[32minfo[39m[22m[49m: Microsoft.AspNetCore.Hosting.Diagnostics[2]
      Request finished HTTP/2 POST http://ilpp/UnityILPP.PostProcessing/PostProcessAssembly application/grpc - - 200 - application/grpc 11.6674ms
[40m[32minfo[39m[22m[49m: Unity.ILPP.Runner.PostProcessingPipeline[0]
      Processing assembly Library/Bee/artifacts/200b0aE.dag/UnityEngine.UI.dll, with 122 defines and 227 references
[40m[32minfo[39m[22m[49m: Unity.ILPP.Runner.PostProcessingPipeline[0]
      processors: HybridCLR.AssemblyShadow.CodeGen.ReflectionBindingsILPostProcessor, zzzUnity.Burst.CodeGen.BurstILPostProcessor
[40m[32minfo[39m[22m[49m: Unity.ILPP.Runner.PostProcessingPipeline[0]
      running HybridCLR.AssemblyShadow.CodeGen.ReflectionBindingsILPostProcessor
[40m[32minfo[39m[22m[49m: Unity.ILPP.Runner.PostProcessingPipeline[0]
      running zzzUnity.Burst.CodeGen.BurstILPostProcessor
[40m[32minfo[39m[22m[49m: Microsoft.AspNetCore.Routing.EndpointMiddleware[1]
      Executed endpoint 'gRPC - /UnityILPP.PostProcessing/PostProcessAssembly'
[40m[32minfo[39m[22m[49m: Microsoft.AspNetCore.Hosting.Diagnostics[2]
      Request finished HTTP/2 POST http://ilpp/UnityILPP.PostProcessing/PostProcessAssembly application/grpc - - 200 - application/grpc 8.4292ms
[40m[32minfo[39m[22m[49m: Microsoft.AspNetCore.Routing.EndpointMiddleware[1]
      Executed endpoint 'gRPC - /UnityILPP.PostProcessing/PostProcessAssembly'
[40m[32minfo[39m[22m[49m: Microsoft.AspNetCore.Hosting.Diagnostics[2]
      Request finished HTTP/2 POST http://ilpp/UnityILPP.PostProcessing/PostProcessAssembly application/grpc - - 200 - application/grpc 389.5385ms
[40m[32minfo[39m[22m[49m: Microsoft.AspNetCore.Hosting.Diagnostics[1]
      Request starting HTTP/2 POST http://ilpp/UnityILPP.PostProcessing/PostProcessAssembly application/grpc -
[40m[32minfo[39m[22m[49m: Microsoft.AspNetCore.Routing.EndpointMiddleware[0]
      Executing endpoint 'gRPC - /UnityILPP.PostProcessing/PostProcessAssembly'
[40m[32minfo[39m[22m[49m: Unity.ILPP.Runner.PostProcessingPipeline[0]
      Processing assembly Library/Bee/artifacts/200b0aE.dag/AssemblyShadowBaseline.Aot.dll, with 117 defines and 230 references
[40m[32minfo[39m[22m[49m: Unity.ILPP.Runner.PostProcessingPipeline[0]
      processors: HybridCLR.AssemblyShadow.CodeGen.ReflectionBindingsILPostProcessor, zzzUnity.Burst.CodeGen.BurstILPostProcessor
[40m[32minfo[39m[22m[49m: Unity.ILPP.Runner.PostProcessingPipeline[0]
      running HybridCLR.AssemblyShadow.CodeGen.ReflectionBindingsILPostProcessor
[40m[32minfo[39m[22m[49m: Unity.ILPP.Runner.PostProcessingPipeline[0]
      running zzzUnity.Burst.CodeGen.BurstILPostProcessor
[40m[32minfo[39m[22m[49m: Microsoft.AspNetCore.Routing.EndpointMiddleware[1]
      Executed endpoint 'gRPC - /UnityILPP.PostProcessing/PostProcessAssembly'
[40m[32minfo[39m[22m[49m: Microsoft.AspNetCore.Hosting.Diagnostics[2]
      Request finished HTTP/2 POST http://ilpp/UnityILPP.PostProcessing/PostProcessAssembly application/grpc - - 200 - application/grpc 1.2915ms
[40m[32minfo[39m[22m[49m: Microsoft.AspNetCore.Hosting.Diagnostics[1]
      Request starting HTTP/2 POST http://ilpp/UnityILPP.PostProcessing/PostProcessAssembly application/grpc -
[40m[32minfo[39m[22m[49m: Microsoft.AspNetCore.Routing.EndpointMiddleware[0]
      Executing endpoint 'gRPC - /UnityILPP.PostProcessing/PostProcessAssembly'
[40m[32minfo[39m[22m[49m: Unity.ILPP.Runner.PostProcessingPipeline[0]
      Processing assembly Library/Bee/artifacts/200b0aE.dag/Unity.RenderPipelines.Universal.Runtime.dll, with 122 defines and 235 references
[40m[32minfo[39m[22m[49m: Unity.ILPP.Runner.PostProcessingPipeline[0]
      processors: HybridCLR.AssemblyShadow.CodeGen.ReflectionBindingsILPostProcessor, zzzUnity.Burst.CodeGen.BurstILPostProcessor
[40m[32minfo[39m[22m[49m: Unity.ILPP.Runner.PostProcessingPipeline[0]
      running HybridCLR.AssemblyShadow.CodeGen.ReflectionBindingsILPostProcessor
[40m[32minfo[39m[22m[49m: Unity.ILPP.Runner.PostProcessingPipeline[0]
      running zzzUnity.Burst.CodeGen.BurstILPostProcessor
[40m[32minfo[39m[22m[49m: Microsoft.AspNetCore.Hosting.Diagnostics[1]
      Request starting HTTP/2 POST http://ilpp/UnityILPP.PostProcessing/PostProcessAssembly application/grpc -
[40m[32minfo[39m[22m[49m: Microsoft.AspNetCore.Routing.EndpointMiddleware[0]
      Executing endpoint 'gRPC - /UnityILPP.PostProcessing/PostProcessAssembly'
[40m[32minfo[39m[22m[49m: Unity.ILPP.Runner.PostProcessingPipeline[0]
      Processing assembly Library/Bee/artifacts/200b0aE.dag/Unity.Collections.dll, with 117 defines and 231 references
[40m[32minfo[39m[22m[49m: Unity.ILPP.Runner.PostProcessingPipeline[0]
      processors: HybridCLR.AssemblyShadow.CodeGen.ReflectionBindingsILPostProcessor, zzzUnity.Burst.CodeGen.BurstILPostProcessor
[40m[32minfo[39m[22m[49m: Unity.ILPP.Runner.PostProcessingPipeline[0]
      running HybridCLR.AssemblyShadow.CodeGen.ReflectionBindingsILPostProcessor
[40m[32minfo[39m[22m[49m: Unity.ILPP.Runner.PostProcessingPipeline[0]
      running zzzUnity.Burst.CodeGen.BurstILPostProcessor
[40m[32minfo[39m[22m[49m: Microsoft.AspNetCore.Routing.EndpointMiddleware[1]
      Executed endpoint 'gRPC - /UnityILPP.PostProcessing/PostProcessAssembly'
[40m[32minfo[39m[22m[49m: Microsoft.AspNetCore.Hosting.Diagnostics[2]
      Request finished HTTP/2 POST http://ilpp/UnityILPP.PostProcessing/PostProcessAssembly application/grpc - - 200 - application/grpc 86.5184ms
[40m[32minfo[39m[22m[49m: Microsoft.AspNetCore.Hosting.Diagnostics[1]
      Request starting HTTP/2 POST http://ilpp/UnityILPP.PostProcessing/PostProcessAssembly application/grpc -
[40m[32minfo[39m[22m[49m: Microsoft.AspNetCore.Routing.EndpointMiddleware[0]
      Executing endpoint 'gRPC - /UnityILPP.PostProcessing/PostProcessAssembly'
[40m[32minfo[39m[22m[49m: Microsoft.AspNetCore.Hosting.Diagnostics[1]
      Request starting HTTP/2 POST http://ilpp/UnityILPP.PostProcessing/PostProcessAssembly application/grpc -
[40m[32minfo[39m[22m[49m: Microsoft.AspNetCore.Routing.EndpointMiddleware[0]
      Executing endpoint 'gRPC - /UnityILPP.PostProcessing/PostProcessAssembly'
[40m[32minfo[39m[22m[49m: Microsoft.AspNetCore.Hosting.Diagnostics[1]
      Request starting HTTP/2 POST http://ilpp/UnityILPP.PostProcessing/PostProcessAssembly application/grpc -
[40m[32minfo[39m[22m[49m: Microsoft.AspNetCore.Routing.EndpointMiddleware[0]
      Executing endpoint 'gRPC - /UnityILPP.PostProcessing/PostProcessAssembly'
[40m[32minfo[39m[22m[49m: Unity.ILPP.Runner.PostProcessingPipeline[0]
      Processing assembly Library/Bee/artifacts/200b0aE.dag/Unity.TextMeshPro.dll, with 118 defines and 229 references
[40m[32minfo[39m[22m[49m: Unity.ILPP.Runner.PostProcessingPipeline[0]
      processors: HybridCLR.AssemblyShadow.CodeGen.ReflectionBindingsILPostProcessor, zzzUnity.Burst.CodeGen.BurstILPostProcessor
[40m[32minfo[39m[22m[49m: Unity.ILPP.Runner.PostProcessingPipeline[0]
      running HybridCLR.AssemblyShadow.CodeGen.ReflectionBindingsILPostProcessor
[40m[32minfo[39m[22m[49m: Unity.ILPP.Runner.PostProcessingPipeline[0]
      running zzzUnity.Burst.CodeGen.BurstILPostProcessor
[40m[32minfo[39m[22m[49m: Microsoft.AspNetCore.Hosting.Diagnostics[1]
      Request starting HTTP/2 POST http://ilpp/UnityILPP.PostProcessing/PostProcessAssembly application/grpc -
[40m[32minfo[39m[22m[49m: Microsoft.AspNetCore.Routing.EndpointMiddleware[1]
      Executed endpoint 'gRPC - /UnityILPP.PostProcessing/PostProcessAssembly'
[40m[32minfo[39m[22m[49m: Microsoft.AspNetCore.Routing.EndpointMiddleware[0]
      Executing endpoint 'gRPC - /UnityILPP.PostProcessing/PostProcessAssembly'
[40m[32minfo[39m[22m[49m: Microsoft.AspNetCore.Hosting.Diagnostics[2]
      Request finished HTTP/2 POST http://ilpp/UnityILPP.PostProcessing/PostProcessAssembly application/grpc - - 200 - application/grpc 5.9616ms
[40m[32minfo[39m[22m[49m: Microsoft.AspNetCore.Hosting.Diagnostics[1]
      Request starting HTTP/2 POST http://ilpp/UnityILPP.PostProcessing/PostProcessAssembly application/grpc -
[40m[32minfo[39m[22m[49m: Microsoft.AspNetCore.Routing.EndpointMiddleware[0]
      Executing endpoint 'gRPC - /UnityILPP.PostProcessing/PostProcessAssembly'
[40m[32minfo[39m[22m[49m: Unity.ILPP.Runner.PostProcessingPipeline[0]
      Processing assembly Library/Bee/artifacts/200b0aE.dag/Unity.Mathematics.dll, with 117 defines and 229 references
[40m[32minfo[39m[22m[49m: Unity.ILPP.Runner.PostProcessingPipeline[0]
      processors: HybridCLR.AssemblyShadow.CodeGen.ReflectionBindingsILPostProcessor, zzzUnity.Burst.CodeGen.BurstILPostProcessor
[40m[32minfo[39m[22m[49m: Unity.ILPP.Runner.PostProcessingPipeline[0]
      running HybridCLR.AssemblyShadow.CodeGen.ReflectionBindingsILPostProcessor
[40m[32minfo[39m[22m[49m: Unity.ILPP.Runner.PostProcessingPipeline[0]
      running zzzUnity.Burst.CodeGen.BurstILPostProcessor
[40m[32minfo[39m[22m[49m: Microsoft.AspNetCore.Routing.EndpointMiddleware[1]
      Executed endpoint 'gRPC - /UnityILPP.PostProcessing/PostProcessAssembly'
[40m[32minfo[39m[22m[49m: Microsoft.AspNetCore.Hosting.Diagnostics[2]
      Request finished HTTP/2 POST http://ilpp/UnityILPP.PostProcessing/PostProcessAssembly application/grpc - - 200 - application/grpc 9.3557ms
[40m[32minfo[39m[22m[49m: Microsoft.AspNetCore.Hosting.Diagnostics[1]
      Request starting HTTP/2 POST http://ilpp/UnityILPP.PostProcessing/PostProcessAssembly application/grpc -
[40m[32minfo[39m[22m[49m: Microsoft.AspNetCore.Routing.EndpointMiddleware[0]
      Executing endpoint 'gRPC - /UnityILPP.PostProcessing/PostProcessAssembly'
[40m[32minfo[39m[22m[49m: Microsoft.AspNetCore.Hosting.Diagnostics[1]
      Request starting HTTP/2 POST http://ilpp/UnityILPP.PostProcessing/PostProcessAssembly application/grpc -
[40m[32minfo[39m[22m[49m: Microsoft.AspNetCore.Routing.EndpointMiddleware[0]
      Executing endpoint 'gRPC - /UnityILPP.PostProcessing/PostProcessAssembly'
[40m[32minfo[39m[22m[49m: Unity.ILPP.Runner.PostProcessingPipeline[0]
      Processing assembly Library/Bee/artifacts/200b0aE.dag/MCPForUnity.Runtime.dll, with 117 defines and 218 references
[40m[32minfo[39m[22m[49m: Unity.ILPP.Runner.PostProcessingPipeline[0]
      processors: HybridCLR.AssemblyShadow.CodeGen.ReflectionBindingsILPostProcessor, zzzUnity.Burst.CodeGen.BurstILPostProcessor
[40m[32minfo[39m[22m[49m: Unity.ILPP.Runner.PostProcessingPipeline[0]
      running HybridCLR.AssemblyShadow.CodeGen.ReflectionBindingsILPostProcessor
[40m[32minfo[39m[22m[49m: Unity.ILPP.Runner.PostProcessingPipeline[0]
      running zzzUnity.Burst.CodeGen.BurstILPostProcessor
[40m[32minfo[39m[22m[49m: Unity.ILPP.Runner.PostProcessingPipeline[0]
      Processing assembly Library/Bee/artifacts/200b0aE.dag/Unity.RenderPipelines.Universal.Shaders.dll, with 117 defines and 229 references
[40m[32minfo[39m[22m[49m: Unity.ILPP.Runner.PostProcessingPipeline[0]
      processors: HybridCLR.AssemblyShadow.CodeGen.ReflectionBindingsILPostProcessor, zzzUnity.Burst.CodeGen.BurstILPostProcessor
[40m[32minfo[39m[22m[49m: Unity.ILPP.Runner.PostProcessingPipeline[0]
      running HybridCLR.AssemblyShadow.CodeGen.ReflectionBindingsILPostProcessor
[40m[32minfo[39m[22m[49m: Unity.ILPP.Runner.PostProcessingPipeline[0]
      running zzzUnity.Burst.CodeGen.BurstILPostProcessor
[40m[32minfo[39m[22m[49m: Unity.ILPP.Runner.PostProcessingPipeline[0]
      Processing assembly Library/Bee/artifacts/200b0aE.dag/Unity.2D.Common.Runtime.dll, with 117 defines and 230 references
[40m[32minfo[39m[22m[49m: Unity.ILPP.Runner.PostProcessingPipeline[0]
      processors: HybridCLR.AssemblyShadow.CodeGen.ReflectionBindingsILPostProcessor, zzzUnity.Burst.CodeGen.BurstILPostProcessor
[40m[32minfo[39m[22m[49m: Unity.ILPP.Runner.PostProcessingPipeline[0]
      Processing assembly Library/Bee/artifacts/200b0aE.dag/Unity.Timeline.dll, with 118 defines and 229 references
[40m[32minfo[39m[22m[49m: Unity.ILPP.Runner.PostProcessingPipeline[0]
      processors: HybridCLR.AssemblyShadow.CodeGen.ReflectionBindingsILPostProcessor, zzzUnity.Burst.CodeGen.BurstILPostProcessor
[40m[32minfo[39m[22m[49m: Unity.ILPP.Runner.PostProcessingPipeline[0]
      running HybridCLR.AssemblyShadow.CodeGen.ReflectionBindingsILPostProcessor
[40m[32minfo[39m[22m[49m: Unity.ILPP.Runner.PostProcessingPipeline[0]
      running zzzUnity.Burst.CodeGen.BurstILPostProcessor
[40m[32minfo[39m[22m[49m: Unity.ILPP.Runner.PostProcessingPipeline[0]
      running HybridCLR.AssemblyShadow.CodeGen.ReflectionBindingsILPostProcessor
[40m[32minfo[39m[22m[49m: Unity.ILPP.Runner.PostProcessingPipeline[0]
      running zzzUnity.Burst.CodeGen.BurstILPostProcessor
[40m[32minfo[39m[22m[49m: Microsoft.AspNetCore.Routing.EndpointMiddleware[1]
      Executed endpoint 'gRPC - /UnityILPP.PostProcessing/PostProcessAssembly'
[40m[32minfo[39m[22m[49m: Microsoft.AspNetCore.Routing.EndpointMiddleware[1]
      Executed endpoint 'gRPC - /UnityILPP.PostProcessing/PostProcessAssembly'
[40m[32minfo[39m[22m[49m: Microsoft.AspNetCore.Hosting.Diagnostics[2]
      Request finished HTTP/2 POST http://ilpp/UnityILPP.PostProcessing/PostProcessAssembly application/grpc - - 200 - application/grpc 3.1000ms
[40m[32minfo[39m[22m[49m: Microsoft.AspNetCore.Hosting.Diagnostics[2]
      Request finished HTTP/2 POST http://ilpp/UnityILPP.PostProcessing/PostProcessAssembly application/grpc - - 200 - application/grpc 26.0294ms
[40m[32minfo[39m[22m[49m: Unity.ILPP.Runner.PostProcessingPipeline[0]
      Processing assembly Library/Bee/artifacts/200b0aE.dag/Unity.2D.SpriteShape.Runtime.dll, with 118 defines and 232 references
[40m[32minfo[39m[22m[49m: Unity.ILPP.Runner.PostProcessingPipeline[0]
      processors: HybridCLR.AssemblyShadow.CodeGen.ReflectionBindingsILPostProcessor, zzzUnity.Burst.CodeGen.BurstILPostProcessor
[40m[32minfo[39m[22m[49m: Unity.ILPP.Runner.PostProcessingPipeline[0]
      running HybridCLR.AssemblyShadow.CodeGen.ReflectionBindingsILPostProcessor
[40m[32minfo[39m[22m[49m: Unity.ILPP.Runner.PostProcessingPipeline[0]
      running zzzUnity.Burst.CodeGen.BurstILPostProcessor
[40m[32minfo[39m[22m[49m: Microsoft.AspNetCore.Hosting.Diagnostics[1]
      Request starting HTTP/2 POST http://ilpp/UnityILPP.PostProcessing/PostProcessAssembly application/grpc -
[40m[32minfo[39m[22m[49m: Microsoft.AspNetCore.Routing.EndpointMiddleware[0]
      Executing endpoint 'gRPC - /UnityILPP.PostProcessing/PostProcessAssembly'
[40m[32minfo[39m[22m[49m: Microsoft.AspNetCore.Routing.EndpointMiddleware[1]
      Executed endpoint 'gRPC - /UnityILPP.PostProcessing/PostProcessAssembly'
[40m[32minfo[39m[22m[49m: Microsoft.AspNetCore.Hosting.Diagnostics[2]
      Request finished HTTP/2 POST http://ilpp/UnityILPP.PostProcessing/PostProcessAssembly application/grpc - - 200 - application/grpc 21.7241ms
[40m[32minfo[39m[22m[49m: Microsoft.AspNetCore.Routing.EndpointMiddleware[1]
      Executed endpoint 'gRPC - /UnityILPP.PostProcessing/PostProcessAssembly'
[40m[32minfo[39m[22m[49m: Microsoft.AspNetCore.Hosting.Diagnostics[2]
      Request finished HTTP/2 POST http://ilpp/UnityILPP.PostProcessing/PostProcessAssembly application/grpc - - 200 - application/grpc 43.3707ms
[40m[32minfo[39m[22m[49m: Unity.ILPP.Runner.PostProcessingPipeline[0]
      Processing assembly Library/Bee/artifacts/200b0aE.dag/Unity.Collections.BurstCompatibilityGen.dll, with 115 defines and 238 references
[40m[32minfo[39m[22m[49m: Unity.ILPP.Runner.PostProcessingPipeline[0]
      processors: HybridCLR.AssemblyShadow.CodeGen.ReflectionBindingsILPostProcessor, zzzUnity.Burst.CodeGen.BurstILPostProcessor
[40m[32minfo[39m[22m[49m: Unity.ILPP.Runner.PostProcessingPipeline[0]
      running HybridCLR.AssemblyShadow.CodeGen.ReflectionBindingsILPostProcessor
[40m[32minfo[39m[22m[49m: Unity.ILPP.Runner.PostProcessingPipeline[0]
      running zzzUnity.Burst.CodeGen.BurstILPostProcessor
[40m[32minfo[39m[22m[49m: Microsoft.AspNetCore.Routing.EndpointMiddleware[1]
      Executed endpoint 'gRPC - /UnityILPP.PostProcessing/PostProcessAssembly'
[40m[32minfo[39m[22m[49m: Microsoft.AspNetCore.Hosting.Diagnostics[2]
      Request finished HTTP/2 POST http://ilpp/UnityILPP.PostProcessing/PostProcessAssembly application/grpc - - 200 - application/grpc 43.9650ms
[40m[32minfo[39m[22m[49m: Microsoft.AspNetCore.Hosting.Diagnostics[1]
      Request starting HTTP/2 POST http://ilpp/UnityILPP.PostProcessing/PostProcessAssembly application/grpc -
[40m[32minfo[39m[22m[49m: Microsoft.AspNetCore.Routing.EndpointMiddleware[0]
      Executing endpoint 'gRPC - /UnityILPP.PostProcessing/PostProcessAssembly'
[40m[32minfo[39m[22m[49m: Microsoft.AspNetCore.Routing.EndpointMiddleware[1]
      Executed endpoint 'gRPC - /UnityILPP.PostProcessing/PostProcessAssembly'
[40m[32minfo[39m[22m[49m: Microsoft.AspNetCore.Hosting.Diagnostics[2]
      Request finished HTTP/2 POST http://ilpp/UnityILPP.PostProcessing/PostProcessAssembly application/grpc - - 200 - application/grpc 96.7158ms
[40m[32minfo[39m[22m[49m: Unity.ILPP.Runner.PostProcessingPipeline[0]
      Processing assembly Library/Bee/artifacts/200b0aE.dag/Unity.VisualScripting.State.Editor.dll, with 115 defines and 241 references
[40m[32minfo[39m[22m[49m: Unity.ILPP.Runner.PostProcessingPipeline[0]
      processors: HybridCLR.AssemblyShadow.CodeGen.ReflectionBindingsILPostProcessor, zzzUnity.Burst.CodeGen.BurstILPostProcessor
[40m[32minfo[39m[22m[49m: Unity.ILPP.Runner.PostProcessingPipeline[0]
      running HybridCLR.AssemblyShadow.CodeGen.ReflectionBindingsILPostProcessor
[40m[32minfo[39m[22m[49m: Unity.ILPP.Runner.PostProcessingPipeline[0]
      running zzzUnity.Burst.CodeGen.BurstILPostProcessor
[40m[32minfo[39m[22m[49m: Microsoft.AspNetCore.Routing.EndpointMiddleware[1]
      Executed endpoint 'gRPC - /UnityILPP.PostProcessing/PostProcessAssembly'
[40m[32minfo[39m[22m[49m: Microsoft.AspNetCore.Hosting.Diagnostics[2]
      Request finished HTTP/2 POST http://ilpp/UnityILPP.PostProcessing/PostProcessAssembly application/grpc - - 200 - application/grpc 15.0437ms
[40m[32minfo[39m[22m[49m: Microsoft.AspNetCore.Routing.EndpointMiddleware[1]
      Executed endpoint 'gRPC - /UnityILPP.PostProcessing/PostProcessAssembly'
[40m[32minfo[39m[22m[49m: Microsoft.AspNetCore.Hosting.Diagnostics[2]
      Request finished HTTP/2 POST http://ilpp/UnityILPP.PostProcessing/PostProcessAssembly application/grpc - - 200 - application/grpc 210.9168ms
[40m[32minfo[39m[22m[49m: Microsoft.AspNetCore.Hosting.Diagnostics[1]
      Request starting HTTP/2 POST http://ilpp/UnityILPP.PostProcessing/PostProcessAssembly application/grpc -
[40m[32minfo[39m[22m[49m: Microsoft.AspNetCore.Routing.EndpointMiddleware[0]
      Executing endpoint 'gRPC - /UnityILPP.PostProcessing/PostProcessAssembly'
[40m[32minfo[39m[22m[49m: Unity.ILPP.Runner.PostProcessingPipeline[0]
      Processing assembly Library/Bee/artifacts/200b0aE.dag/Unity.RenderPipelines.Universal.Editor.dll, with 116 defines and 242 references
[40m[32minfo[39m[22m[49m: Unity.ILPP.Runner.PostProcessingPipeline[0]
      processors: HybridCLR.AssemblyShadow.CodeGen.ReflectionBindingsILPostProcessor, zzzUnity.Burst.CodeGen.BurstILPostProcessor
[40m[32minfo[39m[22m[49m: Unity.ILPP.Runner.PostProcessingPipeline[0]
      running HybridCLR.AssemblyShadow.CodeGen.ReflectionBindingsILPostProcessor
[40m[32minfo[39m[22m[49m: Unity.ILPP.Runner.PostProcessingPipeline[0]
      running zzzUnity.Burst.CodeGen.BurstILPostProcessor
[40m[32minfo[39m[22m[49m: Microsoft.AspNetCore.Routing.EndpointMiddleware[1]
      Executed endpoint 'gRPC - /UnityILPP.PostProcessing/PostProcessAssembly'
[40m[32minfo[39m[22m[49m: Microsoft.AspNetCore.Hosting.Diagnostics[2]
      Request finished HTTP/2 POST http://ilpp/UnityILPP.PostProcessing/PostProcessAssembly application/grpc - - 200 - application/grpc 3.5626ms
[40m[32minfo[39m[22m[49m: Microsoft.AspNetCore.Hosting.Diagnostics[1]
      Request starting HTTP/2 POST http://ilpp/UnityILPP.PostProcessing/PostProcessAssembly application/grpc -
[40m[32minfo[39m[22m[49m: Microsoft.AspNetCore.Routing.EndpointMiddleware[0]
      Executing endpoint 'gRPC - /UnityILPP.PostProcessing/PostProcessAssembly'
[40m[32minfo[39m[22m[49m: Unity.ILPP.Runner.PostProcessingPipeline[0]
      Processing assembly Library/Bee/artifacts/200b0aE.dag/Unity.PlasticSCM.Editor.dll, with 115 defines and 226 references
[40m[32minfo[39m[22m[49m: Unity.ILPP.Runner.PostProcessingPipeline[0]
      processors: HybridCLR.AssemblyShadow.CodeGen.ReflectionBindingsILPostProcessor, zzzUnity.Burst.CodeGen.BurstILPostProcessor
[40m[32minfo[39m[22m[49m: Unity.ILPP.Runner.PostProcessingPipeline[0]
      running HybridCLR.AssemblyShadow.CodeGen.ReflectionBindingsILPostProcessor
[40m[32minfo[39m[22m[49m: Unity.ILPP.Runner.PostProcessingPipeline[0]
      running zzzUnity.Burst.CodeGen.BurstILPostProcessor
[40m[32minfo[39m[22m[49m: Microsoft.AspNetCore.Routing.EndpointMiddleware[1]
      Executed endpoint 'gRPC - /UnityILPP.PostProcessing/PostProcessAssembly'
[40m[32minfo[39m[22m[49m: Microsoft.AspNetCore.Hosting.Diagnostics[2]
      Request finished HTTP/2 POST http://ilpp/UnityILPP.PostProcessing/PostProcessAssembly application/grpc - - 200 - application/grpc 1.6206ms
[40m[32minfo[39m[22m[49m: Microsoft.AspNetCore.Hosting.Diagnostics[1]
      Request starting HTTP/2 POST http://ilpp/UnityILPP.PostProcessing/PostProcessAssembly application/grpc -
[40m[32minfo[39m[22m[49m: Microsoft.AspNetCore.Routing.EndpointMiddleware[0]
      Executing endpoint 'gRPC - /UnityILPP.PostProcessing/PostProcessAssembly'
[40m[32minfo[39m[22m[49m: Unity.ILPP.Runner.PostProcessingPipeline[0]
      Processing assembly Library/Bee/artifacts/200b0aE.dag/Unity.Collections.DocCodeSamples.dll, with 115 defines and 237 references
[40m[32minfo[39m[22m[49m: Unity.ILPP.Runner.PostProcessingPipeline[0]
      processors: HybridCLR.AssemblyShadow.CodeGen.ReflectionBindingsILPostProcessor, zzzUnity.Burst.CodeGen.BurstILPostProcessor
[40m[32minfo[39m[22m[49m: Unity.ILPP.Runner.PostProcessingPipeline[0]
      running HybridCLR.AssemblyShadow.CodeGen.ReflectionBindingsILPostProcessor
[40m[32minfo[39m[22m[49m: Unity.ILPP.Runner.PostProcessingPipeline[0]
      running zzzUnity.Burst.CodeGen.BurstILPostProcessor
[40m[32minfo[39m[22m[49m: Microsoft.AspNetCore.Routing.EndpointMiddleware[1]
      Executed endpoint 'gRPC - /UnityILPP.PostProcessing/PostProcessAssembly'
[40m[32minfo[39m[22m[49m: Microsoft.AspNetCore.Hosting.Diagnostics[2]
      Request finished HTTP/2 POST http://ilpp/UnityILPP.PostProcessing/PostProcessAssembly application/grpc - - 200 - application/grpc 6.5001ms
[40m[32minfo[39m[22m[49m: Microsoft.AspNetCore.Hosting.Diagnostics[1]
      Request starting HTTP/2 POST http://ilpp/UnityILPP.PostProcessing/PostProcessAssembly application/grpc -
[40m[32minfo[39m[22m[49m: Microsoft.AspNetCore.Routing.EndpointMiddleware[0]
      Executing endpoint 'gRPC - /UnityILPP.PostProcessing/PostProcessAssembly'
[40m[32minfo[39m[22m[49m: Unity.ILPP.Runner.PostProcessingPipeline[0]
      Processing assembly Library/Bee/artifacts/200b0aE.dag/Unity.2D.SpriteShape.Editor.dll, with 115 defines and 241 references
[40m[32minfo[39m[22m[49m: Unity.ILPP.Runner.PostProcessingPipeline[0]
      processors: HybridCLR.AssemblyShadow.CodeGen.ReflectionBindingsILPostProcessor, zzzUnity.Burst.CodeGen.BurstILPostProcessor
[40m[32minfo[39m[22m[49m: Unity.ILPP.Runner.PostProcessingPipeline[0]
      running HybridCLR.AssemblyShadow.CodeGen.ReflectionBindingsILPostProcessor
[40m[32minfo[39m[22m[49m: Unity.ILPP.Runner.PostProcessingPipeline[0]
      running zzzUnity.Burst.CodeGen.BurstILPostProcessor
[40m[32minfo[39m[22m[49m: Microsoft.AspNetCore.Routing.EndpointMiddleware[1]
      Executed endpoint 'gRPC - /UnityILPP.PostProcessing/PostProcessAssembly'
[40m[32minfo[39m[22m[49m: Microsoft.AspNetCore.Hosting.Diagnostics[2]
      Request finished HTTP/2 POST http://ilpp/UnityILPP.PostProcessing/PostProcessAssembly application/grpc - - 200 - application/grpc 4.1155ms
[40m[32minfo[39m[22m[49m: Microsoft.AspNetCore.Hosting.Diagnostics[1]
      Request starting HTTP/2 POST http://ilpp/UnityILPP.PostProcessing/PostProcessAssembly application/grpc -
[40m[32minfo[39m[22m[49m: Microsoft.AspNetCore.Routing.EndpointMiddleware[0]
      Executing endpoint 'gRPC - /UnityILPP.PostProcessing/PostProcessAssembly'
[40m[32minfo[39m[22m[49m: Unity.ILPP.Runner.PostProcessingPipeline[0]
      Processing assembly Library/Bee/artifacts/200b0aE.dag/Unity.2D.Tilemap.Extras.Editor.dll, with 115 defines and 238 references
[40m[32minfo[39m[22m[49m: Unity.ILPP.Runner.PostProcessingPipeline[0]
      processors: HybridCLR.AssemblyShadow.CodeGen.ReflectionBindingsILPostProcessor, zzzUnity.Burst.CodeGen.BurstILPostProcessor
[40m[32minfo[39m[22m[49m: Unity.ILPP.Runner.PostProcessingPipeline[0]
      running HybridCLR.AssemblyShadow.CodeGen.ReflectionBindingsILPostProcessor
[40m[32minfo[39m[22m[49m: Unity.ILPP.Runner.PostProcessingPipeline[0]
      running zzzUnity.Burst.CodeGen.BurstILPostProcessor
[40m[32minfo[39m[22m[49m: Microsoft.AspNetCore.Routing.EndpointMiddleware[1]
      Executed endpoint 'gRPC - /UnityILPP.PostProcessing/PostProcessAssembly'
[40m[32minfo[39m[22m[49m: Microsoft.AspNetCore.Hosting.Diagnostics[2]
      Request finished HTTP/2 POST http://ilpp/UnityILPP.PostProcessing/PostProcessAssembly application/grpc - - 200 - application/grpc 5.5711ms
[40m[32minfo[39m[22m[49m: Microsoft.AspNetCore.Hosting.Diagnostics[1]
      Request starting HTTP/2 POST http://ilpp/UnityILPP.PostProcessing/PostProcessAssembly application/grpc -
[40m[32minfo[39m[22m[49m: Microsoft.AspNetCore.Routing.EndpointMiddleware[0]
      Executing endpoint 'gRPC - /UnityILPP.PostProcessing/PostProcessAssembly'
[40m[32minfo[39m[22m[49m: Unity.ILPP.Runner.PostProcessingPipeline[0]
      Processing assembly Library/Bee/artifacts/200b0aE.dag/Unity.2D.Aseprite.Editor.dll, with 116 defines and 242 references
[40m[32minfo[39m[22m[49m: Unity.ILPP.Runner.PostProcessingPipeline[0]
      processors: HybridCLR.AssemblyShadow.CodeGen.ReflectionBindingsILPostProcessor, zzzUnity.Burst.CodeGen.BurstILPostProcessor
[40m[32minfo[39m[22m[49m: Unity.ILPP.Runner.PostProcessingPipeline[0]
      running HybridCLR.AssemblyShadow.CodeGen.ReflectionBindingsILPostProcessor
[40m[32minfo[39m[22m[49m: Unity.ILPP.Runner.PostProcessingPipeline[0]
      running zzzUnity.Burst.CodeGen.BurstILPostProcessor
[40m[32minfo[39m[22m[49m: Microsoft.AspNetCore.Hosting.Diagnostics[1]
      Request starting HTTP/2 POST http://ilpp/UnityILPP.PostProcessing/PostProcessAssembly application/grpc -
[40m[32minfo[39m[22m[49m: Microsoft.AspNetCore.Routing.EndpointMiddleware[0]
      Executing endpoint 'gRPC - /UnityILPP.PostProcessing/PostProcessAssembly'
[40m[32minfo[39m[22m[49m: Microsoft.AspNetCore.Hosting.Diagnostics[1]
      Request starting HTTP/2 POST http://ilpp/UnityILPP.PostProcessing/PostProcessAssembly application/grpc -
[40m[32minfo[39m[22m[49m: Microsoft.AspNetCore.Routing.EndpointMiddleware[0]
      Executing endpoint 'gRPC - /UnityILPP.PostProcessing/PostProcessAssembly'
[40m[32minfo[39m[22m[49m: Unity.ILPP.Runner.PostProcessingPipeline[0]
      Processing assembly Library/Bee/artifacts/200b0aE.dag/Unity.ShaderGraph.Editor.dll, with 115 defines and 240 references
[40m[32minfo[39m[22m[49m: Unity.ILPP.Runner.PostProcessingPipeline[0]
      Processing assembly Library/Bee/artifacts/200b0aE.dag/Unity.2D.IK.Editor.dll, with 115 defines and 242 references
[40m[32minfo[39m[22m[49m: Unity.ILPP.Runner.PostProcessingPipeline[0]
      processors: HybridCLR.AssemblyShadow.CodeGen.ReflectionBindingsILPostProcessor, zzzUnity.Burst.CodeGen.BurstILPostProcessor
[40m[32minfo[39m[22m[49m: Unity.ILPP.Runner.PostProcessingPipeline[0]
      processors: HybridCLR.AssemblyShadow.CodeGen.ReflectionBindingsILPostProcessor, zzzUnity.Burst.CodeGen.BurstILPostProcessor
[40m[32minfo[39m[22m[49m: Microsoft.AspNetCore.Hosting.Diagnostics[1]
      Request starting HTTP/2 POST http://ilpp/UnityILPP.PostProcessing/PostProcessAssembly application/grpc -
[40m[32minfo[39m[22m[49m: Microsoft.AspNetCore.Routing.EndpointMiddleware[0]
      Executing endpoint 'gRPC - /UnityILPP.PostProcessing/PostProcessAssembly'
[40m[32minfo[39m[22m[49m: Unity.ILPP.Runner.PostProcessingPipeline[0]
      running HybridCLR.AssemblyShadow.CodeGen.ReflectionBindingsILPostProcessor
[40m[32minfo[39m[22m[49m: Unity.ILPP.Runner.PostProcessingPipeline[0]
      running zzzUnity.Burst.CodeGen.BurstILPostProcessor
[40m[32minfo[39m[22m[49m: Unity.ILPP.Runner.PostProcessingPipeline[0]
      running HybridCLR.AssemblyShadow.CodeGen.ReflectionBindingsILPostProcessor
[40m[32minfo[39m[22m[49m: Unity.ILPP.Runner.PostProcessingPipeline[0]
      running zzzUnity.Burst.CodeGen.BurstILPostProcessor
[40m[32minfo[39m[22m[49m: Microsoft.AspNetCore.Hosting.Diagnostics[1]
      Request starting HTTP/2 POST http://ilpp/UnityILPP.PostProcessing/PostProcessAssembly application/grpc -
[40m[32minfo[39m[22m[49m: Microsoft.AspNetCore.Routing.EndpointMiddleware[0]
      Executing endpoint 'gRPC - /UnityILPP.PostProcessing/PostProcessAssembly'
[40m[32minfo[39m[22m[49m: Microsoft.AspNetCore.Routing.EndpointMiddleware[1]
      Executed endpoint 'gRPC - /UnityILPP.PostProcessing/PostProcessAssembly'
[40m[32minfo[39m[22m[49m: Microsoft.AspNetCore.Routing.EndpointMiddleware[1]
      Executed endpoint 'gRPC - /UnityILPP.PostProcessing/PostProcessAssembly'
[40m[32minfo[39m[22m[49m: Microsoft.AspNetCore.Hosting.Diagnostics[2]
      Request finished HTTP/2 POST http://ilpp/UnityILPP.PostProcessing/PostProcessAssembly application/grpc - - 200 - application/grpc 24.2505ms
[40m[32minfo[39m[22m[49m: Microsoft.AspNetCore.Hosting.Diagnostics[2]
      Request finished HTTP/2 POST http://ilpp/UnityILPP.PostProcessing/PostProcessAssembly application/grpc - - 200 - application/grpc 24.1411ms
[40m[32minfo[39m[22m[49m: Unity.ILPP.Runner.PostProcessingPipeline[0]
      Processing assembly Library/Bee/artifacts/200b0aE.dag/HybridCLR.AssemblyShadow.Editor.Tests.dll, with 115 defines and 229 references
[40m[32minfo[39m[22m[49m: Unity.ILPP.Runner.PostProcessingPipeline[0]
      processors: HybridCLR.AssemblyShadow.CodeGen.ReflectionBindingsILPostProcessor, zzzUnity.Burst.CodeGen.BurstILPostProcessor
[40m[32minfo[39m[22m[49m: Unity.ILPP.Runner.PostProcessingPipeline[0]
      running HybridCLR.AssemblyShadow.CodeGen.ReflectionBindingsILPostProcessor
[40m[32minfo[39m[22m[49m: Unity.ILPP.Runner.PostProcessingPipeline[0]
      running zzzUnity.Burst.CodeGen.BurstILPostProcessor
[40m[32minfo[39m[22m[49m: Microsoft.AspNetCore.Routing.EndpointMiddleware[1]
      Executed endpoint 'gRPC - /UnityILPP.PostProcessing/PostProcessAssembly'
[40m[32minfo[39m[22m[49m: Microsoft.AspNetCore.Hosting.Diagnostics[2]
      Request finished HTTP/2 POST http://ilpp/UnityILPP.PostProcessing/PostProcessAssembly application/grpc - - 200 - application/grpc 16.9119ms
[40m[32minfo[39m[22m[49m: Unity.ILPP.Runner.PostProcessingPipeline[0]
      Processing assembly Library/Bee/artifacts/200b0aE.dag/Unity.TextMeshPro.Editor.dll, with 115 defines and 237 references
[40m[32minfo[39m[22m[49m: Unity.ILPP.Runner.PostProcessingPipeline[0]
      processors: HybridCLR.AssemblyShadow.CodeGen.ReflectionBindingsILPostProcessor, zzzUnity.Burst.CodeGen.BurstILPostProcessor
[40m[32minfo[39m[22m[49m: Unity.ILPP.Runner.PostProcessingPipeline[0]
      running HybridCLR.AssemblyShadow.CodeGen.ReflectionBindingsILPostProcessor
[40m[32minfo[39m[22m[49m: Unity.ILPP.Runner.PostProcessingPipeline[0]
      running zzzUnity.Burst.CodeGen.BurstILPostProcessor
[40m[32minfo[39m[22m[49m: Microsoft.AspNetCore.Routing.EndpointMiddleware[1]
      Executed endpoint 'gRPC - /UnityILPP.PostProcessing/PostProcessAssembly'
[40m[32minfo[39m[22m[49m: Microsoft.AspNetCore.Hosting.Diagnostics[2]
      Request finished HTTP/2 POST http://ilpp/UnityILPP.PostProcessing/PostProcessAssembly application/grpc - - 200 - application/grpc 19.8947ms
[40m[32minfo[39m[22m[49m: Microsoft.AspNetCore.Hosting.Diagnostics[1]
      Request starting HTTP/2 POST http://ilpp/UnityILPP.PostProcessing/PostProcessAssembly application/grpc -
[40m[32minfo[39m[22m[49m: Microsoft.AspNetCore.Routing.EndpointMiddleware[0]
      Executing endpoint 'gRPC - /UnityILPP.PostProcessing/PostProcessAssembly'
[40m[32minfo[39m[22m[49m: Unity.ILPP.Runner.PostProcessingPipeline[0]
      Processing assembly Library/Bee/artifacts/200b0aE.dag/Unity.2D.Sprite.Editor.dll, with 115 defines and 236 references
[40m[32minfo[39m[22m[49m: Unity.ILPP.Runner.PostProcessingPipeline[0]
      processors: HybridCLR.AssemblyShadow.CodeGen.ReflectionBindingsILPostProcessor, zzzUnity.Burst.CodeGen.BurstILPostProcessor
[40m[32minfo[39m[22m[49m: Unity.ILPP.Runner.PostProcessingPipeline[0]
      running HybridCLR.AssemblyShadow.CodeGen.ReflectionBindingsILPostProcessor
[40m[32minfo[39m[22m[49m: Unity.ILPP.Runner.PostProcessingPipeline[0]
      running zzzUnity.Burst.CodeGen.BurstILPostProcessor
[40m[32minfo[39m[22m[49m: Microsoft.AspNetCore.Routing.EndpointMiddleware[1]
      Executed endpoint 'gRPC - /UnityILPP.PostProcessing/PostProcessAssembly'
[40m[32minfo[39m[22m[49m: Microsoft.AspNetCore.Hosting.Diagnostics[2]
      Request finished HTTP/2 POST http://ilpp/UnityILPP.PostProcessing/PostProcessAssembly application/grpc - - 200 - application/grpc 99.8253ms
[40m[32minfo[39m[22m[49m: Microsoft.AspNetCore.Routing.EndpointMiddleware[1]
      Executed endpoint 'gRPC - /UnityILPP.PostProcessing/PostProcessAssembly'
[40m[32minfo[39m[22m[49m: Microsoft.AspNetCore.Hosting.Diagnostics[2]
      Request finished HTTP/2 POST http://ilpp/UnityILPP.PostProcessing/PostProcessAssembly application/grpc - - 200 - application/grpc 17.4056ms
[40m[32minfo[39m[22m[49m: Microsoft.AspNetCore.Hosting.Diagnostics[1]
      Request starting HTTP/2 POST http://ilpp/UnityILPP.PostProcessing/PostProcessAssembly application/grpc -
[40m[32minfo[39m[22m[49m: Microsoft.AspNetCore.Routing.EndpointMiddleware[0]
      Executing endpoint 'gRPC - /UnityILPP.PostProcessing/PostProcessAssembly'
[40m[32minfo[39m[22m[49m: Microsoft.AspNetCore.Hosting.Diagnostics[1]
      Request starting HTTP/2 POST http://ilpp/UnityILPP.PostProcessing/PostProcessAssembly application/grpc -
[40m[32minfo[39m[22m[49m: Microsoft.AspNetCore.Routing.EndpointMiddleware[0]
      Executing endpoint 'gRPC - /UnityILPP.PostProcessing/PostProcessAssembly'
[40m[32minfo[39m[22m[49m: Unity.ILPP.Runner.PostProcessingPipeline[0]
      Processing assembly Library/Bee/artifacts/200b0aE.dag/MCPForUnity.Editor.dll, with 115 defines and 226 references
[40m[32minfo[39m[22m[49m: Unity.ILPP.Runner.PostProcessingPipeline[0]
      processors: HybridCLR.AssemblyShadow.CodeGen.ReflectionBindingsILPostProcessor, zzzUnity.Burst.CodeGen.BurstILPostProcessor
[40m[32minfo[39m[22m[49m: Unity.ILPP.Runner.PostProcessingPipeline[0]
      running HybridCLR.AssemblyShadow.CodeGen.ReflectionBindingsILPostProcessor
[40m[32minfo[39m[22m[49m: Unity.ILPP.Runner.PostProcessingPipeline[0]
      running zzzUnity.Burst.CodeGen.BurstILPostProcessor
[40m[32minfo[39m[22m[49m: Microsoft.AspNetCore.Routing.EndpointMiddleware[1]
      Executed endpoint 'gRPC - /UnityILPP.PostProcessing/PostProcessAssembly'
[40m[32minfo[39m[22m[49m: Microsoft.AspNetCore.Hosting.Diagnostics[2]
      Request finished HTTP/2 POST http://ilpp/UnityILPP.PostProcessing/PostProcessAssembly application/grpc - - 200 - application/grpc 3.5843ms
[40m[32minfo[39m[22m[49m: Microsoft.AspNetCore.Hosting.Diagnostics[1]
      Request starting HTTP/2 POST http://ilpp/UnityILPP.PostProcessing/PostProcessAssembly application/grpc -
[40m[32minfo[39m[22m[49m: Microsoft.AspNetCore.Routing.EndpointMiddleware[0]
      Executing endpoint 'gRPC - /UnityILPP.PostProcessing/PostProcessAssembly'
[40m[32minfo[39m[22m[49m: Unity.ILPP.Runner.PostProcessingPipeline[0]
      Processing assembly Library/Bee/artifacts/200b0aE.dag/Unity.VisualScripting.Core.Editor.dll, with 115 defines and 237 references
[40m[32minfo[39m[22m[49m: Unity.ILPP.Runner.PostProcessingPipeline[0]
      processors: HybridCLR.AssemblyShadow.CodeGen.ReflectionBindingsILPostProcessor, zzzUnity.Burst.CodeGen.BurstILPostProcessor
[40m[32minfo[39m[22m[49m: Unity.ILPP.Runner.PostProcessingPipeline[0]
      Processing assembly Library/Bee/artifacts/200b0aE.dag/Unity.Burst.Editor.dll, with 115 defines and 237 references
[40m[32minfo[39m[22m[49m: Unity.ILPP.Runner.PostProcessingPipeline[0]
      processors: HybridCLR.AssemblyShadow.CodeGen.ReflectionBindingsILPostProcessor, zzzUnity.Burst.CodeGen.BurstILPostProcessor
[40m[32minfo[39m[22m[49m: Unity.ILPP.Runner.PostProcessingPipeline[0]
      running HybridCLR.AssemblyShadow.CodeGen.ReflectionBindingsILPostProcessor
[40m[32minfo[39m[22m[49m: Unity.ILPP.Runner.PostProcessingPipeline[0]
      running zzzUnity.Burst.CodeGen.BurstILPostProcessor
[40m[32minfo[39m[22m[49m: Unity.ILPP.Runner.PostProcessingPipeline[0]
      running HybridCLR.AssemblyShadow.CodeGen.ReflectionBindingsILPostProcessor
[40m[32minfo[39m[22m[49m: Unity.ILPP.Runner.PostProcessingPipeline[0]
      running zzzUnity.Burst.CodeGen.BurstILPostProcessor
[40m[32minfo[39m[22m[49m: Microsoft.AspNetCore.Routing.EndpointMiddleware[1]
      Executed endpoint 'gRPC - /UnityILPP.PostProcessing/PostProcessAssembly'
[40m[32minfo[39m[22m[49m: Microsoft.AspNetCore.Hosting.Diagnostics[2]
      Request finished HTTP/2 POST http://ilpp/UnityILPP.PostProcessing/PostProcessAssembly application/grpc - - 200 - application/grpc 14.4622ms
[40m[32minfo[39m[22m[49m: Microsoft.AspNetCore.Hosting.Diagnostics[1]
      Request starting HTTP/2 POST http://ilpp/UnityILPP.PostProcessing/PostProcessAssembly application/grpc -
[40m[32minfo[39m[22m[49m: Microsoft.AspNetCore.Routing.EndpointMiddleware[0]
      Executing endpoint 'gRPC - /UnityILPP.PostProcessing/PostProcessAssembly'
[40m[32minfo[39m[22m[49m: Unity.ILPP.Runner.PostProcessingPipeline[0]
      Processing assembly Library/Bee/artifacts/200b0aE.dag/HybridCLR.Editor.dll, with 115 defines and 238 references
[40m[32minfo[39m[22m[49m: Unity.ILPP.Runner.PostProcessingPipeline[0]
      processors: HybridCLR.AssemblyShadow.CodeGen.ReflectionBindingsILPostProcessor, zzzUnity.Burst.CodeGen.BurstILPostProcessor
[40m[32minfo[39m[22m[49m: Unity.ILPP.Runner.PostProcessingPipeline[0]
      running HybridCLR.AssemblyShadow.CodeGen.ReflectionBindingsILPostProcessor
[40m[32minfo[39m[22m[49m: Unity.ILPP.Runner.PostProcessingPipeline[0]
      running zzzUnity.Burst.CodeGen.BurstILPostProcessor
[40m[32minfo[39m[22m[49m: Microsoft.AspNetCore.Routing.EndpointMiddleware[1]
      Executed endpoint 'gRPC - /UnityILPP.PostProcessing/PostProcessAssembly'
[40m[32minfo[39m[22m[49m: Microsoft.AspNetCore.Hosting.Diagnostics[2]
      Request finished HTTP/2 POST http://ilpp/UnityILPP.PostProcessing/PostProcessAssembly application/grpc - - 200 - application/grpc 9.4123ms
[40m[32minfo[39m[22m[49m: Microsoft.AspNetCore.Routing.EndpointMiddleware[1]
      Executed endpoint 'gRPC - /UnityILPP.PostProcessing/PostProcessAssembly'
[40m[32minfo[39m[22m[49m: Microsoft.AspNetCore.Hosting.Diagnostics[2]
      Request finished HTTP/2 POST http://ilpp/UnityILPP.PostProcessing/PostProcessAssembly application/grpc - - 200 - application/grpc 39.7889ms
[40m[32minfo[39m[22m[49m: Microsoft.AspNetCore.Hosting.Diagnostics[1]
      Request starting HTTP/2 POST http://ilpp/UnityILPP.PostProcessing/PostProcessAssembly application/grpc -
[40m[32minfo[39m[22m[49m: Microsoft.AspNetCore.Routing.EndpointMiddleware[0]
      Executing endpoint 'gRPC - /UnityILPP.PostProcessing/PostProcessAssembly'
[40m[32minfo[39m[22m[49m: Unity.ILPP.Runner.PostProcessingPipeline[0]
      Processing assembly Library/Bee/artifacts/200b0aE.dag/Unity.RenderPipelines.Core.Editor.dll, with 116 defines and 238 references
[40m[32minfo[39m[22m[49m: Unity.ILPP.Runner.PostProcessingPipeline[0]
      processors: HybridCLR.AssemblyShadow.CodeGen.ReflectionBindingsILPostProcessor, zzzUnity.Burst.CodeGen.BurstILPostProcessor
[40m[32minfo[39m[22m[49m: Unity.ILPP.Runner.PostProcessingPipeline[0]
      running HybridCLR.AssemblyShadow.CodeGen.ReflectionBindingsILPostProcessor
[40m[32minfo[39m[22m[49m: Unity.ILPP.Runner.PostProcessingPipeline[0]
      running zzzUnity.Burst.CodeGen.BurstILPostProcessor
[40m[32minfo[39m[22m[49m: Microsoft.AspNetCore.Hosting.Diagnostics[1]
      Request starting HTTP/2 POST http://ilpp/UnityILPP.PostProcessing/PostProcessAssembly application/grpc -
[40m[32minfo[39m[22m[49m: Microsoft.AspNetCore.Routing.EndpointMiddleware[0]
      Executing endpoint 'gRPC - /UnityILPP.PostProcessing/PostProcessAssembly'
[40m[32minfo[39m[22m[49m: Unity.ILPP.Runner.PostProcessingPipeline[0]
      Processing assembly Library/Bee/artifacts/200b0aE.dag/AssemblyShadowDemo.EditorTests.dll, with 115 defines and 227 references
[40m[32minfo[39m[22m[49m: Unity.ILPP.Runner.PostProcessingPipeline[0]
      processors: HybridCLR.AssemblyShadow.CodeGen.ReflectionBindingsILPostProcessor, zzzUnity.Burst.CodeGen.BurstILPostProcessor
[40m[32minfo[39m[22m[49m: Unity.ILPP.Runner.PostProcessingPipeline[0]
      running HybridCLR.AssemblyShadow.CodeGen.ReflectionBindingsILPostProcessor
[40m[32minfo[39m[22m[49m: Unity.ILPP.Runner.PostProcessingPipeline[0]
      running zzzUnity.Burst.CodeGen.BurstILPostProcessor
[40m[32minfo[39m[22m[49m: Microsoft.AspNetCore.Routing.EndpointMiddleware[1]
      Executed endpoint 'gRPC - /UnityILPP.PostProcessing/PostProcessAssembly'
[40m[32minfo[39m[22m[49m: Microsoft.AspNetCore.Hosting.Diagnostics[2]
      Request finished HTTP/2 POST http://ilpp/UnityILPP.PostProcessing/PostProcessAssembly application/grpc - - 200 - application/grpc 9.2095ms
[40m[32minfo[39m[22m[49m: Microsoft.AspNetCore.Routing.EndpointMiddleware[1]
      Executed endpoint 'gRPC - /UnityILPP.PostProcessing/PostProcessAssembly'
[40m[32minfo[39m[22m[49m: Microsoft.AspNetCore.Hosting.Diagnostics[2]
      Request finished HTTP/2 POST http://ilpp/UnityILPP.PostProcessing/PostProcessAssembly application/grpc - - 200 - application/grpc 80.0499ms
[40m[32minfo[39m[22m[49m: Microsoft.AspNetCore.Hosting.Diagnostics[1]
      Request starting HTTP/2 POST http://ilpp/UnityILPP.PostProcessing/PostProcessAssembly application/grpc -
[40m[32minfo[39m[22m[49m: Microsoft.AspNetCore.Routing.EndpointMiddleware[0]
      Executing endpoint 'gRPC - /UnityILPP.PostProcessing/PostProcessAssembly'
[40m[32minfo[39m[22m[49m: Microsoft.AspNetCore.Hosting.Diagnostics[1]
      Request starting HTTP/2 POST http://ilpp/UnityILPP.PostProcessing/PostProcessAssembly application/grpc -
[40m[32minfo[39m[22m[49m: Microsoft.AspNetCore.Routing.EndpointMiddleware[0]
      Executing endpoint 'gRPC - /UnityILPP.PostProcessing/PostProcessAssembly'
[40m[32minfo[39m[22m[49m: Microsoft.AspNetCore.Hosting.Diagnostics[1]
      Request starting HTTP/2 POST http://ilpp/UnityILPP.PostProcessing/PostProcessAssembly application/grpc -
[40m[32minfo[39m[22m[49m: Microsoft.AspNetCore.Routing.EndpointMiddleware[0]
      Executing endpoint 'gRPC - /UnityILPP.PostProcessing/PostProcessAssembly'
[40m[32minfo[39m[22m[49m: Unity.ILPP.Runner.PostProcessingPipeline[0]
      Processing assembly Library/Bee/artifacts/200b0aE.dag/PsdPlugin.dll, with 115 defines and 237 references
[40m[32minfo[39m[22m[49m: Unity.ILPP.Runner.PostProcessingPipeline[0]
      processors: HybridCLR.AssemblyShadow.CodeGen.ReflectionBindingsILPostProcessor, zzzUnity.Burst.CodeGen.BurstILPostProcessor
[40m[32minfo[39m[22m[49m: Unity.ILPP.Runner.PostProcessingPipeline[0]
      running HybridCLR.AssemblyShadow.CodeGen.ReflectionBindingsILPostProcessor
[40m[32minfo[39m[22m[49m: Unity.ILPP.Runner.PostProcessingPipeline[0]
      running zzzUnity.Burst.CodeGen.BurstILPostProcessor
[40m[32minfo[39m[22m[49m: Microsoft.AspNetCore.Hosting.Diagnostics[1]
      Request starting HTTP/2 POST http://ilpp/UnityILPP.PostProcessing/PostProcessAssembly application/grpc -
[40m[32minfo[39m[22m[49m: Microsoft.AspNetCore.Routing.EndpointMiddleware[0]
      Executing endpoint 'gRPC - /UnityILPP.PostProcessing/PostProcessAssembly'
[40m[32minfo[39m[22m[49m: Unity.ILPP.Runner.PostProcessingPipeline[0]
      Processing assembly Library/Bee/artifacts/200b0aE.dag/Unity.2D.Animation.Editor.dll, with 115 defines and 245 references
[40m[32minfo[39m[22m[49m: Unity.ILPP.Runner.PostProcessingPipeline[0]
      processors: HybridCLR.AssemblyShadow.CodeGen.ReflectionBindingsILPostProcessor, zzzUnity.Burst.CodeGen.BurstILPostProcessor
[40m[32minfo[39m[22m[49m: Unity.ILPP.Runner.PostProcessingPipeline[0]
      running HybridCLR.AssemblyShadow.CodeGen.ReflectionBindingsILPostProcessor
[40m[32minfo[39m[22m[49m: Unity.ILPP.Runner.PostProcessingPipeline[0]
      running zzzUnity.Burst.CodeGen.BurstILPostProcessor
[40m[32minfo[39m[22m[49m: Microsoft.AspNetCore.Hosting.Diagnostics[1]
      Request starting HTTP/2 POST http://ilpp/UnityILPP.PostProcessing/PostProcessAssembly application/grpc -
[40m[32minfo[39m[22m[49m: Microsoft.AspNetCore.Hosting.Diagnostics[1]
      Request starting HTTP/2 POST http://ilpp/UnityILPP.PostProcessing/PostProcessAssembly application/grpc -
[40m[32minfo[39m[22m[49m: Microsoft.AspNetCore.Routing.EndpointMiddleware[0]
      Executing endpoint 'gRPC - /UnityILPP.PostProcessing/PostProcessAssembly'
[40m[32minfo[39m[22m[49m: Microsoft.AspNetCore.Routing.EndpointMiddleware[0]
      Executing endpoint 'gRPC - /UnityILPP.PostProcessing/PostProcessAssembly'
[40m[32minfo[39m[22m[49m: Microsoft.AspNetCore.Routing.EndpointMiddleware[1]
      Executed endpoint 'gRPC - /UnityILPP.PostProcessing/PostProcessAssembly'
[40m[32minfo[39m[22m[49m: Microsoft.AspNetCore.Hosting.Diagnostics[2]
      Request finished HTTP/2 POST http://ilpp/UnityILPP.PostProcessing/PostProcessAssembly application/grpc - - 200 - application/grpc 37.6589ms
[40m[32minfo[39m[22m[49m: Unity.ILPP.Runner.PostProcessingPipeline[0]
      Processing assembly Library/Bee/artifacts/200b0aE.dag/PPv2URPConverters.dll, with 115 defines and 240 references
[40m[32minfo[39m[22m[49m: Unity.ILPP.Runner.PostProcessingPipeline[0]
      processors: HybridCLR.AssemblyShadow.CodeGen.ReflectionBindingsILPostProcessor, zzzUnity.Burst.CodeGen.BurstILPostProcessor
[40m[32minfo[39m[22m[49m: Microsoft.AspNetCore.Hosting.Diagnostics[1]
      Request starting HTTP/2 POST http://ilpp/UnityILPP.PostProcessing/PostProcessAssembly application/grpc -
[40m[32minfo[39m[22m[49m: Unity.ILPP.Runner.PostProcessingPipeline[0]
      Processing assembly Library/Bee/artifacts/200b0aE.dag/MCPForUnityTests.EditMode.dll, with 115 defines and 227 references
[40m[32minfo[39m[22m[49m: Unity.ILPP.Runner.PostProcessingPipeline[0]
      processors: HybridCLR.AssemblyShadow.CodeGen.ReflectionBindingsILPostProcessor, zzzUnity.Burst.CodeGen.BurstILPostProcessor
[40m[32minfo[39m[22m[49m: Microsoft.AspNetCore.Routing.EndpointMiddleware[0]
      Executing endpoint 'gRPC - /UnityILPP.PostProcessing/PostProcessAssembly'
[40m[32minfo[39m[22m[49m: Microsoft.AspNetCore.Hosting.Diagnostics[1]
      Request starting HTTP/2 POST http://ilpp/UnityILPP.PostProcessing/PostProcessAssembly application/grpc -
[40m[32minfo[39m[22m[49m: Microsoft.AspNetCore.Routing.EndpointMiddleware[0]
      Executing endpoint 'gRPC - /UnityILPP.PostProcessing/PostProcessAssembly'
[40m[32minfo[39m[22m[49m: Unity.ILPP.Runner.PostProcessingPipeline[0]
      running HybridCLR.AssemblyShadow.CodeGen.ReflectionBindingsILPostProcessor
[40m[32minfo[39m[22m[49m: Unity.ILPP.Runner.PostProcessingPipeline[0]
      running zzzUnity.Burst.CodeGen.BurstILPostProcessor
[40m[32minfo[39m[22m[49m: Unity.ILPP.Runner.PostProcessingPipeline[0]
      Processing assembly Library/Bee/artifacts/200b0aE.dag/Unity.Mathematics.Editor.dll, with 115 defines and 237 references
[40m[32minfo[39m[22m[49m: Unity.ILPP.Runner.PostProcessingPipeline[0]
      processors: HybridCLR.AssemblyShadow.CodeGen.ReflectionBindingsILPostProcessor, zzzUnity.Burst.CodeGen.BurstILPostProcessor
[40m[32minfo[39m[22m[49m: Unity.ILPP.Runner.PostProcessingPipeline[0]
      running HybridCLR.AssemblyShadow.CodeGen.ReflectionBindingsILPostProcessor
[40m[32minfo[39m[22m[49m: Unity.ILPP.Runner.PostProcessingPipeline[0]
      running zzzUnity.Burst.CodeGen.BurstILPostProcessor
[40m[32minfo[39m[22m[49m: Unity.ILPP.Runner.PostProcessingPipeline[0]
      running HybridCLR.AssemblyShadow.CodeGen.ReflectionBindingsILPostProcessor
[40m[32minfo[39m[22m[49m: Unity.ILPP.Runner.PostProcessingPipeline[0]
      running zzzUnity.Burst.CodeGen.BurstILPostProcessor
[40m[32minfo[39m[22m[49m: Microsoft.AspNetCore.Routing.EndpointMiddleware[1]
      Executed endpoint 'gRPC - /UnityILPP.PostProcessing/PostProcessAssembly'
[40m[32minfo[39m[22m[49m: Microsoft.AspNetCore.Hosting.Diagnostics[2]
      Request finished HTTP/2 POST http://ilpp/UnityILPP.PostProcessing/PostProcessAssembly application/grpc - - 200 - application/grpc 24.7257ms
[40m[32minfo[39m[22m[49m: Microsoft.AspNetCore.Routing.EndpointMiddleware[1]
      Executed endpoint 'gRPC - /UnityILPP.PostProcessing/PostProcessAssembly'
[40m[32minfo[39m[22m[49m: Microsoft.AspNetCore.Hosting.Diagnostics[2]
      Request finished HTTP/2 POST http://ilpp/UnityILPP.PostProcessing/PostProcessAssembly application/grpc - - 200 - application/grpc 31.5839ms
[40m[32minfo[39m[22m[49m: Unity.ILPP.Runner.PostProcessingPipeline[0]
      Processing assembly Library/Bee/artifacts/200b0aE.dag/Unity.VisualScripting.SettingsProvider.Editor.dll, with 115 defines and 241 references
[40m[32minfo[39m[22m[49m: Unity.ILPP.Runner.PostProcessingPipeline[0]
      processors: HybridCLR.AssemblyShadow.CodeGen.ReflectionBindingsILPostProcessor, zzzUnity.Burst.CodeGen.BurstILPostProcessor
[40m[32minfo[39m[22m[49m: Unity.ILPP.Runner.PostProcessingPipeline[0]
      running HybridCLR.AssemblyShadow.CodeGen.ReflectionBindingsILPostProcessor
[40m[32minfo[39m[22m[49m: Unity.ILPP.Runner.PostProcessingPipeline[0]
      running zzzUnity.Burst.CodeGen.BurstILPostProcessor
[40m[32minfo[39m[22m[49m: Microsoft.AspNetCore.Routing.EndpointMiddleware[1]
      Executed endpoint 'gRPC - /UnityILPP.PostProcessing/PostProcessAssembly'
[40m[32minfo[39m[22m[49m: Microsoft.AspNetCore.Hosting.Diagnostics[2]
      Request finished HTTP/2 POST http://ilpp/UnityILPP.PostProcessing/PostProcessAssembly application/grpc - - 200 - application/grpc 9.4880ms
[40m[32minfo[39m[22m[49m: Microsoft.AspNetCore.Routing.EndpointMiddleware[1]
      Executed endpoint 'gRPC - /UnityILPP.PostProcessing/PostProcessAssembly'
[40m[32minfo[39m[22m[49m: Unity.ILPP.Runner.PostProcessingPipeline[0]
      Processing assembly Library/Bee/artifacts/200b0aE.dag/AssemblyShadowBaseline.Editor.dll, with 115 defines and 239 references
[40m[32minfo[39m[22m[49m: Unity.ILPP.Runner.PostProcessingPipeline[0]
      Processing assembly Library/Bee/artifacts/200b0aE.dag/Unity.2D.Tilemap.Editor.dll, with 115 defines and 236 references
[40m[32minfo[39m[22m[49m: Unity.ILPP.Runner.PostProcessingPipeline[0]
      processors: HybridCLR.AssemblyShadow.CodeGen.ReflectionBindingsILPostProcessor, zzzUnity.Burst.CodeGen.BurstILPostProcessor
[40m[32minfo[39m[22m[49m: Unity.ILPP.Runner.PostProcessingPipeline[0]
      processors: HybridCLR.AssemblyShadow.CodeGen.ReflectionBindingsILPostProcessor, zzzUnity.Burst.CodeGen.BurstILPostProcessor
[40m[32minfo[39m[22m[49m: Microsoft.AspNetCore.Hosting.Diagnostics[2]
      Request finished HTTP/2 POST http://ilpp/UnityILPP.PostProcessing/PostProcessAssembly application/grpc - - 200 - application/grpc 21.2694ms
[40m[32minfo[39m[22m[49m: Unity.ILPP.Runner.PostProcessingPipeline[0]
      running HybridCLR.AssemblyShadow.CodeGen.ReflectionBindingsILPostProcessor
[40m[32minfo[39m[22m[49m: Unity.ILPP.Runner.PostProcessingPipeline[0]
      running zzzUnity.Burst.CodeGen.BurstILPostProcessor
[40m[32minfo[39m[22m[49m: Microsoft.AspNetCore.Hosting.Diagnostics[1]
      Request starting HTTP/2 POST http://ilpp/UnityILPP.PostProcessing/PostProcessAssembly application/grpc -
[40m[32minfo[39m[22m[49m: Microsoft.AspNetCore.Routing.EndpointMiddleware[0]
      Executing endpoint 'gRPC - /UnityILPP.PostProcessing/PostProcessAssembly'
[40m[32minfo[39m[22m[49m: Microsoft.AspNetCore.Routing.EndpointMiddleware[1]
      Executed endpoint 'gRPC - /UnityILPP.PostProcessing/PostProcessAssembly'
[40m[32minfo[39m[22m[49m: Microsoft.AspNetCore.Hosting.Diagnostics[2]
      Request finished HTTP/2 POST http://ilpp/UnityILPP.PostProcessing/PostProcessAssembly application/grpc - - 200 - application/grpc 25.2660ms
[40m[32minfo[39m[22m[49m: Unity.ILPP.Runner.PostProcessingPipeline[0]
      running HybridCLR.AssemblyShadow.CodeGen.ReflectionBindingsILPostProcessor
[40m[32minfo[39m[22m[49m: Unity.ILPP.Runner.PostProcessingPipeline[0]
      running zzzUnity.Burst.CodeGen.BurstILPostProcessor
[40m[32minfo[39m[22m[49m: Microsoft.AspNetCore.Routing.EndpointMiddleware[1]
      Executed endpoint 'gRPC - /UnityILPP.PostProcessing/PostProcessAssembly'
[40m[32minfo[39m[22m[49m: Microsoft.AspNetCore.Hosting.Diagnostics[2]
      Request finished HTTP/2 POST http://ilpp/UnityILPP.PostProcessing/PostProcessAssembly application/grpc - - 200 - application/grpc 29.3078ms
[40m[32minfo[39m[22m[49m: Microsoft.AspNetCore.Hosting.Diagnostics[1]
      Request starting HTTP/2 POST http://ilpp/UnityILPP.PostProcessing/PostProcessAssembly application/grpc -
[40m[32minfo[39m[22m[49m: Microsoft.AspNetCore.Routing.EndpointMiddleware[0]
      Executing endpoint 'gRPC - /UnityILPP.PostProcessing/PostProcessAssembly'
[40m[32minfo[39m[22m[49m: Unity.ILPP.Runner.PostProcessingPipeline[0]
      Processing assembly Library/Bee/artifacts/200b0aE.dag/UnityEditor.UI.dll, with 118 defines and 235 references
[40m[32minfo[39m[22m[49m: Unity.ILPP.Runner.PostProcessingPipeline[0]
      processors: HybridCLR.AssemblyShadow.CodeGen.ReflectionBindingsILPostProcessor, zzzUnity.Burst.CodeGen.BurstILPostProcessor
[40m[32minfo[39m[22m[49m: Unity.ILPP.Runner.PostProcessingPipeline[0]
      running HybridCLR.AssemblyShadow.CodeGen.ReflectionBindingsILPostProcessor
[40m[32minfo[39m[22m[49m: Unity.ILPP.Runner.PostProcessingPipeline[0]
      running zzzUnity.Burst.CodeGen.BurstILPostProcessor
[40m[32minfo[39m[22m[49m: Microsoft.AspNetCore.Routing.EndpointMiddleware[1]
      Executed endpoint 'gRPC - /UnityILPP.PostProcessing/PostProcessAssembly'
[40m[32minfo[39m[22m[49m: Microsoft.AspNetCore.Hosting.Diagnostics[2]
      Request finished HTTP/2 POST http://ilpp/UnityILPP.PostProcessing/PostProcessAssembly application/grpc - - 200 - application/grpc 16.1860ms
[40m[32minfo[39m[22m[49m: Unity.ILPP.Runner.PostProcessingPipeline[0]
      Processing assembly Library/Bee/artifacts/200b0aE.dag/Unity.2D.Psdimporter.Editor.dll, with 115 defines and 245 references
[40m[32minfo[39m[22m[49m: Unity.ILPP.Runner.PostProcessingPipeline[0]
      processors: HybridCLR.AssemblyShadow.CodeGen.ReflectionBindingsILPostProcessor, zzzUnity.Burst.CodeGen.BurstILPostProcessor
[40m[32minfo[39m[22m[49m: Unity.ILPP.Runner.PostProcessingPipeline[0]
      running HybridCLR.AssemblyShadow.CodeGen.ReflectionBindingsILPostProcessor
[40m[32minfo[39m[22m[49m: Unity.ILPP.Runner.PostProcessingPipeline[0]
      running zzzUnity.Burst.CodeGen.BurstILPostProcessor
[40m[32minfo[39m[22m[49m: Microsoft.AspNetCore.Routing.EndpointMiddleware[1]
      Executed endpoint 'gRPC - /UnityILPP.PostProcessing/PostProcessAssembly'
[40m[32minfo[39m[22m[49m: Microsoft.AspNetCore.Hosting.Diagnostics[2]
      Request finished HTTP/2 POST http://ilpp/UnityILPP.PostProcessing/PostProcessAssembly application/grpc - - 200 - application/grpc 47.2407ms
[40m[32minfo[39m[22m[49m: Microsoft.AspNetCore.Hosting.Diagnostics[1]
      Request starting HTTP/2 POST http://ilpp/UnityILPP.PostProcessing/PostProcessAssembly application/grpc -
[40m[32minfo[39m[22m[49m: Microsoft.AspNetCore.Routing.EndpointMiddleware[0]
      Executing endpoint 'gRPC - /UnityILPP.PostProcessing/PostProcessAssembly'
[40m[32minfo[39m[22m[49m: Unity.ILPP.Runner.PostProcessingPipeline[0]
      Processing assembly Library/Bee/artifacts/200b0aE.dag/Unity.VisualScripting.Shared.Editor.dll, with 115 defines and 242 references
[40m[32minfo[39m[22m[49m: Unity.ILPP.Runner.PostProcessingPipeline[0]
      processors: HybridCLR.AssemblyShadow.CodeGen.ReflectionBindingsILPostProcessor, zzzUnity.Burst.CodeGen.BurstILPostProcessor
[40m[32minfo[39m[22m[49m: Unity.ILPP.Runner.PostProcessingPipeline[0]
      running HybridCLR.AssemblyShadow.CodeGen.ReflectionBindingsILPostProcessor
[40m[32minfo[39m[22m[49m: Unity.ILPP.Runner.PostProcessingPipeline[0]
      running zzzUnity.Burst.CodeGen.BurstILPostProcessor
[40m[32minfo[39m[22m[49m: Microsoft.AspNetCore.Routing.EndpointMiddleware[1]
      Executed endpoint 'gRPC - /UnityILPP.PostProcessing/PostProcessAssembly'
[40m[32minfo[39m[22m[49m: Microsoft.AspNetCore.Hosting.Diagnostics[2]
      Request finished HTTP/2 POST http://ilpp/UnityILPP.PostProcessing/PostProcessAssembly application/grpc - - 200 - application/grpc 3.2272ms
[40m[32minfo[39m[22m[49m: Microsoft.AspNetCore.Routing.EndpointMiddleware[1]
      Executed endpoint 'gRPC - /UnityILPP.PostProcessing/PostProcessAssembly'
[40m[32minfo[39m[22m[49m: Microsoft.AspNetCore.Hosting.Diagnostics[2]
      Request finished HTTP/2 POST http://ilpp/UnityILPP.PostProcessing/PostProcessAssembly application/grpc - - 200 - application/grpc 180.3746ms
[40m[32minfo[39m[22m[49m: Microsoft.AspNetCore.Hosting.Diagnostics[1]
      Request starting HTTP/2 POST http://ilpp/UnityILPP.PostProcessing/PostProcessAssembly application/grpc -
[40m[32minfo[39m[22m[49m: Microsoft.AspNetCore.Routing.EndpointMiddleware[0]
      Executing endpoint 'gRPC - /UnityILPP.PostProcessing/PostProcessAssembly'
[40m[32minfo[39m[22m[49m: Unity.ILPP.Runner.PostProcessingPipeline[0]
      Processing assembly Library/Bee/artifacts/200b0aE.dag/AssemblyShadowDemo.Editor.dll, with 115 defines and 245 references
[40m[32minfo[39m[22m[49m: Unity.ILPP.Runner.PostProcessingPipeline[0]
      processors: HybridCLR.AssemblyShadow.CodeGen.ReflectionBindingsILPostProcessor, zzzUnity.Burst.CodeGen.BurstILPostProcessor
[40m[32minfo[39m[22m[49m: Unity.ILPP.Runner.PostProcessingPipeline[0]
      running HybridCLR.AssemblyShadow.CodeGen.ReflectionBindingsILPostProcessor
[40m[32minfo[39m[22m[49m: Unity.ILPP.Runner.PostProcessingPipeline[0]
      running zzzUnity.Burst.CodeGen.BurstILPostProcessor
[40m[32minfo[39m[22m[49m: Microsoft.AspNetCore.Routing.EndpointMiddleware[1]
      Executed endpoint 'gRPC - /UnityILPP.PostProcessing/PostProcessAssembly'
[40m[32minfo[39m[22m[49m: Microsoft.AspNetCore.Hosting.Diagnostics[2]
      Request finished HTTP/2 POST http://ilpp/UnityILPP.PostProcessing/PostProcessAssembly application/grpc - - 200 - application/grpc 27.4797ms
[40m[32minfo[39m[22m[49m: Microsoft.AspNetCore.Hosting.Diagnostics[1]
      Request starting HTTP/2 POST http://ilpp/UnityILPP.PostProcessing/PostProcessAssembly application/grpc -
[40m[32minfo[39m[22m[49m: Microsoft.AspNetCore.Routing.EndpointMiddleware[0]
      Executing endpoint 'gRPC - /UnityILPP.PostProcessing/PostProcessAssembly'
[40m[32minfo[39m[22m[49m: Microsoft.AspNetCore.Hosting.Diagnostics[1]
      Request starting HTTP/2 POST http://ilpp/UnityILPP.PostProcessing/PostProcessAssembly application/grpc -
[40m[32minfo[39m[22m[49m: Microsoft.AspNetCore.Routing.EndpointMiddleware[0]
      Executing endpoint 'gRPC - /UnityILPP.PostProcessing/PostProcessAssembly'
[40m[32minfo[39m[22m[49m: Microsoft.AspNetCore.Hosting.Diagnostics[1]
      Request starting HTTP/2 POST http://ilpp/UnityILPP.PostProcessing/PostProcessAssembly application/grpc -
[40m[32minfo[39m[22m[49m: Microsoft.AspNetCore.Routing.EndpointMiddleware[0]
      Executing endpoint 'gRPC - /UnityILPP.PostProcessing/PostProcessAssembly'
[40m[32minfo[39m[22m[49m: Unity.ILPP.Runner.PostProcessingPipeline[0]
      Processing assembly Library/Bee/artifacts/200b0aE.dag/Unity.InternalAPIEditorBridge.001.dll, with 115 defines and 237 references
[40m[32minfo[39m[22m[49m: Unity.ILPP.Runner.PostProcessingPipeline[0]
      processors: HybridCLR.AssemblyShadow.CodeGen.ReflectionBindingsILPostProcessor, zzzUnity.Burst.CodeGen.BurstILPostProcessor
[40m[32minfo[39m[22m[49m: Unity.ILPP.Runner.PostProcessingPipeline[0]
      running HybridCLR.AssemblyShadow.CodeGen.ReflectionBindingsILPostProcessor
[40m[32minfo[39m[22m[49m: Unity.ILPP.Runner.PostProcessingPipeline[0]
      running zzzUnity.Burst.CodeGen.BurstILPostProcessor
[40m[32minfo[39m[22m[49m: Unity.ILPP.Runner.PostProcessingPipeline[0]
      Processing assembly Library/Bee/artifacts/200b0aE.dag/Unity.2D.PixelPerfect.Editor.dll, with 117 defines and 239 references
[40m[32minfo[39m[22m[49m: Unity.ILPP.Runner.PostProcessingPipeline[0]
      processors: HybridCLR.AssemblyShadow.CodeGen.ReflectionBindingsILPostProcessor, zzzUnity.Burst.CodeGen.BurstILPostProcessor
[40m[32minfo[39m[22m[49m: Unity.ILPP.Runner.PostProcessingPipeline[0]
      running HybridCLR.AssemblyShadow.CodeGen.ReflectionBindingsILPostProcessor
[40m[32minfo[39m[22m[49m: Unity.ILPP.Runner.PostProcessingPipeline[0]
      running zzzUnity.Burst.CodeGen.BurstILPostProcessor
[40m[32minfo[39m[22m[49m: Microsoft.AspNetCore.Routing.EndpointMiddleware[1]
      Executed endpoint 'gRPC - /UnityILPP.PostProcessing/PostProcessAssembly'
[40m[32minfo[39m[22m[49m: Microsoft.AspNetCore.Hosting.Diagnostics[2]
      Request finished HTTP/2 POST http://ilpp/UnityILPP.PostProcessing/PostProcessAssembly application/grpc - - 200 - application/grpc 17.7842ms
[40m[32minfo[39m[22m[49m: Microsoft.AspNetCore.Routing.EndpointMiddleware[1]
      Executed endpoint 'gRPC - /UnityILPP.PostProcessing/PostProcessAssembly'
[40m[32minfo[39m[22m[49m: Microsoft.AspNetCore.Hosting.Diagnostics[2]
      Request finished HTTP/2 POST http://ilpp/UnityILPP.PostProcessing/PostProcessAssembly application/grpc - - 200 - application/grpc 18.1608ms
[40m[32minfo[39m[22m[49m: Unity.ILPP.Runner.PostProcessingPipeline[0]
      Processing assembly Library/Bee/artifacts/200b0aE.dag/Unity.2D.Common.Editor.dll, with 115 defines and 240 references
[40m[32minfo[39m[22m[49m: Unity.ILPP.Runner.PostProcessingPipeline[0]
      processors: HybridCLR.AssemblyShadow.CodeGen.ReflectionBindingsILPostProcessor, zzzUnity.Burst.CodeGen.BurstILPostProcessor
[40m[32minfo[39m[22m[49m: Unity.ILPP.Runner.PostProcessingPipeline[0]
      running HybridCLR.AssemblyShadow.CodeGen.ReflectionBindingsILPostProcessor
[40m[32minfo[39m[22m[49m: Unity.ILPP.Runner.PostProcessingPipeline[0]
      running zzzUnity.Burst.CodeGen.BurstILPostProcessor
[40m[32minfo[39m[22m[49m: Microsoft.AspNetCore.Hosting.Diagnostics[1]
      Request starting HTTP/2 POST http://ilpp/UnityILPP.PostProcessing/PostProcessAssembly application/grpc -
[40m[32minfo[39m[22m[49m: Microsoft.AspNetCore.Routing.EndpointMiddleware[0]
      Executing endpoint 'gRPC - /UnityILPP.PostProcessing/PostProcessAssembly'
[40m[32minfo[39m[22m[49m: Microsoft.AspNetCore.Hosting.Diagnostics[1]
      Request starting HTTP/2 POST http://ilpp/UnityILPP.PostProcessing/PostProcessAssembly application/grpc -
[40m[32minfo[39m[22m[49m: Microsoft.AspNetCore.Routing.EndpointMiddleware[0]
      Executing endpoint 'gRPC - /UnityILPP.PostProcessing/PostProcessAssembly'
[40m[32minfo[39m[22m[49m: Microsoft.AspNetCore.Hosting.Diagnostics[1]
      Request starting HTTP/2 POST http://ilpp/UnityILPP.PostProcessing/PostProcessAssembly application/grpc -
[40m[32minfo[39m[22m[49m: Microsoft.AspNetCore.Routing.EndpointMiddleware[0]
      Executing endpoint 'gRPC - /UnityILPP.PostProcessing/PostProcessAssembly'
[40m[32minfo[39m[22m[49m: Microsoft.AspNetCore.Hosting.Diagnostics[1]
      Request starting HTTP/2 POST http://ilpp/UnityILPP.PostProcessing/PostProcessAssembly application/grpc -
[40m[32minfo[39m[22m[49m: Microsoft.AspNetCore.Routing.EndpointMiddleware[0]
      Executing endpoint 'gRPC - /UnityILPP.PostProcessing/PostProcessAssembly'
[40m[32minfo[39m[22m[49m: Unity.ILPP.Runner.PostProcessingPipeline[0]
      Processing assembly Library/Bee/artifacts/200b0aE.dag/Unity.CollabProxy.Editor.dll, with 115 defines and 237 references
[40m[32minfo[39m[22m[49m: Unity.ILPP.Runner.PostProcessingPipeline[0]
      processors: HybridCLR.AssemblyShadow.CodeGen.ReflectionBindingsILPostProcessor, zzzUnity.Burst.CodeGen.BurstILPostProcessor
[40m[32minfo[39m[22m[49m: Unity.ILPP.Runner.PostProcessingPipeline[0]
      Processing assembly Library/Bee/artifacts/200b0aE.dag/Unity.2D.Aseprite.Common.dll, with 115 defines and 239 references
[40m[32minfo[39m[22m[49m: Unity.ILPP.Runner.PostProcessingPipeline[0]
      processors: HybridCLR.AssemblyShadow.CodeGen.ReflectionBindingsILPostProcessor, zzzUnity.Burst.CodeGen.BurstILPostProcessor
[40m[32minfo[39m[22m[49m: Unity.ILPP.Runner.PostProcessingPipeline[0]
      running HybridCLR.AssemblyShadow.CodeGen.ReflectionBindingsILPostProcessor
[40m[32minfo[39m[22m[49m: Unity.ILPP.Runner.PostProcessingPipeline[0]
      running HybridCLR.AssemblyShadow.CodeGen.ReflectionBindingsILPostProcessor
[40m[32minfo[39m[22m[49m: Unity.ILPP.Runner.PostProcessingPipeline[0]
      running zzzUnity.Burst.CodeGen.BurstILPostProcessor
[40m[32minfo[39m[22m[49m: Unity.ILPP.Runner.PostProcessingPipeline[0]
      running zzzUnity.Burst.CodeGen.BurstILPostProcessor
[40m[32minfo[39m[22m[49m: Microsoft.AspNetCore.Routing.EndpointMiddleware[1]
      Executed endpoint 'gRPC - /UnityILPP.PostProcessing/PostProcessAssembly'
[40m[32minfo[39m[22m[49m: Microsoft.AspNetCore.Hosting.Diagnostics[2]
      Request finished HTTP/2 POST http://ilpp/UnityILPP.PostProcessing/PostProcessAssembly application/grpc - - 200 - application/grpc 8.9136ms
[40m[32minfo[39m[22m[49m: Microsoft.AspNetCore.Hosting.Diagnostics[1]
      Request starting HTTP/2 POST http://ilpp/UnityILPP.PostProcessing/PostProcessAssembly application/grpc -
[40m[32minfo[39m[22m[49m: Microsoft.AspNetCore.Routing.EndpointMiddleware[0]
      Executing endpoint 'gRPC - /UnityILPP.PostProcessing/PostProcessAssembly'
[40m[32minfo[39m[22m[49m: Unity.ILPP.Runner.PostProcessingPipeline[0]
      Processing assembly Library/Bee/artifacts/200b0aE.dag/Unity.2D.Common.Path.Editor.dll, with 115 defines and 236 references
[40m[32minfo[39m[22m[49m: Unity.ILPP.Runner.PostProcessingPipeline[0]
      processors: HybridCLR.AssemblyShadow.CodeGen.ReflectionBindingsILPostProcessor, zzzUnity.Burst.CodeGen.BurstILPostProcessor
[40m[32minfo[39m[22m[49m: Unity.ILPP.Runner.PostProcessingPipeline[0]
      Processing assembly Library/Bee/artifacts/200b0aE.dag/Unity.Timeline.Editor.dll, with 116 defines and 237 references
[40m[32minfo[39m[22m[49m: Unity.ILPP.Runner.PostProcessingPipeline[0]
      processors: HybridCLR.AssemblyShadow.CodeGen.ReflectionBindingsILPostProcessor, zzzUnity.Burst.CodeGen.BurstILPostProcessor
[40m[32minfo[39m[22m[49m: Unity.ILPP.Runner.PostProcessingPipeline[0]
      running HybridCLR.AssemblyShadow.CodeGen.ReflectionBindingsILPostProcessor
[40m[32minfo[39m[22m[49m: Unity.ILPP.Runner.PostProcessingPipeline[0]
      running HybridCLR.AssemblyShadow.CodeGen.ReflectionBindingsILPostProcessor
[40m[32minfo[39m[22m[49m: Unity.ILPP.Runner.PostProcessingPipeline[0]
      running zzzUnity.Burst.CodeGen.BurstILPostProcessor
[40m[32minfo[39m[22m[49m: Unity.ILPP.Runner.PostProcessingPipeline[0]
      running zzzUnity.Burst.CodeGen.BurstILPostProcessor
[40m[32minfo[39m[22m[49m: Microsoft.AspNetCore.Routing.EndpointMiddleware[1]
      Executed endpoint 'gRPC - /UnityILPP.PostProcessing/PostProcessAssembly'
[40m[32minfo[39m[22m[49m: Microsoft.AspNetCore.Hosting.Diagnostics[2]
      Request finished HTTP/2 POST http://ilpp/UnityILPP.PostProcessing/PostProcessAssembly application/grpc - - 200 - application/grpc 18.3827ms
[40m[32minfo[39m[22m[49m: Microsoft.AspNetCore.Routing.EndpointMiddleware[1]
      Executed endpoint 'gRPC - /UnityILPP.PostProcessing/PostProcessAssembly'
[40m[32minfo[39m[22m[49m: Microsoft.AspNetCore.Hosting.Diagnostics[2]
      Request finished HTTP/2 POST http://ilpp/UnityILPP.PostProcessing/PostProcessAssembly application/grpc - - 200 - application/grpc 26.7692ms
[40m[32minfo[39m[22m[49m: Microsoft.AspNetCore.Routing.EndpointMiddleware[1]
      Executed endpoint 'gRPC - /UnityILPP.PostProcessing/PostProcessAssembly'
[40m[32minfo[39m[22m[49m: Microsoft.AspNetCore.Hosting.Diagnostics[2]
      Request finished HTTP/2 POST http://ilpp/UnityILPP.PostProcessing/PostProcessAssembly application/grpc - - 200 - application/grpc 41.6476ms
[40m[32minfo[39m[22m[49m: Microsoft.AspNetCore.Hosting.Diagnostics[1]
      Request starting HTTP/2 POST http://ilpp/UnityILPP.PostProcessing/PostProcessAssembly application/grpc -
[40m[32minfo[39m[22m[49m: Microsoft.AspNetCore.Routing.EndpointMiddleware[0]
      Executing endpoint 'gRPC - /UnityILPP.PostProcessing/PostProcessAssembly'
[40m[32minfo[39m[22m[49m: Unity.ILPP.Runner.PostProcessingPipeline[0]
      Processing assembly Library/Bee/artifacts/200b0aE.dag/Unity.VisualScripting.Flow.Editor.dll, with 115 defines and 239 references
[40m[32minfo[39m[22m[49m: Unity.ILPP.Runner.PostProcessingPipeline[0]
      processors: HybridCLR.AssemblyShadow.CodeGen.ReflectionBindingsILPostProcessor, zzzUnity.Burst.CodeGen.BurstILPostProcessor
[40m[32minfo[39m[22m[49m: Unity.ILPP.Runner.PostProcessingPipeline[0]
      running HybridCLR.AssemblyShadow.CodeGen.ReflectionBindingsILPostProcessor
[40m[32minfo[39m[22m[49m: Unity.ILPP.Runner.PostProcessingPipeline[0]
      running zzzUnity.Burst.CodeGen.BurstILPostProcessor
[40m[32minfo[39m[22m[49m: Microsoft.AspNetCore.Routing.EndpointMiddleware[1]
      Executed endpoint 'gRPC - /UnityILPP.PostProcessing/PostProcessAssembly'
[40m[32minfo[39m[22m[49m: Microsoft.AspNetCore.Hosting.Diagnostics[2]
      Request finished HTTP/2 POST http://ilpp/UnityILPP.PostProcessing/PostProcessAssembly application/grpc - - 200 - application/grpc 24.5046ms
[40m[32minfo[39m[22m[49m: Microsoft.AspNetCore.Routing.EndpointMiddleware[1]
      Executed endpoint 'gRPC - /UnityILPP.PostProcessing/PostProcessAssembly'
[40m[32minfo[39m[22m[49m: Microsoft.AspNetCore.Hosting.Diagnostics[2]
      Request finished HTTP/2 POST http://ilpp/UnityILPP.PostProcessing/PostProcessAssembly application/grpc - - 200 - application/grpc 37.2334ms
[40m[32minfo[39m[22m[49m: Unity.ILPP.Runner.PostProcessingPipeline[0]
      Processing assembly Library/Bee/artifacts/200b0aE.dag/Unity.ShaderGraph.Utilities.dll, with 115 defines and 236 references
[40m[32minfo[39m[22m[49m: Unity.ILPP.Runner.PostProcessingPipeline[0]
      processors: HybridCLR.AssemblyShadow.CodeGen.ReflectionBindingsILPostProcessor, zzzUnity.Burst.CodeGen.BurstILPostProcessor
[40m[32minfo[39m[22m[49m: Unity.ILPP.Runner.PostProcessingPipeline[0]
      running HybridCLR.AssemblyShadow.CodeGen.ReflectionBindingsILPostProcessor
[40m[32minfo[39m[22m[49m: Unity.ILPP.Runner.PostProcessingPipeline[0]
      running zzzUnity.Burst.CodeGen.BurstILPostProcessor
[40m[32minfo[39m[22m[49m: Microsoft.AspNetCore.Routing.EndpointMiddleware[1]
      Executed endpoint 'gRPC - /UnityILPP.PostProcessing/PostProcessAssembly'
[40m[32minfo[39m[22m[49m: Microsoft.AspNetCore.Hosting.Diagnostics[2]
      Request finished HTTP/2 POST http://ilpp/UnityILPP.PostProcessing/PostProcessAssembly application/grpc - - 200 - application/grpc 24.9427ms
[40m[32minfo[39m[22m[49m: Microsoft.AspNetCore.Hosting.Diagnostics[1]
      Request starting HTTP/2 POST http://ilpp/UnityILPP.PostProcessing/PostProcessAssembly application/grpc -
[40m[32minfo[39m[22m[49m: Microsoft.AspNetCore.Routing.EndpointMiddleware[0]
      Executing endpoint 'gRPC - /UnityILPP.PostProcessing/PostProcessAssembly'
[40m[32minfo[39m[22m[49m: Unity.ILPP.Runner.PostProcessingPipeline[0]
      Processing assembly Library/Bee/artifacts/200b0aE.dag/Unity.Searcher.Editor.dll, with 115 defines and 236 references
[40m[32minfo[39m[22m[49m: Unity.ILPP.Runner.PostProcessingPipeline[0]
      processors: HybridCLR.AssemblyShadow.CodeGen.ReflectionBindingsILPostProcessor, zzzUnity.Burst.CodeGen.BurstILPostProcessor
[40m[32minfo[39m[22m[49m: Unity.ILPP.Runner.PostProcessingPipeline[0]
      running HybridCLR.AssemblyShadow.CodeGen.ReflectionBindingsILPostProcessor
[40m[32minfo[39m[22m[49m: Unity.ILPP.Runner.PostProcessingPipeline[0]
      running zzzUnity.Burst.CodeGen.BurstILPostProcessor
[40m[32minfo[39m[22m[49m: Microsoft.AspNetCore.Routing.EndpointMiddleware[1]
      Executed endpoint 'gRPC - /UnityILPP.PostProcessing/PostProcessAssembly'
[40m[32minfo[39m[22m[49m: Microsoft.AspNetCore.Hosting.Diagnostics[2]
      Request finished HTTP/2 POST http://ilpp/UnityILPP.PostProcessing/PostProcessAssembly application/grpc - - 200 - application/grpc 3.3793ms
[40m[32minfo[39m[22m[49m: Microsoft.AspNetCore.Hosting.Diagnostics[1]
      Request starting HTTP/2 POST http://ilpp/UnityILPP.PostProcessing/PostProcessAssembly application/grpc -
[40m[32minfo[39m[22m[49m: Microsoft.AspNetCore.Routing.EndpointMiddleware[0]
      Executing endpoint 'gRPC - /UnityILPP.PostProcessing/PostProcessAssembly'
[40m[32minfo[39m[22m[49m: Unity.ILPP.Runner.PostProcessingPipeline[0]
      Processing assembly Library/Bee/artifacts/200b0aE.dag/Unity.HybridCLR.AssemblyShadow.CodeGen.Tests.dll, with 115 defines and 227 references
[40m[32minfo[39m[22m[49m: Unity.ILPP.Runner.PostProcessingPipeline[0]
      processors: HybridCLR.AssemblyShadow.CodeGen.ReflectionBindingsILPostProcessor, zzzUnity.Burst.CodeGen.BurstILPostProcessor
[40m[32minfo[39m[22m[49m: Unity.ILPP.Runner.PostProcessingPipeline[0]
      running HybridCLR.AssemblyShadow.CodeGen.ReflectionBindingsILPostProcessor
[40m[32minfo[39m[22m[49m: Unity.ILPP.Runner.PostProcessingPipeline[0]
      running zzzUnity.Burst.CodeGen.BurstILPostProcessor
[40m[32minfo[39m[22m[49m: Microsoft.AspNetCore.Routing.EndpointMiddleware[1]
      Executed endpoint 'gRPC - /UnityILPP.PostProcessing/PostProcessAssembly'
[40m[32minfo[39m[22m[49m: Microsoft.AspNetCore.Hosting.Diagnostics[2]
      Request finished HTTP/2 POST http://ilpp/UnityILPP.PostProcessing/PostProcessAssembly application/grpc - - 200 - application/grpc 1.2020ms
ExitCode: 0 Duration: 5s461ms
Finished compiling graph: 911 nodes, 14358 flattened edges (11610 ToBuild, 166 ToUse), maximum node priority 992
[  9/908    0s] WriteText Library/Bee/artifacts/200b0aE.dag/UnityEngine.TestRunner.UnityAdditionalFile.txt
[ 14/908    0s] WriteText Library/Bee/artifacts/200b0aE.dag/UnityEngine.TestRunner.rsp2
[104/908    0s] WriteText Library/Bee/artifacts/200b0aE.dag/UnityEngine.UI.UnityAdditionalFile.txt
[105/908    0s] WriteText Library/Bee/artifacts/200b0aE.dag/UnityEngine.UI.rsp2
[106/908    0s] WriteText Library/Bee/artifacts/200b0aE.dag/UnityEngine.TestRunner.rsp
[107/908    0s] WriteText Library/Bee/artifacts/200b0aE.dag/UnityEngine.TestRunner.dll.mvfrm.rsp
[108/908    0s] WriteText Library/Bee/artifacts/200b0aE.dag/UnityEditor.TestRunner.rsp2
[109/908    0s] WriteText Library/Bee/artifacts/200b0aE.dag/UnityEditor.TestRunner.UnityAdditionalFile.txt
[110/908    0s] WriteText Library/Bee/artifacts/200b0aE.dag/UnityEditor.UI.UnityAdditionalFile.txt
[111/908    0s] WriteText Library/Bee/artifacts/200b0aE.dag/UnityEngine.UI.rsp
[112/908    0s] WriteText Library/Bee/artifacts/200b0aE.dag/UnityEngine.UI.dll.mvfrm.rsp
[113/908    0s] WriteText Library/Bee/artifacts/200b0aE.dag/UnityEditor.TestRunner.dll.mvfrm.rsp
[115/908    0s] WriteText Library/Bee/artifacts/200b0aE.dag/UnityEditor.TestRunner.rsp
[116/908    0s] WriteText Library/Bee/artifacts/200b0aE.dag/UnityEditor.UI.rsp2
[117/908    0s] WriteText Library/Bee/artifacts/200b0aE.dag/UnityEditor.UI.dll.mvfrm.rsp
[118/908    0s] WriteText Library/Bee/artifacts/200b0aE.dag/Unity.Burst.rsp2
[119/908    0s] WriteText Library/Bee/artifacts/200b0aE.dag/Unity.Burst.UnityAdditionalFile.txt
[121/908    0s] WriteText Library/Bee/artifacts/200b0aE.dag/UnityEditor.UI.rsp
[122/908    0s] WriteText Library/Bee/artifacts/200b0aE.dag/Unity.Burst.dll.mvfrm.rsp
[124/908    0s] WriteText Library/Bee/artifacts/200b0aE.dag/Unity.Burst.CodeGen.UnityAdditionalFile.txt
[127/908    0s] WriteText Library/Bee/artifacts/200b0aE.dag/Unity.Burst.CodeGen.rsp2
[128/908    0s] WriteText Library/Bee/artifacts/200b0aE.dag/Unity.HybridCLR.AssemblyShadow.CodeGen.UnityAdditionalFile.txt
[129/908    0s] WriteText Library/Bee/artifacts/200b0aE.dag/Unity.HybridCLR.AssemblyShadow.CodeGen.rsp2
[131/908    0s] WriteText Library/Bee/artifacts/200b0aE.dag/Unity.HybridCLR.AssemblyShadow.CodeGen.dll.mvfrm.rsp
[132/908    0s] WriteText Library/Bee/artifacts/200b0aE.dag/Unity.Burst.rsp
[133/908    0s] WriteText Library/Bee/artifacts/200b0aE.dag/Unity.HybridCLR.AssemblyShadow.CodeGen.rsp
[134/908    0s] WriteText Library/Bee/artifacts/200b0aE.dag/Unity.Burst.CodeGen.dll.mvfrm.rsp
[135/908    0s] WriteText Library/Bee/artifacts/200b0aE.dag/Unity.Burst.CodeGen.rsp
[136/908    0s] WriteText Library/Bee/artifacts/200b0aE.dag/Unity.Mathematics.UnityAdditionalFile.txt
[137/908    0s] WriteText Library/Bee/artifacts/200b0aE.dag/Unity.Mathematics.rsp2
[138/908    0s] WriteText Library/Bee/artifacts/200b0aE.dag/Unity.Mathematics.dll.mvfrm.rsp
[139/908    0s] WriteText Library/Bee/artifacts/200b0aE.dag/Unity.RenderPipelines.Core.Runtime.UnityAdditionalFile.txt
[140/908    0s] WriteText Library/Bee/artifacts/200b0aE.dag/Unity.RenderPipelines.Core.Runtime.rsp2
[141/908    0s] WriteText Library/Bee/artifacts/200b0aE.dag/Unity.Mathematics.rsp
[142/908    0s] WriteText Library/Bee/artifacts/200b0aE.dag/Unity.RenderPipelines.Core.Runtime.rsp
[143/908    0s] WriteText Library/Bee/artifacts/200b0aE.dag/Unity.RenderPipelines.Core.Runtime.dll.mvfrm.rsp
[144/908    0s] WriteText Library/Bee/artifacts/200b0aE.dag/Unity.VisualScripting.Core.rsp2
[145/908    0s] WriteText Library/Bee/artifacts/200b0aE.dag/Unity.VisualScripting.Core.UnityAdditionalFile.txt
[146/908    0s] WriteText Library/Bee/artifacts/200b0aE.dag/Unity.2D.Sprite.Editor.UnityAdditionalFile.txt
[147/908    0s] WriteText Library/Bee/artifacts/200b0aE.dag/Unity.VisualScripting.Core.dll.mvfrm.rsp
[148/908    0s] WriteText Library/Bee/artifacts/200b0aE.dag/Unity.2D.Sprite.Editor.rsp2
[149/908    0s] WriteText Library/Bee/artifacts/200b0aE.dag/Unity.VisualScripting.Core.rsp
[150/908    0s] WriteText Library/Bee/artifacts/200b0aE.dag/Unity.2D.Common.Runtime.rsp2
[151/908    0s] WriteText Library/Bee/artifacts/200b0aE.dag/Unity.InternalAPIEngineBridge.001.rsp2
[152/908    0s] WriteText Library/Bee/artifacts/200b0aE.dag/Unity.InternalAPIEngineBridge.001.UnityAdditionalFile.txt
[153/908    0s] WriteText Library/Bee/artifacts/200b0aE.dag/Unity.2D.Sprite.Editor.dll.mvfrm.rsp
[154/908    0s] WriteText Library/Bee/artifacts/200b0aE.dag/Unity.2D.Common.Runtime.UnityAdditionalFile.txt
[155/908    0s] WriteText Library/Bee/artifacts/200b0aE.dag/Unity.VisualScripting.Flow.rsp2
[156/908    0s] WriteText Library/Bee/artifacts/200b0aE.dag/Unity.VisualScripting.Flow.UnityAdditionalFile.txt
[157/908    0s] WriteText Library/Bee/artifacts/200b0aE.dag/Unity.Collections.UnityAdditionalFile.txt
[158/908    0s] WriteText Library/Bee/artifacts/200b0aE.dag/Unity.Collections.rsp2
[159/908    0s] WriteText Library/Bee/artifacts/200b0aE.dag/Unity.2D.Sprite.Editor.rsp
[160/908    0s] WriteText Library/Bee/artifacts/200b0aE.dag/Unity.2D.Common.Runtime.dll.mvfrm.rsp
[161/908    0s] WriteText Library/Bee/artifacts/200b0aE.dag/Unity.2D.Common.Runtime.rsp
[162/908    0s] WriteText Library/Bee/artifacts/200b0aE.dag/Unity.RenderPipeline.Universal.ShaderLibrary.UnityAdditionalFile.txt
[163/908    0s] WriteText Library/Bee/artifacts/200b0aE.dag/Unity.VisualScripting.Core.Editor.rsp2
[164/908    0s] WriteText Library/Bee/artifacts/200b0aE.dag/Unity.VisualScripting.Core.Editor.UnityAdditionalFile.txt
[165/908    0s] WriteText Library/Bee/artifacts/200b0aE.dag/Unity.RenderPipeline.Universal.ShaderLibrary.rsp2
[166/908    0s] WriteText Library/Bee/artifacts/200b0aE.dag/Unity.RenderPipelines.Universal.Config.Runtime.rsp2
[167/908    0s] WriteText Library/Bee/artifacts/200b0aE.dag/Unity.RenderPipelines.Universal.2D.Internal.rsp2
[168/908    0s] WriteText Library/Bee/artifacts/200b0aE.dag/Unity.RenderPipelines.Universal.2D.Internal.UnityAdditionalFile.txt
[169/908    0s] WriteText Library/Bee/artifacts/200b0aE.dag/Unity.RenderPipelines.Core.Editor.UnityAdditionalFile.txt
[170/908    0s] WriteText Library/Bee/artifacts/200b0aE.dag/Unity.RenderPipelines.Core.Editor.rsp2
[171/908    0s] WriteText Library/Bee/artifacts/200b0aE.dag/Unity.VisualScripting.Flow.dll.mvfrm.rsp
[172/908    0s] WriteText Library/Bee/artifacts/200b0aE.dag/Unity.InternalAPIEngineBridge.001.rsp
[173/908    0s] WriteText Library/Bee/artifacts/200b0aE.dag/Unity.RenderPipelines.Universal.Config.Runtime.dll.mvfrm.rsp
[174/908    0s] WriteText Library/Bee/artifacts/200b0aE.dag/Unity.Collections.dll.mvfrm.rsp
[175/908    0s] WriteText Library/Bee/artifacts/200b0aE.dag/Unity.InternalAPIEngineBridge.001.dll.mvfrm.rsp
[176/908    0s] WriteText Library/Bee/artifacts/200b0aE.dag/Unity.RenderPipelines.Universal.Config.Runtime.UnityAdditionalFile.txt
[177/908    0s] WriteText Library/Bee/artifacts/200b0aE.dag/Unity.RenderPipelines.Universal.2D.Internal.dll.mvfrm.rsp
[178/908    0s] WriteText Library/Bee/artifacts/200b0aE.dag/Unity.VisualScripting.Flow.rsp
[179/908    0s] WriteText Library/Bee/artifacts/200b0aE.dag/Unity.Searcher.Editor.UnityAdditionalFile.txt
[180/908    0s] WriteText Library/Bee/artifacts/200b0aE.dag/Unity.RenderPipeline.Universal.ShaderLibrary.dll.mvfrm.rsp
[181/908    0s] WriteText Library/Bee/artifacts/200b0aE.dag/Unity.Collections.rsp
[182/908    0s] WriteText Library/Bee/artifacts/200b0aE.dag/Unity.RenderPipelines.Universal.Config.Runtime.rsp
[183/908    0s] WriteText Library/Bee/artifacts/200b0aE.dag/Unity.VisualScripting.Core.Editor.dll.mvfrm.rsp
[184/908    0s] WriteText Library/Bee/artifacts/200b0aE.dag/Unity.RenderPipelines.Universal.2D.Internal.rsp
[185/908    0s] WriteText Library/Bee/artifacts/200b0aE.dag/Unity.InternalAPIEditorBridge.001.UnityAdditionalFile.txt
[186/908    0s] WriteText Library/Bee/artifacts/200b0aE.dag/Unity.InternalAPIEditorBridge.001.rsp2
[187/908    0s] WriteText Library/Bee/artifacts/200b0aE.dag/Unity.ShaderGraph.Utilities.UnityAdditionalFile.txt
[188/908    0s] WriteText Library/Bee/artifacts/200b0aE.dag/Unity.Searcher.Editor.rsp2
[189/908    0s] WriteText Library/Bee/artifacts/200b0aE.dag/Unity.RenderPipelines.Core.Editor.rsp
[190/908    0s] WriteText Library/Bee/artifacts/200b0aE.dag/Unity.ShaderGraph.Utilities.rsp2
[191/908    0s] WriteText Library/Bee/artifacts/200b0aE.dag/Unity.RenderPipeline.Universal.ShaderLibrary.rsp
[192/908    0s] WriteText Library/Bee/artifacts/200b0aE.dag/Unity.RenderPipelines.Core.Editor.dll.mvfrm.rsp
[193/908    0s] WriteText Library/Bee/artifacts/200b0aE.dag/Unity.2D.Common.Editor.rsp2
[194/908    0s] WriteText Library/Bee/artifacts/200b0aE.dag/Unity.RenderPipelines.Universal.Runtime.rsp2
[195/908    0s] WriteText Library/Bee/artifacts/200b0aE.dag/Unity.VisualScripting.Core.Editor.rsp
[196/908    0s] WriteText Library/Bee/artifacts/200b0aE.dag/Unity.2D.Common.Editor.UnityAdditionalFile.txt
[197/908    0s] WriteText Library/Bee/artifacts/200b0aE.dag/Unity.Searcher.Editor.dll.mvfrm.rsp
[198/908    0s] WriteText Library/Bee/artifacts/200b0aE.dag/HybridCLR.Runtime.UnityAdditionalFile.txt
[199/908    0s] WriteText Library/Bee/artifacts/200b0aE.dag/Unity.InternalAPIEditorBridge.001.dll.mvfrm.rsp
[200/908    0s] WriteText Library/Bee/artifacts/200b0aE.dag/Unity.Searcher.Editor.rsp
[201/908    0s] WriteText Library/Bee/artifacts/200b0aE.dag/Unity.ShaderGraph.Utilities.dll.mvfrm.rsp
[202/908    0s] WriteText Library/Bee/artifacts/200b0aE.dag/HybridCLR.Runtime.rsp2
[203/908    0s] WriteText Library/Bee/artifacts/200b0aE.dag/Unity.VisualScripting.Flow.Editor.UnityAdditionalFile.txt
[204/908    0s] WriteText Library/Bee/artifacts/200b0aE.dag/Unity.2D.Animation.Runtime.UnityAdditionalFile.txt
[205/908    0s] WriteText Library/Bee/artifacts/200b0aE.dag/Unity.RenderPipelines.Universal.Runtime.UnityAdditionalFile.txt
[206/908    0s] WriteText Library/Bee/artifacts/200b0aE.dag/Unity.VisualScripting.State.rsp2
[207/908    0s] WriteText Library/Bee/artifacts/200b0aE.dag/Unity.ShaderGraph.Utilities.rsp
[208/908    0s] WriteText Library/Bee/artifacts/200b0aE.dag/Unity.VisualScripting.State.UnityAdditionalFile.txt
[209/908    0s] WriteText Library/Bee/artifacts/200b0aE.dag/Unity.VisualScripting.Flow.Editor.rsp2
[210/908    0s] WriteText Library/Bee/artifacts/200b0aE.dag/Unity.2D.Common.Editor.dll.mvfrm.rsp
[211/908    0s] WriteText Library/Bee/artifacts/200b0aE.dag/Unity.RenderPipelines.Universal.Runtime.dll.mvfrm.rsp
[212/908    0s] WriteText Library/Bee/artifacts/200b0aE.dag/Unity.InternalAPIEditorBridge.001.rsp
[213/908    0s] WriteText Library/Bee/artifacts/200b0aE.dag/Unity.2D.Animation.Runtime.rsp2
[214/908    0s] WriteText Library/Bee/artifacts/200b0aE.dag/Unity.Mathematics.Editor.rsp2
[215/908    0s] WriteText Library/Bee/artifacts/200b0aE.dag/Unity.ShaderGraph.Editor.UnityAdditionalFile.txt
[216/908    0s] WriteText Library/Bee/artifacts/200b0aE.dag/Unity.Burst.Editor.rsp2
[217/908    0s] WriteText Library/Bee/artifacts/200b0aE.dag/Unity.ShaderGraph.Editor.rsp2
[218/908    0s] WriteText Library/Bee/artifacts/200b0aE.dag/Unity.Mathematics.Editor.UnityAdditionalFile.txt
[219/908    0s] WriteText Library/Bee/artifacts/200b0aE.dag/Unity.RenderPipelines.Universal.Runtime.rsp
[220/908    0s] WriteText Library/Bee/artifacts/200b0aE.dag/Unity.Burst.Editor.UnityAdditionalFile.txt
[221/908    0s] WriteText Library/Bee/artifacts/200b0aE.dag/Unity.VisualScripting.State.dll.mvfrm.rsp
[222/908    0s] WriteText Library/Bee/artifacts/200b0aE.dag/Unity.Mathematics.Editor.dll.mvfrm.rsp
[223/908    0s] WriteText Library/Bee/artifacts/200b0aE.dag/Unity.VisualScripting.Flow.Editor.dll.mvfrm.rsp
[224/908    0s] WriteText Library/Bee/artifacts/200b0aE.dag/Unity.2D.Common.Editor.rsp
[225/908    0s] WriteText Library/Bee/artifacts/200b0aE.dag/Unity.ShaderGraph.Editor.dll.mvfrm.rsp
[226/908    0s] WriteText Library/Bee/artifacts/200b0aE.dag/Unity.2D.Animation.Runtime.rsp
[227/908    0s] WriteText Library/Bee/artifacts/200b0aE.dag/Unity.2D.Animation.Runtime.dll.mvfrm.rsp
[228/908    0s] WriteText Library/Bee/artifacts/200b0aE.dag/AssemblyA.Contracts.rsp2
[229/908    0s] WriteText Library/Bee/artifacts/200b0aE.dag/Unity.VisualScripting.State.rsp
[230/908    0s] WriteText Library/Bee/artifacts/200b0aE.dag/AssemblyA.Contracts.UnityAdditionalFile.txt
[231/908    0s] WriteText Library/Bee/artifacts/200b0aE.dag/Unity.VisualScripting.Flow.Editor.rsp
[232/908    0s] WriteText Library/Bee/artifacts/200b0aE.dag/Unity.Burst.Editor.dll.mvfrm.rsp
[233/908    0s] WriteText Library/Bee/artifacts/200b0aE.dag/Unity.Burst.Editor.rsp
[234/908    0s] WriteText Library/Bee/artifacts/200b0aE.dag/Unity.Mathematics.Editor.rsp
[235/908    0s] WriteText Library/Bee/artifacts/200b0aE.dag/Unity.RenderPipelines.Universal.Editor.UnityAdditionalFile.txt
[236/908    0s] WriteText Library/Bee/artifacts/200b0aE.dag/HybridCLR.Runtime.rsp
[237/908    0s] WriteText Library/Bee/artifacts/200b0aE.dag/Unity.ShaderGraph.Editor.rsp
[238/908    0s] WriteText Library/Bee/artifacts/200b0aE.dag/HybridCLR.Runtime.dll.mvfrm.rsp
[239/908    0s] WriteText Library/Bee/artifacts/200b0aE.dag/Unity.2D.Animation.Editor.rsp2
[240/908    0s] WriteText Library/Bee/artifacts/200b0aE.dag/Unity.2D.Animation.Editor.UnityAdditionalFile.txt
[241/908    0s] WriteText Library/Bee/artifacts/200b0aE.dag/Unity.RenderPipelines.Universal.Editor.rsp2
[242/908    0s] WriteText Library/Bee/artifacts/200b0aE.dag/Unity.2D.Common.Path.Editor.rsp2
[243/908    0s] WriteText Library/Bee/artifacts/200b0aE.dag/HybridCLR.Editor.UnityAdditionalFile.txt
[244/908    0s] WriteText Library/Bee/artifacts/200b0aE.dag/AssemblyA.Contracts.dll.mvfrm.rsp
[245/908    0s] WriteText Library/Bee/artifacts/200b0aE.dag/AssemblyA.Contracts.rsp
[246/908    0s] WriteText Library/Bee/artifacts/200b0aE.dag/HybridCLR.Editor.rsp2
[247/908    0s] WriteText Library/Bee/artifacts/200b0aE.dag/Unity.TextMeshPro.rsp2
[248/908    0s] WriteText Library/Bee/artifacts/200b0aE.dag/Unity.2D.Common.Path.Editor.UnityAdditionalFile.txt
[249/908    0s] WriteText Library/Bee/artifacts/200b0aE.dag/Unity.2D.Tilemap.Extras.rsp2
[250/908    0s] WriteText Library/Bee/artifacts/200b0aE.dag/Unity.2D.SpriteShape.Runtime.rsp2
[251/908    0s] WriteText Library/Bee/artifacts/200b0aE.dag/Unity.2D.SpriteShape.Runtime.UnityAdditionalFile.txt
[252/908    0s] WriteText Library/Bee/artifacts/200b0aE.dag/Unity.Timeline.rsp2
[253/908    0s] WriteText Library/Bee/artifacts/200b0aE.dag/Unity.TextMeshPro.UnityAdditionalFile.txt
[254/908    0s] WriteText Library/Bee/artifacts/200b0aE.dag/Unity.2D.Aseprite.Common.rsp2
[255/908    0s] WriteText Library/Bee/artifacts/200b0aE.dag/Unity.2D.IK.Runtime.UnityAdditionalFile.txt
[256/908    0s] WriteText Library/Bee/artifacts/200b0aE.dag/Unity.2D.Tilemap.Editor.rsp2
[257/908    0s] WriteText Library/Bee/artifacts/200b0aE.dag/Unity.2D.Tilemap.Editor.UnityAdditionalFile.txt
[258/908    0s] WriteText Library/Bee/artifacts/200b0aE.dag/Unity.VisualScripting.State.Editor.rsp2
[259/908    0s] WriteText Library/Bee/artifacts/200b0aE.dag/Unity.VisualScripting.State.Editor.UnityAdditionalFile.txt
[260/908    0s] WriteText Library/Bee/artifacts/200b0aE.dag/Unity.2D.IK.Runtime.rsp2
[261/908    0s] WriteText Library/Bee/artifacts/200b0aE.dag/Unity.2D.PixelPerfect.rsp2
[262/908    0s] WriteText Library/Bee/artifacts/200b0aE.dag/Unity.2D.PixelPerfect.UnityAdditionalFile.txt
[263/908    0s] WriteText Library/Bee/artifacts/200b0aE.dag/Unity.2D.Animation.Editor.dll.mvfrm.rsp
[264/908    0s] WriteText Library/Bee/artifacts/200b0aE.dag/Unity.2D.Aseprite.Common.UnityAdditionalFile.txt
[265/908    0s] WriteText Library/Bee/artifacts/200b0aE.dag/Unity.Timeline.UnityAdditionalFile.txt
[266/908    0s] WriteText Library/Bee/artifacts/200b0aE.dag/Unity.RenderPipelines.Universal.Editor.rsp
[267/908    0s] WriteText Library/Bee/artifacts/200b0aE.dag/Unity.2D.Animation.Editor.rsp
[268/908    0s] WriteText Library/Bee/artifacts/200b0aE.dag/Unity.RenderPipelines.Universal.Editor.dll.mvfrm.rsp
[269/908    0s] WriteText Library/Bee/artifacts/200b0aE.dag/Unity.VisualScripting.State.Editor.dll.mvfrm.rsp
[270/908    0s] WriteText Library/Bee/artifacts/200b0aE.dag/Unity.2D.Tilemap.Extras.UnityAdditionalFile.txt
[271/908    0s] WriteText Library/Bee/artifacts/200b0aE.dag/AssemblyA.Implementation.Extensibility.UnityAdditionalFile.txt
[272/908    0s] WriteText Library/Bee/artifacts/200b0aE.dag/AssemblyA.Implementation.Extensibility.rsp2
[273/908    0s] WriteText Library/Bee/artifacts/200b0aE.dag/Unity.2D.Tilemap.Editor.dll.mvfrm.rsp
[274/908    0s] WriteText Library/Bee/artifacts/200b0aE.dag/Unity.Timeline.dll.mvfrm.rsp
[275/908    0s] WriteText Library/Bee/artifacts/200b0aE.dag/Unity.2D.IK.Runtime.dll.mvfrm.rsp
[276/908    0s] WriteText Library/Bee/artifacts/200b0aE.dag/Unity.2D.PixelPerfect.dll.mvfrm.rsp
[277/908    0s] WriteText Library/Bee/artifacts/200b0aE.dag/Unity.2D.Common.Path.Editor.dll.mvfrm.rsp
[278/908    0s] WriteText Library/Bee/artifacts/200b0aE.dag/Unity.2D.Tilemap.Extras.dll.mvfrm.rsp
[279/908    0s] WriteText Library/Bee/artifacts/200b0aE.dag/Unity.2D.SpriteShape.Runtime.rsp
[280/908    0s] WriteText Library/Bee/artifacts/200b0aE.dag/Unity.2D.SpriteShape.Runtime.dll.mvfrm.rsp
[281/908    0s] WriteText Library/Bee/artifacts/200b0aE.dag/Unity.2D.PixelPerfect.rsp
[282/908    0s] WriteText Library/Bee/artifacts/200b0aE.dag/Unity.2D.Aseprite.Common.dll.mvfrm.rsp
[283/908    0s] WriteText Library/Bee/artifacts/200b0aE.dag/Unity.VisualScripting.State.Editor.rsp
[284/908    0s] WriteText Library/Bee/artifacts/200b0aE.dag/Unity.2D.IK.Runtime.rsp
[285/908    0s] WriteText Library/Bee/artifacts/200b0aE.dag/AssemblyShadowBaseline.Aot.UnityAdditionalFile.txt
[286/908    0s] WriteText Library/Bee/artifacts/200b0aE.dag/Unity.2D.Aseprite.Common.rsp
[287/908    0s] WriteText Library/Bee/artifacts/200b0aE.dag/Unity.TextMeshPro.dll.mvfrm.rsp
[288/908    0s] WriteText Library/Bee/artifacts/200b0aE.dag/Unity.2D.Tilemap.Editor.rsp
[289/908    0s] WriteText Library/Bee/artifacts/200b0aE.dag/Unity.Timeline.rsp
[290/908    0s] WriteText Library/Bee/artifacts/200b0aE.dag/AssemblyShadowBaseline.Aot.rsp2
[291/908    0s] WriteText Library/Bee/artifacts/200b0aE.dag/Unity.2D.Tilemap.Extras.rsp
[292/908    0s] WriteText Library/Bee/artifacts/200b0aE.dag/Unity.TextMeshPro.rsp
[293/908    0s] WriteText Library/Bee/artifacts/200b0aE.dag/Unity.2D.Common.Path.Editor.rsp
[294/908    0s] WriteText Library/Bee/artifacts/200b0aE.dag/HybridCLR.Editor.dll.mvfrm.rsp
[295/908    0s] WriteText Library/Bee/artifacts/200b0aE.dag/PsdPlugin.rsp2
[296/908    0s] WriteText Library/Bee/artifacts/200b0aE.dag/PsdPlugin.UnityAdditionalFile.txt
[297/908    0s] WriteText Library/Bee/artifacts/200b0aE.dag/HybridCLR.Editor.rsp
[298/908    0s] WriteText Library/Bee/artifacts/200b0aE.dag/MCPForUnity.Runtime.UnityAdditionalFile.txt
[299/908    0s] WriteText Library/Bee/artifacts/200b0aE.dag/MCPForUnity.Runtime.rsp2
[300/908    0s] WriteText Library/Bee/artifacts/200b0aE.dag/Unity.PlasticSCM.Editor.UnityAdditionalFile.txt
[301/908    0s] WriteText Library/Bee/artifacts/200b0aE.dag/Unity.PlasticSCM.Editor.rsp2
[302/908    0s] WriteText Library/Bee/artifacts/200b0aE.dag/AssemblyShadowBaseline.Aot.dll.mvfrm.rsp
[303/908    0s] WriteText Library/Bee/artifacts/200b0aE.dag/AssemblyA.Implementation.Extensibility.rsp
[304/908    0s] WriteText Library/Bee/artifacts/200b0aE.dag/Unity.VisualStudio.Editor.rsp2
[305/908    0s] WriteText Library/Bee/artifacts/200b0aE.dag/PsdPlugin.dll.mvfrm.rsp
[306/908    0s] WriteText Library/Bee/artifacts/200b0aE.dag/AssemblyA.Implementation.Extensibility.dll.mvfrm.rsp
[307/908    0s] WriteText Library/Bee/artifacts/200b0aE.dag/PsdPlugin.rsp
[308/908    0s] WriteText Library/Bee/artifacts/200b0aE.dag/AssemblyShadowBaseline.Aot.rsp
[309/908    0s] WriteText Library/Bee/artifacts/200b0aE.dag/MCPForUnity.Runtime.dll.mvfrm.rsp
[310/908    0s] WriteText Library/Bee/artifacts/200b0aE.dag/Unity.PlasticSCM.Editor.dll.mvfrm.rsp
[311/908    0s] WriteText Library/Bee/artifacts/200b0aE.dag/Unity.Rider.Editor.rsp2
[312/908    0s] WriteText Library/Bee/artifacts/200b0aE.dag/Unity.RenderPipelines.ShaderGraph.ShaderGraphLibrary.UnityAdditionalFile.txt
[313/908    0s] WriteText Library/Bee/artifacts/200b0aE.dag/Unity.2D.Aseprite.Editor.UnityAdditionalFile.txt
[314/908    0s] WriteText Library/Bee/artifacts/200b0aE.dag/Unity.Rider.Editor.UnityAdditionalFile.txt
[315/908    0s] WriteText Library/Bee/artifacts/200b0aE.dag/Unity.VisualStudio.Editor.UnityAdditionalFile.txt
[316/908    0s] WriteText Library/Bee/artifacts/200b0aE.dag/Unity.RenderPipelines.Core.ShaderLibrary.rsp2
[317/908    0s] WriteText Library/Bee/artifacts/200b0aE.dag/Unity.2D.Aseprite.Editor.rsp2
[318/908    0s] WriteText Library/Bee/artifacts/200b0aE.dag/Unity.RenderPipelines.Core.ShaderLibrary.UnityAdditionalFile.txt
[319/908    0s] WriteText Library/Bee/artifacts/200b0aE.dag/Unity.2D.Tilemap.Extras.Editor.rsp2
[320/908    0s] WriteText Library/Bee/artifacts/200b0aE.dag/Unity.RenderPipelines.Universal.Shaders.rsp2
[321/908    0s] WriteText Library/Bee/artifacts/200b0aE.dag/Unity.2D.Tilemap.Extras.Editor.UnityAdditionalFile.txt
[322/908    0s] WriteText Library/Bee/artifacts/200b0aE.dag/Unity.2D.IK.Editor.UnityAdditionalFile.txt
[323/908    0s] WriteText Library/Bee/artifacts/200b0aE.dag/Unity.RenderPipelines.Universal.Shaders.UnityAdditionalFile.txt
[324/908    0s] WriteText Library/Bee/artifacts/200b0aE.dag/Unity.2D.SpriteShape.Editor.UnityAdditionalFile.txt
[325/908    0s] WriteText Library/Bee/artifacts/200b0aE.dag/Unity.2D.Psdimporter.Editor.rsp2
[326/908    0s] WriteText Library/Bee/artifacts/200b0aE.dag/Unity.TextMeshPro.Editor.UnityAdditionalFile.txt
[327/908    0s] WriteText Library/Bee/artifacts/200b0aE.dag/Unity.RenderPipelines.ShaderGraph.ShaderGraphLibrary.rsp2
[328/908    0s] WriteText Library/Bee/artifacts/200b0aE.dag/Unity.2D.IK.Editor.rsp2
[329/908    0s] WriteText Library/Bee/artifacts/200b0aE.dag/Unity.2D.PixelPerfect.Editor.UnityAdditionalFile.txt
[330/908    0s] WriteText Library/Bee/artifacts/200b0aE.dag/Unity.Timeline.Editor.UnityAdditionalFile.txt
[331/908    0s] WriteText Library/Bee/artifacts/200b0aE.dag/Unity.Timeline.Editor.rsp2
[332/908    0s] WriteText Library/Bee/artifacts/200b0aE.dag/Unity.2D.SpriteShape.Editor.rsp2
[333/908    0s] WriteText Library/Bee/artifacts/200b0aE.dag/Unity.TextMeshPro.Editor.rsp2
[334/908    0s] WriteText Library/Bee/artifacts/200b0aE.dag/Unity.2D.Psdimporter.Editor.UnityAdditionalFile.txt
[335/908    0s] WriteText Library/Bee/artifacts/200b0aE.dag/Unity.VisualScripting.SettingsProvider.Editor.UnityAdditionalFile.txt
[336/908    0s] WriteText Library/Bee/artifacts/200b0aE.dag/Unity.2D.PixelPerfect.Editor.rsp2
[337/908    0s] WriteText Library/Bee/artifacts/200b0aE.dag/Unity.VisualScripting.Shared.Editor.rsp2
[338/908    0s] WriteText Library/Bee/artifacts/200b0aE.dag/Unity.PlasticSCM.Editor.rsp
[339/908    0s] WriteText Library/Bee/artifacts/200b0aE.dag/Unity.Rider.Editor.dll.mvfrm.rsp
[340/908    0s] WriteText Library/Bee/artifacts/200b0aE.dag/MCPForUnity.Runtime.rsp
[341/908    0s] WriteText Library/Bee/artifacts/200b0aE.dag/Unity.VisualScripting.Shared.Editor.UnityAdditionalFile.txt
[342/908    0s] WriteText Library/Bee/artifacts/200b0aE.dag/AssemblyShadowDemo.ExtensibilityConsumer.UnityAdditionalFile.txt
[343/908    0s] WriteText Library/Bee/artifacts/200b0aE.dag/Unity.2D.PixelPerfect.Editor.dll.mvfrm.rsp
[344/908    0s] WriteText Library/Bee/artifacts/200b0aE.dag/Unity.Timeline.Editor.dll.mvfrm.rsp
[345/908    0s] WriteText Library/Bee/artifacts/200b0aE.dag/AssemblyA.Implementation.Internal.rsp2
[346/908    0s] WriteText Library/Bee/artifacts/200b0aE.dag/Unity.TextMeshPro.Editor.dll.mvfrm.rsp
[347/908    0s] WriteText Library/Bee/artifacts/200b0aE.dag/AssemblyA.Implementation.Internal.UnityAdditionalFile.txt
[348/908    0s] WriteText Library/Bee/artifacts/200b0aE.dag/Unity.VisualScripting.SettingsProvider.Editor.rsp2
[349/908    0s] WriteText Library/Bee/artifacts/200b0aE.dag/AssemblyShadowDemo.ExtensibilityConsumer.rsp2
[350/908    0s] WriteText Library/Bee/artifacts/200b0aE.dag/Unity.2D.IK.Editor.dll.mvfrm.rsp
[351/908    0s] WriteText Library/Bee/artifacts/200b0aE.dag/Unity.VisualStudio.Editor.dll.mvfrm.rsp
[352/908    0s] WriteText Library/Bee/artifacts/200b0aE.dag/Unity.VisualScripting.Shared.Editor.dll.mvfrm.rsp
[353/908    0s] WriteText Library/Bee/artifacts/200b0aE.dag/Unity.VisualScripting.SettingsProvider.Editor.dll.mvfrm.rsp
[354/908    0s] WriteText Library/Bee/artifacts/200b0aE.dag/AssemblyShadowBaseline.Editor.rsp2
[355/908    0s] WriteText Library/Bee/artifacts/200b0aE.dag/AssemblyShadowBaseline.Editor.UnityAdditionalFile.txt
[356/908    0s] WriteText Library/Bee/artifacts/200b0aE.dag/AssemblyShadowDemo.ContractsConsumer.UnityAdditionalFile.txt
[357/908    0s] WriteText Library/Bee/artifacts/200b0aE.dag/Unity.2D.Psdimporter.Editor.dll.mvfrm.rsp
[358/908    0s] WriteText Library/Bee/artifacts/200b0aE.dag/Unity.RenderPipelines.Universal.Shaders.dll.mvfrm.rsp
[359/908    0s] WriteText Library/Bee/artifacts/200b0aE.dag/Unity.RenderPipelines.ShaderGraph.ShaderGraphLibrary.dll.mvfrm.rsp
[360/908    0s] WriteText Library/Bee/artifacts/200b0aE.dag/Unity.2D.Tilemap.Extras.Editor.dll.mvfrm.rsp
[361/908    0s] WriteText Library/Bee/artifacts/200b0aE.dag/Unity.RenderPipelines.Core.ShaderLibrary.dll.mvfrm.rsp
[362/908    0s] WriteText Library/Bee/artifacts/200b0aE.dag/MCPForUnity.Editor.UnityAdditionalFile.txt
[363/908    0s] WriteText Library/Bee/artifacts/200b0aE.dag/MCPForUnity.Editor.rsp2
[364/908    0s] WriteText Library/Bee/artifacts/200b0aE.dag/Unity.Rider.Editor.rsp
[365/908    0s] WriteText Library/Bee/artifacts/200b0aE.dag/Unity.VisualStudio.Editor.rsp
[366/908    0s] WriteText Library/Bee/artifacts/200b0aE.dag/Unity.RenderPipelines.Core.ShaderLibrary.rsp
[367/908    0s] WriteText Library/Bee/artifacts/200b0aE.dag/Unity.RenderPipelines.ShaderGraph.ShaderGraphLibrary.rsp
[368/908    0s] WriteText Library/Bee/artifacts/200b0aE.dag/Unity.2D.SpriteShape.Editor.dll.mvfrm.rsp
[369/908    0s] WriteText Library/Bee/artifacts/200b0aE.dag/Unity.2D.Aseprite.Editor.dll.mvfrm.rsp
[370/908    0s] WriteText Library/Bee/artifacts/200b0aE.dag/Unity.RenderPipelines.Universal.Shaders.rsp
[371/908    0s] WriteText Library/Bee/artifacts/200b0aE.dag/AssemblyShadowDemo.ContractsConsumer.dll.mvfrm.rsp
[372/908    0s] WriteText Library/Bee/artifacts/200b0aE.dag/AssemblyShadowDemo.ContractsConsumer.rsp2
[373/908    0s] WriteText Library/Bee/artifacts/200b0aE.dag/Unity.2D.Tilemap.Extras.Editor.rsp
[374/908    0s] WriteText Library/Bee/artifacts/200b0aE.dag/AssemblyShadowDemo.ExtensibilityConsumer.dll.mvfrm.rsp
[375/908    0s] WriteText Library/Bee/artifacts/200b0aE.dag/AssemblyShadowBaseline.Editor.dll.mvfrm.rsp
[376/908    0s] WriteText Library/Bee/artifacts/200b0aE.dag/Unity.TextMeshPro.Editor.rsp
[377/908    0s] WriteText Library/Bee/artifacts/200b0aE.dag/Unity.2D.SpriteShape.Editor.rsp
[378/908    0s] WriteText Library/Bee/artifacts/200b0aE.dag/Unity.Timeline.Editor.rsp
[379/908    0s] WriteText Library/Bee/artifacts/200b0aE.dag/AssemblyA.Implementation.Internal.dll.mvfrm.rsp
[380/908    0s] WriteText Library/Bee/artifacts/200b0aE.dag/Unity.2D.Psdimporter.Editor.rsp
[381/908    0s] WriteText Library/Bee/artifacts/200b0aE.dag/Unity.VisualScripting.SettingsProvider.Editor.rsp
[382/908    0s] WriteText Library/Bee/artifacts/200b0aE.dag/Unity.VisualScripting.Shared.Editor.rsp
[383/908    0s] WriteText Library/Bee/artifacts/200b0aE.dag/Unity.2D.PixelPerfect.Editor.rsp
[384/908    0s] WriteText Library/Bee/artifacts/200b0aE.dag/Unity.2D.Aseprite.Editor.rsp
[385/908    0s] WriteText Library/Bee/artifacts/200b0aE.dag/Unity.2D.IK.Editor.rsp
[386/908    0s] WriteText Library/Bee/artifacts/200b0aE.dag/AssemblyShadowDemo.ExtensibilityConsumer.rsp
[387/908    0s] WriteText Library/Bee/artifacts/200b0aE.dag/MCPForUnity.Editor.dll.mvfrm.rsp
[388/908    0s] WriteText Library/Bee/artifacts/200b0aE.dag/AssemblyA.Implementation.Internal.rsp
[389/908    0s] WriteText Library/Bee/artifacts/200b0aE.dag/AssemblyShadowBaseline.Editor.rsp
[390/908    0s] WriteText Library/Bee/artifacts/200b0aE.dag/PPv2URPConverters.rsp2
[391/908    0s] WriteText Library/Bee/artifacts/200b0aE.dag/PPv2URPConverters.dll.mvfrm.rsp
[392/908    0s] WriteText Library/Bee/artifacts/200b0aE.dag/MCPForUnity.Editor.rsp
[393/908    0s] WriteText Library/Bee/artifacts/200b0aE.dag/AssemblyShadowDemo.ContractsConsumer.rsp
[394/908    0s] WriteText Library/Bee/artifacts/200b0aE.dag/PPv2URPConverters.UnityAdditionalFile.txt
[395/908    0s] WriteText Library/Bee/artifacts/200b0aE.dag/AssemblyShadowDemo.Editor.rsp2
[396/908    0s] WriteText Library/Bee/artifacts/200b0aE.dag/AssemblyShadowDemo.Editor.UnityAdditionalFile.txt
[397/908    0s] WriteText Library/Bee/artifacts/200b0aE.dag/AssemblyShadowBaseline.HotUpdate.dll.mvfrm.rsp
[398/908    0s] WriteText Library/Bee/artifacts/200b0aE.dag/PPv2URPConverters.rsp
[399/908    0s] WriteText Library/Bee/artifacts/200b0aE.dag/AssemblyShadowDemo.Editor.rsp
[400/908    0s] WriteText Library/Bee/artifacts/200b0aE.dag/AssemblyShadowDemo.Editor.dll.mvfrm.rsp
[401/908    0s] WriteText Library/Bee/artifacts/200b0aE.dag/AssemblyShadowDemo.Bootstrap.dll.mvfrm.rsp
[402/908    0s] WriteText Library/Bee/artifacts/200b0aE.dag/AssemblyShadowDemo.Bootstrap.rsp2
[403/908    0s] WriteText Library/Bee/artifacts/200b0aE.dag/AssemblyShadowBaseline.HotUpdate.UnityAdditionalFile.txt
[404/908    0s] WriteText Library/Bee/artifacts/200b0aE.dag/Assembly-CSharp.rsp2
[405/908    0s] WriteText Library/Bee/artifacts/200b0aE.dag/HybridCLR.AssemblyShadow.Editor.Tests.dll.mvfrm.rsp
[406/908    0s] WriteText Library/Bee/artifacts/200b0aE.dag/Assembly-CSharp.dll.mvfrm.rsp
[407/908    0s] WriteText Library/Bee/artifacts/200b0aE.dag/AssemblyShadowDemo.Bootstrap.UnityAdditionalFile.txt
[408/908    0s] WriteText Library/Bee/artifacts/200b0aE.dag/Assembly-CSharp.UnityAdditionalFile.txt
[409/908    0s] WriteText Library/Bee/artifacts/200b0aE.dag/MCPForUnityTests.EditMode.dll.mvfrm.rsp
[410/908    0s] WriteText Library/Bee/artifacts/200b0aE.dag/Unity.Collections.DocCodeSamples.dll.mvfrm.rsp
[411/908    0s] WriteText Library/Bee/artifacts/200b0aE.dag/Unity.CollabProxy.Editor.dll.mvfrm.rsp
[412/908    0s] WriteText Library/Bee/artifacts/200b0aE.dag/AssemblyShadowBaseline.HotUpdate.rsp2
[413/908    0s] WriteText Library/Bee/artifacts/200b0aE.dag/Unity.HybridCLR.AssemblyShadow.CodeGen.Tests.dll.mvfrm.rsp
[414/908    0s] WriteText Library/Bee/artifacts/200b0aE.dag/AssemblyShadowDemo.Bootstrap.rsp
[415/908    0s] WriteText Library/Bee/artifacts/200b0aE.dag/Unity.Collections.BurstCompatibilityGen.dll.mvfrm.rsp
[416/908    0s] WriteText Library/Bee/artifacts/200b0aE.dag/AssemblyShadowBaseline.HotUpdate.rsp
[417/908    0s] WriteText Library/Bee/artifacts/200b0aE.dag/HybridCLR.AssemblyShadow.Editor.Tests.UnityAdditionalFile.txt
[418/908    0s] WriteText Library/Bee/artifacts/200b0aE.dag/AssemblyShadowDemo.EditorTests.dll.mvfrm.rsp
[419/908    0s] WriteText Library/Bee/artifacts/200b0aE.dag/HybridCLR.AssemblyShadow.Editor.Tests.rsp2
[420/908    0s] WriteText Library/Bee/artifacts/200b0aE.dag/Unity.Collections.BurstCompatibilityGen.UnityAdditionalFile.txt
[421/908    0s] WriteText Library/Bee/artifacts/200b0aE.dag/Assembly-CSharp.rsp
[422/908    0s] WriteText Library/Bee/artifacts/200b0aE.dag/MCPForUnityTests.EditMode.rsp2
[423/908    0s] WriteText Library/Bee/artifacts/200b0aE.dag/Unity.Collections.BurstCompatibilityGen.rsp2
[424/908    0s] WriteText Library/Bee/artifacts/200b0aE.dag/Unity.Collections.DocCodeSamples.UnityAdditionalFile.txt
[425/908    0s] WriteText Library/Bee/artifacts/200b0aE.dag/MCPForUnityTests.EditMode.UnityAdditionalFile.txt
[426/908    0s] WriteText Library/Bee/artifacts/200b0aE.dag/Unity.CollabProxy.Editor.UnityAdditionalFile.txt
[427/908    0s] WriteText Library/Bee/artifacts/200b0aE.dag/AssemblyShadowDemo.EditorTests.UnityAdditionalFile.txt
[428/908    0s] WriteText Library/Bee/artifacts/200b0aE.dag/Unity.Collections.DocCodeSamples.rsp2
[429/908    0s] WriteText Library/Bee/artifacts/200b0aE.dag/Unity.CollabProxy.Editor.rsp2
[430/908    0s] WriteText Library/Bee/artifacts/200b0aE.dag/Unity.HybridCLR.AssemblyShadow.CodeGen.Tests.rsp2
[431/908    0s] WriteText Library/Bee/artifacts/200b0aE.dag/AssemblyShadowDemo.EditorTests.rsp2
[432/908    0s] WriteText Library/Bee/artifacts/200b0aE.dag/Unity.HybridCLR.AssemblyShadow.CodeGen.Tests.UnityAdditionalFile.txt
[433/908    0s] WriteText Library/Bee/artifacts/200b0aE.dag/AssemblyShadowDemo.EditorTests.rsp
[434/908    0s] WriteText Library/Bee/artifacts/200b0aE.dag/Unity.CollabProxy.Editor.rsp
[435/908    0s] WriteText Library/Bee/artifacts/200b0aE.dag/Unity.HybridCLR.AssemblyShadow.CodeGen.Tests.rsp
[436/908    0s] WriteText Library/Bee/artifacts/200b0aE.dag/MCPForUnityTests.EditMode.rsp
[437/908    0s] WriteText Library/Bee/artifacts/200b0aE.dag/HybridCLR.AssemblyShadow.Editor.Tests.rsp
[438/908    0s] WriteText Library/Bee/artifacts/200b0aE.dag/Unity.Collections.DocCodeSamples.rsp
[439/908    0s] WriteText Library/Bee/artifacts/200b0aE.dag/Unity.Collections.BurstCompatibilityGen.rsp
[440/908    0s] MovedFromExtractorCombine Library/Bee/artifacts/200b0aE.dag/Unity.HybridCLR.AssemblyShadow.CodeGen.dll.mvfrm
[441/908    0s] MovedFromExtractorCombine Library/Bee/artifacts/200b0aE.dag/UnityEngine.TestRunner.dll.mvfrm
[442/908    0s] MovedFromExtractorCombine Library/Bee/artifacts/200b0aE.dag/UnityEngine.UI.dll.mvfrm
[443/908    0s] MovedFromExtractorCombine Library/Bee/artifacts/200b0aE.dag/AssemblyA.Contracts.dll.mvfrm
[443/908    0s] Csc Library/Bee/artifacts/200b0aE.dag/Unity.HybridCLR.AssemblyShadow.CodeGen.dll (+2 others) [CacheHit 396f28586d9f6f677a30522a6a7355a800000000000000000000000000000003]
[444/908   1787925978s] Csc Library/Bee/artifacts/200b0aE.dag/Unity.HybridCLR.AssemblyShadow.CodeGen.dll (+2 others)
[446/908    0s] Csc Library/Bee/artifacts/200b0aE.dag/UnityEngine.UI.dll (+2 others) [CacheHit 7684a5405e9c9bd9622ee16e9ee6cf6c00000000000000000000000000000003]
[448/908   1787925978s] Csc Library/Bee/artifacts/200b0aE.dag/UnityEngine.UI.dll (+2 others)
[447/908    0s] Csc Library/Bee/artifacts/200b0aE.dag/UnityEngine.TestRunner.dll (+2 others) [CacheHit 152427c8cbc239b2eb48c0855047653600000000000000000000000000000003]
[450/908   1787925978s] Csc Library/Bee/artifacts/200b0aE.dag/UnityEngine.TestRunner.dll (+2 others)
[453/908    0s] MovedFromExtractorCombine Library/Bee/artifacts/200b0aE.dag/AssemblyShadowDemo.ContractsConsumer.dll.mvfrm
[455/908    0s] MovedFromExtractorCombine Library/Bee/artifacts/200b0aE.dag/AssemblyShadowBaseline.HotUpdate.dll.mvfrm
[456/908    0s] MovedFromExtractor Library/Bee/artifacts/mvdfrm/UnityEngine.UI.ref.dll_79746E5030301F94.mvfrm
[457/908    0s] MovedFromExtractor Library/Bee/artifacts/mvdfrm/Unity.HybridCLR.AssemblyShadow.CodeGen.ref.dll_147C9E675980719E.mvfrm
[458/908    0s] MovedFromExtractor Library/Bee/artifacts/mvdfrm/UnityEngine.TestRunner.ref.dll_AA3B5DF2776E59D2.mvfrm
[459/908    0s] MovedFromExtractorCombine Library/Bee/artifacts/200b0aE.dag/UnityEditor.TestRunner.dll.mvfrm
[456/908    0s] Csc Library/Bee/artifacts/200b0aE.dag/UnityEditor.TestRunner.dll (+2 others) [CacheHit a98f0d02757fee671cdd0cfc1c39b04200000000000000000000000000000003]
[460/908   1787925978s] Csc Library/Bee/artifacts/200b0aE.dag/UnityEditor.TestRunner.dll (+2 others)
[464/908    0s] MovedFromExtractor Library/Bee/artifacts/mvdfrm/UnityEditor.TestRunner.ref.dll_DE1D13444BAAFBE7.mvfrm
[465/908    0s] MovedFromExtractorCombine Library/Bee/artifacts/200b0aE.dag/UnityEditor.UI.dll.mvfrm
[461/908    0s] Csc Library/Bee/artifacts/200b0aE.dag/UnityEditor.UI.dll (+2 others) [CacheHit 03bc2d037dfae4e90894c797d4f0469a00000000000000000000000000000003]
[466/908   1787925979s] Csc Library/Bee/artifacts/200b0aE.dag/UnityEditor.UI.dll (+2 others)
[468/908    0s] MovedFromExtractor Library/Bee/artifacts/mvdfrm/UnityEditor.UI.ref.dll_BD0E97F52A0DF729.mvfrm
[469/908    0s] MovedFromExtractorCombine Library/Bee/artifacts/200b0aE.dag/Unity.Searcher.Editor.dll.mvfrm
[470/908    0s] MovedFromExtractorCombine Library/Bee/artifacts/200b0aE.dag/Unity.RenderPipelines.Core.Runtime.dll.mvfrm
[471/908    0s] MovedFromExtractorCombine Library/Bee/artifacts/200b0aE.dag/Unity.InternalAPIEngineBridge.001.dll.mvfrm
[472/908    0s] MovedFromExtractorCombine Library/Bee/artifacts/200b0aE.dag/Unity.Mathematics.dll.mvfrm
[473/908    0s] MovedFromExtractorCombine Library/Bee/artifacts/200b0aE.dag/Unity.Burst.dll.mvfrm
[474/908    0s] MovedFromExtractorCombine Library/Bee/artifacts/200b0aE.dag/Unity.VisualScripting.Core.dll.mvfrm
[475/908    0s] MovedFromExtractorCombine Library/Bee/artifacts/200b0aE.dag/Unity.2D.Sprite.Editor.dll.mvfrm
[476/908    0s] MovedFromExtractorCombine Library/Bee/artifacts/200b0aE.dag/Unity.RenderPipelines.Universal.2D.Internal.dll.mvfrm
[471/908    0s] Csc Library/Bee/artifacts/200b0aE.dag/Unity.InternalAPIEngineBridge.001.dll (+2 others) [CacheHit 986b44d156a1ac953733aa8ca591efff00000000000000000000000000000003]
[477/908   1787925979s] Csc Library/Bee/artifacts/200b0aE.dag/Unity.InternalAPIEngineBridge.001.dll (+2 others)
[472/908    0s] Csc Library/Bee/artifacts/200b0aE.dag/Unity.Burst.dll (+2 others) [CacheHit 317a839ed0ae91b941d0f81aa03bcc6a00000000000000000000000000000003]
[472/908    0s] Csc Library/Bee/artifacts/200b0aE.dag/Unity.RenderPipelines.Universal.2D.Internal.dll (+2 others) [CacheHit e6136e20948b3a530411fc489335daeb00000000000000000000000000000003]
[479/908   1787925979s] Csc Library/Bee/artifacts/200b0aE.dag/Unity.Burst.dll (+2 others)
[481/908   1787925979s] Csc Library/Bee/artifacts/200b0aE.dag/Unity.RenderPipelines.Universal.2D.Internal.dll (+2 others)
[474/908    0s] Csc Library/Bee/artifacts/200b0aE.dag/Unity.VisualScripting.Core.dll (+2 others) [CacheHit 89279a8ff28b1dfdaf6ac460972e18b900000000000000000000000000000003]
[483/908   1787925979s] Csc Library/Bee/artifacts/200b0aE.dag/Unity.VisualScripting.Core.dll (+2 others)
[475/908    0s] Csc Library/Bee/artifacts/200b0aE.dag/Unity.Mathematics.dll (+2 others) [CacheHit a14f0e9f2c61165df74b3cc9402744d400000000000000000000000000000003]
[485/908   1787925979s] Csc Library/Bee/artifacts/200b0aE.dag/Unity.Mathematics.dll (+2 others)
[476/908    0s] Csc Library/Bee/artifacts/200b0aE.dag/Unity.RenderPipelines.Core.Runtime.dll (+2 others) [CacheHit 46547e572d08a79428db212271a1446800000000000000000000000000000003]
[487/908   1787925979s] Csc Library/Bee/artifacts/200b0aE.dag/Unity.RenderPipelines.Core.Runtime.dll (+2 others)
[477/908    0s] Csc Library/Bee/artifacts/200b0aE.dag/Unity.Searcher.Editor.dll (+2 others) [CacheHit 6d17f06c4b5577cbe262f9e715f09a4600000000000000000000000000000003]
[489/908   1787925979s] Csc Library/Bee/artifacts/200b0aE.dag/Unity.Searcher.Editor.dll (+2 others)
[478/908    0s] Csc Library/Bee/artifacts/200b0aE.dag/Unity.2D.Sprite.Editor.dll (+2 others) [CacheHit 25f4a65f9076734431293eb7eedfaeb500000000000000000000000000000003]
[491/908   1787925979s] Csc Library/Bee/artifacts/200b0aE.dag/Unity.2D.Sprite.Editor.dll (+2 others)
[493/908    0s] MovedFromExtractor Library/Bee/artifacts/mvdfrm/Unity.Mathematics.ref.dll_4EAD86AD4C1B715A.mvfrm
[494/908    0s] MovedFromExtractor Library/Bee/artifacts/mvdfrm/Unity.Burst.ref.dll_A43E80D48102A6F4.mvfrm
[495/908    0s] MovedFromExtractorCombine Library/Bee/artifacts/200b0aE.dag/Unity.ShaderGraph.Utilities.dll.mvfrm
[496/908    0s] MovedFromExtractor Library/Bee/artifacts/mvdfrm/Unity.RenderPipelines.Universal.2D.Internal.ref.dll_CF295410B44EF737.mvfrm
[497/908    0s] MovedFromExtractor Library/Bee/artifacts/mvdfrm/Unity.VisualScripting.Core.ref.dll_4EC1FE8B3807FE28.mvfrm
[498/908    0s] MovedFromExtractor Library/Bee/artifacts/mvdfrm/Unity.InternalAPIEngineBridge.001.ref.dll_C5B5631EE4DDD44F.mvfrm
[499/908    0s] MovedFromExtractor Library/Bee/artifacts/mvdfrm/Unity.RenderPipelines.Core.Runtime.ref.dll_AA9CC9DBDD612E3E.mvfrm
[500/908    0s] MovedFromExtractor Library/Bee/artifacts/mvdfrm/Unity.2D.Sprite.Editor.ref.dll_A298F0F0964CDA5C.mvfrm
[487/908    0s] Csc Library/Bee/artifacts/200b0aE.dag/Unity.ShaderGraph.Utilities.dll (+2 others) [CacheHit b6ebf50696d252dd5672bbd8d0ebce5300000000000000000000000000000003]
[501/908   1787925979s] Csc Library/Bee/artifacts/200b0aE.dag/Unity.ShaderGraph.Utilities.dll (+2 others)
[503/908    0s] MovedFromExtractorCombine Library/Bee/artifacts/200b0aE.dag/Unity.2D.Common.Runtime.dll.mvfrm
[504/908    0s] MovedFromExtractorCombine Library/Bee/artifacts/200b0aE.dag/Unity.Burst.CodeGen.dll.mvfrm
[505/908    0s] MovedFromExtractorCombine Library/Bee/artifacts/200b0aE.dag/Unity.Collections.dll.mvfrm
[506/908    0s] MovedFromExtractorCombine Library/Bee/artifacts/200b0aE.dag/Unity.RenderPipeline.Universal.ShaderLibrary.dll.mvfrm
[507/908    0s] MovedFromExtractorCombine Library/Bee/artifacts/200b0aE.dag/Unity.VisualScripting.Flow.dll.mvfrm
[508/908    0s] MovedFromExtractorCombine Library/Bee/artifacts/200b0aE.dag/Unity.VisualScripting.Core.Editor.dll.mvfrm
[494/908    0s] Csc Library/Bee/artifacts/200b0aE.dag/Unity.2D.Common.Runtime.dll (+2 others) [CacheHit c127416eac5cfa19c5dffcce57c11f8100000000000000000000000000000003]
[494/908    0s] Csc Library/Bee/artifacts/200b0aE.dag/Unity.Burst.CodeGen.dll (+2 others) [CacheHit bedea03b0b26a675e2c100d5efbf064900000000000000000000000000000003]
[509/908   1787925979s] Csc Library/Bee/artifacts/200b0aE.dag/Unity.2D.Common.Runtime.dll (+2 others)
[511/908   1787925979s] Csc Library/Bee/artifacts/200b0aE.dag/Unity.Burst.CodeGen.dll (+2 others)
[513/908    0s] MovedFromExtractorCombine Library/Bee/artifacts/200b0aE.dag/Unity.RenderPipelines.Core.Editor.dll.mvfrm
[514/908    0s] MovedFromExtractorCombine Library/Bee/artifacts/200b0aE.dag/Unity.RenderPipelines.Universal.Config.Runtime.dll.mvfrm
[498/908    0s] Csc Library/Bee/artifacts/200b0aE.dag/Unity.Collections.dll (+2 others) [CacheHit ef672c277fa6635f0958965f56899fcb00000000000000000000000000000003]
[515/908   1787925979s] Csc Library/Bee/artifacts/200b0aE.dag/Unity.Collections.dll (+2 others)
[499/908    0s] Csc Library/Bee/artifacts/200b0aE.dag/Unity.RenderPipeline.Universal.ShaderLibrary.dll (+2 others) [CacheHit 41a1c668793ab0294ab56a40be487e2700000000000000000000000000000003]
[517/908   1787925979s] Csc Library/Bee/artifacts/200b0aE.dag/Unity.RenderPipeline.Universal.ShaderLibrary.dll (+2 others)
[500/908    0s] Csc Library/Bee/artifacts/200b0aE.dag/Unity.VisualScripting.Flow.dll (+2 others) [CacheHit 2b19f4fb301d88692c799572cf65986e00000000000000000000000000000003]
[519/908   1787925979s] Csc Library/Bee/artifacts/200b0aE.dag/Unity.VisualScripting.Flow.dll (+2 others)
[501/908    0s] Csc Library/Bee/artifacts/200b0aE.dag/Unity.RenderPipelines.Universal.Config.Runtime.dll (+2 others) [CacheHit df01468f8fc15f4682fd2190812222cb00000000000000000000000000000003]
[521/908   1787925979s] Csc Library/Bee/artifacts/200b0aE.dag/Unity.RenderPipelines.Universal.Config.Runtime.dll (+2 others)
[502/908    0s] Csc Library/Bee/artifacts/200b0aE.dag/Unity.RenderPipelines.Core.Editor.dll (+2 others) [CacheHit 3f3cf3b0504eddf7b675a7c038a8e6a700000000000000000000000000000003]
[523/908   1787925979s] Csc Library/Bee/artifacts/200b0aE.dag/Unity.RenderPipelines.Core.Editor.dll (+2 others)
[525/908    0s] Csc Library/Bee/artifacts/200b0aE.dag/AssemblyShadowBaseline.HotUpdate.dll (+2 others)
[504/908    0s] Csc Library/Bee/artifacts/200b0aE.dag/Unity.VisualScripting.Core.Editor.dll (+2 others) [CacheHit 66dbb1d7e3f61f91c2204becc6e188f800000000000000000000000000000003]
[526/908   1787925979s] Csc Library/Bee/artifacts/200b0aE.dag/Unity.VisualScripting.Core.Editor.dll (+2 others)
[528/908    0s] MovedFromExtractor Library/Bee/artifacts/mvdfrm/Unity.2D.Common.Runtime.ref.dll_1DF7BBC55D029A75.mvfrm
[529/908    0s] MovedFromExtractor Library/Bee/artifacts/mvdfrm/Unity.RenderPipeline.Universal.ShaderLibrary.ref.dll_8B099D8C97AF393F.mvfrm
[530/908    0s] MovedFromExtractor Library/Bee/artifacts/mvdfrm/Unity.VisualScripting.Flow.ref.dll_95D2DEE1BA1172D7.mvfrm
[531/908    0s] MovedFromExtractor Library/Bee/artifacts/mvdfrm/Unity.RenderPipelines.Universal.Config.Runtime.ref.dll_E30EE1A78470D274.mvfrm
[532/908    0s] MovedFromExtractor Library/Bee/artifacts/mvdfrm/Unity.Collections.ref.dll_CB2B1FA2A63FF8D9.mvfrm
[533/908    0s] MovedFromExtractor Library/Bee/artifacts/mvdfrm/Unity.RenderPipelines.Core.Editor.ref.dll_57B051C6BAF6DF9D.mvfrm
[534/908    0s] MovedFromExtractorCombine Library/Bee/artifacts/200b0aE.dag/Unity.InternalAPIEditorBridge.001.dll.mvfrm
[535/908    0s] ILPP-Configuration Library/ilpp-configuration.nevergeneratedoutput
[536/908    1s] Csc Library/Bee/artifacts/200b0aE.dag/AssemblyA.Contracts.dll (+2 others)
[537/908    0s] MovedFromExtractorCombine Library/Bee/artifacts/200b0aE.dag/Unity.2D.Common.Editor.dll.mvfrm
[538/908    0s] MovedFromExtractor Library/Bee/artifacts/mvdfrm/Unity.VisualScripting.Core.Editor.ref.dll_FE8D1F6CE20A2409.mvfrm
[516/908    0s] Csc Library/Bee/artifacts/200b0aE.dag/Unity.2D.Common.Editor.dll (+2 others) [CacheHit 62270eeb51fae92b9f853eb59de797c100000000000000000000000000000003]
[539/908   1787925979s] Csc Library/Bee/artifacts/200b0aE.dag/Unity.2D.Common.Editor.dll (+2 others)
[541/908    0s] MovedFromExtractorCombine Library/Bee/artifacts/200b0aE.dag/Unity.RenderPipelines.Universal.Runtime.dll.mvfrm
[518/908    0s] Csc Library/Bee/artifacts/200b0aE.dag/Unity.RenderPipelines.Universal.Runtime.dll (+2 others) [CacheHit e09799d23191d62b2fffdae814b7936a00000000000000000000000000000003]
[542/908   1787925979s] Csc Library/Bee/artifacts/200b0aE.dag/Unity.RenderPipelines.Universal.Runtime.dll (+2 others)
[544/908    0s] MovedFromExtractor Library/Bee/artifacts/mvdfrm/Unity.Searcher.Editor.ref.dll_188082AF4C893B1A.mvfrm
[545/908    0s] MovedFromExtractor Library/Bee/artifacts/mvdfrm/Unity.ShaderGraph.Utilities.ref.dll_9587680413563429.mvfrm
[546/908    0s] MovedFromExtractorCombine Library/Bee/artifacts/200b0aE.dag/Unity.2D.Animation.Runtime.dll.mvfrm
[522/908    0s] Csc Library/Bee/artifacts/200b0aE.dag/Unity.2D.Animation.Runtime.dll (+2 others) [CacheHit 62876e88245eff985dfcad08a61f796700000000000000000000000000000003]
[547/908   1787925979s] Csc Library/Bee/artifacts/200b0aE.dag/Unity.2D.Animation.Runtime.dll (+2 others)
[549/908    0s] MovedFromExtractorCombine Library/Bee/artifacts/200b0aE.dag/Unity.VisualScripting.State.dll.mvfrm
[524/908    0s] Csc Library/Bee/artifacts/200b0aE.dag/Unity.InternalAPIEditorBridge.001.dll (+2 others) [CacheHit ab1b45e8ca213a7a845d2f55443654da00000000000000000000000000000003]
[550/908   1787925979s] Csc Library/Bee/artifacts/200b0aE.dag/Unity.InternalAPIEditorBridge.001.dll (+2 others)
[552/908    0s] MovedFromExtractorCombine Library/Bee/artifacts/200b0aE.dag/Unity.Burst.Editor.dll.mvfrm
[553/908    0s] MovedFromExtractorCombine Library/Bee/artifacts/200b0aE.dag/Unity.Mathematics.Editor.dll.mvfrm
[554/908    0s] MovedFromExtractorCombine Library/Bee/artifacts/200b0aE.dag/Unity.VisualScripting.Flow.Editor.dll.mvfrm
[528/908    0s] Csc Library/Bee/artifacts/200b0aE.dag/Unity.VisualScripting.State.dll (+2 others) [CacheHit 3968153c28ef7943cce607be391d314400000000000000000000000000000003]
[555/908   1787925979s] Csc Library/Bee/artifacts/200b0aE.dag/Unity.VisualScripting.State.dll (+2 others)
[529/908    0s] Csc Library/Bee/artifacts/200b0aE.dag/Unity.Mathematics.Editor.dll (+2 others) [CacheHit 51bd008a42c343dee994be6f86f5471700000000000000000000000000000003]
[557/908   1787925979s] Csc Library/Bee/artifacts/200b0aE.dag/Unity.Mathematics.Editor.dll (+2 others)
[530/908    0s] Csc Library/Bee/artifacts/200b0aE.dag/Unity.Burst.Editor.dll (+2 others) [CacheHit 6b5be6e934abff4cac288513a57f5b9100000000000000000000000000000003]
[559/908   1787925979s] Csc Library/Bee/artifacts/200b0aE.dag/Unity.Burst.Editor.dll (+2 others)
[561/908    0s] MovedFromExtractorCombine Library/Bee/artifacts/200b0aE.dag/HybridCLR.Runtime.dll.mvfrm
[532/908    0s] Csc Library/Bee/artifacts/200b0aE.dag/HybridCLR.Runtime.dll (+2 others) [CacheHit 17be03a9ac1fef24bc6c1c88886fb62300000000000000000000000000000003]
[562/908   1787925979s] Csc Library/Bee/artifacts/200b0aE.dag/HybridCLR.Runtime.dll (+2 others)
[533/908    0s] Csc Library/Bee/artifacts/200b0aE.dag/Unity.VisualScripting.Flow.Editor.dll (+2 others) [CacheHit d8d1ede3cbce9a93bfb7a5354208f7b300000000000000000000000000000003]
[564/908   1787925979s] Csc Library/Bee/artifacts/200b0aE.dag/Unity.VisualScripting.Flow.Editor.dll (+2 others)
[566/908    0s] MovedFromExtractorCombine Library/Bee/artifacts/200b0aE.dag/Unity.ShaderGraph.Editor.dll.mvfrm
[567/908    0s] MovedFromExtractor Library/Bee/artifacts/mvdfrm/Unity.RenderPipelines.Universal.Runtime.ref.dll_C4A720C3D568CE76.mvfrm
[568/908    0s] MovedFromExtractor Library/Bee/artifacts/mvdfrm/Unity.2D.Common.Editor.ref.dll_8237F4420D536756.mvfrm
[569/908    0s] MovedFromExtractorCombine Library/Bee/artifacts/200b0aE.dag/Unity.2D.Common.Path.Editor.dll.mvfrm
[570/908    0s] MovedFromExtractor Library/Bee/artifacts/mvdfrm/Unity.2D.Animation.Runtime.ref.dll_DEAB70CB54ED1324.mvfrm
[571/908    0s] MovedFromExtractor Library/Bee/artifacts/mvdfrm/Unity.InternalAPIEditorBridge.001.ref.dll_D33AAA747FCEED0A.mvfrm
[572/908    0s] MovedFromExtractor Library/Bee/artifacts/mvdfrm/Unity.Mathematics.Editor.ref.dll_4A3A50F3774BA9F7.mvfrm
[573/908    0s] MovedFromExtractor Library/Bee/artifacts/mvdfrm/Unity.VisualScripting.State.ref.dll_697AC546F729FDEE.mvfrm
[542/908    0s] Csc Library/Bee/artifacts/200b0aE.dag/Unity.ShaderGraph.Editor.dll (+2 others) [CacheHit 77cd52078847e4a4b306b161d6b5b57700000000000000000000000000000003]
[574/908   1787925980s] Csc Library/Bee/artifacts/200b0aE.dag/Unity.ShaderGraph.Editor.dll (+2 others)
[576/908    0s] MovedFromExtractor Library/Bee/artifacts/mvdfrm/Unity.Burst.Editor.ref.dll_EA1A6D1CB62C8BFD.mvfrm
[577/908    0s] MovedFromExtractorCombine Library/Bee/artifacts/200b0aE.dag/Unity.TextMeshPro.dll.mvfrm
[578/908    0s] MovedFromExtractorCombine Library/Bee/artifacts/200b0aE.dag/Unity.2D.Tilemap.Editor.dll.mvfrm
[579/908    0s] MovedFromExtractor Library/Bee/artifacts/mvdfrm/Unity.VisualScripting.Flow.Editor.ref.dll_7BBE081BF0E8AF4A.mvfrm
[580/908    0s] MovedFromExtractorCombine Library/Bee/artifacts/200b0aE.dag/Unity.2D.Tilemap.Extras.dll.mvfrm
[548/908    0s] Csc Library/Bee/artifacts/200b0aE.dag/Unity.2D.Tilemap.Editor.dll (+2 others) [CacheHit 7d6a334af387db2556e95dab23e59e0200000000000000000000000000000003]
[581/908   1787925980s] Csc Library/Bee/artifacts/200b0aE.dag/Unity.2D.Tilemap.Editor.dll (+2 others)
[583/908    0s] MovedFromExtractorCombine Library/Bee/artifacts/200b0aE.dag/Unity.2D.PixelPerfect.dll.mvfrm
[550/908    0s] Csc Library/Bee/artifacts/200b0aE.dag/Unity.2D.Tilemap.Extras.dll (+2 others) [CacheHit 25006c45c89e4c5c1245df51d1ba566e00000000000000000000000000000003]
[584/908   1787925980s] Csc Library/Bee/artifacts/200b0aE.dag/Unity.2D.Tilemap.Extras.dll (+2 others)
[586/908    0s] MovedFromExtractorCombine Library/Bee/artifacts/200b0aE.dag/Unity.2D.Animation.Editor.dll.mvfrm
[552/908    0s] Csc Library/Bee/artifacts/200b0aE.dag/Unity.TextMeshPro.dll (+2 others) [CacheHit 59de1a516b23bf2aeb442fa45b54f0ff00000000000000000000000000000003]
[587/908   1787925980s] Csc Library/Bee/artifacts/200b0aE.dag/Unity.TextMeshPro.dll (+2 others)
[589/908    0s] MovedFromExtractorCombine Library/Bee/artifacts/200b0aE.dag/Unity.2D.IK.Runtime.dll.mvfrm
[590/908    0s] MovedFromExtractorCombine Library/Bee/artifacts/200b0aE.dag/Unity.2D.Aseprite.Common.dll.mvfrm
[555/908    0s] Csc Library/Bee/artifacts/200b0aE.dag/Unity.2D.PixelPerfect.dll (+2 others) [CacheHit 5c1dc2088b7b6d2f6ef4d968174887e400000000000000000000000000000003]
[591/908   1787925980s] Csc Library/Bee/artifacts/200b0aE.dag/Unity.2D.PixelPerfect.dll (+2 others)
[556/908    0s] Csc Library/Bee/artifacts/200b0aE.dag/Unity.2D.IK.Runtime.dll (+2 others) [CacheHit 5d9141d6080513a4e0bf84cc956852ae00000000000000000000000000000003]
[593/908   1787925980s] Csc Library/Bee/artifacts/200b0aE.dag/Unity.2D.IK.Runtime.dll (+2 others)
[595/908    0s] MovedFromExtractorCombine Library/Bee/artifacts/200b0aE.dag/Unity.2D.SpriteShape.Runtime.dll.mvfrm
[558/908    0s] Csc Library/Bee/artifacts/200b0aE.dag/Unity.2D.Aseprite.Common.dll (+2 others) [CacheHit 03bd966c553e3c07dd8320e42db7b37500000000000000000000000000000003]
[596/908   1787925980s] Csc Library/Bee/artifacts/200b0aE.dag/Unity.2D.Aseprite.Common.dll (+2 others)
[559/908    0s] Csc Library/Bee/artifacts/200b0aE.dag/Unity.2D.Common.Path.Editor.dll (+2 others) [CacheHit 581aeaec3ebc41fc4b680bd65806eadd00000000000000000000000000000003]
[598/908   1787925980s] Csc Library/Bee/artifacts/200b0aE.dag/Unity.2D.Common.Path.Editor.dll (+2 others)
[560/908    0s] Csc Library/Bee/artifacts/200b0aE.dag/Unity.2D.SpriteShape.Runtime.dll (+2 others) [CacheHit 33613e5d14a34fd938f566104efcf62a00000000000000000000000000000003]
[600/908   1787925980s] Csc Library/Bee/artifacts/200b0aE.dag/Unity.2D.SpriteShape.Runtime.dll (+2 others)
[602/908    0s] MovedFromExtractorCombine Library/Bee/artifacts/200b0aE.dag/Unity.Timeline.dll.mvfrm
[603/908    0s] MovedFromExtractorCombine Library/Bee/artifacts/200b0aE.dag/Unity.VisualScripting.State.Editor.dll.mvfrm
[563/908    0s] Csc Library/Bee/artifacts/200b0aE.dag/Unity.2D.Animation.Editor.dll (+2 others) [CacheHit daee4989a6672d22f6cafe502af232bb00000000000000000000000000000003]
[604/908   1787925980s] Csc Library/Bee/artifacts/200b0aE.dag/Unity.2D.Animation.Editor.dll (+2 others)
[564/908    0s] Csc Library/Bee/artifacts/200b0aE.dag/Unity.Timeline.dll (+2 others) [CacheHit 585754b9b128e75944cfba5d9316384100000000000000000000000000000003]
[606/908   1787925980s] Csc Library/Bee/artifacts/200b0aE.dag/Unity.Timeline.dll (+2 others)
[608/908    0s] MovedFromExtractorCombine Library/Bee/artifacts/200b0aE.dag/HybridCLR.Editor.dll.mvfrm
[609/908    0s] MovedFromExtractor Library/Bee/artifacts/mvdfrm/Unity.ShaderGraph.Editor.ref.dll_BF69964832659484.mvfrm
[610/908    0s] MovedFromExtractorCombine Library/Bee/artifacts/200b0aE.dag/AssemblyA.Implementation.Extensibility.dll.mvfrm
[611/908    0s] MovedFromExtractorCombine Library/Bee/artifacts/200b0aE.dag/PsdPlugin.dll.mvfrm
[612/908    0s] MovedFromExtractorCombine Library/Bee/artifacts/200b0aE.dag/AssemblyShadowBaseline.Aot.dll.mvfrm
[570/908    0s] Csc Library/Bee/artifacts/200b0aE.dag/PsdPlugin.dll (+2 others) [CacheHit c61a04f0ca07d3d739f5d001feb22c1b00000000000000000000000000000003]
[613/908   1787925980s] Csc Library/Bee/artifacts/200b0aE.dag/PsdPlugin.dll (+2 others)
[571/908    0s] Csc Library/Bee/artifacts/200b0aE.dag/HybridCLR.Editor.dll (+2 others) [CacheHit 216f757a62db0a8e51e766ff5cea7cbe00000000000000000000000000000003]
[615/908   1787925980s] Csc Library/Bee/artifacts/200b0aE.dag/HybridCLR.Editor.dll (+2 others)
[617/908    0s] MovedFromExtractorCombine Library/Bee/artifacts/200b0aE.dag/Unity.RenderPipelines.Universal.Editor.dll.mvfrm
[618/908    0s] MovedFromExtractor Library/Bee/artifacts/mvdfrm/Unity.2D.Common.Path.Editor.ref.dll_91802D938EA41213.mvfrm
[619/908    0s] MovedFromExtractor Library/Bee/artifacts/mvdfrm/Unity.2D.SpriteShape.Runtime.ref.dll_23B941DDE597517C.mvfrm
[620/908    0s] MovedFromExtractor Library/Bee/artifacts/mvdfrm/Unity.2D.Animation.Editor.ref.dll_5A2087A6EAF2CE17.mvfrm
[576/908    0s] Csc Library/Bee/artifacts/200b0aE.dag/Unity.VisualScripting.State.Editor.dll (+2 others) [CacheHit e7ebedf00024334a83c76b4a5e4ae7b800000000000000000000000000000003]
[621/908   1787925980s] Csc Library/Bee/artifacts/200b0aE.dag/Unity.VisualScripting.State.Editor.dll (+2 others)
[623/908    0s] MovedFromExtractor Library/Bee/artifacts/mvdfrm/Unity.Timeline.ref.dll_D292A1F7EB1601C3.mvfrm
[624/908    0s] MovedFromExtractor Library/Bee/artifacts/mvdfrm/Unity.2D.Aseprite.Common.ref.dll_3F93312DF16ABE8A.mvfrm
[625/908    0s] MovedFromExtractor Library/Bee/artifacts/mvdfrm/Unity.2D.IK.Runtime.ref.dll_3971D385965D884C.mvfrm
[626/908    0s] MovedFromExtractor Library/Bee/artifacts/mvdfrm/Unity.TextMeshPro.ref.dll_EA61D4CF7C90DCE7.mvfrm
[627/908    0s] MovedFromExtractor Library/Bee/artifacts/mvdfrm/Unity.2D.PixelPerfect.ref.dll_8E9298DC6B12ED57.mvfrm
[628/908    0s] Csc Library/Bee/artifacts/200b0aE.dag/AssemblyA.Implementation.Extensibility.dll (+2 others)
[629/908    0s] MovedFromExtractorCombine Library/Bee/artifacts/200b0aE.dag/Unity.PlasticSCM.Editor.dll.mvfrm
[584/908    0s] Csc Library/Bee/artifacts/200b0aE.dag/Unity.RenderPipelines.Universal.Editor.dll (+2 others) [CacheHit e39f8e51ca4d864c74bb5a39af8c4c6500000000000000000000000000000003]
[630/908   1787925980s] Csc Library/Bee/artifacts/200b0aE.dag/Unity.RenderPipelines.Universal.Editor.dll (+2 others)
[632/908    0s] MovedFromExtractor Library/Bee/artifacts/mvdfrm/Unity.2D.Tilemap.Extras.ref.dll_DD9C61FBB7D63C03.mvfrm
[633/908    0s] MovedFromExtractor Library/Bee/artifacts/mvdfrm/Unity.VisualScripting.State.Editor.ref.dll_BC6ADFF987BC82A3.mvfrm
[634/908    0s] MovedFromExtractor Library/Bee/artifacts/mvdfrm/Unity.2D.Tilemap.Editor.ref.dll_E9EA3AB45900FF1D.mvfrm
[635/908    0s] MovedFromExtractorCombine Library/Bee/artifacts/200b0aE.dag/MCPForUnity.Runtime.dll.mvfrm
[589/908    0s] Csc Library/Bee/artifacts/200b0aE.dag/MCPForUnity.Runtime.dll (+2 others) [CacheHit 5db1f34f220043e2d6ae73ece1330ea900000000000000000000000000000003]
[636/908   1787925980s] Csc Library/Bee/artifacts/200b0aE.dag/MCPForUnity.Runtime.dll (+2 others)
[638/908    0s] MovedFromExtractorCombine Library/Bee/artifacts/200b0aE.dag/Unity.Rider.Editor.dll.mvfrm
[639/908    0s] MovedFromExtractorCombine Library/Bee/artifacts/200b0aE.dag/Unity.VisualStudio.Editor.dll.mvfrm
[640/908    0s] MovedFromExtractorCombine Library/Bee/artifacts/200b0aE.dag/Unity.TextMeshPro.Editor.dll.mvfrm
[593/908    0s] Csc Library/Bee/artifacts/200b0aE.dag/Unity.PlasticSCM.Editor.dll (+2 others) [CacheHit 20db1f856155fba992b8fb2068b9ccb200000000000000000000000000000003]
[641/908   1787925980s] Csc Library/Bee/artifacts/200b0aE.dag/Unity.PlasticSCM.Editor.dll (+2 others)
[643/908    0s] Csc Library/Bee/artifacts/200b0aE.dag/AssemblyShadowBaseline.Aot.dll (+2 others)
[644/908    0s] MovedFromExtractorCombine Library/Bee/artifacts/200b0aE.dag/Unity.2D.IK.Editor.dll.mvfrm
[645/908    0s] MovedFromExtractorCombine Library/Bee/artifacts/200b0aE.dag/Unity.VisualScripting.Shared.Editor.dll.mvfrm
[646/908    0s] MovedFromExtractorCombine Library/Bee/artifacts/200b0aE.dag/Unity.2D.Tilemap.Extras.Editor.dll.mvfrm
[598/908    0s] Csc Library/Bee/artifacts/200b0aE.dag/Unity.VisualStudio.Editor.dll (+2 others) [CacheHit c4e7a9a683293832b0c59b0edeb80b0700000000000000000000000000000003]
[647/908   1787925980s] Csc Library/Bee/artifacts/200b0aE.dag/Unity.VisualStudio.Editor.dll (+2 others)
[649/908    0s] MovedFromExtractorCombine Library/Bee/artifacts/200b0aE.dag/Unity.2D.Psdimporter.Editor.dll.mvfrm
[650/908    0s] MovedFromExtractorCombine Library/Bee/artifacts/200b0aE.dag/Unity.2D.Aseprite.Editor.dll.mvfrm
[651/908    0s] MovedFromExtractorCombine Library/Bee/artifacts/200b0aE.dag/Unity.Timeline.Editor.dll.mvfrm
[652/908    0s] MovedFromExtractorCombine Library/Bee/artifacts/200b0aE.dag/Unity.2D.SpriteShape.Editor.dll.mvfrm
[603/908    0s] Csc Library/Bee/artifacts/200b0aE.dag/Unity.Rider.Editor.dll (+2 others) [CacheHit dafcd6a21adfd67be224d1ed40d4fbfe00000000000000000000000000000003]
[653/908   1787925980s] Csc Library/Bee/artifacts/200b0aE.dag/Unity.Rider.Editor.dll (+2 others)
[604/908    0s] Csc Library/Bee/artifacts/200b0aE.dag/Unity.2D.Psdimporter.Editor.dll (+2 others) [CacheHit 1745ab0893f93401d9d95535f430292800000000000000000000000000000003]
[655/908   1787925980s] Csc Library/Bee/artifacts/200b0aE.dag/Unity.2D.Psdimporter.Editor.dll (+2 others)
[605/908    0s] Csc Library/Bee/artifacts/200b0aE.dag/Unity.2D.SpriteShape.Editor.dll (+2 others) [CacheHit ec4be67dbf7953e376b5d2e0bd6e4aa500000000000000000000000000000003]
[657/908   1787925980s] Csc Library/Bee/artifacts/200b0aE.dag/Unity.2D.SpriteShape.Editor.dll (+2 others)
[606/908    0s] Csc Library/Bee/artifacts/200b0aE.dag/Unity.2D.Tilemap.Extras.Editor.dll (+2 others) [CacheHit 92cd5572b7efbb673abd652a171ba8c000000000000000000000000000000003]
[659/908   1787925980s] Csc Library/Bee/artifacts/200b0aE.dag/Unity.2D.Tilemap.Extras.Editor.dll (+2 others)
[607/908    0s] Csc Library/Bee/artifacts/200b0aE.dag/Unity.2D.Aseprite.Editor.dll (+2 others) [CacheHit 478d826ec92cb05828c6d6a97755ef8c00000000000000000000000000000003]
[661/908   1787925980s] Csc Library/Bee/artifacts/200b0aE.dag/Unity.2D.Aseprite.Editor.dll (+2 others)
[608/908    0s] Csc Library/Bee/artifacts/200b0aE.dag/Unity.VisualScripting.Shared.Editor.dll (+2 others) [CacheHit d8d4249fffb3d3132773fedf94d5596100000000000000000000000000000003]
[663/908   1787925980s] Csc Library/Bee/artifacts/200b0aE.dag/Unity.VisualScripting.Shared.Editor.dll (+2 others)
[665/908    0s] MovedFromExtractorCombine Library/Bee/artifacts/200b0aE.dag/Unity.RenderPipelines.ShaderGraph.ShaderGraphLibrary.dll.mvfrm
[666/908    0s] MovedFromExtractorCombine Library/Bee/artifacts/200b0aE.dag/Unity.VisualScripting.SettingsProvider.Editor.dll.mvfrm
[667/908    0s] MovedFromExtractor Library/Bee/artifacts/mvdfrm/Unity.RenderPipelines.Universal.Editor.ref.dll_7BE565C70AE586E5.mvfrm
[612/908    0s] Csc Library/Bee/artifacts/200b0aE.dag/Unity.2D.IK.Editor.dll (+2 others) [CacheHit 7297e945d15a58d2c4c6f62e422716cb00000000000000000000000000000003]
[668/908   1787925980s] Csc Library/Bee/artifacts/200b0aE.dag/Unity.2D.IK.Editor.dll (+2 others)
[613/908    0s] Csc Library/Bee/artifacts/200b0aE.dag/Unity.RenderPipelines.ShaderGraph.ShaderGraphLibrary.dll (+2 others) [CacheHit de1e7fb53ee7df4d11ef118d5fb0468300000000000000000000000000000003]
[670/908   1787925980s] Csc Library/Bee/artifacts/200b0aE.dag/Unity.RenderPipelines.ShaderGraph.ShaderGraphLibrary.dll (+2 others)
[614/908    0s] Csc Library/Bee/artifacts/200b0aE.dag/Unity.VisualScripting.SettingsProvider.Editor.dll (+2 others) [CacheHit e3015902eb24e763d9ea8b6442fee41a00000000000000000000000000000003]
[672/908   1787925980s] Csc Library/Bee/artifacts/200b0aE.dag/Unity.VisualScripting.SettingsProvider.Editor.dll (+2 others)
[615/908    0s] Csc Library/Bee/artifacts/200b0aE.dag/Unity.TextMeshPro.Editor.dll (+2 others) [CacheHit 03b4e575177ce09b6807f846a7ec400200000000000000000000000000000003]
[674/908   1787925980s] Csc Library/Bee/artifacts/200b0aE.dag/Unity.TextMeshPro.Editor.dll (+2 others)
[676/908    0s] MovedFromExtractorCombine Library/Bee/artifacts/200b0aE.dag/Unity.RenderPipelines.Core.ShaderLibrary.dll.mvfrm
[617/908    0s] Csc Library/Bee/artifacts/200b0aE.dag/Unity.Timeline.Editor.dll (+2 others) [CacheHit 4d5ec65d498b718b43dfd61c9dc55d1d00000000000000000000000000000003]
[677/908   1787925980s] Csc Library/Bee/artifacts/200b0aE.dag/Unity.Timeline.Editor.dll (+2 others)
[618/908    0s] Csc Library/Bee/artifacts/200b0aE.dag/Unity.RenderPipelines.Core.ShaderLibrary.dll (+2 others) [CacheHit ca54c2661a477f5f879ecf83efbd84f400000000000000000000000000000003]
[679/908   1787925980s] Csc Library/Bee/artifacts/200b0aE.dag/Unity.RenderPipelines.Core.ShaderLibrary.dll (+2 others)
[681/908    0s] MovedFromExtractorCombine Library/Bee/artifacts/200b0aE.dag/Unity.RenderPipelines.Universal.Shaders.dll.mvfrm
[620/908    0s] Csc Library/Bee/artifacts/200b0aE.dag/Unity.RenderPipelines.Universal.Shaders.dll (+2 others) [CacheHit 92d88ef40785498933d9a4bcfec4303300000000000000000000000000000003]
[682/908   1787925980s] Csc Library/Bee/artifacts/200b0aE.dag/Unity.RenderPipelines.Universal.Shaders.dll (+2 others)
[684/908    0s] MovedFromExtractorCombine Library/Bee/artifacts/200b0aE.dag/Unity.2D.PixelPerfect.Editor.dll.mvfrm
[685/908    0s] MovedFromExtractorCombine Library/Bee/artifacts/200b0aE.dag/AssemblyShadowDemo.ExtensibilityConsumer.dll.mvfrm
[686/908    0s] MovedFromExtractorCombine Library/Bee/artifacts/200b0aE.dag/AssemblyA.Implementation.Internal.dll.mvfrm
[687/908    0s] MovedFromExtractorCombine Library/Bee/artifacts/200b0aE.dag/AssemblyShadowBaseline.Editor.dll.mvfrm
[688/908    0s] MovedFromExtractorCombine Library/Bee/artifacts/200b0aE.dag/MCPForUnity.Editor.dll.mvfrm
[626/908    0s] Csc Library/Bee/artifacts/200b0aE.dag/Unity.2D.PixelPerfect.Editor.dll (+2 others) [CacheHit ae4edd11d9bd843c3e7216a3699b9c7100000000000000000000000000000003]
[689/908   1787925980s] Csc Library/Bee/artifacts/200b0aE.dag/Unity.2D.PixelPerfect.Editor.dll (+2 others)
[691/908    0s] MovedFromExtractorCombine Library/Bee/artifacts/200b0aE.dag/PPv2URPConverters.dll.mvfrm
[692/908    0s] Csc Library/Bee/artifacts/200b0aE.dag/AssemblyShadowDemo.ContractsConsumer.dll (+2 others)
[629/908    0s] Csc Library/Bee/artifacts/200b0aE.dag/MCPForUnity.Editor.dll (+2 others) [CacheHit 6c1c4a96128fbaebbcf7e9750047130700000000000000000000000000000003]
[693/908   1787925980s] Csc Library/Bee/artifacts/200b0aE.dag/MCPForUnity.Editor.dll (+2 others)
[695/908    0s] MovedFromExtractor Library/Bee/artifacts/mvdfrm/Unity.RenderPipelines.Core.ShaderLibrary.ref.dll_8EDD8A7C38E993CC.mvfrm
[696/908    0s] MovedFromExtractor Library/Bee/artifacts/mvdfrm/Unity.PlasticSCM.Editor.ref.dll_CBF917C274624EE2.mvfrm
[697/908    0s] MovedFromExtractor Library/Bee/artifacts/mvdfrm/Unity.RenderPipelines.Universal.Shaders.ref.dll_050F300D13D769AC.mvfrm
[698/908    0s] MovedFromExtractor Library/Bee/artifacts/mvdfrm/Unity.2D.PixelPerfect.Editor.ref.dll_B6E543B7064A5CCA.mvfrm
[699/908    0s] MovedFromExtractor Library/Bee/artifacts/mvdfrm/Unity.Timeline.Editor.ref.dll_1305DD42619CF31E.mvfrm
[700/908    0s] MovedFromExtractor Library/Bee/artifacts/mvdfrm/Unity.TextMeshPro.Editor.ref.dll_C5B7873C632B963A.mvfrm
[701/908    0s] MovedFromExtractor Library/Bee/artifacts/mvdfrm/Unity.VisualScripting.SettingsProvider.Editor.ref.dll_AD2FFB7646FD92B4.mvfrm
[702/908    0s] MovedFromExtractor Library/Bee/artifacts/mvdfrm/Unity.RenderPipelines.ShaderGraph.ShaderGraphLibrary.ref.dll_4AD9CE269414E4CC.mvfrm
[703/908    0s] MovedFromExtractor Library/Bee/artifacts/mvdfrm/Unity.2D.IK.Editor.ref.dll_FD249531A54E376F.mvfrm
[704/908    0s] MovedFromExtractor Library/Bee/artifacts/mvdfrm/Unity.VisualScripting.Shared.Editor.ref.dll_CBD4E358CB8CDF43.mvfrm
[705/908    0s] Csc Library/Bee/artifacts/200b0aE.dag/AssemblyA.Implementation.Internal.dll (+2 others)
[706/908    0s] Csc Library/Bee/artifacts/200b0aE.dag/AssemblyShadowDemo.ExtensibilityConsumer.dll (+2 others)
[707/908    0s] Csc Library/Bee/artifacts/200b0aE.dag/AssemblyShadowBaseline.Editor.dll (+2 others)
[708/908    0s] MovedFromExtractor Library/Bee/artifacts/mvdfrm/Unity.2D.Aseprite.Editor.ref.dll_3C7C2928F291E90C.mvfrm
[644/908    0s] Csc Library/Bee/artifacts/200b0aE.dag/PPv2URPConverters.dll (+2 others) [CacheHit b6798820dd891b1969928761080b531200000000000000000000000000000003]
[709/908   1787925980s] Csc Library/Bee/artifacts/200b0aE.dag/PPv2URPConverters.dll (+2 others)
[711/908    0s] MovedFromExtractor Library/Bee/artifacts/mvdfrm/Unity.2D.Tilemap.Extras.Editor.ref.dll_258B0455F8F51CDE.mvfrm
[712/908    0s] MovedFromExtractor Library/Bee/artifacts/mvdfrm/Unity.2D.SpriteShape.Editor.ref.dll_AB52260E0554293F.mvfrm
[713/908    0s] MovedFromExtractorCombine Library/Bee/artifacts/200b0aE.dag/AssemblyShadowDemo.Editor.dll.mvfrm
[714/908    0s] MovedFromExtractor Library/Bee/artifacts/mvdfrm/Unity.2D.Psdimporter.Editor.ref.dll_47CE2970C8879D28.mvfrm
[715/908    0s] MovedFromExtractorCombine Library/Bee/artifacts/200b0aE.dag/AssemblyShadowDemo.Bootstrap.dll.mvfrm
[716/908    0s] MovedFromExtractorCombine Library/Bee/artifacts/200b0aE.dag/Unity.Collections.DocCodeSamples.dll.mvfrm
[717/908    0s] MovedFromExtractorCombine Library/Bee/artifacts/200b0aE.dag/MCPForUnityTests.EditMode.dll.mvfrm
[718/908    0s] MovedFromExtractorCombine Library/Bee/artifacts/200b0aE.dag/Unity.CollabProxy.Editor.dll.mvfrm
[719/908    0s] MovedFromExtractorCombine Library/Bee/artifacts/200b0aE.dag/Unity.Collections.BurstCompatibilityGen.dll.mvfrm
[720/908    0s] MovedFromExtractor Library/Bee/artifacts/mvdfrm/Unity.Rider.Editor.ref.dll_A276D0F1D4D046E3.mvfrm
[655/908    0s] Csc Library/Bee/artifacts/200b0aE.dag/Unity.CollabProxy.Editor.dll (+2 others) [CacheHit a9d6e4bfff296e64c179b06494a6e17200000000000000000000000000000003]
[721/908   1787925981s] Csc Library/Bee/artifacts/200b0aE.dag/Unity.CollabProxy.Editor.dll (+2 others)
[656/908    0s] Csc Library/Bee/artifacts/200b0aE.dag/MCPForUnityTests.EditMode.dll (+2 others) [CacheHit e4022dc2cba34d507d6f00c84b96d03200000000000000000000000000000003]
[723/908   1787925981s] Csc Library/Bee/artifacts/200b0aE.dag/MCPForUnityTests.EditMode.dll (+2 others)
[657/908    0s] Csc Library/Bee/artifacts/200b0aE.dag/Unity.Collections.BurstCompatibilityGen.dll (+2 others) [CacheHit 80575c75f75f7ea851a20d854d9d3a2600000000000000000000000000000003]
[725/908   1787925981s] Csc Library/Bee/artifacts/200b0aE.dag/Unity.Collections.BurstCompatibilityGen.dll (+2 others)
[658/908    0s] Csc Library/Bee/artifacts/200b0aE.dag/Unity.Collections.DocCodeSamples.dll (+2 others) [CacheHit af79beaf268c2ec20c44d8ceb1cec62a00000000000000000000000000000003]
[727/908   1787925981s] Csc Library/Bee/artifacts/200b0aE.dag/Unity.Collections.DocCodeSamples.dll (+2 others)
[729/908    0s] MovedFromExtractor Library/Bee/artifacts/mvdfrm/Unity.VisualStudio.Editor.ref.dll_F37C0F1BA2EC04B9.mvfrm
[730/908    0s] MovedFromExtractorCombine Library/Bee/artifacts/200b0aE.dag/Unity.HybridCLR.AssemblyShadow.CodeGen.Tests.dll.mvfrm
[731/908    0s] MovedFromExtractorCombine Library/Bee/artifacts/200b0aE.dag/AssemblyShadowDemo.EditorTests.dll.mvfrm
[662/908    0s] Csc Library/Bee/artifacts/200b0aE.dag/Unity.HybridCLR.AssemblyShadow.CodeGen.Tests.dll (+2 others) [CacheHit deb6b6eb075084866303d861fd04091000000000000000000000000000000003]
[732/908   1787925981s] Csc Library/Bee/artifacts/200b0aE.dag/Unity.HybridCLR.AssemblyShadow.CodeGen.Tests.dll (+2 others)
[734/908    0s] MovedFromExtractorCombine Library/Bee/artifacts/200b0aE.dag/HybridCLR.AssemblyShadow.Editor.Tests.dll.mvfrm
[664/908    0s] Csc Library/Bee/artifacts/200b0aE.dag/HybridCLR.AssemblyShadow.Editor.Tests.dll (+2 others) [CacheHit 40cdf2daf80275cc34080eb3848ac00a00000000000000000000000000000003]
[735/908   1787925981s] Csc Library/Bee/artifacts/200b0aE.dag/HybridCLR.AssemblyShadow.Editor.Tests.dll (+2 others)
[737/908    0s] MovedFromExtractorCombine Library/Bee/artifacts/200b0aE.dag/Assembly-CSharp.dll.mvfrm
[738/908    0s] ILPostProcess Library/Bee/artifacts/200b0aE.dag/post-processed/Unity.VisualScripting.Flow.dll (+pdb)
Processing assembly Library/Bee/artifacts/200b0aE.dag/Unity.VisualScripting.Flow.dll, with 122 defines and 230 references
processors: HybridCLR.AssemblyShadow.CodeGen.ReflectionBindingsILPostProcessor, zzzUnity.Burst.CodeGen.BurstILPostProcessor
running HybridCLR.AssemblyShadow.CodeGen.ReflectionBindingsILPostProcessor
running zzzUnity.Burst.CodeGen.BurstILPostProcessor
[739/908    0s] ILPostProcess Library/Bee/artifacts/200b0aE.dag/post-processed/HybridCLR.Runtime.dll (+pdb)
Processing assembly Library/Bee/artifacts/200b0aE.dag/HybridCLR.Runtime.dll, with 117 defines and 229 references
processors: HybridCLR.AssemblyShadow.CodeGen.ReflectionBindingsILPostProcessor, zzzUnity.Burst.CodeGen.BurstILPostProcessor
running HybridCLR.AssemblyShadow.CodeGen.ReflectionBindingsILPostProcessor
running zzzUnity.Burst.CodeGen.BurstILPostProcessor
[740/908    0s] ILPostProcess Library/Bee/artifacts/200b0aE.dag/post-processed/AssemblyA.Implementation.Internal.dll (+pdb)
Processing assembly Library/Bee/artifacts/200b0aE.dag/AssemblyA.Implementation.Internal.dll, with 117 defines and 231 references
processors: HybridCLR.AssemblyShadow.CodeGen.ReflectionBindingsILPostProcessor, zzzUnity.Burst.CodeGen.BurstILPostProcessor
running HybridCLR.AssemblyShadow.CodeGen.ReflectionBindingsILPostProcessor
running zzzUnity.Burst.CodeGen.BurstILPostProcessor
[741/908    0s] ILPostProcess Library/Bee/artifacts/200b0aE.dag/post-processed/AssemblyShadowDemo.ContractsConsumer.dll (+pdb)
Processing assembly Library/Bee/artifacts/200b0aE.dag/AssemblyShadowDemo.ContractsConsumer.dll, with 117 defines and 141 references
processors: HybridCLR.AssemblyShadow.CodeGen.ReflectionBindingsILPostProcessor, zzzUnity.Burst.CodeGen.BurstILPostProcessor
running HybridCLR.AssemblyShadow.CodeGen.ReflectionBindingsILPostProcessor
running zzzUnity.Burst.CodeGen.BurstILPostProcessor
[742/908    0s] ILPostProcess Library/Bee/artifacts/200b0aE.dag/post-processed/AssemblyShadowDemo.ExtensibilityConsumer.dll (+pdb)
Processing assembly Library/Bee/artifacts/200b0aE.dag/AssemblyShadowDemo.ExtensibilityConsumer.dll, with 117 defines and 231 references
processors: HybridCLR.AssemblyShadow.CodeGen.ReflectionBindingsILPostProcessor, zzzUnity.Burst.CodeGen.BurstILPostProcessor
running HybridCLR.AssemblyShadow.CodeGen.ReflectionBindingsILPostProcessor
running zzzUnity.Burst.CodeGen.BurstILPostProcessor
[743/908    0s] Csc Library/Bee/artifacts/200b0aE.dag/Assembly-CSharp.dll (+2 others)
[744/908    0s] ILPostProcess Library/Bee/artifacts/200b0aE.dag/post-processed/Unity.2D.IK.Runtime.dll (+pdb)
Processing assembly Library/Bee/artifacts/200b0aE.dag/Unity.2D.IK.Runtime.dll, with 117 defines and 230 references
processors: HybridCLR.AssemblyShadow.CodeGen.ReflectionBindingsILPostProcessor, zzzUnity.Burst.CodeGen.BurstILPostProcessor
running HybridCLR.AssemblyShadow.CodeGen.ReflectionBindingsILPostProcessor
running zzzUnity.Burst.CodeGen.BurstILPostProcessor
[745/908    0s] ILPostProcess Library/Bee/artifacts/200b0aE.dag/post-processed/Unity.RenderPipelines.Universal.2D.Internal.dll (+pdb)
Processing assembly Library/Bee/artifacts/200b0aE.dag/Unity.RenderPipelines.Universal.2D.Internal.dll, with 117 defines and 229 references
processors: HybridCLR.AssemblyShadow.CodeGen.ReflectionBindingsILPostProcessor, zzzUnity.Burst.CodeGen.BurstILPostProcessor
running HybridCLR.AssemblyShadow.CodeGen.ReflectionBindingsILPostProcessor
running zzzUnity.Burst.CodeGen.BurstILPostProcessor
[746/908    0s] Csc Library/Bee/artifacts/200b0aE.dag/AssemblyShadowDemo.Editor.dll (+2 others)
[747/908    0s] Csc Library/Bee/artifacts/200b0aE.dag/AssemblyShadowDemo.Bootstrap.dll (+2 others)
Assets/AssemblyShadowDemo/Bootstrap/ShadowBootstrap.cs(59,31): warning CS0618: 'RuntimeApi.GetAssemblyShadowPrototypeDiagnostics()' is obsolete: 'Assembly Shadow Prototype was retired; use GetDiagnosticsJson.'
Assets/AssemblyShadowDemo/Bootstrap/ShadowBootstrap.cs(92,61): warning CS0618: 'RuntimeApi.GetAssemblyShadowPrototypeDiagnostics()' is obsolete: 'Assembly Shadow Prototype was retired; use GetDiagnosticsJson.'
Assets/AssemblyShadowDemo/Bootstrap/ShadowBootstrap.cs(133,35): warning CS0618: 'RuntimeApi.LoadAssemblyShadowPrototype(byte[], byte[])' is obsolete: 'Assembly Shadow Prototype was retired; use ConfigureCandidates/BeginTransaction/StageAssembly.'
Assets/AssemblyShadowDemo/Bootstrap/ShadowBootstrap.cs(137,25): warning CS0618: 'RuntimeApi.ActivateAssemblyShadowPrototype(string)' is obsolete: 'Assembly Shadow Prototype was retired; use CommitTransaction.'
Assets/AssemblyShadowDemo/Bootstrap/ShadowBootstrap.cs(290,51): warning CS0618: 'RuntimeApi.SetAssemblyShadowPrototypePhase(string)' is obsolete: 'Assembly Shadow Prototype was retired; use generalized diagnostics.'
Assets/AssemblyShadowDemo/Bootstrap/ShadowBootstrap.cs(291,108): warning CS0618: 'RuntimeApi.InspectAssemblyShadowPrototypeObject(object)' is obsolete: 'Assembly Shadow Prototype was retired; use generalized diagnostics.'
Assets/AssemblyShadowDemo/Bootstrap/ShadowBootstrap.cs(292,114): warning CS0618: 'RuntimeApi.InspectAssemblyShadowPrototypeAssembly(Assembly)' is obsolete: 'Assembly Shadow Prototype was retired; use generalized diagnostics.'
[748/908    0s] ILPostProcess Library/Bee/artifacts/200b0aE.dag/post-processed/Unity.InternalAPIEngineBridge.001.dll (+pdb)
Processing assembly Library/Bee/artifacts/200b0aE.dag/Unity.InternalAPIEngineBridge.001.dll, with 117 defines and 229 references
processors: HybridCLR.AssemblyShadow.CodeGen.ReflectionBindingsILPostProcessor, zzzUnity.Burst.CodeGen.BurstILPostProcessor
running HybridCLR.AssemblyShadow.CodeGen.ReflectionBindingsILPostProcessor
running zzzUnity.Burst.CodeGen.BurstILPostProcessor
[749/908    0s] ILPostProcess Library/Bee/artifacts/200b0aE.dag/post-processed/Unity.Burst.dll (+pdb)
Processing assembly Library/Bee/artifacts/200b0aE.dag/Unity.Burst.dll, with 117 defines and 218 references
processors: HybridCLR.AssemblyShadow.CodeGen.ReflectionBindingsILPostProcessor, zzzUnity.Burst.CodeGen.BurstILPostProcessor
running HybridCLR.AssemblyShadow.CodeGen.ReflectionBindingsILPostProcessor
running zzzUnity.Burst.CodeGen.BurstILPostProcessor
[750/908    0s] ILPostProcess Library/Bee/artifacts/200b0aE.dag/post-processed/AssemblyShadowBaseline.HotUpdate.dll (+pdb)
Processing assembly Library/Bee/artifacts/200b0aE.dag/AssemblyShadowBaseline.HotUpdate.dll, with 117 defines and 140 references
processors: HybridCLR.AssemblyShadow.CodeGen.ReflectionBindingsILPostProcessor, zzzUnity.Burst.CodeGen.BurstILPostProcessor
running HybridCLR.AssemblyShadow.CodeGen.ReflectionBindingsILPostProcessor
running zzzUnity.Burst.CodeGen.BurstILPostProcessor
[751/908    0s] ILPostProcess Library/Bee/artifacts/200b0aE.dag/post-processed/Unity.RenderPipelines.Universal.Config.Runtime.dll (+pdb)
Processing assembly Library/Bee/artifacts/200b0aE.dag/Unity.RenderPipelines.Universal.Config.Runtime.dll, with 117 defines and 230 references
processors: HybridCLR.AssemblyShadow.CodeGen.ReflectionBindingsILPostProcessor, zzzUnity.Burst.CodeGen.BurstILPostProcessor
running HybridCLR.AssemblyShadow.CodeGen.ReflectionBindingsILPostProcessor
running zzzUnity.Burst.CodeGen.BurstILPostProcessor
[752/908    0s] ILPostProcess Library/Bee/artifacts/200b0aE.dag/post-processed/AssemblyA.Contracts.dll (+pdb)
Processing assembly Library/Bee/artifacts/200b0aE.dag/AssemblyA.Contracts.dll, with 117 defines and 140 references
processors: HybridCLR.AssemblyShadow.CodeGen.ReflectionBindingsILPostProcessor, zzzUnity.Burst.CodeGen.BurstILPostProcessor
running HybridCLR.AssemblyShadow.CodeGen.ReflectionBindingsILPostProcessor
running zzzUnity.Burst.CodeGen.BurstILPostProcessor
[753/908    0s] ILPostProcess Library/Bee/artifacts/200b0aE.dag/post-processed/Unity.RenderPipeline.Universal.ShaderLibrary.dll (+pdb)
Processing assembly Library/Bee/artifacts/200b0aE.dag/Unity.RenderPipeline.Universal.ShaderLibrary.dll, with 117 defines and 230 references
processors: HybridCLR.AssemblyShadow.CodeGen.ReflectionBindingsILPostProcessor, zzzUnity.Burst.CodeGen.BurstILPostProcessor
running HybridCLR.AssemblyShadow.CodeGen.ReflectionBindingsILPostProcessor
running zzzUnity.Burst.CodeGen.BurstILPostProcessor
[754/908    0s] ILPostProcess Library/Bee/artifacts/200b0aE.dag/post-processed/AssemblyShadowDemo.Bootstrap.dll (+pdb)
Processing assembly Library/Bee/artifacts/200b0aE.dag/AssemblyShadowDemo.Bootstrap.dll, with 117 defines and 232 references
processors: HybridCLR.AssemblyShadow.CodeGen.ReflectionBindingsILPostProcessor, zzzUnity.Burst.CodeGen.BurstILPostProcessor
running HybridCLR.AssemblyShadow.CodeGen.ReflectionBindingsILPostProcessor
running zzzUnity.Burst.CodeGen.BurstILPostProcessor
[755/908    0s] Csc Library/Bee/artifacts/200b0aE.dag/AssemblyShadowDemo.EditorTests.dll (+2 others)
[756/908    0s] ILPostProcess Library/Bee/artifacts/200b0aE.dag/post-processed/Assembly-CSharp.dll (+pdb)
Processing assembly Library/Bee/artifacts/200b0aE.dag/Assembly-CSharp.dll, with 117 defines and 275 references
processors: HybridCLR.AssemblyShadow.CodeGen.ReflectionBindingsILPostProcessor, zzzUnity.Burst.CodeGen.BurstILPostProcessor
running HybridCLR.AssemblyShadow.CodeGen.ReflectionBindingsILPostProcessor
running zzzUnity.Burst.CodeGen.BurstILPostProcessor
[757/908    0s] ILPostProcess Library/Bee/artifacts/200b0aE.dag/post-processed/Unity.2D.Tilemap.Extras.dll (+pdb)
Processing assembly Library/Bee/artifacts/200b0aE.dag/Unity.2D.Tilemap.Extras.dll, with 117 defines and 229 references
processors: HybridCLR.AssemblyShadow.CodeGen.ReflectionBindingsILPostProcessor, zzzUnity.Burst.CodeGen.BurstILPostProcessor
running HybridCLR.AssemblyShadow.CodeGen.ReflectionBindingsILPostProcessor
running zzzUnity.Burst.CodeGen.BurstILPostProcessor
[758/908    0s] ILPostProcess Library/Bee/artifacts/200b0aE.dag/post-processed/Unity.VisualScripting.State.dll (+pdb)
Processing assembly Library/Bee/artifacts/200b0aE.dag/Unity.VisualScripting.State.dll, with 117 defines and 231 references
processors: HybridCLR.AssemblyShadow.CodeGen.ReflectionBindingsILPostProcessor, zzzUnity.Burst.CodeGen.BurstILPostProcessor
running HybridCLR.AssemblyShadow.CodeGen.ReflectionBindingsILPostProcessor
running zzzUnity.Burst.CodeGen.BurstILPostProcessor
[759/908    0s] ILPostProcess Library/Bee/artifacts/200b0aE.dag/post-processed/Unity.RenderPipelines.Core.Runtime.dll (+pdb)
Processing assembly Library/Bee/artifacts/200b0aE.dag/Unity.RenderPipelines.Core.Runtime.dll, with 119 defines and 229 references
processors: HybridCLR.AssemblyShadow.CodeGen.ReflectionBindingsILPostProcessor, zzzUnity.Burst.CodeGen.BurstILPostProcessor
running HybridCLR.AssemblyShadow.CodeGen.ReflectionBindingsILPostProcessor
running zzzUnity.Burst.CodeGen.BurstILPostProcessor
[760/908    0s] ILPostProcess Library/Bee/artifacts/200b0aE.dag/post-processed/Unity.VisualScripting.Core.dll (+pdb)
Processing assembly Library/Bee/artifacts/200b0aE.dag/Unity.VisualScripting.Core.dll, with 120 defines and 229 references
processors: HybridCLR.AssemblyShadow.CodeGen.ReflectionBindingsILPostProcessor, zzzUnity.Burst.CodeGen.BurstILPostProcessor
running HybridCLR.AssemblyShadow.CodeGen.ReflectionBindingsILPostProcessor
running zzzUnity.Burst.CodeGen.BurstILPostProcessor
[761/908    0s] ILPostProcess Library/Bee/artifacts/200b0aE.dag/post-processed/Unity.2D.PixelPerfect.dll (+pdb)
Processing assembly Library/Bee/artifacts/200b0aE.dag/Unity.2D.PixelPerfect.dll, with 118 defines and 229 references
processors: HybridCLR.AssemblyShadow.CodeGen.ReflectionBindingsILPostProcessor, zzzUnity.Burst.CodeGen.BurstILPostProcessor
running HybridCLR.AssemblyShadow.CodeGen.ReflectionBindingsILPostProcessor
running zzzUnity.Burst.CodeGen.BurstILPostProcessor
[762/908    0s] ILPostProcess Library/Bee/artifacts/200b0aE.dag/post-processed/Unity.RenderPipelines.ShaderGraph.ShaderGraphLibrary.dll (+pdb)
Processing assembly Library/Bee/artifacts/200b0aE.dag/Unity.RenderPipelines.ShaderGraph.ShaderGraphLibrary.dll, with 117 defines and 229 references
processors: HybridCLR.AssemblyShadow.CodeGen.ReflectionBindingsILPostProcessor, zzzUnity.Burst.CodeGen.BurstILPostProcessor
running HybridCLR.AssemblyShadow.CodeGen.ReflectionBindingsILPostProcessor
running zzzUnity.Burst.CodeGen.BurstILPostProcessor
[763/908    0s] ILPostProcess Library/Bee/artifacts/200b0aE.dag/post-processed/AssemblyA.Implementation.Extensibility.dll (+pdb)
Processing assembly Library/Bee/artifacts/200b0aE.dag/AssemblyA.Implementation.Extensibility.dll, with 117 defines and 230 references
processors: HybridCLR.AssemblyShadow.CodeGen.ReflectionBindingsILPostProcessor, zzzUnity.Burst.CodeGen.BurstILPostProcessor
running HybridCLR.AssemblyShadow.CodeGen.ReflectionBindingsILPostProcessor
running zzzUnity.Burst.CodeGen.BurstILPostProcessor
[764/908    0s] ILPostProcess Library/Bee/artifacts/200b0aE.dag/post-processed/Unity.RenderPipelines.Core.ShaderLibrary.dll (+pdb)
Processing assembly Library/Bee/artifacts/200b0aE.dag/Unity.RenderPipelines.Core.ShaderLibrary.dll, with 117 defines and 229 references
processors: HybridCLR.AssemblyShadow.CodeGen.ReflectionBindingsILPostProcessor, zzzUnity.Burst.CodeGen.BurstILPostProcessor
running HybridCLR.AssemblyShadow.CodeGen.ReflectionBindingsILPostProcessor
running zzzUnity.Burst.CodeGen.BurstILPostProcessor
[765/908    0s] ILPostProcess Library/Bee/artifacts/200b0aE.dag/post-processed/UnityEngine.UI.dll (+pdb)
Processing assembly Library/Bee/artifacts/200b0aE.dag/UnityEngine.UI.dll, with 122 defines and 227 references
processors: HybridCLR.AssemblyShadow.CodeGen.ReflectionBindingsILPostProcessor, zzzUnity.Burst.CodeGen.BurstILPostProcessor
running HybridCLR.AssemblyShadow.CodeGen.ReflectionBindingsILPostProcessor
running zzzUnity.Burst.CodeGen.BurstILPostProcessor
[766/908    0s] ILPostProcess Library/Bee/artifacts/200b0aE.dag/post-processed/Unity.2D.Animation.Runtime.dll (+pdb)
Processing assembly Library/Bee/artifacts/200b0aE.dag/Unity.2D.Animation.Runtime.dll, with 117 defines and 234 references
processors: HybridCLR.AssemblyShadow.CodeGen.ReflectionBindingsILPostProcessor, zzzUnity.Burst.CodeGen.BurstILPostProcessor
running HybridCLR.AssemblyShadow.CodeGen.ReflectionBindingsILPostProcessor
running zzzUnity.Burst.CodeGen.BurstILPostProcessor
[767/908    0s] ILPostProcess Library/Bee/artifacts/200b0aE.dag/post-processed/AssemblyShadowBaseline.Aot.dll (+pdb)
Processing assembly Library/Bee/artifacts/200b0aE.dag/AssemblyShadowBaseline.Aot.dll, with 117 defines and 230 references
processors: HybridCLR.AssemblyShadow.CodeGen.ReflectionBindingsILPostProcessor, zzzUnity.Burst.CodeGen.BurstILPostProcessor
running HybridCLR.AssemblyShadow.CodeGen.ReflectionBindingsILPostProcessor
running zzzUnity.Burst.CodeGen.BurstILPostProcessor
[768/908    0s] ILPostProcess Library/Bee/artifacts/200b0aE.dag/post-processed/Unity.RenderPipelines.Universal.Runtime.dll (+pdb)
Processing assembly Library/Bee/artifacts/200b0aE.dag/Unity.RenderPipelines.Universal.Runtime.dll, with 122 defines and 235 references
processors: HybridCLR.AssemblyShadow.CodeGen.ReflectionBindingsILPostProcessor, zzzUnity.Burst.CodeGen.BurstILPostProcessor
running HybridCLR.AssemblyShadow.CodeGen.ReflectionBindingsILPostProcessor
running zzzUnity.Burst.CodeGen.BurstILPostProcessor
[769/908    0s] ILPostProcess Library/Bee/artifacts/200b0aE.dag/post-processed/Unity.TextMeshPro.dll (+pdb)
Processing assembly Library/Bee/artifacts/200b0aE.dag/Unity.TextMeshPro.dll, with 118 defines and 229 references
processors: HybridCLR.AssemblyShadow.CodeGen.ReflectionBindingsILPostProcessor, zzzUnity.Burst.CodeGen.BurstILPostProcessor
running HybridCLR.AssemblyShadow.CodeGen.ReflectionBindingsILPostProcessor
running zzzUnity.Burst.CodeGen.BurstILPostProcessor
[770/908    0s] ILPostProcess Library/Bee/artifacts/200b0aE.dag/post-processed/Unity.Mathematics.dll (+pdb)
Processing assembly Library/Bee/artifacts/200b0aE.dag/Unity.Mathematics.dll, with 117 defines and 229 references
processors: HybridCLR.AssemblyShadow.CodeGen.ReflectionBindingsILPostProcessor, zzzUnity.Burst.CodeGen.BurstILPostProcessor
running HybridCLR.AssemblyShadow.CodeGen.ReflectionBindingsILPostProcessor
running zzzUnity.Burst.CodeGen.BurstILPostProcessor
[771/908    0s] ILPostProcess Library/Bee/artifacts/200b0aE.dag/post-processed/MCPForUnity.Runtime.dll (+pdb)
Processing assembly Library/Bee/artifacts/200b0aE.dag/MCPForUnity.Runtime.dll, with 117 defines and 218 references
processors: HybridCLR.AssemblyShadow.CodeGen.ReflectionBindingsILPostProcessor, zzzUnity.Burst.CodeGen.BurstILPostProcessor
running HybridCLR.AssemblyShadow.CodeGen.ReflectionBindingsILPostProcessor
running zzzUnity.Burst.CodeGen.BurstILPostProcessor
[772/908    0s] ILPostProcess Library/Bee/artifacts/200b0aE.dag/post-processed/Unity.2D.Common.Runtime.dll (+pdb)
Processing assembly Library/Bee/artifacts/200b0aE.dag/Unity.2D.Common.Runtime.dll, with 117 defines and 230 references
processors: HybridCLR.AssemblyShadow.CodeGen.ReflectionBindingsILPostProcessor, zzzUnity.Burst.CodeGen.BurstILPostProcessor
running HybridCLR.AssemblyShadow.CodeGen.ReflectionBindingsILPostProcessor
running zzzUnity.Burst.CodeGen.BurstILPostProcessor
[773/908    0s] ILPostProcess Library/Bee/artifacts/200b0aE.dag/post-processed/Unity.Timeline.dll (+pdb)
Processing assembly Library/Bee/artifacts/200b0aE.dag/Unity.Timeline.dll, with 118 defines and 229 references
processors: HybridCLR.AssemblyShadow.CodeGen.ReflectionBindingsILPostProcessor, zzzUnity.Burst.CodeGen.BurstILPostProcessor
running HybridCLR.AssemblyShadow.CodeGen.ReflectionBindingsILPostProcessor
running zzzUnity.Burst.CodeGen.BurstILPostProcessor
[774/908    0s] ILPostProcess Library/Bee/artifacts/200b0aE.dag/post-processed/Unity.Collections.BurstCompatibilityGen.dll (+pdb)
Processing assembly Library/Bee/artifacts/200b0aE.dag/Unity.Collections.BurstCompatibilityGen.dll, with 115 defines and 238 references
processors: HybridCLR.AssemblyShadow.CodeGen.ReflectionBindingsILPostProcessor, zzzUnity.Burst.CodeGen.BurstILPostProcessor
running HybridCLR.AssemblyShadow.CodeGen.ReflectionBindingsILPostProcessor
running zzzUnity.Burst.CodeGen.BurstILPostProcessor
[775/908    0s] ILPostProcess Library/Bee/artifacts/200b0aE.dag/post-processed/Unity.RenderPipelines.Universal.Shaders.dll (+pdb)
Processing assembly Library/Bee/artifacts/200b0aE.dag/Unity.RenderPipelines.Universal.Shaders.dll, with 117 defines and 229 references
processors: HybridCLR.AssemblyShadow.CodeGen.ReflectionBindingsILPostProcessor, zzzUnity.Burst.CodeGen.BurstILPostProcessor
running HybridCLR.AssemblyShadow.CodeGen.ReflectionBindingsILPostProcessor
running zzzUnity.Burst.CodeGen.BurstILPostProcessor
[776/908    0s] ILPostProcess Library/Bee/artifacts/200b0aE.dag/post-processed/Unity.2D.SpriteShape.Runtime.dll (+pdb)
Processing assembly Library/Bee/artifacts/200b0aE.dag/Unity.2D.SpriteShape.Runtime.dll, with 118 defines and 232 references
processors: HybridCLR.AssemblyShadow.CodeGen.ReflectionBindingsILPostProcessor, zzzUnity.Burst.CodeGen.BurstILPostProcessor
running HybridCLR.AssemblyShadow.CodeGen.ReflectionBindingsILPostProcessor
running zzzUnity.Burst.CodeGen.BurstILPostProcessor
[777/908    0s] ILPostProcess Library/Bee/artifacts/200b0aE.dag/post-processed/Unity.VisualScripting.State.Editor.dll (+pdb)
Processing assembly Library/Bee/artifacts/200b0aE.dag/Unity.VisualScripting.State.Editor.dll, with 115 defines and 241 references
processors: HybridCLR.AssemblyShadow.CodeGen.ReflectionBindingsILPostProcessor, zzzUnity.Burst.CodeGen.BurstILPostProcessor
running HybridCLR.AssemblyShadow.CodeGen.ReflectionBindingsILPostProcessor
running zzzUnity.Burst.CodeGen.BurstILPostProcessor
[778/908    0s] ILPostProcess Library/Bee/artifacts/200b0aE.dag/post-processed/Unity.Collections.dll (+pdb)
Processing assembly Library/Bee/artifacts/200b0aE.dag/Unity.Collections.dll, with 117 defines and 231 references
processors: HybridCLR.AssemblyShadow.CodeGen.ReflectionBindingsILPostProcessor, zzzUnity.Burst.CodeGen.BurstILPostProcessor
running HybridCLR.AssemblyShadow.CodeGen.ReflectionBindingsILPostProcessor
running zzzUnity.Burst.CodeGen.BurstILPostProcessor
[779/908    0s] ILPostProcess Library/Bee/artifacts/200b0aE.dag/post-processed/Unity.RenderPipelines.Universal.Editor.dll (+pdb)
Processing assembly Library/Bee/artifacts/200b0aE.dag/Unity.RenderPipelines.Universal.Editor.dll, with 116 defines and 242 references
processors: HybridCLR.AssemblyShadow.CodeGen.ReflectionBindingsILPostProcessor, zzzUnity.Burst.CodeGen.BurstILPostProcessor
running HybridCLR.AssemblyShadow.CodeGen.ReflectionBindingsILPostProcessor
running zzzUnity.Burst.CodeGen.BurstILPostProcessor
[780/908    0s] ILPostProcess Library/Bee/artifacts/200b0aE.dag/post-processed/Unity.PlasticSCM.Editor.dll (+pdb)
Processing assembly Library/Bee/artifacts/200b0aE.dag/Unity.PlasticSCM.Editor.dll, with 115 defines and 226 references
processors: HybridCLR.AssemblyShadow.CodeGen.ReflectionBindingsILPostProcessor, zzzUnity.Burst.CodeGen.BurstILPostProcessor
running HybridCLR.AssemblyShadow.CodeGen.ReflectionBindingsILPostProcessor
running zzzUnity.Burst.CodeGen.BurstILPostProcessor
[781/908    0s] ILPostProcess Library/Bee/artifacts/200b0aE.dag/post-processed/Unity.Collections.DocCodeSamples.dll (+pdb)
Processing assembly Library/Bee/artifacts/200b0aE.dag/Unity.Collections.DocCodeSamples.dll, with 115 defines and 237 references
processors: HybridCLR.AssemblyShadow.CodeGen.ReflectionBindingsILPostProcessor, zzzUnity.Burst.CodeGen.BurstILPostProcessor
running HybridCLR.AssemblyShadow.CodeGen.ReflectionBindingsILPostProcessor
running zzzUnity.Burst.CodeGen.BurstILPostProcessor
[782/908    0s] ILPostProcess Library/Bee/artifacts/200b0aE.dag/post-processed/Unity.2D.SpriteShape.Editor.dll (+pdb)
Processing assembly Library/Bee/artifacts/200b0aE.dag/Unity.2D.SpriteShape.Editor.dll, with 115 defines and 241 references
processors: HybridCLR.AssemblyShadow.CodeGen.ReflectionBindingsILPostProcessor, zzzUnity.Burst.CodeGen.BurstILPostProcessor
running HybridCLR.AssemblyShadow.CodeGen.ReflectionBindingsILPostProcessor
running zzzUnity.Burst.CodeGen.BurstILPostProcessor
[783/908    0s] ILPostProcess Library/Bee/artifacts/200b0aE.dag/post-processed/Unity.2D.Tilemap.Extras.Editor.dll (+pdb)
Processing assembly Library/Bee/artifacts/200b0aE.dag/Unity.2D.Tilemap.Extras.Editor.dll, with 115 defines and 238 references
processors: HybridCLR.AssemblyShadow.CodeGen.ReflectionBindingsILPostProcessor, zzzUnity.Burst.CodeGen.BurstILPostProcessor
running HybridCLR.AssemblyShadow.CodeGen.ReflectionBindingsILPostProcessor
running zzzUnity.Burst.CodeGen.BurstILPostProcessor
[784/908    0s] ILPostProcess Library/Bee/artifacts/200b0aE.dag/post-processed/Unity.ShaderGraph.Editor.dll (+pdb)
Processing assembly Library/Bee/artifacts/200b0aE.dag/Unity.ShaderGraph.Editor.dll, with 115 defines and 240 references
processors: HybridCLR.AssemblyShadow.CodeGen.ReflectionBindingsILPostProcessor, zzzUnity.Burst.CodeGen.BurstILPostProcessor
running HybridCLR.AssemblyShadow.CodeGen.ReflectionBindingsILPostProcessor
running zzzUnity.Burst.CodeGen.BurstILPostProcessor
[785/908    0s] ILPostProcess Library/Bee/artifacts/200b0aE.dag/post-processed/Unity.2D.IK.Editor.dll (+pdb)
Processing assembly Library/Bee/artifacts/200b0aE.dag/Unity.2D.IK.Editor.dll, with 115 defines and 242 references
processors: HybridCLR.AssemblyShadow.CodeGen.ReflectionBindingsILPostProcessor, zzzUnity.Burst.CodeGen.BurstILPostProcessor
running HybridCLR.AssemblyShadow.CodeGen.ReflectionBindingsILPostProcessor
running zzzUnity.Burst.CodeGen.BurstILPostProcessor
[786/908    0s] ILPostProcess Library/Bee/artifacts/200b0aE.dag/post-processed/HybridCLR.AssemblyShadow.Editor.Tests.dll (+pdb)
Processing assembly Library/Bee/artifacts/200b0aE.dag/HybridCLR.AssemblyShadow.Editor.Tests.dll, with 115 defines and 229 references
processors: HybridCLR.AssemblyShadow.CodeGen.ReflectionBindingsILPostProcessor, zzzUnity.Burst.CodeGen.BurstILPostProcessor
running HybridCLR.AssemblyShadow.CodeGen.ReflectionBindingsILPostProcessor
running zzzUnity.Burst.CodeGen.BurstILPostProcessor
[787/908    0s] ILPostProcess Library/Bee/artifacts/200b0aE.dag/post-processed/Unity.TextMeshPro.Editor.dll (+pdb)
Processing assembly Library/Bee/artifacts/200b0aE.dag/Unity.TextMeshPro.Editor.dll, with 115 defines and 237 references
processors: HybridCLR.AssemblyShadow.CodeGen.ReflectionBindingsILPostProcessor, zzzUnity.Burst.CodeGen.BurstILPostProcessor
running HybridCLR.AssemblyShadow.CodeGen.ReflectionBindingsILPostProcessor
running zzzUnity.Burst.CodeGen.BurstILPostProcessor
[788/908    0s] ILPostProcess Library/Bee/artifacts/200b0aE.dag/post-processed/Unity.2D.Aseprite.Editor.dll (+pdb)
Processing assembly Library/Bee/artifacts/200b0aE.dag/Unity.2D.Aseprite.Editor.dll, with 116 defines and 242 references
processors: HybridCLR.AssemblyShadow.CodeGen.ReflectionBindingsILPostProcessor, zzzUnity.Burst.CodeGen.BurstILPostProcessor
running HybridCLR.AssemblyShadow.CodeGen.ReflectionBindingsILPostProcessor
running zzzUnity.Burst.CodeGen.BurstILPostProcessor
[789/908    0s] ILPostProcess Library/Bee/artifacts/200b0aE.dag/post-processed/Unity.2D.Sprite.Editor.dll (+pdb)
Processing assembly Library/Bee/artifacts/200b0aE.dag/Unity.2D.Sprite.Editor.dll, with 115 defines and 236 references
processors: HybridCLR.AssemblyShadow.CodeGen.ReflectionBindingsILPostProcessor, zzzUnity.Burst.CodeGen.BurstILPostProcessor
running HybridCLR.AssemblyShadow.CodeGen.ReflectionBindingsILPostProcessor
running zzzUnity.Burst.CodeGen.BurstILPostProcessor
[790/908    0s] ILPostProcess Library/Bee/artifacts/200b0aE.dag/post-processed/MCPForUnity.Editor.dll (+pdb)
Processing assembly Library/Bee/artifacts/200b0aE.dag/MCPForUnity.Editor.dll, with 115 defines and 226 references
processors: HybridCLR.AssemblyShadow.CodeGen.ReflectionBindingsILPostProcessor, zzzUnity.Burst.CodeGen.BurstILPostProcessor
running HybridCLR.AssemblyShadow.CodeGen.ReflectionBindingsILPostProcessor
running zzzUnity.Burst.CodeGen.BurstILPostProcessor
[791/908    0s] ILPostProcess Library/Bee/artifacts/200b0aE.dag/post-processed/Unity.VisualScripting.Core.Editor.dll (+pdb)
Processing assembly Library/Bee/artifacts/200b0aE.dag/Unity.VisualScripting.Core.Editor.dll, with 115 defines and 237 references
processors: HybridCLR.AssemblyShadow.CodeGen.ReflectionBindingsILPostProcessor, zzzUnity.Burst.CodeGen.BurstILPostProcessor
running HybridCLR.AssemblyShadow.CodeGen.ReflectionBindingsILPostProcessor
running zzzUnity.Burst.CodeGen.BurstILPostProcessor
[792/908    0s] ILPostProcess Library/Bee/artifacts/200b0aE.dag/post-processed/Unity.Burst.Editor.dll (+pdb)
Processing assembly Library/Bee/artifacts/200b0aE.dag/Unity.Burst.Editor.dll, with 115 defines and 237 references
processors: HybridCLR.AssemblyShadow.CodeGen.ReflectionBindingsILPostProcessor, zzzUnity.Burst.CodeGen.BurstILPostProcessor
running HybridCLR.AssemblyShadow.CodeGen.ReflectionBindingsILPostProcessor
running zzzUnity.Burst.CodeGen.BurstILPostProcessor
[793/908    0s] ILPostProcess Library/Bee/artifacts/200b0aE.dag/post-processed/HybridCLR.Editor.dll (+pdb)
Processing assembly Library/Bee/artifacts/200b0aE.dag/HybridCLR.Editor.dll, with 115 defines and 238 references
processors: HybridCLR.AssemblyShadow.CodeGen.ReflectionBindingsILPostProcessor, zzzUnity.Burst.CodeGen.BurstILPostProcessor
running HybridCLR.AssemblyShadow.CodeGen.ReflectionBindingsILPostProcessor
running zzzUnity.Burst.CodeGen.BurstILPostProcessor
[794/908    0s] ILPostProcess Library/Bee/artifacts/200b0aE.dag/post-processed/Unity.RenderPipelines.Core.Editor.dll (+pdb)
Processing assembly Library/Bee/artifacts/200b0aE.dag/Unity.RenderPipelines.Core.Editor.dll, with 116 defines and 238 references
processors: HybridCLR.AssemblyShadow.CodeGen.ReflectionBindingsILPostProcessor, zzzUnity.Burst.CodeGen.BurstILPostProcessor
running HybridCLR.AssemblyShadow.CodeGen.ReflectionBindingsILPostProcessor
running zzzUnity.Burst.CodeGen.BurstILPostProcessor
[795/908    0s] ILPostProcess Library/Bee/artifacts/200b0aE.dag/post-processed/AssemblyShadowDemo.EditorTests.dll (+pdb)
Processing assembly Library/Bee/artifacts/200b0aE.dag/AssemblyShadowDemo.EditorTests.dll, with 115 defines and 227 references
processors: HybridCLR.AssemblyShadow.CodeGen.ReflectionBindingsILPostProcessor, zzzUnity.Burst.CodeGen.BurstILPostProcessor
running HybridCLR.AssemblyShadow.CodeGen.ReflectionBindingsILPostProcessor
running zzzUnity.Burst.CodeGen.BurstILPostProcessor
[796/908    0s] ILPostProcess Library/Bee/artifacts/200b0aE.dag/post-processed/PsdPlugin.dll (+pdb)
Processing assembly Library/Bee/artifacts/200b0aE.dag/PsdPlugin.dll, with 115 defines and 237 references
processors: HybridCLR.AssemblyShadow.CodeGen.ReflectionBindingsILPostProcessor, zzzUnity.Burst.CodeGen.BurstILPostProcessor
running HybridCLR.AssemblyShadow.CodeGen.ReflectionBindingsILPostProcessor
running zzzUnity.Burst.CodeGen.BurstILPostProcessor
[797/908    0s] ILPostProcess Library/Bee/artifacts/200b0aE.dag/post-processed/Unity.Mathematics.Editor.dll (+pdb)
Processing assembly Library/Bee/artifacts/200b0aE.dag/Unity.Mathematics.Editor.dll, with 115 defines and 237 references
processors: HybridCLR.AssemblyShadow.CodeGen.ReflectionBindingsILPostProcessor, zzzUnity.Burst.CodeGen.BurstILPostProcessor
running HybridCLR.AssemblyShadow.CodeGen.ReflectionBindingsILPostProcessor
running zzzUnity.Burst.CodeGen.BurstILPostProcessor
[798/908    0s] ILPostProcess Library/Bee/artifacts/200b0aE.dag/post-processed/PPv2URPConverters.dll (+pdb)
Processing assembly Library/Bee/artifacts/200b0aE.dag/PPv2URPConverters.dll, with 115 defines and 240 references
processors: HybridCLR.AssemblyShadow.CodeGen.ReflectionBindingsILPostProcessor, zzzUnity.Burst.CodeGen.BurstILPostProcessor
running HybridCLR.AssemblyShadow.CodeGen.ReflectionBindingsILPostProcessor
running zzzUnity.Burst.CodeGen.BurstILPostProcessor
[799/908    0s] ILPostProcess Library/Bee/artifacts/200b0aE.dag/post-processed/MCPForUnityTests.EditMode.dll (+pdb)
Processing assembly Library/Bee/artifacts/200b0aE.dag/MCPForUnityTests.EditMode.dll, with 115 defines and 227 references
processors: HybridCLR.AssemblyShadow.CodeGen.ReflectionBindingsILPostProcessor, zzzUnity.Burst.CodeGen.BurstILPostProcessor
running HybridCLR.AssemblyShadow.CodeGen.ReflectionBindingsILPostProcessor
running zzzUnity.Burst.CodeGen.BurstILPostProcessor
[800/908    0s] ILPostProcess Library/Bee/artifacts/200b0aE.dag/post-processed/Unity.VisualScripting.SettingsProvider.Editor.dll (+pdb)
Processing assembly Library/Bee/artifacts/200b0aE.dag/Unity.VisualScripting.SettingsProvider.Editor.dll, with 115 defines and 241 references
processors: HybridCLR.AssemblyShadow.CodeGen.ReflectionBindingsILPostProcessor, zzzUnity.Burst.CodeGen.BurstILPostProcessor
running HybridCLR.AssemblyShadow.CodeGen.ReflectionBindingsILPostProcessor
running zzzUnity.Burst.CodeGen.BurstILPostProcessor
[801/908    0s] ILPostProcess Library/Bee/artifacts/200b0aE.dag/post-processed/Unity.2D.Tilemap.Editor.dll (+pdb)
Processing assembly Library/Bee/artifacts/200b0aE.dag/Unity.2D.Tilemap.Editor.dll, with 115 defines and 236 references
processors: HybridCLR.AssemblyShadow.CodeGen.ReflectionBindingsILPostProcessor, zzzUnity.Burst.CodeGen.BurstILPostProcessor
running HybridCLR.AssemblyShadow.CodeGen.ReflectionBindingsILPostProcessor
running zzzUnity.Burst.CodeGen.BurstILPostProcessor
[802/908    0s] ILPostProcess Library/Bee/artifacts/200b0aE.dag/post-processed/AssemblyShadowBaseline.Editor.dll (+pdb)
Processing assembly Library/Bee/artifacts/200b0aE.dag/AssemblyShadowBaseline.Editor.dll, with 115 defines and 239 references
processors: HybridCLR.AssemblyShadow.CodeGen.ReflectionBindingsILPostProcessor, zzzUnity.Burst.CodeGen.BurstILPostProcessor
running HybridCLR.AssemblyShadow.CodeGen.ReflectionBindingsILPostProcessor
running zzzUnity.Burst.CodeGen.BurstILPostProcessor
[803/908    0s] ILPostProcess Library/Bee/artifacts/200b0aE.dag/post-processed/UnityEditor.UI.dll (+pdb)
Processing assembly Library/Bee/artifacts/200b0aE.dag/UnityEditor.UI.dll, with 118 defines and 235 references
processors: HybridCLR.AssemblyShadow.CodeGen.ReflectionBindingsILPostProcessor, zzzUnity.Burst.CodeGen.BurstILPostProcessor
running HybridCLR.AssemblyShadow.CodeGen.ReflectionBindingsILPostProcessor
running zzzUnity.Burst.CodeGen.BurstILPostProcessor
[804/908    0s] ILPostProcess Library/Bee/artifacts/200b0aE.dag/post-processed/Unity.2D.Psdimporter.Editor.dll (+pdb)
Processing assembly Library/Bee/artifacts/200b0aE.dag/Unity.2D.Psdimporter.Editor.dll, with 115 defines and 245 references
processors: HybridCLR.AssemblyShadow.CodeGen.ReflectionBindingsILPostProcessor, zzzUnity.Burst.CodeGen.BurstILPostProcessor
running HybridCLR.AssemblyShadow.CodeGen.ReflectionBindingsILPostProcessor
running zzzUnity.Burst.CodeGen.BurstILPostProcessor
[805/908    0s] ILPostProcess Library/Bee/artifacts/200b0aE.dag/post-processed/Unity.VisualScripting.Shared.Editor.dll (+pdb)
Processing assembly Library/Bee/artifacts/200b0aE.dag/Unity.VisualScripting.Shared.Editor.dll, with 115 defines and 242 references
processors: HybridCLR.AssemblyShadow.CodeGen.ReflectionBindingsILPostProcessor, zzzUnity.Burst.CodeGen.BurstILPostProcessor
running HybridCLR.AssemblyShadow.CodeGen.ReflectionBindingsILPostProcessor
running zzzUnity.Burst.CodeGen.BurstILPostProcessor
[806/908    0s] ILPostProcess Library/Bee/artifacts/200b0aE.dag/post-processed/Unity.2D.Animation.Editor.dll (+pdb)
Processing assembly Library/Bee/artifacts/200b0aE.dag/Unity.2D.Animation.Editor.dll, with 115 defines and 245 references
processors: HybridCLR.AssemblyShadow.CodeGen.ReflectionBindingsILPostProcessor, zzzUnity.Burst.CodeGen.BurstILPostProcessor
running HybridCLR.AssemblyShadow.CodeGen.ReflectionBindingsILPostProcessor
running zzzUnity.Burst.CodeGen.BurstILPostProcessor
[807/908    0s] ILPostProcess Library/Bee/artifacts/200b0aE.dag/post-processed/AssemblyShadowDemo.Editor.dll (+pdb)
Processing assembly Library/Bee/artifacts/200b0aE.dag/AssemblyShadowDemo.Editor.dll, with 115 defines and 245 references
processors: HybridCLR.AssemblyShadow.CodeGen.ReflectionBindingsILPostProcessor, zzzUnity.Burst.CodeGen.BurstILPostProcessor
running HybridCLR.AssemblyShadow.CodeGen.ReflectionBindingsILPostProcessor
running zzzUnity.Burst.CodeGen.BurstILPostProcessor
[808/908    0s] ILPostProcess Library/Bee/artifacts/200b0aE.dag/post-processed/Unity.InternalAPIEditorBridge.001.dll (+pdb)
Processing assembly Library/Bee/artifacts/200b0aE.dag/Unity.InternalAPIEditorBridge.001.dll, with 115 defines and 237 references
processors: HybridCLR.AssemblyShadow.CodeGen.ReflectionBindingsILPostProcessor, zzzUnity.Burst.CodeGen.BurstILPostProcessor
running HybridCLR.AssemblyShadow.CodeGen.ReflectionBindingsILPostProcessor
running zzzUnity.Burst.CodeGen.BurstILPostProcessor
[809/908    0s] ILPostProcess Library/Bee/artifacts/200b0aE.dag/post-processed/Unity.2D.PixelPerfect.Editor.dll (+pdb)
Processing assembly Library/Bee/artifacts/200b0aE.dag/Unity.2D.PixelPerfect.Editor.dll, with 117 defines and 239 references
processors: HybridCLR.AssemblyShadow.CodeGen.ReflectionBindingsILPostProcessor, zzzUnity.Burst.CodeGen.BurstILPostProcessor
running HybridCLR.AssemblyShadow.CodeGen.ReflectionBindingsILPostProcessor
running zzzUnity.Burst.CodeGen.BurstILPostProcessor
[825/908    0s] ILPostProcess Library/Bee/artifacts/200b0aE.dag/post-processed/Unity.2D.Common.Editor.dll (+pdb)
Processing assembly Library/Bee/artifacts/200b0aE.dag/Unity.2D.Common.Editor.dll, with 115 defines and 240 references
processors: HybridCLR.AssemblyShadow.CodeGen.ReflectionBindingsILPostProcessor, zzzUnity.Burst.CodeGen.BurstILPostProcessor
running HybridCLR.AssemblyShadow.CodeGen.ReflectionBindingsILPostProcessor
running zzzUnity.Burst.CodeGen.BurstILPostProcessor
[826/908    0s] ILPostProcess Library/Bee/artifacts/200b0aE.dag/post-processed/Unity.2D.Common.Path.Editor.dll (+pdb)
Processing assembly Library/Bee/artifacts/200b0aE.dag/Unity.2D.Common.Path.Editor.dll, with 115 defines and 236 references
processors: HybridCLR.AssemblyShadow.CodeGen.ReflectionBindingsILPostProcessor, zzzUnity.Burst.CodeGen.BurstILPostProcessor
running HybridCLR.AssemblyShadow.CodeGen.ReflectionBindingsILPostProcessor
running zzzUnity.Burst.CodeGen.BurstILPostProcessor
[827/908    0s] ILPostProcess Library/Bee/artifacts/200b0aE.dag/post-processed/Unity.Timeline.Editor.dll (+pdb)
Processing assembly Library/Bee/artifacts/200b0aE.dag/Unity.Timeline.Editor.dll, with 116 defines and 237 references
processors: HybridCLR.AssemblyShadow.CodeGen.ReflectionBindingsILPostProcessor, zzzUnity.Burst.CodeGen.BurstILPostProcessor
running HybridCLR.AssemblyShadow.CodeGen.ReflectionBindingsILPostProcessor
running zzzUnity.Burst.CodeGen.BurstILPostProcessor
[878/908    0s] ILPostProcess Library/Bee/artifacts/200b0aE.dag/post-processed/Unity.2D.Aseprite.Common.dll (+pdb)
Processing assembly Library/Bee/artifacts/200b0aE.dag/Unity.2D.Aseprite.Common.dll, with 115 defines and 239 references
processors: HybridCLR.AssemblyShadow.CodeGen.ReflectionBindingsILPostProcessor, zzzUnity.Burst.CodeGen.BurstILPostProcessor
running HybridCLR.AssemblyShadow.CodeGen.ReflectionBindingsILPostProcessor
running zzzUnity.Burst.CodeGen.BurstILPostProcessor
[879/908    0s] ILPostProcess Library/Bee/artifacts/200b0aE.dag/post-processed/Unity.VisualScripting.Flow.Editor.dll (+pdb)
Processing assembly Library/Bee/artifacts/200b0aE.dag/Unity.VisualScripting.Flow.Editor.dll, with 115 defines and 239 references
processors: HybridCLR.AssemblyShadow.CodeGen.ReflectionBindingsILPostProcessor, zzzUnity.Burst.CodeGen.BurstILPostProcessor
running HybridCLR.AssemblyShadow.CodeGen.ReflectionBindingsILPostProcessor
running zzzUnity.Burst.CodeGen.BurstILPostProcessor
[931/908    0s] ILPostProcess Library/Bee/artifacts/200b0aE.dag/post-processed/Unity.CollabProxy.Editor.dll (+pdb)
Processing assembly Library/Bee/artifacts/200b0aE.dag/Unity.CollabProxy.Editor.dll, with 115 defines and 237 references
processors: HybridCLR.AssemblyShadow.CodeGen.ReflectionBindingsILPostProcessor, zzzUnity.Burst.CodeGen.BurstILPostProcessor
running HybridCLR.AssemblyShadow.CodeGen.ReflectionBindingsILPostProcessor
running zzzUnity.Burst.CodeGen.BurstILPostProcessor
[932/908    0s] ILPostProcess Library/Bee/artifacts/200b0aE.dag/post-processed/Unity.ShaderGraph.Utilities.dll (+pdb)
Processing assembly Library/Bee/artifacts/200b0aE.dag/Unity.ShaderGraph.Utilities.dll, with 115 defines and 236 references
processors: HybridCLR.AssemblyShadow.CodeGen.ReflectionBindingsILPostProcessor, zzzUnity.Burst.CodeGen.BurstILPostProcessor
running HybridCLR.AssemblyShadow.CodeGen.ReflectionBindingsILPostProcessor
running zzzUnity.Burst.CodeGen.BurstILPostProcessor
[959/908    0s] ILPostProcess Library/Bee/artifacts/200b0aE.dag/post-processed/Unity.Searcher.Editor.dll (+pdb)
Processing assembly Library/Bee/artifacts/200b0aE.dag/Unity.Searcher.Editor.dll, with 115 defines and 236 references
processors: HybridCLR.AssemblyShadow.CodeGen.ReflectionBindingsILPostProcessor, zzzUnity.Burst.CodeGen.BurstILPostProcessor
running HybridCLR.AssemblyShadow.CodeGen.ReflectionBindingsILPostProcessor
running zzzUnity.Burst.CodeGen.BurstILPostProcessor
[966/908    0s] ILPostProcess Library/Bee/artifacts/200b0aE.dag/post-processed/Unity.HybridCLR.AssemblyShadow.CodeGen.Tests.dll (+pdb)
Processing assembly Library/Bee/artifacts/200b0aE.dag/Unity.HybridCLR.AssemblyShadow.CodeGen.Tests.dll, with 115 defines and 227 references
processors: HybridCLR.AssemblyShadow.CodeGen.ReflectionBindingsILPostProcessor, zzzUnity.Burst.CodeGen.BurstILPostProcessor
running HybridCLR.AssemblyShadow.CodeGen.ReflectionBindingsILPostProcessor
running zzzUnity.Burst.CodeGen.BurstILPostProcessor
*** Tundra build success (5.44 seconds), 563 items updated, 908 evaluated
Total cache size 267899536
Total cache size after purge 267899536
Assets/AssemblyShadowDemo/Bootstrap/ShadowBootstrap.cs(59,31): warning CS0618: 'RuntimeApi.GetAssemblyShadowPrototypeDiagnostics()' is obsolete: 'Assembly Shadow Prototype was retired; use GetDiagnosticsJson.'
Assets/AssemblyShadowDemo/Bootstrap/ShadowBootstrap.cs(92,61): warning CS0618: 'RuntimeApi.GetAssemblyShadowPrototypeDiagnostics()' is obsolete: 'Assembly Shadow Prototype was retired; use GetDiagnosticsJson.'
Assets/AssemblyShadowDemo/Bootstrap/ShadowBootstrap.cs(133,35): warning CS0618: 'RuntimeApi.LoadAssemblyShadowPrototype(byte[], byte[])' is obsolete: 'Assembly Shadow Prototype was retired; use ConfigureCandidates/BeginTransaction/StageAssembly.'
Assets/AssemblyShadowDemo/Bootstrap/ShadowBootstrap.cs(137,25): warning CS0618: 'RuntimeApi.ActivateAssemblyShadowPrototype(string)' is obsolete: 'Assembly Shadow Prototype was retired; use CommitTransaction.'
Assets/AssemblyShadowDemo/Bootstrap/ShadowBootstrap.cs(290,51): warning CS0618: 'RuntimeApi.SetAssemblyShadowPrototypePhase(string)' is obsolete: 'Assembly Shadow Prototype was retired; use generalized diagnostics.'
Assets/AssemblyShadowDemo/Bootstrap/ShadowBootstrap.cs(291,108): warning CS0618: 'RuntimeApi.InspectAssemblyShadowPrototypeObject(object)' is obsolete: 'Assembly Shadow Prototype was retired; use generalized diagnostics.'
Assets/AssemblyShadowDemo/Bootstrap/ShadowBootstrap.cs(292,114): warning CS0618: 'RuntimeApi.InspectAssemblyShadowPrototypeAssembly(Assembly)' is obsolete: 'Assembly Shadow Prototype was retired; use generalized diagnostics.'
Assets/AssemblyShadowDemo/Bootstrap/ShadowBootstrap.cs(133,35): warning CS0618: 'RuntimeApi.LoadAssemblyShadowPrototype(byte[], byte[])' is obsolete: 'Assembly Shadow Prototype was retired; use ConfigureCandidates/BeginTransaction/StageAssembly.'
Assets/AssemblyShadowDemo/Bootstrap/ShadowBootstrap.cs(137,25): warning CS0618: 'RuntimeApi.ActivateAssemblyShadowPrototype(string)' is obsolete: 'Assembly Shadow Prototype was retired; use CommitTransaction.'
Assets/AssemblyShadowDemo/Bootstrap/ShadowBootstrap.cs(290,51): warning CS0618: 'RuntimeApi.SetAssemblyShadowPrototypePhase(string)' is obsolete: 'Assembly Shadow Prototype was retired; use generalized diagnostics.'
Assets/AssemblyShadowDemo/Bootstrap/ShadowBootstrap.cs(291,108): warning CS0618: 'RuntimeApi.InspectAssemblyShadowPrototypeObject(object)' is obsolete: 'Assembly Shadow Prototype was retired; use generalized diagnostics.'
Assets/AssemblyShadowDemo/Bootstrap/ShadowBootstrap.cs(292,114): warning CS0618: 'RuntimeApi.InspectAssemblyShadowPrototypeAssembly(Assembly)' is obsolete: 'Assembly Shadow Prototype was retired; use generalized diagnostics.'
Assets/AssemblyShadowDemo/Bootstrap/ShadowBootstrap.cs(133,35): warning CS0618: 'RuntimeApi.LoadAssemblyShadowPrototype(byte[], byte[])' is obsolete: 'Assembly Shadow Prototype was retired; use ConfigureCandidates/BeginTransaction/StageAssembly.'
Assets/AssemblyShadowDemo/Bootstrap/ShadowBootstrap.cs(137,25): warning CS0618: 'RuntimeApi.ActivateAssemblyShadowPrototype(string)' is obsolete: 'Assembly Shadow Prototype was retired; use CommitTransaction.'
Assets/AssemblyShadowDemo/Bootstrap/ShadowBootstrap.cs(290,51): warning CS0618: 'RuntimeApi.SetAssemblyShadowPrototypePhase(string)' is obsolete: 'Assembly Shadow Prototype was retired; use generalized diagnostics.'
Assets/AssemblyShadowDemo/Bootstrap/ShadowBootstrap.cs(291,108): warning CS0618: 'RuntimeApi.InspectAssemblyShadowPrototypeObject(object)' is obsolete: 'Assembly Shadow Prototype was retired; use generalized diagnostics.'
Assets/AssemblyShadowDemo/Bootstrap/ShadowBootstrap.cs(292,114): warning CS0618: 'RuntimeApi.InspectAssemblyShadowPrototypeAssembly(Assembly)' is obsolete: 'Assembly Shadow Prototype was retired; use generalized diagnostics.'
Assets/AssemblyShadowDemo/Bootstrap/ShadowBootstrap.cs(133,35): warning CS0618: 'RuntimeApi.LoadAssemblyShadowPrototype(byte[], byte[])' is obsolete: 'Assembly Shadow Prototype was retired; use ConfigureCandidates/BeginTransaction/StageAssembly.'
Assets/AssemblyShadowDemo/Bootstrap/ShadowBootstrap.cs(137,25): warning CS0618: 'RuntimeApi.ActivateAssemblyShadowPrototype(string)' is obsolete: 'Assembly Shadow Prototype was retired; use CommitTransaction.'
Assets/AssemblyShadowDemo/Bootstrap/ShadowBootstrap.cs(290,51): warning CS0618: 'RuntimeApi.SetAssemblyShadowPrototypePhase(string)' is obsolete: 'Assembly Shadow Prototype was retired; use generalized diagnostics.'
Assets/AssemblyShadowDemo/Bootstrap/ShadowBootstrap.cs(291,108): warning CS0618: 'RuntimeApi.InspectAssemblyShadowPrototypeObject(object)' is obsolete: 'Assembly Shadow Prototype was retired; use generalized diagnostics.'
Assets/AssemblyShadowDemo/Bootstrap/ShadowBootstrap.cs(292,114): warning CS0618: 'RuntimeApi.InspectAssemblyShadowPrototypeAssembly(Assembly)' is obsolete: 'Assembly Shadow Prototype was retired; use generalized diagnostics.'
AssetDatabase: script compilation time: 7.142521s
Begin MonoManager ReloadAssembly
Symbol file LoadedFromMemory is not a mono symbol file
- Loaded All Assemblies, in  0.573 seconds
Refreshing native plugins compatible for Editor in 2.33 ms, found 7 plugins.
Preloading 0 native plugins for Editor in 0.00 ms.
Refreshing native plugins compatible for Editor in 2.25 ms, found 7 plugins.
Native extension for iOS target not found
Native extension for Android target not found
Native extension for OSXStandalone target not found
Fallback handler could not load library /Applications/Unity/Hub/Editor/2022.3.62f2/Unity.app/Contents/Frameworks/MonoBleedingEdge/lib/pthread
Mono: successfully reloaded assembly
- Finished resetting the current domain, in  1.614 seconds
Domain Reload Profiling: 2187ms
	BeginReloadAssembly (79ms)
		ExecutionOrderSort (0ms)
		DisableScriptedObjects (4ms)
		BackupInstance (0ms)
		ReleaseScriptingObjects (0ms)
		CreateAndSetChildDomain (16ms)
	RebuildCommonClasses (26ms)
	RebuildNativeTypeToScriptingClass (9ms)
	initialDomainReloadingComplete (18ms)
	LoadAllAssembliesAndSetupDomain (441ms)
		LoadAssemblies (274ms)
		RebuildTransferFunctionScriptingTraits (0ms)
		AnalyzeDomain (203ms)
			TypeCache.Refresh (175ms)
				TypeCache.ScanAssembly (158ms)
			ScanForSourceGeneratedMonoScriptInfo (19ms)
			ResolveRequiredComponents (9ms)
	FinalizeReload (1614ms)
		ReleaseScriptCaches (0ms)
		RebuildScriptCaches (0ms)
		SetupLoadedEditorAssemblies (1451ms)
			LogAssemblyErrors (0ms)
			InitializePlatformSupportModulesInManaged (139ms)
			SetLoadedEditorAssemblies (4ms)
			RefreshPlugins (0ms)
			BeforeProcessingInitializeOnLoad (62ms)
			ProcessInitializeOnLoadAttributes (1185ms)
			ProcessInitializeOnLoadMethodAttributes (59ms)
			AfterProcessingInitializeOnLoad (1ms)
			EditorAssembliesLoaded (0ms)
		ExecutionOrderSort2 (0ms)
		AwakeInstancesAfterBackupRestoration (3ms)
Asset Pipeline Refresh (id=1478e6b1f91b54753ab23603791ed94a): Total: 11.413 seconds - Initiated by InitialRefreshV2(ForceSynchronousImport)
	Summary:
		Imports: total=0 (actual=0, local cache=0, cache server=0)
		Asset DB Process Time: managed=0 ms, native=1976 ms
		Asset DB Callback time: managed=10 ms, native=0 ms
		Scripting: domain reloads=1, domain reload time=2241 ms, compile time=7144 ms, other=39 ms
		Project Asset Count: scripts=7404, non-scripts=2327
		Asset File Changes: new=0, changed=0, moved=0, deleted=0
		Scan Filter Count: 1
	InvokeBeforeRefreshCallbacks: 0.363ms
	ApplyChangesToAssetFolders: 0.069ms
	Scan: 429.446ms
	OnSourceAssetsModified: 0.001ms
	GetAllGuidsForCategorization: 0.589ms
	CategorizeAssets: 182.912ms
	ImportOutOfDateAssets: 1646.962ms (-5515.955ms without children)
		CompileScripts: 7144.054ms
		ReloadNativeAssets: 0.018ms
		UnloadImportedAssets: 15.007ms
		EnsureUptoDateAssetsAreRegisteredWithGuidPM: 2.689ms
		InitializingProgressBar: 0.000ms
		PostProcessAllAssetNotificationsAddChangedAssets: 0.000ms
		OnDemandSchedulerStart: 1.148ms
	PostProcessAllAssets: 10.946ms
	GatherAllCurrentPrimaryArtifactRevisions: 0.002ms
	UnloadStreamsBegin: 1.666ms
	PersistCurrentRevisions: 0.370ms
	UnloadStreamsEnd: 0.024ms
	GenerateScriptTypeHashes: 1.220ms
	Untracked: 9139.732ms
Application.AssetDatabase Initial Refresh End
Launching external process: /Applications/Unity/Hub/Editor/2022.3.62f2/Unity.app/Contents/Tools/UnityShaderCompiler
Launched and connected shader compiler UnityShaderCompiler after 0.05 seconds
Scanning for USB devices : 0.416ms
Initializing Unity extensions:
[Licensing::Client] Successfully resolved entitlement details
[MODES] ModeService[none].Initialize
[MODES] ModeService[none].LoadModes
[MODES] Loading mode Default (0) for mode-current-id-AssemblyShadowBaseline
2026-08-28 07:06:29.135 Unity[15385:3310962] NSEventModifierFlagFunction specified to -setKeyEquivalentModifierMask: for item <NSMenuItem: 0x9d6619c20 Font Asset, ke='Command-F12'>, but is only supported for system-provided menu items; will not be used
[PhysX] Initialized MultithreadedTaskDispatcher with 10 workers.
ProgressiveSceneManager::Cancel()
-- Listing OpenCL platforms(s) --
 * OpenCL platform 0
	PROFILE = FULL_PROFILE
	VERSION = OpenCL 1.2 (Apr 18 2026 19:20:04)
	NAME = Apple
	VENDOR = Apple
-- Listing OpenCL device(s) --
 * OpenCL platform 0, device 0 
	DEVICE_TYPE = 4
	DEVICE_NAME = Apple M4
	DEVICE_VENDOR = Apple
	DEVICE_VERSION = OpenCL 1.2 
	DRIVER_VERSION = 1.2 1.0
	DEVICE_MAX_COMPUTE_UNITS = 10
	DEVICE_MAX_CLOCK_FREQUENCY = 1000
	CL_DEVICE_MAX_CONSTANT_BUFFER_SIZE = 1073741824
	CL_DEVICE_HOST_UNIFIED_MEMORY = true
	CL_DEVICE_MAX_MEM_ALLOC_SIZE = 2383708160
	DEVICE_GLOBAL_MEM_SIZE = 12713115648
-- GPU Progressive lightmapper will use OpenCL device 'Apple M4' from 'Apple'--
   use -OpenCL-PlatformAndDeviceIndices <platformIdx> <deviceIdx> as command line arguments if you want to select a specific adapter for OpenCL.
Unloading 7 Unused Serialized files (Serialized files now loaded: 0)
Unloading 114 unused Assets / (0.7 MB). Loaded Objects now: 6744.
Memory consumption went from 166.7 MB to 166.0 MB.
Total: 6.735167 ms (FindLiveObjects: 0.474542 ms CreateObjectMapping: 0.120958 ms MarkObjects: 5.683667 ms  DeleteObjects: 0.455291 ms)

Asset Pipeline Refresh (id=34b6a969f18d8403a98cce4978acf774): Total: 0.254 seconds - Initiated by RefreshV2(NoUpdateAssetOptions)
Start importing ProjectSettings/ProjectSettings.asset using Guid(00000000000000004000000000000000) Importer(-1,00000000000000000000000000000000) [PhysX] Initialized MultithreadedTaskDispatcher with 10 workers.
 -> (artifact id: '0b4cdbcd060b643385bd10c37d6425b6') in 0.006618 seconds
Start importing ProjectSettings/EditorBuildSettings.asset using Guid(0000000000000000b000000000000000) Importer(-1,00000000000000000000000000000000) [PhysX] Initialized MultithreadedTaskDispatcher with 10 workers.
 -> (artifact id: '4a7fcefcf746526b14e12c09bd494184') in 0.000620 seconds
Refreshing native plugins compatible for Editor in 2.22 ms, found 7 plugins.
Preloading 0 native plugins for Editor in 0.00 ms.
Asset Pipeline Refresh (id=1cfb397755ce1422199eb122e1ee91ba): Total: 0.074 seconds - Initiated by StopAssetImportingV2(NoUpdateAssetOptions)
[AssemblyShadow M00] Configured ordinary HybridCLR baseline, Shadow OFF.
UnityEngine.StackTraceUtility:ExtractStackTrace () (at /Users/bokken/build/output/unity/unity/Runtime/Export/Scripting/StackTrace.cs:37)
UnityEngine.DebugLogHandler:LogFormat (UnityEngine.LogType,UnityEngine.Object,string,object[])
UnityEngine.Logger:Log (UnityEngine.LogType,object)
UnityEngine.Debug:Log (object)
AssemblyShadowBaseline.Editor.BaselineBuild:Configure () (at Assets/AssemblyShadowBaseline/Editor/BaselineBuild.cs:60)
AssemblyShadowDemo.Editor.M02Build:Configure () (at Assets/AssemblyShadowDemo/Editor/M02Build.cs:21)
AssemblyShadowDemo.Editor.M05Build:Configure () (at Assets/AssemblyShadowDemo/Editor/M05Build.cs:44)
AssemblyShadowDemo.Editor.M05Build:BuildFixtures () (at Assets/AssemblyShadowDemo/Editor/M05Build.cs:135)

(Filename: Assets/AssemblyShadowBaseline/Editor/BaselineBuild.cs Line: 60)

Start importing ProjectSettings/ProjectSettings.asset using Guid(00000000000000004000000000000000) Importer(-1,00000000000000000000000000000000) [PhysX] Initialized MultithreadedTaskDispatcher with 10 workers.
 -> (artifact id: 'bde3ce9eb26cd371a08c1b8ff63d2372') in 0.004836 seconds
Start importing ProjectSettings/EditorBuildSettings.asset using Guid(0000000000000000b000000000000000) Importer(-1,00000000000000000000000000000000) [PhysX] Initialized MultithreadedTaskDispatcher with 10 workers.
 -> (artifact id: '4c06573b8e781e2383f9b8fd67da89fa') in 0.000597 seconds
Refreshing native plugins compatible for Editor in 2.32 ms, found 7 plugins.
Preloading 0 native plugins for Editor in 0.00 ms.
Asset Pipeline Refresh (id=be473ba820cc540bea9fd296350dadeb): Total: 0.043 seconds - Initiated by StopAssetImportingV2(NoUpdateAssetOptions)
[AssemblyShadow M02] Configured independent candidates; ordinary hot-update filtering is unchanged.
UnityEngine.StackTraceUtility:ExtractStackTrace () (at /Users/bokken/build/output/unity/unity/Runtime/Export/Scripting/StackTrace.cs:37)
UnityEngine.DebugLogHandler:LogFormat (UnityEngine.LogType,UnityEngine.Object,string,object[])
UnityEngine.Logger:Log (UnityEngine.LogType,object)
UnityEngine.Debug:Log (object)
AssemblyShadowDemo.Editor.M02Build:Configure () (at Assets/AssemblyShadowDemo/Editor/M02Build.cs:48)
AssemblyShadowDemo.Editor.M05Build:Configure () (at Assets/AssemblyShadowDemo/Editor/M05Build.cs:44)
AssemblyShadowDemo.Editor.M05Build:BuildFixtures () (at Assets/AssemblyShadowDemo/Editor/M05Build.cs:135)

(Filename: Assets/AssemblyShadowDemo/Editor/M02Build.cs Line: 48)

Opening scene 'Assets/AssemblyShadowDemo/Scenes/M05Bootstrap.unity'
[PhysX] Initialized MultithreadedTaskDispatcher with 10 workers.
Unloading 0 Unused Serialized files (Serialized files now loaded: 0)
Loaded scene 'Assets/AssemblyShadowDemo/Scenes/M05Bootstrap.unity'
	Deserialize:            0.561 ms
	Integration:            9.122 ms
	Integration of assets:  0.001 ms
	Thread Wait Time:       0.008 ms
	Total Operation Time:   9.692 ms
Unloading 37 unused Assets / (19.7 KB). Loaded Objects now: 6750.
Memory consumption went from 157.0 MB to 157.0 MB.
Total: 5.114084 ms (FindLiveObjects: 0.207541 ms CreateObjectMapping: 0.095958 ms MarkObjects: 4.765542 ms  DeleteObjects: 0.044750 ms)

Start importing ProjectSettings/EditorBuildSettings.asset using Guid(0000000000000000b000000000000000) Importer(-1,00000000000000000000000000000000) [PhysX] Initialized MultithreadedTaskDispatcher with 10 workers.
 -> (artifact id: 'dc23acf969f3d473b9a99335791d00c6') in 0.001197 seconds
Refreshing native plugins compatible for Editor in 2.35 ms, found 7 plugins.
Preloading 0 native plugins for Editor in 0.00 ms.
Asset Pipeline Refresh (id=e192dbd10fdfc4107bb1211f18d01cf9): Total: 0.044 seconds - Initiated by StopAssetImportingV2(NoUpdateAssetOptions)
[AssemblyShadow M05] Configured M05-Baseline-v6 with Player-embedded baseline/ABI identity.
UnityEngine.StackTraceUtility:ExtractStackTrace () (at /Users/bokken/build/output/unity/unity/Runtime/Export/Scripting/StackTrace.cs:37)
UnityEngine.DebugLogHandler:LogFormat (UnityEngine.LogType,UnityEngine.Object,string,object[])
UnityEngine.Logger:Log (UnityEngine.LogType,object)
UnityEngine.Debug:Log (object)
AssemblyShadowDemo.Editor.M05Build:Configure () (at Assets/AssemblyShadowDemo/Editor/M05Build.cs:58)
AssemblyShadowDemo.Editor.M05Build:BuildFixtures () (at Assets/AssemblyShadowDemo/Editor/M05Build.cs:135)

(Filename: Assets/AssemblyShadowDemo/Editor/M05Build.cs Line: 58)

Fallback handler could not load library /Applications/Unity/Hub/Editor/2022.3.62f2/Unity.app/Contents/Frameworks/MonoBleedingEdge/lib/kernel32
Fallback handler could not load library /Applications/Unity/Hub/Editor/2022.3.62f2/Unity.app/Contents/Frameworks/MonoBleedingEdge/lib/libkernel32.dylib
Fallback handler could not load library /Applications/Unity/Hub/Editor/2022.3.62f2/Unity.app/Contents/Frameworks/MonoBleedingEdge/lib/libkernel32.dylib
Fallback handler could not load library /Applications/Unity/Hub/Editor/2022.3.62f2/Unity.app/Contents/Frameworks/MonoBleedingEdge/lib/libkernel32.so
Fallback handler could not load library /Applications/Unity/Hub/Editor/2022.3.62f2/Unity.app/Contents/Frameworks/MonoBleedingEdge/lib/libkernel32.bundle
Fallback handler could not load library /Applications/Unity/Hub/Editor/2022.3.62f2/Unity.app/Contents/Frameworks/MonoBleedingEdge/lib/kernel32
Fallback handler could not load library /Applications/Unity/Hub/Editor/2022.3.62f2/Unity.app/Contents/Frameworks/MonoBleedingEdge/lib/libkernel32
Fallback handler could not load library /Applications/Unity/Hub/Editor/2022.3.62f2/Unity.app/Contents/Frameworks/MonoBleedingEdge/lib/libkernel32.dylib
Fallback handler could not load library /Applications/Unity/Hub/Editor/2022.3.62f2/Unity.app/Contents/Frameworks/MonoBleedingEdge/lib/libkernel32.dylib
Fallback handler could not load library /Applications/Unity/Hub/Editor/2022.3.62f2/Unity.app/Contents/Frameworks/MonoBleedingEdge/lib/libkernel32.so
Fallback handler could not load library /Applications/Unity/Hub/Editor/2022.3.62f2/Unity.app/Contents/Frameworks/MonoBleedingEdge/lib/libkernel32.bundle
Fallback handler could not load library /Applications/Unity/Hub/Editor/2022.3.62f2/Unity.app/Contents/Frameworks/MonoBleedingEdge/lib/libkernel32
Fallback handler could not load library /Applications/Unity/Hub/Editor/2022.3.62f2/Unity.app/Contents/Frameworks/MonoBleedingEdge/lib/kernel32
Fallback handler could not load library /Applications/Unity/Hub/Editor/2022.3.62f2/Unity.app/Contents/Frameworks/MonoBleedingEdge/lib/libkernel32.dylib
Fallback handler could not load library /Applications/Unity/Hub/Editor/2022.3.62f2/Unity.app/Contents/Frameworks/MonoBleedingEdge/lib/libkernel32.dylib
Fallback handler could not load library /Applications/Unity/Hub/Editor/2022.3.62f2/Unity.app/Contents/Frameworks/MonoBleedingEdge/lib/libkernel32.so
Fallback handler could not load library /Applications/Unity/Hub/Editor/2022.3.62f2/Unity.app/Contents/Frameworks/MonoBleedingEdge/lib/libkernel32.bundle
Fallback handler could not load library /Applications/Unity/Hub/Editor/2022.3.62f2/Unity.app/Contents/Frameworks/MonoBleedingEdge/lib/kernel32
Fallback handler could not load library /Applications/Unity/Hub/Editor/2022.3.62f2/Unity.app/Contents/Frameworks/MonoBleedingEdge/lib/libkernel32
Fallback handler could not load library /Applications/Unity/Hub/Editor/2022.3.62f2/Unity.app/Contents/Frameworks/MonoBleedingEdge/lib/libkernel32.dylib
Fallback handler could not load library /Applications/Unity/Hub/Editor/2022.3.62f2/Unity.app/Contents/Frameworks/MonoBleedingEdge/lib/libkernel32.dylib
Fallback handler could not load library /Applications/Unity/Hub/Editor/2022.3.62f2/Unity.app/Contents/Frameworks/MonoBleedingEdge/lib/libkernel32.so
Fallback handler could not load library /Applications/Unity/Hub/Editor/2022.3.62f2/Unity.app/Contents/Frameworks/MonoBleedingEdge/lib/libkernel32.bundle
Fallback handler could not load library /Applications/Unity/Hub/Editor/2022.3.62f2/Unity.app/Contents/Frameworks/MonoBleedingEdge/lib/libkernel32
[ScriptCompilation] Requested script compilation because: Recompiling all scripts before compiling player scripts because Auto Refresh is disabled.
[40m[32minfo[39m[22m[49m: Microsoft.AspNetCore.Hosting.Diagnostics[1]
      Request starting HTTP/2 POST http://ilpp/UnityILPP.PostProcessing/Ping application/grpc -
[40m[32minfo[39m[22m[49m: Microsoft.AspNetCore.Routing.EndpointMiddleware[0]
      Executing endpoint 'gRPC - /UnityILPP.PostProcessing/Ping'
[40m[32minfo[39m[22m[49m: Microsoft.AspNetCore.Routing.EndpointMiddleware[1]
      Executed endpoint 'gRPC - /UnityILPP.PostProcessing/Ping'
[40m[32minfo[39m[22m[49m: Microsoft.AspNetCore.Hosting.Diagnostics[2]
      Request finished HTTP/2 POST http://ilpp/UnityILPP.PostProcessing/Ping application/grpc - - 200 - application/grpc 0.1721ms
Starting: /Applications/Unity/Hub/Editor/2022.3.62f2/Unity.app/Contents/bee_backend --ipc --defer-dag-verification --dagfile="Library/Bee/200b0aE.dag" --continue-on-failure --profile="Library/Bee/backend1.traceevents" ScriptAssemblies
WorkingDir: /Users/ah/GitHub/hybridclr/hybridclr_demo_shadow
[40m[32minfo[39m[22m[49m: Microsoft.AspNetCore.Hosting.Diagnostics[1]
      Request starting HTTP/2 POST http://ilpp/UnityILPP.PostProcessing/ConfigurePostProcessors application/grpc -
[40m[32minfo[39m[22m[49m: Microsoft.AspNetCore.Routing.EndpointMiddleware[0]
      Executing endpoint 'gRPC - /UnityILPP.PostProcessing/ConfigurePostProcessors'
[40m[32minfo[39m[22m[49m: Unity.ILPP.Runner.PostProcessingAssemblyLoadContext[0]
      Current configuration matches the requested one, skipping
[40m[32minfo[39m[22m[49m: Microsoft.AspNetCore.Routing.EndpointMiddleware[1]
      Executed endpoint 'gRPC - /UnityILPP.PostProcessing/ConfigurePostProcessors'
[40m[32minfo[39m[22m[49m: Microsoft.AspNetCore.Hosting.Diagnostics[2]
      Request finished HTTP/2 POST http://ilpp/UnityILPP.PostProcessing/ConfigurePostProcessors application/grpc - - 200 - application/grpc 3.1476ms
ExitCode: 0 Duration: 0s314ms
[676/908    0s] ILPP-Configuration Library/ilpp-configuration.nevergeneratedoutput
*** Tundra build success (0.29 seconds), 1 items updated, 908 evaluated
[ScriptCompilation] Requested script compilation because: Compiling scripts for player
Total cache size 267899536
Total cache size after purge 267899536
[40m[32minfo[39m[22m[49m: Microsoft.AspNetCore.Hosting.Diagnostics[1]
      Request starting HTTP/2 POST http://ilpp/UnityILPP.PostProcessing/Ping application/grpc -
[40m[32minfo[39m[22m[49m: Microsoft.AspNetCore.Routing.EndpointMiddleware[0]
      Executing endpoint 'gRPC - /UnityILPP.PostProcessing/Ping'
[40m[32minfo[39m[22m[49m: Microsoft.AspNetCore.Routing.EndpointMiddleware[1]
      Executed endpoint 'gRPC - /UnityILPP.PostProcessing/Ping'
[40m[32minfo[39m[22m[49m: Microsoft.AspNetCore.Hosting.Diagnostics[2]
      Request finished HTTP/2 POST http://ilpp/UnityILPP.PostProcessing/Ping application/grpc - - 200 - application/grpc 0.1182ms
Starting: /Applications/Unity/Hub/Editor/2022.3.62f2/Unity.app/Contents/bee_backend --ipc --defer-dag-verification --dagfile="Library/Bee/2000e0PDevDbg.dag" --continue-on-failure --profile="Library/Bee/backend1.traceevents" ScriptAssembliesAndTypeDB
WorkingDir: /Users/ah/GitHub/hybridclr/hybridclr_demo_shadow
ExitCode: 4 Duration: 0s16ms
[             ] Require frontend run.  Library/Bee/2000e0PDevDbg.dag couldn't be loaded
Starting: /Applications/Unity/Hub/Editor/2022.3.62f2/Unity.app/Contents/Tools/netcorerun/netcorerun "/Applications/Unity/Hub/Editor/2022.3.62f2/Unity.app/Contents/Tools/BuildPipeline/ScriptCompilationBuildProgram.exe" "Library/Bee/2000e0PDevDbg.dag.json" "Library/Bee/2000e0PDevDbg-inputdata.json" "Library/Bee/buildprogram0.traceevents"
WorkingDir: /Users/ah/GitHub/hybridclr/hybridclr_demo_shadow
ExitCode: 0 Duration: 0s561ms
Starting: /Applications/Unity/Hub/Editor/2022.3.62f2/Unity.app/Contents/bee_backend --ipc --defer-dag-verification --dagfile="Library/Bee/2000e0PDevDbg.dag" --continue-on-failure --dagfilejson="Library/Bee/2000e0PDevDbg.dag.json" --profile="Library/Bee/backend2.traceevents" ScriptAssembliesAndTypeDB
WorkingDir: /Users/ah/GitHub/hybridclr/hybridclr_demo_shadow
[40m[32minfo[39m[22m[49m: Microsoft.AspNetCore.Hosting.Diagnostics[1]
      Request starting HTTP/2 POST http://ilpp/UnityILPP.PostProcessing/ConfigurePostProcessors application/grpc -
[40m[32minfo[39m[22m[49m: Microsoft.AspNetCore.Routing.EndpointMiddleware[0]
      Executing endpoint 'gRPC - /UnityILPP.PostProcessing/ConfigurePostProcessors'
[40m[32minfo[39m[22m[49m: Unity.ILPP.Runner.PostProcessingAssemblyLoadContext[0]
      ALC ILPP context 1 is unloading
[40m[1m[33mwarn[39m[22m[49m: Unity.ILPP.Runner.PostProcessingAssemblyLoadContext[0]
      Assembly unityeditor.ios.extensions.xcode has duplicate hint path. Ignoring "/Applications/Unity/Hub/Editor/2022.3.62f2/Unity.app/Contents/PlaybackEngines/MacStandaloneSupport/UnityEditor.iOS.Extensions.Xcode.dll" in favor of "/Applications/Unity/Hub/Editor/2022.3.62f2/PlaybackEngines/iOSSupport/UnityEditor.iOS.Extensions.Xcode.dll"
[40m[1m[33mwarn[39m[22m[49m: Unity.ILPP.Runner.PostProcessingAssemblyLoadContext[0]
      Assembly system.componentmodel.composition has duplicate hint path. Ignoring "/Applications/Unity/Hub/Editor/2022.3.62f2/Unity.app/Contents/NetStandard/compat/2.1.0/shims/netfx/System.ComponentModel.Composition.dll" in favor of "/Applications/Unity/Hub/Editor/2022.3.62f2/Unity.app/Contents/UnityReferenceAssemblies/unity-4.8-api/System.ComponentModel.Composition.dll"
[40m[1m[33mwarn[39m[22m[49m: Unity.ILPP.Runner.PostProcessingAssemblyLoadContext[0]
      Assembly system.runtime.interopservices.windowsruntime has duplicate hint path. Ignoring "/Applications/Unity/Hub/Editor/2022.3.62f2/Unity.app/Contents/NetStandard/Extensions/2.0.0/System.Runtime.InteropServices.WindowsRuntime.dll" in favor of "/Applications/Unity/Hub/Editor/2022.3.62f2/Unity.app/Contents/UnityReferenceAssemblies/unity-4.8-api/Facades/System.Runtime.InteropServices.WindowsRuntime.dll"
[40m[32minfo[39m[22m[49m: Unity.ILPP.Runner.PostProcessingAssemblyLoadContext[0]
      Resolved Unity.Burst.Cecil, Version=0.11.4.0, Culture=neutral, PublicKeyToken=50cebf1cceb9d05e with Library/PackageCache/com.unity.burst@1.8.21/Unity.Burst.CodeGen/Unity.Burst.Cecil.dll
[40m[32minfo[39m[22m[49m: Microsoft.AspNetCore.Routing.EndpointMiddleware[1]
      Executed endpoint 'gRPC - /UnityILPP.PostProcessing/ConfigurePostProcessors'
[40m[32minfo[39m[22m[49m: Microsoft.AspNetCore.Hosting.Diagnostics[2]
      Request finished HTTP/2 POST http://ilpp/UnityILPP.PostProcessing/ConfigurePostProcessors application/grpc - - 200 - application/grpc 9.6476ms
[40m[32minfo[39m[22m[49m: Microsoft.AspNetCore.Hosting.Diagnostics[1]
      Request starting HTTP/2 POST http://ilpp/UnityILPP.PostProcessing/PostProcessAssembly application/grpc -
[40m[32minfo[39m[22m[49m: Microsoft.AspNetCore.Routing.EndpointMiddleware[0]
      Executing endpoint 'gRPC - /UnityILPP.PostProcessing/PostProcessAssembly'
[40m[32minfo[39m[22m[49m: Microsoft.AspNetCore.Hosting.Diagnostics[1]
      Request starting HTTP/2 POST http://ilpp/UnityILPP.PostProcessing/PostProcessAssembly application/grpc -
[40m[32minfo[39m[22m[49m: Microsoft.AspNetCore.Routing.EndpointMiddleware[0]
      Executing endpoint 'gRPC - /UnityILPP.PostProcessing/PostProcessAssembly'
[40m[32minfo[39m[22m[49m: Microsoft.AspNetCore.Hosting.Diagnostics[1]
      Request starting HTTP/2 POST http://ilpp/UnityILPP.PostProcessing/PostProcessAssembly application/grpc -
[40m[32minfo[39m[22m[49m: Microsoft.AspNetCore.Routing.EndpointMiddleware[0]
      Executing endpoint 'gRPC - /UnityILPP.PostProcessing/PostProcessAssembly'
[40m[32minfo[39m[22m[49m: Unity.ILPP.Runner.PostProcessingPipeline[0]
      Processing assembly Library/Bee/artifacts/2000e0PDevDbg.dag/AssemblyA.Contracts.dll, with 123 defines and 125 references
[40m[32minfo[39m[22m[49m: Unity.ILPP.Runner.PostProcessingPipeline[0]
      processors: HybridCLR.AssemblyShadow.CodeGen.ReflectionBindingsILPostProcessor, zzzUnity.Burst.CodeGen.BurstILPostProcessor
[40m[32minfo[39m[22m[49m: Unity.ILPP.Runner.PostProcessingPipeline[0]
      Processing assembly Library/Bee/artifacts/2000e0PDevDbg.dag/AssemblyShadowBaseline.HotUpdate.dll, with 123 defines and 125 references
[40m[32minfo[39m[22m[49m: Unity.ILPP.Runner.PostProcessingPipeline[0]
      processors: HybridCLR.AssemblyShadow.CodeGen.ReflectionBindingsILPostProcessor, zzzUnity.Burst.CodeGen.BurstILPostProcessor
[40m[32minfo[39m[22m[49m: Unity.ILPP.Runner.PostProcessingPipeline[0]
      running HybridCLR.AssemblyShadow.CodeGen.ReflectionBindingsILPostProcessor
[40m[32minfo[39m[22m[49m: Unity.ILPP.Runner.PostProcessingPipeline[0]
      running HybridCLR.AssemblyShadow.CodeGen.ReflectionBindingsILPostProcessor
[40m[32minfo[39m[22m[49m: Unity.ILPP.Runner.PostProcessingPipeline[0]
      Processing assembly Library/Bee/artifacts/2000e0PDevDbg.dag/UnityEngine.UI.dll, with 128 defines and 192 references
[40m[32minfo[39m[22m[49m: Unity.ILPP.Runner.PostProcessingPipeline[0]
      processors: HybridCLR.AssemblyShadow.CodeGen.ReflectionBindingsILPostProcessor, zzzUnity.Burst.CodeGen.BurstILPostProcessor
[40m[32minfo[39m[22m[49m: Unity.ILPP.Runner.PostProcessingPipeline[0]
      running HybridCLR.AssemblyShadow.CodeGen.ReflectionBindingsILPostProcessor
[40m[32minfo[39m[22m[49m: Unity.ILPP.Runner.PostProcessingAssemblyLoadContext[0]
      Resolved dnlib, Version=4.3.0.0, Culture=neutral, PublicKeyToken=50e96378b6e77999 with /Users/ah/GitHub/hybridclr/hybridclr_unity/Plugins/dnlib.dll
[40m[32minfo[39m[22m[49m: Unity.ILPP.Runner.PostProcessingPipeline[0]
      running zzzUnity.Burst.CodeGen.BurstILPostProcessor
[40m[32minfo[39m[22m[49m: Unity.ILPP.Runner.PostProcessingPipeline[0]
      running zzzUnity.Burst.CodeGen.BurstILPostProcessor
[40m[32minfo[39m[22m[49m: Unity.ILPP.Runner.PostProcessingPipeline[0]
      running zzzUnity.Burst.CodeGen.BurstILPostProcessor
[40m[32minfo[39m[22m[49m: Microsoft.AspNetCore.Routing.EndpointMiddleware[1]
      Executed endpoint 'gRPC - /UnityILPP.PostProcessing/PostProcessAssembly'
[40m[32minfo[39m[22m[49m: Microsoft.AspNetCore.Hosting.Diagnostics[2]
      Request finished HTTP/2 POST http://ilpp/UnityILPP.PostProcessing/PostProcessAssembly application/grpc - - 200 - application/grpc 50.3705ms
[40m[32minfo[39m[22m[49m: Microsoft.AspNetCore.Routing.EndpointMiddleware[1]
      Executed endpoint 'gRPC - /UnityILPP.PostProcessing/PostProcessAssembly'
[40m[32minfo[39m[22m[49m: Microsoft.AspNetCore.Hosting.Diagnostics[2]
      Request finished HTTP/2 POST http://ilpp/UnityILPP.PostProcessing/PostProcessAssembly application/grpc - - 200 - application/grpc 50.7473ms
[40m[32minfo[39m[22m[49m: Microsoft.AspNetCore.Routing.EndpointMiddleware[1]
      Executed endpoint 'gRPC - /UnityILPP.PostProcessing/PostProcessAssembly'
[40m[32minfo[39m[22m[49m: Microsoft.AspNetCore.Hosting.Diagnostics[2]
      Request finished HTTP/2 POST http://ilpp/UnityILPP.PostProcessing/PostProcessAssembly application/grpc - - 200 - application/grpc 51.2847ms
[40m[32minfo[39m[22m[49m: Microsoft.AspNetCore.Hosting.Diagnostics[1]
      Request starting HTTP/2 POST http://ilpp/UnityILPP.PostProcessing/PostProcessAssembly application/grpc -
[40m[32minfo[39m[22m[49m: Microsoft.AspNetCore.Routing.EndpointMiddleware[0]
      Executing endpoint 'gRPC - /UnityILPP.PostProcessing/PostProcessAssembly'
[40m[32minfo[39m[22m[49m: Unity.ILPP.Runner.PostProcessingPipeline[0]
      Processing assembly Library/Bee/artifacts/2000e0PDevDbg.dag/Unity.2D.SpriteShape.Runtime.dll, with 124 defines and 196 references
[40m[32minfo[39m[22m[49m: Unity.ILPP.Runner.PostProcessingPipeline[0]
      processors: HybridCLR.AssemblyShadow.CodeGen.ReflectionBindingsILPostProcessor, zzzUnity.Burst.CodeGen.BurstILPostProcessor
[40m[32minfo[39m[22m[49m: Unity.ILPP.Runner.PostProcessingPipeline[0]
      running HybridCLR.AssemblyShadow.CodeGen.ReflectionBindingsILPostProcessor
[40m[32minfo[39m[22m[49m: Unity.ILPP.Runner.PostProcessingPipeline[0]
      running zzzUnity.Burst.CodeGen.BurstILPostProcessor
[40m[32minfo[39m[22m[49m: Microsoft.AspNetCore.Hosting.Diagnostics[1]
      Request starting HTTP/2 POST http://ilpp/UnityILPP.PostProcessing/PostProcessAssembly application/grpc -
[40m[32minfo[39m[22m[49m: Microsoft.AspNetCore.Routing.EndpointMiddleware[0]
      Executing endpoint 'gRPC - /UnityILPP.PostProcessing/PostProcessAssembly'
[40m[32minfo[39m[22m[49m: Microsoft.AspNetCore.Hosting.Diagnostics[1]
      Request starting HTTP/2 POST http://ilpp/UnityILPP.PostProcessing/PostProcessAssembly application/grpc -
[40m[32minfo[39m[22m[49m: Microsoft.AspNetCore.Routing.EndpointMiddleware[0]
      Executing endpoint 'gRPC - /UnityILPP.PostProcessing/PostProcessAssembly'
[40m[32minfo[39m[22m[49m: Unity.ILPP.Runner.PostProcessingPipeline[0]
      Processing assembly Library/Bee/artifacts/2000e0PDevDbg.dag/MCPForUnity.Runtime.dll, with 123 defines and 191 references
[40m[32minfo[39m[22m[49m: Unity.ILPP.Runner.PostProcessingPipeline[0]
      processors: HybridCLR.AssemblyShadow.CodeGen.ReflectionBindingsILPostProcessor, zzzUnity.Burst.CodeGen.BurstILPostProcessor
[40m[32minfo[39m[22m[49m: Unity.ILPP.Runner.PostProcessingPipeline[0]
      running HybridCLR.AssemblyShadow.CodeGen.ReflectionBindingsILPostProcessor
[40m[32minfo[39m[22m[49m: Unity.ILPP.Runner.PostProcessingPipeline[0]
      running zzzUnity.Burst.CodeGen.BurstILPostProcessor
[40m[32minfo[39m[22m[49m: Microsoft.AspNetCore.Routing.EndpointMiddleware[1]
      Executed endpoint 'gRPC - /UnityILPP.PostProcessing/PostProcessAssembly'
[40m[32minfo[39m[22m[49m: Microsoft.AspNetCore.Hosting.Diagnostics[2]
      Request finished HTTP/2 POST http://ilpp/UnityILPP.PostProcessing/PostProcessAssembly application/grpc - - 200 - application/grpc 5.3939ms
[40m[32minfo[39m[22m[49m: Unity.ILPP.Runner.PostProcessingPipeline[0]
      Processing assembly Library/Bee/artifacts/2000e0PDevDbg.dag/Unity.2D.Animation.Runtime.dll, with 123 defines and 198 references
[40m[32minfo[39m[22m[49m: Unity.ILPP.Runner.PostProcessingPipeline[0]
      processors: HybridCLR.AssemblyShadow.CodeGen.ReflectionBindingsILPostProcessor, zzzUnity.Burst.CodeGen.BurstILPostProcessor
[40m[32minfo[39m[22m[49m: Unity.ILPP.Runner.PostProcessingPipeline[0]
      running HybridCLR.AssemblyShadow.CodeGen.ReflectionBindingsILPostProcessor
[40m[32minfo[39m[22m[49m: Unity.ILPP.Runner.PostProcessingPipeline[0]
      running zzzUnity.Burst.CodeGen.BurstILPostProcessor
[40m[32minfo[39m[22m[49m: Microsoft.AspNetCore.Hosting.Diagnostics[1]
      Request starting HTTP/2 POST http://ilpp/UnityILPP.PostProcessing/PostProcessAssembly application/grpc -
[40m[32minfo[39m[22m[49m: Microsoft.AspNetCore.Routing.EndpointMiddleware[0]
      Executing endpoint 'gRPC - /UnityILPP.PostProcessing/PostProcessAssembly'
[40m[32minfo[39m[22m[49m: Unity.ILPP.Runner.PostProcessingPipeline[0]
      Processing assembly Library/Bee/artifacts/2000e0PDevDbg.dag/AssemblyShadowBaseline.Aot.dll, with 123 defines and 194 references
[40m[32minfo[39m[22m[49m: Unity.ILPP.Runner.PostProcessingPipeline[0]
      processors: HybridCLR.AssemblyShadow.CodeGen.ReflectionBindingsILPostProcessor, zzzUnity.Burst.CodeGen.BurstILPostProcessor
[40m[32minfo[39m[22m[49m: Unity.ILPP.Runner.PostProcessingPipeline[0]
      running HybridCLR.AssemblyShadow.CodeGen.ReflectionBindingsILPostProcessor
[40m[32minfo[39m[22m[49m: Microsoft.AspNetCore.Hosting.Diagnostics[1]
      Request starting HTTP/2 POST http://ilpp/UnityILPP.PostProcessing/PostProcessAssembly application/grpc -
[40m[32minfo[39m[22m[49m: Microsoft.AspNetCore.Routing.EndpointMiddleware[0]
      Executing endpoint 'gRPC - /UnityILPP.PostProcessing/PostProcessAssembly'
[40m[32minfo[39m[22m[49m: Unity.ILPP.Runner.PostProcessingPipeline[0]
      Processing assembly Library/Bee/artifacts/2000e0PDevDbg.dag/AssemblyA.Implementation.Extensibility.dll, with 123 defines and 194 references
[40m[32minfo[39m[22m[49m: Unity.ILPP.Runner.PostProcessingPipeline[0]
      processors: HybridCLR.AssemblyShadow.CodeGen.ReflectionBindingsILPostProcessor, zzzUnity.Burst.CodeGen.BurstILPostProcessor
[40m[32minfo[39m[22m[49m: Unity.ILPP.Runner.PostProcessingPipeline[0]
      running HybridCLR.AssemblyShadow.CodeGen.ReflectionBindingsILPostProcessor
[40m[32minfo[39m[22m[49m: Microsoft.AspNetCore.Hosting.Diagnostics[1]
      Request starting HTTP/2 POST http://ilpp/UnityILPP.PostProcessing/PostProcessAssembly application/grpc -
[40m[32minfo[39m[22m[49m: Microsoft.AspNetCore.Routing.EndpointMiddleware[0]
      Executing endpoint 'gRPC - /UnityILPP.PostProcessing/PostProcessAssembly'
[40m[32minfo[39m[22m[49m: Unity.ILPP.Runner.PostProcessingPipeline[0]
      running zzzUnity.Burst.CodeGen.BurstILPostProcessor
[40m[32minfo[39m[22m[49m: Microsoft.AspNetCore.Routing.EndpointMiddleware[1]
      Executed endpoint 'gRPC - /UnityILPP.PostProcessing/PostProcessAssembly'
[40m[32minfo[39m[22m[49m: Microsoft.AspNetCore.Hosting.Diagnostics[2]
      Request finished HTTP/2 POST http://ilpp/UnityILPP.PostProcessing/PostProcessAssembly application/grpc - - 200 - application/grpc 26.4663ms
[40m[32minfo[39m[22m[49m: Unity.ILPP.Runner.PostProcessingPipeline[0]
      Processing assembly Library/Bee/artifacts/2000e0PDevDbg.dag/Unity.RenderPipelines.Universal.Runtime.dll, with 128 defines and 199 references
[40m[32minfo[39m[22m[49m: Unity.ILPP.Runner.PostProcessingPipeline[0]
      processors: HybridCLR.AssemblyShadow.CodeGen.ReflectionBindingsILPostProcessor, zzzUnity.Burst.CodeGen.BurstILPostProcessor
[40m[32minfo[39m[22m[49m: Unity.ILPP.Runner.PostProcessingPipeline[0]
      running HybridCLR.AssemblyShadow.CodeGen.ReflectionBindingsILPostProcessor
[40m[32minfo[39m[22m[49m: Unity.ILPP.Runner.PostProcessingPipeline[0]
      running zzzUnity.Burst.CodeGen.BurstILPostProcessor
[40m[32minfo[39m[22m[49m: Unity.ILPP.Runner.PostProcessingAssemblyLoadContext[0]
      Resolved Unity.Burst.Cecil.Rocks, Version=0.11.4.0, Culture=neutral, PublicKeyToken=50cebf1cceb9d05e with Library/PackageCache/com.unity.burst@1.8.21/Unity.Burst.CodeGen/Unity.Burst.Cecil.Rocks.dll
[40m[32minfo[39m[22m[49m: Microsoft.AspNetCore.Hosting.Diagnostics[1]
      Request starting HTTP/2 POST http://ilpp/UnityILPP.PostProcessing/PostProcessAssembly application/grpc -
[40m[32minfo[39m[22m[49m: Microsoft.AspNetCore.Routing.EndpointMiddleware[0]
      Executing endpoint 'gRPC - /UnityILPP.PostProcessing/PostProcessAssembly'
[40m[32minfo[39m[22m[49m: Unity.ILPP.Runner.PostProcessingPipeline[0]
      Processing assembly Library/Bee/artifacts/2000e0PDevDbg.dag/AssemblyShadowDemo.ExtensibilityConsumer.dll, with 123 defines and 195 references
[40m[32minfo[39m[22m[49m: Unity.ILPP.Runner.PostProcessingPipeline[0]
      processors: HybridCLR.AssemblyShadow.CodeGen.ReflectionBindingsILPostProcessor, zzzUnity.Burst.CodeGen.BurstILPostProcessor
[40m[32minfo[39m[22m[49m: Unity.ILPP.Runner.PostProcessingPipeline[0]
      running HybridCLR.AssemblyShadow.CodeGen.ReflectionBindingsILPostProcessor
[40m[32minfo[39m[22m[49m: Unity.ILPP.Runner.PostProcessingPipeline[0]
      running zzzUnity.Burst.CodeGen.BurstILPostProcessor
[40m[32minfo[39m[22m[49m: Microsoft.AspNetCore.Routing.EndpointMiddleware[1]
      Executed endpoint 'gRPC - /UnityILPP.PostProcessing/PostProcessAssembly'
[40m[32minfo[39m[22m[49m: Microsoft.AspNetCore.Hosting.Diagnostics[2]
      Request finished HTTP/2 POST http://ilpp/UnityILPP.PostProcessing/PostProcessAssembly application/grpc - - 200 - application/grpc 13.7483ms
[40m[32minfo[39m[22m[49m: Microsoft.AspNetCore.Hosting.Diagnostics[1]
      Request starting HTTP/2 POST http://ilpp/UnityILPP.PostProcessing/PostProcessAssembly application/grpc -
[40m[32minfo[39m[22m[49m: Microsoft.AspNetCore.Routing.EndpointMiddleware[0]
      Executing endpoint 'gRPC - /UnityILPP.PostProcessing/PostProcessAssembly'
[40m[32minfo[39m[22m[49m: Unity.ILPP.Runner.PostProcessingPipeline[0]
      Processing assembly Library/Bee/artifacts/2000e0PDevDbg.dag/Unity.VisualScripting.State.dll, with 123 defines and 195 references
[40m[32minfo[39m[22m[49m: Unity.ILPP.Runner.PostProcessingPipeline[0]
      processors: HybridCLR.AssemblyShadow.CodeGen.ReflectionBindingsILPostProcessor, zzzUnity.Burst.CodeGen.BurstILPostProcessor
[40m[32minfo[39m[22m[49m: Unity.ILPP.Runner.PostProcessingPipeline[0]
      running HybridCLR.AssemblyShadow.CodeGen.ReflectionBindingsILPostProcessor
[40m[32minfo[39m[22m[49m: Unity.ILPP.Runner.PostProcessingPipeline[0]
      running zzzUnity.Burst.CodeGen.BurstILPostProcessor
[40m[32minfo[39m[22m[49m: Microsoft.AspNetCore.Routing.EndpointMiddleware[1]
      Executed endpoint 'gRPC - /UnityILPP.PostProcessing/PostProcessAssembly'
[40m[32minfo[39m[22m[49m: Microsoft.AspNetCore.Hosting.Diagnostics[2]
      Request finished HTTP/2 POST http://ilpp/UnityILPP.PostProcessing/PostProcessAssembly application/grpc - - 200 - application/grpc 2.6724ms
[40m[32minfo[39m[22m[49m: Microsoft.AspNetCore.Hosting.Diagnostics[1]
      Request starting HTTP/2 POST http://ilpp/UnityILPP.PostProcessing/PostProcessAssembly application/grpc -
[40m[32minfo[39m[22m[49m: Microsoft.AspNetCore.Routing.EndpointMiddleware[0]
      Executing endpoint 'gRPC - /UnityILPP.PostProcessing/PostProcessAssembly'
[40m[32minfo[39m[22m[49m: Unity.ILPP.Runner.PostProcessingPipeline[0]
      Processing assembly Library/Bee/artifacts/2000e0PDevDbg.dag/AssemblyA.Implementation.Internal.dll, with 123 defines and 195 references
[40m[32minfo[39m[22m[49m: Unity.ILPP.Runner.PostProcessingPipeline[0]
      processors: HybridCLR.AssemblyShadow.CodeGen.ReflectionBindingsILPostProcessor, zzzUnity.Burst.CodeGen.BurstILPostProcessor
[40m[32minfo[39m[22m[49m: Unity.ILPP.Runner.PostProcessingPipeline[0]
      running HybridCLR.AssemblyShadow.CodeGen.ReflectionBindingsILPostProcessor
[40m[32minfo[39m[22m[49m: Unity.ILPP.Runner.PostProcessingPipeline[0]
      running zzzUnity.Burst.CodeGen.BurstILPostProcessor
[40m[32minfo[39m[22m[49m: Microsoft.AspNetCore.Routing.EndpointMiddleware[1]
      Executed endpoint 'gRPC - /UnityILPP.PostProcessing/PostProcessAssembly'
[40m[32minfo[39m[22m[49m: Microsoft.AspNetCore.Hosting.Diagnostics[2]
      Request finished HTTP/2 POST http://ilpp/UnityILPP.PostProcessing/PostProcessAssembly application/grpc - - 200 - application/grpc 24.5910ms
[40m[32minfo[39m[22m[49m: Microsoft.AspNetCore.Routing.EndpointMiddleware[1]
      Executed endpoint 'gRPC - /UnityILPP.PostProcessing/PostProcessAssembly'
[40m[32minfo[39m[22m[49m: Microsoft.AspNetCore.Hosting.Diagnostics[1]
      Request starting HTTP/2 POST http://ilpp/UnityILPP.PostProcessing/PostProcessAssembly application/grpc -
[40m[32minfo[39m[22m[49m: Microsoft.AspNetCore.Hosting.Diagnostics[2]
      Request finished HTTP/2 POST http://ilpp/UnityILPP.PostProcessing/PostProcessAssembly application/grpc - - 200 - application/grpc 210.4430ms
[40m[32minfo[39m[22m[49m: Microsoft.AspNetCore.Routing.EndpointMiddleware[0]
      Executing endpoint 'gRPC - /UnityILPP.PostProcessing/PostProcessAssembly'
[40m[32minfo[39m[22m[49m: Microsoft.AspNetCore.Hosting.Diagnostics[1]
      Request starting HTTP/2 POST http://ilpp/UnityILPP.PostProcessing/PostProcessAssembly application/grpc -
[40m[32minfo[39m[22m[49m: Microsoft.AspNetCore.Routing.EndpointMiddleware[0]
      Executing endpoint 'gRPC - /UnityILPP.PostProcessing/PostProcessAssembly'
[40m[32minfo[39m[22m[49m: Unity.ILPP.Runner.PostProcessingPipeline[0]
      Processing assembly Library/Bee/artifacts/2000e0PDevDbg.dag/AssemblyShadowDemo.Bootstrap.dll, with 123 defines and 196 references
[40m[32minfo[39m[22m[49m: Unity.ILPP.Runner.PostProcessingPipeline[0]
      processors: HybridCLR.AssemblyShadow.CodeGen.ReflectionBindingsILPostProcessor, zzzUnity.Burst.CodeGen.BurstILPostProcessor
[40m[32minfo[39m[22m[49m: Unity.ILPP.Runner.PostProcessingPipeline[0]
      running HybridCLR.AssemblyShadow.CodeGen.ReflectionBindingsILPostProcessor
[40m[32minfo[39m[22m[49m: Unity.ILPP.Runner.PostProcessingPipeline[0]
      running zzzUnity.Burst.CodeGen.BurstILPostProcessor
[40m[32minfo[39m[22m[49m: Unity.ILPP.Runner.PostProcessingPipeline[0]
      Processing assembly Library/Bee/artifacts/2000e0PDevDbg.dag/Assembly-CSharp.dll, with 123 defines and 217 references
[40m[32minfo[39m[22m[49m: Microsoft.AspNetCore.Routing.EndpointMiddleware[1]
      Executed endpoint 'gRPC - /UnityILPP.PostProcessing/PostProcessAssembly'
[40m[32minfo[39m[22m[49m: Unity.ILPP.Runner.PostProcessingPipeline[0]
      processors: HybridCLR.AssemblyShadow.CodeGen.ReflectionBindingsILPostProcessor, zzzUnity.Burst.CodeGen.BurstILPostProcessor
[40m[32minfo[39m[22m[49m: Microsoft.AspNetCore.Hosting.Diagnostics[2]
      Request finished HTTP/2 POST http://ilpp/UnityILPP.PostProcessing/PostProcessAssembly application/grpc - - 200 - application/grpc 26.8157ms
[40m[32minfo[39m[22m[49m: Unity.ILPP.Runner.PostProcessingPipeline[0]
      running HybridCLR.AssemblyShadow.CodeGen.ReflectionBindingsILPostProcessor
[40m[32minfo[39m[22m[49m: Unity.ILPP.Runner.PostProcessingPipeline[0]
      running zzzUnity.Burst.CodeGen.BurstILPostProcessor
[40m[32minfo[39m[22m[49m: Microsoft.AspNetCore.Routing.EndpointMiddleware[1]
      Executed endpoint 'gRPC - /UnityILPP.PostProcessing/PostProcessAssembly'
[40m[32minfo[39m[22m[49m: Microsoft.AspNetCore.Hosting.Diagnostics[2]
      Request finished HTTP/2 POST http://ilpp/UnityILPP.PostProcessing/PostProcessAssembly application/grpc - - 200 - application/grpc 30.3770ms
[40m[32minfo[39m[22m[49m: Microsoft.AspNetCore.Hosting.Diagnostics[1]
      Request starting HTTP/2 POST http://ilpp/UnityILPP.PostProcessing/PostProcessAssembly application/grpc -
[40m[32minfo[39m[22m[49m: Microsoft.AspNetCore.Routing.EndpointMiddleware[0]
      Executing endpoint 'gRPC - /UnityILPP.PostProcessing/PostProcessAssembly'
[40m[32minfo[39m[22m[49m: Unity.ILPP.Runner.PostProcessingPipeline[0]
      Processing assembly Library/Bee/artifacts/2000e0PDevDbg.dag/HybridCLR.Runtime.dll, with 123 defines and 193 references
[40m[32minfo[39m[22m[49m: Unity.ILPP.Runner.PostProcessingPipeline[0]
      processors: HybridCLR.AssemblyShadow.CodeGen.ReflectionBindingsILPostProcessor, zzzUnity.Burst.CodeGen.BurstILPostProcessor
[40m[32minfo[39m[22m[49m: Unity.ILPP.Runner.PostProcessingPipeline[0]
      running HybridCLR.AssemblyShadow.CodeGen.ReflectionBindingsILPostProcessor
[40m[32minfo[39m[22m[49m: Unity.ILPP.Runner.PostProcessingPipeline[0]
      running zzzUnity.Burst.CodeGen.BurstILPostProcessor
[40m[32minfo[39m[22m[49m: Microsoft.AspNetCore.Routing.EndpointMiddleware[1]
      Executed endpoint 'gRPC - /UnityILPP.PostProcessing/PostProcessAssembly'
[40m[32minfo[39m[22m[49m: Microsoft.AspNetCore.Hosting.Diagnostics[2]
      Request finished HTTP/2 POST http://ilpp/UnityILPP.PostProcessing/PostProcessAssembly application/grpc - - 200 - application/grpc 13.4455ms
[40m[32minfo[39m[22m[49m: Microsoft.AspNetCore.Hosting.Diagnostics[1]
      Request starting HTTP/2 POST http://ilpp/UnityILPP.PostProcessing/PostProcessAssembly application/grpc -
[40m[32minfo[39m[22m[49m: Microsoft.AspNetCore.Routing.EndpointMiddleware[0]
      Executing endpoint 'gRPC - /UnityILPP.PostProcessing/PostProcessAssembly'
[40m[32minfo[39m[22m[49m: Unity.ILPP.Runner.PostProcessingPipeline[0]
      Processing assembly Library/Bee/artifacts/2000e0PDevDbg.dag/AssemblyShadowDemo.ContractsConsumer.dll, with 123 defines and 126 references
[40m[32minfo[39m[22m[49m: Unity.ILPP.Runner.PostProcessingPipeline[0]
      processors: HybridCLR.AssemblyShadow.CodeGen.ReflectionBindingsILPostProcessor, zzzUnity.Burst.CodeGen.BurstILPostProcessor
[40m[32minfo[39m[22m[49m: Unity.ILPP.Runner.PostProcessingPipeline[0]
      running HybridCLR.AssemblyShadow.CodeGen.ReflectionBindingsILPostProcessor
[40m[32minfo[39m[22m[49m: Unity.ILPP.Runner.PostProcessingPipeline[0]
      running zzzUnity.Burst.CodeGen.BurstILPostProcessor
[40m[32minfo[39m[22m[49m: Microsoft.AspNetCore.Routing.EndpointMiddleware[1]
      Executed endpoint 'gRPC - /UnityILPP.PostProcessing/PostProcessAssembly'
[40m[32minfo[39m[22m[49m: Microsoft.AspNetCore.Hosting.Diagnostics[2]
      Request finished HTTP/2 POST http://ilpp/UnityILPP.PostProcessing/PostProcessAssembly application/grpc - - 200 - application/grpc 7.5743ms
[40m[32minfo[39m[22m[49m: Microsoft.AspNetCore.Routing.EndpointMiddleware[1]
      Executed endpoint 'gRPC - /UnityILPP.PostProcessing/PostProcessAssembly'
[40m[32minfo[39m[22m[49m: Microsoft.AspNetCore.Routing.EndpointMiddleware[1]
      Executed endpoint 'gRPC - /UnityILPP.PostProcessing/PostProcessAssembly'
[40m[32minfo[39m[22m[49m: Microsoft.AspNetCore.Hosting.Diagnostics[2]
      Request finished HTTP/2 POST http://ilpp/UnityILPP.PostProcessing/PostProcessAssembly application/grpc - - 200 - application/grpc 485.7655ms
[40m[32minfo[39m[22m[49m: Microsoft.AspNetCore.Hosting.Diagnostics[2]
      Request finished HTTP/2 POST http://ilpp/UnityILPP.PostProcessing/PostProcessAssembly application/grpc - - 200 - application/grpc 544.5651ms
[40m[32minfo[39m[22m[49m: Microsoft.AspNetCore.Hosting.Diagnostics[1]
      Request starting HTTP/2 POST http://ilpp/UnityILPP.PostProcessing/PostProcessAssembly application/grpc -
[40m[32minfo[39m[22m[49m: Microsoft.AspNetCore.Routing.EndpointMiddleware[0]
      Executing endpoint 'gRPC - /UnityILPP.PostProcessing/PostProcessAssembly'
[40m[32minfo[39m[22m[49m: Unity.ILPP.Runner.PostProcessingPipeline[0]
      Processing assembly Library/Bee/artifacts/2000e0PDevDbg.dag/Unity.VisualScripting.Core.dll, with 126 defines and 193 references
[40m[32minfo[39m[22m[49m: Unity.ILPP.Runner.PostProcessingPipeline[0]
      processors: HybridCLR.AssemblyShadow.CodeGen.ReflectionBindingsILPostProcessor, zzzUnity.Burst.CodeGen.BurstILPostProcessor
[40m[32minfo[39m[22m[49m: Unity.ILPP.Runner.PostProcessingPipeline[0]
      running HybridCLR.AssemblyShadow.CodeGen.ReflectionBindingsILPostProcessor
[40m[32minfo[39m[22m[49m: Unity.ILPP.Runner.PostProcessingPipeline[0]
      running zzzUnity.Burst.CodeGen.BurstILPostProcessor
[40m[32minfo[39m[22m[49m: Microsoft.AspNetCore.Hosting.Diagnostics[1]
      Request starting HTTP/2 POST http://ilpp/UnityILPP.PostProcessing/PostProcessAssembly application/grpc -
[40m[32minfo[39m[22m[49m: Microsoft.AspNetCore.Routing.EndpointMiddleware[0]
      Executing endpoint 'gRPC - /UnityILPP.PostProcessing/PostProcessAssembly'
[40m[32minfo[39m[22m[49m: Microsoft.AspNetCore.Routing.EndpointMiddleware[1]
      Executed endpoint 'gRPC - /UnityILPP.PostProcessing/PostProcessAssembly'
[40m[32minfo[39m[22m[49m: Microsoft.AspNetCore.Hosting.Diagnostics[2]
      Request finished HTTP/2 POST http://ilpp/UnityILPP.PostProcessing/PostProcessAssembly application/grpc - - 200 - application/grpc 12.5039ms
[40m[32minfo[39m[22m[49m: Unity.ILPP.Runner.PostProcessingPipeline[0]
      Processing assembly Library/Bee/artifacts/2000e0PDevDbg.dag/Unity.Burst.dll, with 123 defines and 191 references
[40m[32minfo[39m[22m[49m: Unity.ILPP.Runner.PostProcessingPipeline[0]
      processors: HybridCLR.AssemblyShadow.CodeGen.ReflectionBindingsILPostProcessor, zzzUnity.Burst.CodeGen.BurstILPostProcessor
[40m[32minfo[39m[22m[49m: Microsoft.AspNetCore.Hosting.Diagnostics[1]
      Request starting HTTP/2 POST http://ilpp/UnityILPP.PostProcessing/PostProcessAssembly application/grpc -
[40m[32minfo[39m[22m[49m: Microsoft.AspNetCore.Routing.EndpointMiddleware[0]
      Executing endpoint 'gRPC - /UnityILPP.PostProcessing/PostProcessAssembly'
[40m[32minfo[39m[22m[49m: Unity.ILPP.Runner.PostProcessingPipeline[0]
      running HybridCLR.AssemblyShadow.CodeGen.ReflectionBindingsILPostProcessor
[40m[32minfo[39m[22m[49m: Unity.ILPP.Runner.PostProcessingPipeline[0]
      running zzzUnity.Burst.CodeGen.BurstILPostProcessor
[40m[32minfo[39m[22m[49m: Microsoft.AspNetCore.Routing.EndpointMiddleware[1]
      Executed endpoint 'gRPC - /UnityILPP.PostProcessing/PostProcessAssembly'
[40m[32minfo[39m[22m[49m: Microsoft.AspNetCore.Hosting.Diagnostics[2]
      Request finished HTTP/2 POST http://ilpp/UnityILPP.PostProcessing/PostProcessAssembly application/grpc - - 200 - application/grpc 10.9121ms
[40m[32minfo[39m[22m[49m: Unity.ILPP.Runner.PostProcessingPipeline[0]
      Processing assembly Library/Bee/artifacts/2000e0PDevDbg.dag/Unity.InternalAPIEngineBridge.001.dll, with 123 defines and 193 references
[40m[32minfo[39m[22m[49m: Unity.ILPP.Runner.PostProcessingPipeline[0]
      processors: HybridCLR.AssemblyShadow.CodeGen.ReflectionBindingsILPostProcessor, zzzUnity.Burst.CodeGen.BurstILPostProcessor
[40m[32minfo[39m[22m[49m: Unity.ILPP.Runner.PostProcessingPipeline[0]
      running HybridCLR.AssemblyShadow.CodeGen.ReflectionBindingsILPostProcessor
[40m[32minfo[39m[22m[49m: Unity.ILPP.Runner.PostProcessingPipeline[0]
      running zzzUnity.Burst.CodeGen.BurstILPostProcessor
[40m[32minfo[39m[22m[49m: Microsoft.AspNetCore.Routing.EndpointMiddleware[1]
      Executed endpoint 'gRPC - /UnityILPP.PostProcessing/PostProcessAssembly'
[40m[32minfo[39m[22m[49m: Microsoft.AspNetCore.Hosting.Diagnostics[2]
      Request finished HTTP/2 POST http://ilpp/UnityILPP.PostProcessing/PostProcessAssembly application/grpc - - 200 - application/grpc 8.1444ms
[40m[32minfo[39m[22m[49m: Microsoft.AspNetCore.Hosting.Diagnostics[1]
      Request starting HTTP/2 POST http://ilpp/UnityILPP.PostProcessing/PostProcessAssembly application/grpc -
[40m[32minfo[39m[22m[49m: Microsoft.AspNetCore.Routing.EndpointMiddleware[0]
      Executing endpoint 'gRPC - /UnityILPP.PostProcessing/PostProcessAssembly'
[40m[32minfo[39m[22m[49m: Unity.ILPP.Runner.PostProcessingPipeline[0]
      Processing assembly Library/Bee/artifacts/2000e0PDevDbg.dag/Unity.RenderPipelines.Core.Runtime.dll, with 125 defines and 193 references
[40m[32minfo[39m[22m[49m: Unity.ILPP.Runner.PostProcessingPipeline[0]
      processors: HybridCLR.AssemblyShadow.CodeGen.ReflectionBindingsILPostProcessor, zzzUnity.Burst.CodeGen.BurstILPostProcessor
[40m[32minfo[39m[22m[49m: Unity.ILPP.Runner.PostProcessingPipeline[0]
      running HybridCLR.AssemblyShadow.CodeGen.ReflectionBindingsILPostProcessor
[40m[32minfo[39m[22m[49m: Microsoft.AspNetCore.Hosting.Diagnostics[1]
      Request starting HTTP/2 POST http://ilpp/UnityILPP.PostProcessing/PostProcessAssembly application/grpc -
[40m[32minfo[39m[22m[49m: Microsoft.AspNetCore.Routing.EndpointMiddleware[0]
      Executing endpoint 'gRPC - /UnityILPP.PostProcessing/PostProcessAssembly'
[40m[32minfo[39m[22m[49m: Microsoft.AspNetCore.Hosting.Diagnostics[1]
      Request starting HTTP/2 POST http://ilpp/UnityILPP.PostProcessing/PostProcessAssembly application/grpc -
[40m[32minfo[39m[22m[49m: Microsoft.AspNetCore.Routing.EndpointMiddleware[0]
      Executing endpoint 'gRPC - /UnityILPP.PostProcessing/PostProcessAssembly'
[40m[32minfo[39m[22m[49m: Unity.ILPP.Runner.PostProcessingPipeline[0]
      Processing assembly Library/Bee/artifacts/2000e0PDevDbg.dag/Unity.RenderPipelines.ShaderGraph.ShaderGraphLibrary.dll, with 123 defines and 193 references
[40m[32minfo[39m[22m[49m: Unity.ILPP.Runner.PostProcessingPipeline[0]
      processors: HybridCLR.AssemblyShadow.CodeGen.ReflectionBindingsILPostProcessor, zzzUnity.Burst.CodeGen.BurstILPostProcessor
[40m[32minfo[39m[22m[49m: Unity.ILPP.Runner.PostProcessingPipeline[0]
      running HybridCLR.AssemblyShadow.CodeGen.ReflectionBindingsILPostProcessor
[40m[32minfo[39m[22m[49m: Unity.ILPP.Runner.PostProcessingPipeline[0]
      running zzzUnity.Burst.CodeGen.BurstILPostProcessor
[40m[32minfo[39m[22m[49m: Unity.ILPP.Runner.PostProcessingPipeline[0]
      Processing assembly Library/Bee/artifacts/2000e0PDevDbg.dag/Unity.2D.Common.Runtime.dll, with 123 defines and 194 references
[40m[32minfo[39m[22m[49m: Unity.ILPP.Runner.PostProcessingPipeline[0]
      processors: HybridCLR.AssemblyShadow.CodeGen.ReflectionBindingsILPostProcessor, zzzUnity.Burst.CodeGen.BurstILPostProcessor
[40m[32minfo[39m[22m[49m: Microsoft.AspNetCore.Hosting.Diagnostics[1]
      Request starting HTTP/2 POST http://ilpp/UnityILPP.PostProcessing/PostProcessAssembly application/grpc -
[40m[32minfo[39m[22m[49m: Microsoft.AspNetCore.Routing.EndpointMiddleware[0]
      Executing endpoint 'gRPC - /UnityILPP.PostProcessing/PostProcessAssembly'
[40m[32minfo[39m[22m[49m: Microsoft.AspNetCore.Hosting.Diagnostics[1]
      Request starting HTTP/2 POST http://ilpp/UnityILPP.PostProcessing/PostProcessAssembly application/grpc -
[40m[32minfo[39m[22m[49m: Microsoft.AspNetCore.Routing.EndpointMiddleware[0]
      Executing endpoint 'gRPC - /UnityILPP.PostProcessing/PostProcessAssembly'
[40m[32minfo[39m[22m[49m: Microsoft.AspNetCore.Routing.EndpointMiddleware[1]
      Executed endpoint 'gRPC - /UnityILPP.PostProcessing/PostProcessAssembly'
[40m[32minfo[39m[22m[49m: Unity.ILPP.Runner.PostProcessingPipeline[0]
      running HybridCLR.AssemblyShadow.CodeGen.ReflectionBindingsILPostProcessor
[40m[32minfo[39m[22m[49m: Microsoft.AspNetCore.Hosting.Diagnostics[2]
      Request finished HTTP/2 POST http://ilpp/UnityILPP.PostProcessing/PostProcessAssembly application/grpc - - 200 - application/grpc 15.7170ms
[40m[32minfo[39m[22m[49m: Unity.ILPP.Runner.PostProcessingPipeline[0]
      running zzzUnity.Burst.CodeGen.BurstILPostProcessor
[40m[32minfo[39m[22m[49m: Microsoft.AspNetCore.Routing.EndpointMiddleware[1]
      Executed endpoint 'gRPC - /UnityILPP.PostProcessing/PostProcessAssembly'
[40m[32minfo[39m[22m[49m: Microsoft.AspNetCore.Hosting.Diagnostics[2]
      Request finished HTTP/2 POST http://ilpp/UnityILPP.PostProcessing/PostProcessAssembly application/grpc - - 200 - application/grpc 18.1822ms
[40m[32minfo[39m[22m[49m: Unity.ILPP.Runner.PostProcessingPipeline[0]
      Processing assembly Library/Bee/artifacts/2000e0PDevDbg.dag/Unity.2D.PixelPerfect.dll, with 124 defines and 193 references
[40m[32minfo[39m[22m[49m: Unity.ILPP.Runner.PostProcessingPipeline[0]
      processors: HybridCLR.AssemblyShadow.CodeGen.ReflectionBindingsILPostProcessor, zzzUnity.Burst.CodeGen.BurstILPostProcessor
[40m[32minfo[39m[22m[49m: Unity.ILPP.Runner.PostProcessingPipeline[0]
      running HybridCLR.AssemblyShadow.CodeGen.ReflectionBindingsILPostProcessor
[40m[32minfo[39m[22m[49m: Unity.ILPP.Runner.PostProcessingPipeline[0]
      running zzzUnity.Burst.CodeGen.BurstILPostProcessor
[40m[32minfo[39m[22m[49m: Microsoft.AspNetCore.Routing.EndpointMiddleware[1]
      Executed endpoint 'gRPC - /UnityILPP.PostProcessing/PostProcessAssembly'
[40m[32minfo[39m[22m[49m: Microsoft.AspNetCore.Hosting.Diagnostics[2]
      Request finished HTTP/2 POST http://ilpp/UnityILPP.PostProcessing/PostProcessAssembly application/grpc - - 200 - application/grpc 13.2733ms
[40m[32minfo[39m[22m[49m: Unity.ILPP.Runner.PostProcessingPipeline[0]
      Processing assembly Library/Bee/artifacts/2000e0PDevDbg.dag/Unity.2D.Tilemap.Extras.dll, with 123 defines and 193 references
[40m[32minfo[39m[22m[49m: Unity.ILPP.Runner.PostProcessingPipeline[0]
      processors: HybridCLR.AssemblyShadow.CodeGen.ReflectionBindingsILPostProcessor, zzzUnity.Burst.CodeGen.BurstILPostProcessor
[40m[32minfo[39m[22m[49m: Unity.ILPP.Runner.PostProcessingPipeline[0]
      running HybridCLR.AssemblyShadow.CodeGen.ReflectionBindingsILPostProcessor
[40m[32minfo[39m[22m[49m: Unity.ILPP.Runner.PostProcessingPipeline[0]
      running zzzUnity.Burst.CodeGen.BurstILPostProcessor
[40m[32minfo[39m[22m[49m: Microsoft.AspNetCore.Routing.EndpointMiddleware[1]
      Executed endpoint 'gRPC - /UnityILPP.PostProcessing/PostProcessAssembly'
[40m[32minfo[39m[22m[49m: Microsoft.AspNetCore.Hosting.Diagnostics[2]
      Request finished HTTP/2 POST http://ilpp/UnityILPP.PostProcessing/PostProcessAssembly application/grpc - - 200 - application/grpc 15.5783ms
[40m[32minfo[39m[22m[49m: Microsoft.AspNetCore.Hosting.Diagnostics[1]
      Request starting HTTP/2 POST http://ilpp/UnityILPP.PostProcessing/PostProcessAssembly application/grpc -
[40m[32minfo[39m[22m[49m: Microsoft.AspNetCore.Routing.EndpointMiddleware[0]
      Executing endpoint 'gRPC - /UnityILPP.PostProcessing/PostProcessAssembly'
[40m[32minfo[39m[22m[49m: Unity.ILPP.Runner.PostProcessingPipeline[0]
      Processing assembly Library/Bee/artifacts/2000e0PDevDbg.dag/Unity.RenderPipeline.Universal.ShaderLibrary.dll, with 123 defines and 194 references
[40m[32minfo[39m[22m[49m: Unity.ILPP.Runner.PostProcessingPipeline[0]
      processors: HybridCLR.AssemblyShadow.CodeGen.ReflectionBindingsILPostProcessor, zzzUnity.Burst.CodeGen.BurstILPostProcessor
[40m[32minfo[39m[22m[49m: Unity.ILPP.Runner.PostProcessingPipeline[0]
      running HybridCLR.AssemblyShadow.CodeGen.ReflectionBindingsILPostProcessor
[40m[32minfo[39m[22m[49m: Unity.ILPP.Runner.PostProcessingPipeline[0]
      running zzzUnity.Burst.CodeGen.BurstILPostProcessor
[40m[32minfo[39m[22m[49m: Microsoft.AspNetCore.Routing.EndpointMiddleware[1]
      Executed endpoint 'gRPC - /UnityILPP.PostProcessing/PostProcessAssembly'
[40m[32minfo[39m[22m[49m: Microsoft.AspNetCore.Hosting.Diagnostics[2]
      Request finished HTTP/2 POST http://ilpp/UnityILPP.PostProcessing/PostProcessAssembly application/grpc - - 200 - application/grpc 3.1015ms
[40m[32minfo[39m[22m[49m: Microsoft.AspNetCore.Hosting.Diagnostics[1]
      Request starting HTTP/2 POST http://ilpp/UnityILPP.PostProcessing/PostProcessAssembly application/grpc -
[40m[32minfo[39m[22m[49m: Microsoft.AspNetCore.Routing.EndpointMiddleware[0]
      Executing endpoint 'gRPC - /UnityILPP.PostProcessing/PostProcessAssembly'
[40m[32minfo[39m[22m[49m: Microsoft.AspNetCore.Hosting.Diagnostics[1]
      Request starting HTTP/2 POST http://ilpp/UnityILPP.PostProcessing/PostProcessAssembly application/grpc -
[40m[32minfo[39m[22m[49m: Microsoft.AspNetCore.Hosting.Diagnostics[1]
      Request starting HTTP/2 POST http://ilpp/UnityILPP.PostProcessing/PostProcessAssembly application/grpc -
[40m[32minfo[39m[22m[49m: Microsoft.AspNetCore.Routing.EndpointMiddleware[0]
      Executing endpoint 'gRPC - /UnityILPP.PostProcessing/PostProcessAssembly'
[40m[32minfo[39m[22m[49m: Microsoft.AspNetCore.Routing.EndpointMiddleware[0]
      Executing endpoint 'gRPC - /UnityILPP.PostProcessing/PostProcessAssembly'
[40m[32minfo[39m[22m[49m: Unity.ILPP.Runner.PostProcessingPipeline[0]
      Processing assembly Library/Bee/artifacts/2000e0PDevDbg.dag/Unity.RenderPipelines.Universal.Config.Runtime.dll, with 123 defines and 194 references
[40m[32minfo[39m[22m[49m: Unity.ILPP.Runner.PostProcessingPipeline[0]
      processors: HybridCLR.AssemblyShadow.CodeGen.ReflectionBindingsILPostProcessor, zzzUnity.Burst.CodeGen.BurstILPostProcessor
[40m[32minfo[39m[22m[49m: Unity.ILPP.Runner.PostProcessingPipeline[0]
      running HybridCLR.AssemblyShadow.CodeGen.ReflectionBindingsILPostProcessor
[40m[32minfo[39m[22m[49m: Unity.ILPP.Runner.PostProcessingPipeline[0]
      Processing assembly Library/Bee/artifacts/2000e0PDevDbg.dag/Unity.VisualScripting.Flow.dll, with 128 defines and 194 references
[40m[32minfo[39m[22m[49m: Unity.ILPP.Runner.PostProcessingPipeline[0]
      processors: HybridCLR.AssemblyShadow.CodeGen.ReflectionBindingsILPostProcessor, zzzUnity.Burst.CodeGen.BurstILPostProcessor
[40m[32minfo[39m[22m[49m: Unity.ILPP.Runner.PostProcessingPipeline[0]
      running zzzUnity.Burst.CodeGen.BurstILPostProcessor
[40m[32minfo[39m[22m[49m: Unity.ILPP.Runner.PostProcessingPipeline[0]
      running HybridCLR.AssemblyShadow.CodeGen.ReflectionBindingsILPostProcessor
[40m[32minfo[39m[22m[49m: Unity.ILPP.Runner.PostProcessingPipeline[0]
      Processing assembly Library/Bee/artifacts/2000e0PDevDbg.dag/Unity.RenderPipelines.Universal.Shaders.dll, with 123 defines and 193 references
[40m[32minfo[39m[22m[49m: Unity.ILPP.Runner.PostProcessingPipeline[0]
      processors: HybridCLR.AssemblyShadow.CodeGen.ReflectionBindingsILPostProcessor, zzzUnity.Burst.CodeGen.BurstILPostProcessor
[40m[32minfo[39m[22m[49m: Unity.ILPP.Runner.PostProcessingPipeline[0]
      running HybridCLR.AssemblyShadow.CodeGen.ReflectionBindingsILPostProcessor
[40m[32minfo[39m[22m[49m: Microsoft.AspNetCore.Routing.EndpointMiddleware[1]
      Executed endpoint 'gRPC - /UnityILPP.PostProcessing/PostProcessAssembly'
[40m[32minfo[39m[22m[49m: Microsoft.AspNetCore.Hosting.Diagnostics[2]
      Request finished HTTP/2 POST http://ilpp/UnityILPP.PostProcessing/PostProcessAssembly application/grpc - - 200 - application/grpc 21.1708ms
[40m[32minfo[39m[22m[49m: Unity.ILPP.Runner.PostProcessingPipeline[0]
      running zzzUnity.Burst.CodeGen.BurstILPostProcessor
[40m[32minfo[39m[22m[49m: Unity.ILPP.Runner.PostProcessingPipeline[0]
      running zzzUnity.Burst.CodeGen.BurstILPostProcessor
[40m[32minfo[39m[22m[49m: Microsoft.AspNetCore.Routing.EndpointMiddleware[1]
      Executed endpoint 'gRPC - /UnityILPP.PostProcessing/PostProcessAssembly'
[40m[32minfo[39m[22m[49m: Microsoft.AspNetCore.Routing.EndpointMiddleware[1]
      Executed endpoint 'gRPC - /UnityILPP.PostProcessing/PostProcessAssembly'
[40m[32minfo[39m[22m[49m: Microsoft.AspNetCore.Hosting.Diagnostics[2]
      Request finished HTTP/2 POST http://ilpp/UnityILPP.PostProcessing/PostProcessAssembly application/grpc - - 200 - application/grpc 9.8459ms
[40m[32minfo[39m[22m[49m: Microsoft.AspNetCore.Hosting.Diagnostics[2]
      Request finished HTTP/2 POST http://ilpp/UnityILPP.PostProcessing/PostProcessAssembly application/grpc - - 200 - application/grpc 9.8460ms
[40m[32minfo[39m[22m[49m: Microsoft.AspNetCore.Hosting.Diagnostics[1]
      Request starting HTTP/2 POST http://ilpp/UnityILPP.PostProcessing/PostProcessAssembly application/grpc -
[40m[32minfo[39m[22m[49m: Microsoft.AspNetCore.Routing.EndpointMiddleware[0]
      Executing endpoint 'gRPC - /UnityILPP.PostProcessing/PostProcessAssembly'
[40m[32minfo[39m[22m[49m: Unity.ILPP.Runner.PostProcessingPipeline[0]
      Processing assembly Library/Bee/artifacts/2000e0PDevDbg.dag/Unity.Collections.dll, with 123 defines and 195 references
[40m[32minfo[39m[22m[49m: Unity.ILPP.Runner.PostProcessingPipeline[0]
      processors: HybridCLR.AssemblyShadow.CodeGen.ReflectionBindingsILPostProcessor, zzzUnity.Burst.CodeGen.BurstILPostProcessor
[40m[32minfo[39m[22m[49m: Microsoft.AspNetCore.Hosting.Diagnostics[1]
      Request starting HTTP/2 POST http://ilpp/UnityILPP.PostProcessing/PostProcessAssembly application/grpc -
[40m[32minfo[39m[22m[49m: Microsoft.AspNetCore.Routing.EndpointMiddleware[0]
      Executing endpoint 'gRPC - /UnityILPP.PostProcessing/PostProcessAssembly'
[40m[32minfo[39m[22m[49m: Unity.ILPP.Runner.PostProcessingPipeline[0]
      running HybridCLR.AssemblyShadow.CodeGen.ReflectionBindingsILPostProcessor
[40m[32minfo[39m[22m[49m: Unity.ILPP.Runner.PostProcessingPipeline[0]
      running zzzUnity.Burst.CodeGen.BurstILPostProcessor
[40m[32minfo[39m[22m[49m: Microsoft.AspNetCore.Hosting.Diagnostics[1]
      Request starting HTTP/2 POST http://ilpp/UnityILPP.PostProcessing/PostProcessAssembly application/grpc -
[40m[32minfo[39m[22m[49m: Microsoft.AspNetCore.Routing.EndpointMiddleware[0]
      Executing endpoint 'gRPC - /UnityILPP.PostProcessing/PostProcessAssembly'
[40m[32minfo[39m[22m[49m: Microsoft.AspNetCore.Hosting.Diagnostics[1]
      Request starting HTTP/2 POST http://ilpp/UnityILPP.PostProcessing/PostProcessAssembly application/grpc -
[40m[32minfo[39m[22m[49m: Microsoft.AspNetCore.Routing.EndpointMiddleware[0]
      Executing endpoint 'gRPC - /UnityILPP.PostProcessing/PostProcessAssembly'
[40m[32minfo[39m[22m[49m: Unity.ILPP.Runner.PostProcessingPipeline[0]
      Processing assembly Library/Bee/artifacts/2000e0PDevDbg.dag/Unity.Timeline.dll, with 124 defines and 193 references
[40m[32minfo[39m[22m[49m: Unity.ILPP.Runner.PostProcessingPipeline[0]
      processors: HybridCLR.AssemblyShadow.CodeGen.ReflectionBindingsILPostProcessor, zzzUnity.Burst.CodeGen.BurstILPostProcessor
[40m[32minfo[39m[22m[49m: Unity.ILPP.Runner.PostProcessingPipeline[0]
      running HybridCLR.AssemblyShadow.CodeGen.ReflectionBindingsILPostProcessor
[40m[32minfo[39m[22m[49m: Unity.ILPP.Runner.PostProcessingPipeline[0]
      Processing assembly Library/Bee/artifacts/2000e0PDevDbg.dag/Unity.2D.IK.Runtime.dll, with 123 defines and 194 references
[40m[32minfo[39m[22m[49m: Unity.ILPP.Runner.PostProcessingPipeline[0]
      processors: HybridCLR.AssemblyShadow.CodeGen.ReflectionBindingsILPostProcessor, zzzUnity.Burst.CodeGen.BurstILPostProcessor
[40m[32minfo[39m[22m[49m: Unity.ILPP.Runner.PostProcessingPipeline[0]
      running HybridCLR.AssemblyShadow.CodeGen.ReflectionBindingsILPostProcessor
[40m[32minfo[39m[22m[49m: Unity.ILPP.Runner.PostProcessingPipeline[0]
      running zzzUnity.Burst.CodeGen.BurstILPostProcessor
[40m[32minfo[39m[22m[49m: Unity.ILPP.Runner.PostProcessingPipeline[0]
      running zzzUnity.Burst.CodeGen.BurstILPostProcessor
[40m[32minfo[39m[22m[49m: Unity.ILPP.Runner.PostProcessingPipeline[0]
      Processing assembly Library/Bee/artifacts/2000e0PDevDbg.dag/Unity.RenderPipelines.Core.ShaderLibrary.dll, with 123 defines and 193 references
[40m[32minfo[39m[22m[49m: Unity.ILPP.Runner.PostProcessingPipeline[0]
      processors: HybridCLR.AssemblyShadow.CodeGen.ReflectionBindingsILPostProcessor, zzzUnity.Burst.CodeGen.BurstILPostProcessor
[40m[32minfo[39m[22m[49m: Microsoft.AspNetCore.Routing.EndpointMiddleware[1]
      Executed endpoint 'gRPC - /UnityILPP.PostProcessing/PostProcessAssembly'
[40m[32minfo[39m[22m[49m: Microsoft.AspNetCore.Hosting.Diagnostics[2]
      Request finished HTTP/2 POST http://ilpp/UnityILPP.PostProcessing/PostProcessAssembly application/grpc - - 200 - application/grpc 13.4208ms
[40m[32minfo[39m[22m[49m: Microsoft.AspNetCore.Routing.EndpointMiddleware[1]
      Executed endpoint 'gRPC - /UnityILPP.PostProcessing/PostProcessAssembly'
[40m[32minfo[39m[22m[49m: Microsoft.AspNetCore.Hosting.Diagnostics[2]
      Request finished HTTP/2 POST http://ilpp/UnityILPP.PostProcessing/PostProcessAssembly application/grpc - - 200 - application/grpc 27.5975ms
[40m[32minfo[39m[22m[49m: Unity.ILPP.Runner.PostProcessingPipeline[0]
      running HybridCLR.AssemblyShadow.CodeGen.ReflectionBindingsILPostProcessor
[40m[32minfo[39m[22m[49m: Microsoft.AspNetCore.Hosting.Diagnostics[1]
      Request starting HTTP/2 POST http://ilpp/UnityILPP.PostProcessing/PostProcessAssembly application/grpc -
[40m[32minfo[39m[22m[49m: Microsoft.AspNetCore.Routing.EndpointMiddleware[0]
      Executing endpoint 'gRPC - /UnityILPP.PostProcessing/PostProcessAssembly'
[40m[32minfo[39m[22m[49m: Unity.ILPP.Runner.PostProcessingPipeline[0]
      running zzzUnity.Burst.CodeGen.BurstILPostProcessor
[40m[32minfo[39m[22m[49m: Microsoft.AspNetCore.Routing.EndpointMiddleware[1]
      Executed endpoint 'gRPC - /UnityILPP.PostProcessing/PostProcessAssembly'
[40m[32minfo[39m[22m[49m: Microsoft.AspNetCore.Hosting.Diagnostics[2]
      Request finished HTTP/2 POST http://ilpp/UnityILPP.PostProcessing/PostProcessAssembly application/grpc - - 200 - application/grpc 28.4304ms
[40m[32minfo[39m[22m[49m: Microsoft.AspNetCore.Hosting.Diagnostics[1]
      Request starting HTTP/2 POST http://ilpp/UnityILPP.PostProcessing/PostProcessAssembly application/grpc -
[40m[32minfo[39m[22m[49m: Microsoft.AspNetCore.Routing.EndpointMiddleware[0]
      Executing endpoint 'gRPC - /UnityILPP.PostProcessing/PostProcessAssembly'
[40m[32minfo[39m[22m[49m: Unity.ILPP.Runner.PostProcessingPipeline[0]
      Processing assembly Library/Bee/artifacts/2000e0PDevDbg.dag/Unity.TextMeshPro.dll, with 124 defines and 193 references
[40m[32minfo[39m[22m[49m: Unity.ILPP.Runner.PostProcessingPipeline[0]
      processors: HybridCLR.AssemblyShadow.CodeGen.ReflectionBindingsILPostProcessor, zzzUnity.Burst.CodeGen.BurstILPostProcessor
[40m[32minfo[39m[22m[49m: Unity.ILPP.Runner.PostProcessingPipeline[0]
      running HybridCLR.AssemblyShadow.CodeGen.ReflectionBindingsILPostProcessor
[40m[32minfo[39m[22m[49m: Unity.ILPP.Runner.PostProcessingPipeline[0]
      running zzzUnity.Burst.CodeGen.BurstILPostProcessor
[40m[32minfo[39m[22m[49m: Microsoft.AspNetCore.Routing.EndpointMiddleware[1]
      Executed endpoint 'gRPC - /UnityILPP.PostProcessing/PostProcessAssembly'
[40m[32minfo[39m[22m[49m: Microsoft.AspNetCore.Hosting.Diagnostics[2]
      Request finished HTTP/2 POST http://ilpp/UnityILPP.PostProcessing/PostProcessAssembly application/grpc - - 200 - application/grpc 24.3722ms
[40m[32minfo[39m[22m[49m: Unity.ILPP.Runner.PostProcessingPipeline[0]
      Processing assembly Library/Bee/artifacts/2000e0PDevDbg.dag/Unity.Mathematics.dll, with 123 defines and 193 references
[40m[32minfo[39m[22m[49m: Unity.ILPP.Runner.PostProcessingPipeline[0]
      processors: HybridCLR.AssemblyShadow.CodeGen.ReflectionBindingsILPostProcessor, zzzUnity.Burst.CodeGen.BurstILPostProcessor
[40m[32minfo[39m[22m[49m: Unity.ILPP.Runner.PostProcessingPipeline[0]
      running HybridCLR.AssemblyShadow.CodeGen.ReflectionBindingsILPostProcessor
[40m[32minfo[39m[22m[49m: Unity.ILPP.Runner.PostProcessingPipeline[0]
      running zzzUnity.Burst.CodeGen.BurstILPostProcessor
[40m[32minfo[39m[22m[49m: Microsoft.AspNetCore.Routing.EndpointMiddleware[1]
      Executed endpoint 'gRPC - /UnityILPP.PostProcessing/PostProcessAssembly'
[40m[32minfo[39m[22m[49m: Microsoft.AspNetCore.Hosting.Diagnostics[2]
      Request finished HTTP/2 POST http://ilpp/UnityILPP.PostProcessing/PostProcessAssembly application/grpc - - 200 - application/grpc 10.8547ms
[40m[32minfo[39m[22m[49m: Microsoft.AspNetCore.Hosting.Diagnostics[1]
      Request starting HTTP/2 POST http://ilpp/UnityILPP.PostProcessing/PostProcessAssembly application/grpc -
[40m[32minfo[39m[22m[49m: Microsoft.AspNetCore.Routing.EndpointMiddleware[0]
      Executing endpoint 'gRPC - /UnityILPP.PostProcessing/PostProcessAssembly'
[40m[32minfo[39m[22m[49m: Unity.ILPP.Runner.PostProcessingPipeline[0]
      Processing assembly Library/Bee/artifacts/2000e0PDevDbg.dag/Unity.RenderPipelines.Universal.2D.Internal.dll, with 123 defines and 193 references
[40m[32minfo[39m[22m[49m: Unity.ILPP.Runner.PostProcessingPipeline[0]
      processors: HybridCLR.AssemblyShadow.CodeGen.ReflectionBindingsILPostProcessor, zzzUnity.Burst.CodeGen.BurstILPostProcessor
[40m[32minfo[39m[22m[49m: Unity.ILPP.Runner.PostProcessingPipeline[0]
      running HybridCLR.AssemblyShadow.CodeGen.ReflectionBindingsILPostProcessor
[40m[32minfo[39m[22m[49m: Unity.ILPP.Runner.PostProcessingPipeline[0]
      running zzzUnity.Burst.CodeGen.BurstILPostProcessor
[40m[32minfo[39m[22m[49m: Microsoft.AspNetCore.Routing.EndpointMiddleware[1]
      Executed endpoint 'gRPC - /UnityILPP.PostProcessing/PostProcessAssembly'
[40m[32minfo[39m[22m[49m: Microsoft.AspNetCore.Hosting.Diagnostics[2]
      Request finished HTTP/2 POST http://ilpp/UnityILPP.PostProcessing/PostProcessAssembly application/grpc - - 200 - application/grpc 10.0625ms
[40m[32minfo[39m[22m[49m: Microsoft.AspNetCore.Routing.EndpointMiddleware[1]
      Executed endpoint 'gRPC - /UnityILPP.PostProcessing/PostProcessAssembly'
[40m[32minfo[39m[22m[49m: Microsoft.AspNetCore.Hosting.Diagnostics[2]
      Request finished HTTP/2 POST http://ilpp/UnityILPP.PostProcessing/PostProcessAssembly application/grpc - - 200 - application/grpc 195.7735ms
[40m[32minfo[39m[22m[49m: Unity.ILPP.Runner.PostProcessingPipeline[0]
      running zzzUnity.Burst.CodeGen.BurstILPostProcessor
[40m[32minfo[39m[22m[49m: Microsoft.AspNetCore.Routing.EndpointMiddleware[1]
      Executed endpoint 'gRPC - /UnityILPP.PostProcessing/PostProcessAssembly'
[40m[32minfo[39m[22m[49m: Microsoft.AspNetCore.Hosting.Diagnostics[2]
      Request finished HTTP/2 POST http://ilpp/UnityILPP.PostProcessing/PostProcessAssembly application/grpc - - 200 - application/grpc 1150.7749ms
[40m[32minfo[39m[22m[49m: Unity.ILPP.Runner.PostProcessingPipeline[0]
      running zzzUnity.Burst.CodeGen.BurstILPostProcessor
[40m[32minfo[39m[22m[49m: Microsoft.AspNetCore.Routing.EndpointMiddleware[1]
      Executed endpoint 'gRPC - /UnityILPP.PostProcessing/PostProcessAssembly'
[40m[32minfo[39m[22m[49m: Microsoft.AspNetCore.Hosting.Diagnostics[2]
      Request finished HTTP/2 POST http://ilpp/UnityILPP.PostProcessing/PostProcessAssembly application/grpc - - 200 - application/grpc 951.0262ms
ExitCode: 0 Duration: 3s474ms
Finished compiling graph: 573 nodes, 5659 flattened edges (4657 ToBuild, 86 ToUse), maximum node priority 301
[           0s] Delete 81 artifact files that are no longer in use. (like /Users/ah/GitHub/hybridclr/hybridclr_demo_shadow/_temp/AssemblyShadow/M05LayoutCompilerRegression-0f4b764177544ee8a7332ff26328daf8/CompilerOutput/Unity.RenderPipelines.ShaderGraph.ShaderGraphLibrary.pdb)
[128/572    0s] WriteText Library/Bee/artifacts/2000e0PDevDbg.dag/UnityEngine.UI.UnityAdditionalFile.txt
[129/572    0s] WriteText Library/Bee/artifacts/2000e0PDevDbg.dag/UnityEngine.UI.rsp2
[202/572    0s] WriteText Library/Bee/artifacts/2000e0PDevDbg.dag/UnityEngine.UI.rsp
[206/572    0s] WriteText Library/Bee/artifacts/2000e0PDevDbg.dag/UnityEngine.UI.dll.mvfrm.rsp
[209/572    0s] WriteText Library/Bee/artifacts/2000e0PDevDbg.dag/Unity.Mathematics.rsp2
[210/572    0s] WriteText Library/Bee/artifacts/2000e0PDevDbg.dag/Unity.Burst.UnityAdditionalFile.txt
[211/572    0s] WriteText Library/Bee/artifacts/2000e0PDevDbg.dag/Unity.RenderPipelines.Core.Runtime.UnityAdditionalFile.txt
[212/572    0s] WriteText Library/Bee/artifacts/2000e0PDevDbg.dag/Unity.Burst.rsp2
[213/572    0s] WriteText Library/Bee/artifacts/2000e0PDevDbg.dag/Unity.Mathematics.UnityAdditionalFile.txt
[214/572    0s] WriteText Library/Bee/artifacts/2000e0PDevDbg.dag/Unity.RenderPipelines.Core.Runtime.rsp2
[216/572    0s] WriteText Library/Bee/artifacts/2000e0PDevDbg.dag/Unity.Mathematics.dll.mvfrm.rsp
[217/572    0s] WriteText Library/Bee/artifacts/2000e0PDevDbg.dag/Unity.Mathematics.rsp
[218/572    0s] WriteText Library/Bee/artifacts/2000e0PDevDbg.dag/Unity.RenderPipelines.Core.Runtime.dll.mvfrm.rsp
[219/572    0s] WriteText Library/Bee/artifacts/2000e0PDevDbg.dag/Unity.Burst.dll.mvfrm.rsp
[220/572    0s] WriteText Library/Bee/artifacts/2000e0PDevDbg.dag/Unity.VisualScripting.Core.UnityAdditionalFile.txt
[221/572    0s] WriteText Library/Bee/artifacts/2000e0PDevDbg.dag/Unity.VisualScripting.Core.rsp2
[222/572    0s] WriteText Library/Bee/artifacts/2000e0PDevDbg.dag/Unity.RenderPipelines.Core.Runtime.rsp
[223/572    0s] WriteText Library/Bee/artifacts/2000e0PDevDbg.dag/Unity.VisualScripting.Core.dll.mvfrm.rsp
[224/572    0s] WriteText Library/Bee/artifacts/2000e0PDevDbg.dag/Unity.2D.Common.Runtime.UnityAdditionalFile.txt
[225/572    0s] WriteText Library/Bee/artifacts/2000e0PDevDbg.dag/Unity.Burst.rsp
[226/572    0s] WriteText Library/Bee/artifacts/2000e0PDevDbg.dag/Unity.2D.Common.Runtime.rsp2
[227/572    0s] WriteText Library/Bee/artifacts/2000e0PDevDbg.dag/Unity.VisualScripting.Core.rsp
[228/572    0s] WriteText Library/Bee/artifacts/2000e0PDevDbg.dag/Unity.InternalAPIEngineBridge.001.UnityAdditionalFile.txt
[229/572    0s] WriteText Library/Bee/artifacts/2000e0PDevDbg.dag/Unity.Collections.rsp2
[230/572    0s] WriteText Library/Bee/artifacts/2000e0PDevDbg.dag/Unity.Collections.UnityAdditionalFile.txt
[231/572    0s] WriteText Library/Bee/artifacts/2000e0PDevDbg.dag/Unity.InternalAPIEngineBridge.001.rsp2
[232/572    0s] WriteText Library/Bee/artifacts/2000e0PDevDbg.dag/Unity.RenderPipeline.Universal.ShaderLibrary.UnityAdditionalFile.txt
[233/572    0s] WriteText Library/Bee/artifacts/2000e0PDevDbg.dag/Unity.VisualScripting.Flow.rsp2
[234/572    0s] WriteText Library/Bee/artifacts/2000e0PDevDbg.dag/Unity.RenderPipeline.Universal.ShaderLibrary.rsp2
[235/572    0s] WriteText Library/Bee/artifacts/2000e0PDevDbg.dag/Unity.RenderPipelines.Universal.2D.Internal.UnityAdditionalFile.txt
[236/572    0s] WriteText Library/Bee/artifacts/2000e0PDevDbg.dag/Unity.VisualScripting.Flow.UnityAdditionalFile.txt
[237/572    0s] WriteText Library/Bee/artifacts/2000e0PDevDbg.dag/Unity.RenderPipelines.Universal.Config.Runtime.rsp2
[238/572    0s] WriteText Library/Bee/artifacts/2000e0PDevDbg.dag/Unity.RenderPipelines.Universal.2D.Internal.rsp2
[239/572    0s] WriteText Library/Bee/artifacts/2000e0PDevDbg.dag/Unity.RenderPipelines.Universal.Config.Runtime.UnityAdditionalFile.txt
[240/572    0s] WriteText Library/Bee/artifacts/2000e0PDevDbg.dag/Unity.2D.Common.Runtime.dll.mvfrm.rsp
[241/572    0s] WriteText Library/Bee/artifacts/2000e0PDevDbg.dag/Unity.InternalAPIEngineBridge.001.rsp
[242/572    0s] WriteText Library/Bee/artifacts/2000e0PDevDbg.dag/Unity.InternalAPIEngineBridge.001.dll.mvfrm.rsp
[243/572    0s] WriteText Library/Bee/artifacts/2000e0PDevDbg.dag/Unity.RenderPipelines.Universal.2D.Internal.dll.mvfrm.rsp
[244/572    0s] WriteText Library/Bee/artifacts/2000e0PDevDbg.dag/Unity.2D.Common.Runtime.rsp
[245/572    0s] WriteText Library/Bee/artifacts/2000e0PDevDbg.dag/Unity.RenderPipelines.Universal.Config.Runtime.dll.mvfrm.rsp
[246/572    0s] WriteText Library/Bee/artifacts/2000e0PDevDbg.dag/Unity.VisualScripting.Flow.dll.mvfrm.rsp
[247/572    0s] WriteText Library/Bee/artifacts/2000e0PDevDbg.dag/Unity.Collections.dll.mvfrm.rsp
[248/572    0s] WriteText Library/Bee/artifacts/2000e0PDevDbg.dag/AssemblyA.Contracts.UnityAdditionalFile.txt
[249/572    0s] WriteText Library/Bee/artifacts/2000e0PDevDbg.dag/Unity.RenderPipeline.Universal.ShaderLibrary.dll.mvfrm.rsp
[250/572    0s] WriteText Library/Bee/artifacts/2000e0PDevDbg.dag/AssemblyA.Contracts.rsp2
[251/572    0s] WriteText Library/Bee/artifacts/2000e0PDevDbg.dag/Unity.RenderPipelines.Universal.2D.Internal.rsp
[252/572    0s] WriteText Library/Bee/artifacts/2000e0PDevDbg.dag/Unity.Collections.rsp
[253/572    0s] WriteText Library/Bee/artifacts/2000e0PDevDbg.dag/Unity.RenderPipelines.Universal.Config.Runtime.rsp
[254/572    0s] WriteText Library/Bee/artifacts/2000e0PDevDbg.dag/Unity.VisualScripting.Flow.rsp
[255/572    0s] WriteText Library/Bee/artifacts/2000e0PDevDbg.dag/HybridCLR.Runtime.rsp2
[256/572    0s] WriteText Library/Bee/artifacts/2000e0PDevDbg.dag/Unity.RenderPipeline.Universal.ShaderLibrary.rsp
[257/572    0s] WriteText Library/Bee/artifacts/2000e0PDevDbg.dag/HybridCLR.Runtime.UnityAdditionalFile.txt
[258/572    0s] WriteText Library/Bee/artifacts/2000e0PDevDbg.dag/AssemblyA.Contracts.dll.mvfrm.rsp
[259/572    0s] WriteText Library/Bee/artifacts/2000e0PDevDbg.dag/Unity.2D.SpriteShape.Runtime.UnityAdditionalFile.txt
[260/572    0s] WriteText Library/Bee/artifacts/2000e0PDevDbg.dag/Unity.2D.PixelPerfect.rsp2
[261/572    0s] WriteText Library/Bee/artifacts/2000e0PDevDbg.dag/Unity.2D.SpriteShape.Runtime.rsp2
[262/572    0s] WriteText Library/Bee/artifacts/2000e0PDevDbg.dag/AssemblyA.Contracts.rsp
[263/572    0s] WriteText Library/Bee/artifacts/2000e0PDevDbg.dag/Unity.2D.Tilemap.Extras.UnityAdditionalFile.txt
[264/572    0s] WriteText Library/Bee/artifacts/2000e0PDevDbg.dag/Unity.2D.Tilemap.Extras.rsp2
[265/572    0s] WriteText Library/Bee/artifacts/2000e0PDevDbg.dag/Unity.RenderPipelines.Core.ShaderLibrary.UnityAdditionalFile.txt
[266/572    0s] WriteText Library/Bee/artifacts/2000e0PDevDbg.dag/Unity.RenderPipelines.ShaderGraph.ShaderGraphLibrary.UnityAdditionalFile.txt
[267/572    0s] WriteText Library/Bee/artifacts/2000e0PDevDbg.dag/Unity.RenderPipelines.Core.ShaderLibrary.rsp2
[268/572    0s] WriteText Library/Bee/artifacts/2000e0PDevDbg.dag/Unity.2D.PixelPerfect.UnityAdditionalFile.txt
[269/572    0s] WriteText Library/Bee/artifacts/2000e0PDevDbg.dag/Unity.RenderPipelines.ShaderGraph.ShaderGraphLibrary.rsp2
[270/572    0s] WriteText Library/Bee/artifacts/2000e0PDevDbg.dag/Unity.RenderPipelines.Universal.Runtime.UnityAdditionalFile.txt
[271/572    0s] WriteText Library/Bee/artifacts/2000e0PDevDbg.dag/Unity.2D.IK.Runtime.rsp2
[272/572    0s] WriteText Library/Bee/artifacts/2000e0PDevDbg.dag/Unity.RenderPipelines.Universal.Runtime.rsp2
[273/572    0s] WriteText Library/Bee/artifacts/2000e0PDevDbg.dag/Unity.RenderPipelines.Universal.Shaders.UnityAdditionalFile.txt
[274/572    0s] WriteText Library/Bee/artifacts/2000e0PDevDbg.dag/Unity.2D.Animation.Runtime.rsp2
[275/572    0s] WriteText Library/Bee/artifacts/2000e0PDevDbg.dag/Unity.RenderPipelines.Universal.Shaders.rsp2
[276/572    0s] WriteText Library/Bee/artifacts/2000e0PDevDbg.dag/Unity.2D.Animation.Runtime.UnityAdditionalFile.txt
[277/572    0s] WriteText Library/Bee/artifacts/2000e0PDevDbg.dag/Unity.TextMeshPro.UnityAdditionalFile.txt
[278/572    0s] WriteText Library/Bee/artifacts/2000e0PDevDbg.dag/HybridCLR.Runtime.dll.mvfrm.rsp
[279/572    0s] WriteText Library/Bee/artifacts/2000e0PDevDbg.dag/Unity.TextMeshPro.rsp2
[280/572    0s] WriteText Library/Bee/artifacts/2000e0PDevDbg.dag/Unity.VisualScripting.State.rsp2
[281/572    0s] WriteText Library/Bee/artifacts/2000e0PDevDbg.dag/Unity.Timeline.UnityAdditionalFile.txt
[282/572    0s] WriteText Library/Bee/artifacts/2000e0PDevDbg.dag/Unity.Timeline.rsp2
[283/572    0s] WriteText Library/Bee/artifacts/2000e0PDevDbg.dag/Unity.VisualScripting.State.UnityAdditionalFile.txt
[284/572    0s] WriteText Library/Bee/artifacts/2000e0PDevDbg.dag/Unity.2D.IK.Runtime.UnityAdditionalFile.txt
[285/572    0s] WriteText Library/Bee/artifacts/2000e0PDevDbg.dag/Unity.2D.Animation.Runtime.dll.mvfrm.rsp
[286/572    0s] WriteText Library/Bee/artifacts/2000e0PDevDbg.dag/Unity.TextMeshPro.dll.mvfrm.rsp
[287/572    0s] WriteText Library/Bee/artifacts/2000e0PDevDbg.dag/Unity.2D.IK.Runtime.dll.mvfrm.rsp
[288/572    0s] WriteText Library/Bee/artifacts/2000e0PDevDbg.dag/Unity.2D.SpriteShape.Runtime.dll.mvfrm.rsp
[289/572    0s] WriteText Library/Bee/artifacts/2000e0PDevDbg.dag/Unity.2D.PixelPerfect.dll.mvfrm.rsp
[290/572    0s] WriteText Library/Bee/artifacts/2000e0PDevDbg.dag/Unity.RenderPipelines.Core.ShaderLibrary.dll.mvfrm.rsp
[291/572    0s] WriteText Library/Bee/artifacts/2000e0PDevDbg.dag/Unity.2D.Tilemap.Extras.dll.mvfrm.rsp
[292/572    0s] WriteText Library/Bee/artifacts/2000e0PDevDbg.dag/Unity.RenderPipelines.ShaderGraph.ShaderGraphLibrary.dll.mvfrm.rsp
[293/572    0s] WriteText Library/Bee/artifacts/2000e0PDevDbg.dag/Unity.RenderPipelines.Universal.Shaders.dll.mvfrm.rsp
[294/572    0s] WriteText Library/Bee/artifacts/2000e0PDevDbg.dag/Unity.Timeline.dll.mvfrm.rsp
[295/572    0s] WriteText Library/Bee/artifacts/2000e0PDevDbg.dag/Unity.RenderPipelines.Universal.Runtime.dll.mvfrm.rsp
[296/572    0s] WriteText Library/Bee/artifacts/2000e0PDevDbg.dag/HybridCLR.Runtime.rsp
[297/572    0s] WriteText Library/Bee/artifacts/2000e0PDevDbg.dag/Unity.VisualScripting.State.dll.mvfrm.rsp
[298/572    0s] WriteText Library/Bee/artifacts/2000e0PDevDbg.dag/AssemblyA.Implementation.Extensibility.rsp2
[299/572    0s] WriteText Library/Bee/artifacts/2000e0PDevDbg.dag/AssemblyA.Implementation.Extensibility.UnityAdditionalFile.txt
[300/572    0s] WriteText Library/Bee/artifacts/2000e0PDevDbg.dag/Unity.2D.IK.Runtime.rsp
[301/572    0s] WriteText Library/Bee/artifacts/2000e0PDevDbg.dag/Unity.2D.SpriteShape.Runtime.rsp
[302/572    0s] WriteText Library/Bee/artifacts/2000e0PDevDbg.dag/Unity.2D.PixelPerfect.rsp
[303/572    0s] WriteText Library/Bee/artifacts/2000e0PDevDbg.dag/Unity.RenderPipelines.ShaderGraph.ShaderGraphLibrary.rsp
[304/572    0s] WriteText Library/Bee/artifacts/2000e0PDevDbg.dag/Unity.2D.Tilemap.Extras.rsp
[305/572    0s] WriteText Library/Bee/artifacts/2000e0PDevDbg.dag/Unity.RenderPipelines.Core.ShaderLibrary.rsp
[306/572    0s] WriteText Library/Bee/artifacts/2000e0PDevDbg.dag/Unity.RenderPipelines.Universal.Runtime.rsp
[307/572    0s] WriteText Library/Bee/artifacts/2000e0PDevDbg.dag/Unity.RenderPipelines.Universal.Shaders.rsp
[308/572    0s] WriteText Library/Bee/artifacts/2000e0PDevDbg.dag/Unity.TextMeshPro.rsp
[309/572    0s] WriteText Library/Bee/artifacts/2000e0PDevDbg.dag/Unity.Timeline.rsp
[310/572    0s] WriteText Library/Bee/artifacts/2000e0PDevDbg.dag/Unity.VisualScripting.State.rsp
[311/572    0s] WriteText Library/Bee/artifacts/2000e0PDevDbg.dag/Unity.2D.Animation.Runtime.rsp
[312/572    0s] WriteText Library/Bee/artifacts/2000e0PDevDbg.dag/AssemblyA.Implementation.Extensibility.dll.mvfrm.rsp
[313/572    0s] WriteText Library/Bee/artifacts/2000e0PDevDbg.dag/AssemblyShadowBaseline.Aot.rsp2
[314/572    0s] WriteText Library/Bee/artifacts/2000e0PDevDbg.dag/AssemblyShadowBaseline.Aot.UnityAdditionalFile.txt
[315/572    0s] WriteText Library/Bee/artifacts/2000e0PDevDbg.dag/AssemblyA.Implementation.Extensibility.rsp
[316/572    0s] WriteText Library/Bee/artifacts/2000e0PDevDbg.dag/AssemblyShadowBaseline.Aot.dll.mvfrm.rsp
[317/572    0s] WriteText Library/Bee/artifacts/2000e0PDevDbg.dag/AssemblyShadowBaseline.Aot.rsp
[318/572    0s] WriteText Library/Bee/artifacts/2000e0PDevDbg.dag/AssemblyShadowDemo.Bootstrap.dll.mvfrm.rsp
[319/572    0s] WriteText Library/Bee/artifacts/2000e0PDevDbg.dag/AssemblyShadowDemo.ExtensibilityConsumer.dll.mvfrm.rsp
[320/572    0s] WriteText Library/Bee/artifacts/2000e0PDevDbg.dag/Assembly-CSharp.dll.mvfrm.rsp
[321/572    0s] WriteText Library/Bee/artifacts/2000e0PDevDbg.dag/AssemblyShadowDemo.ContractsConsumer.dll.mvfrm.rsp
[322/572    0s] WriteText Library/Bee/artifacts/2000e0PDevDbg.dag/AssemblyShadowBaseline.HotUpdate.dll.mvfrm.rsp
[323/572    0s] WriteText Library/Bee/artifacts/2000e0PDevDbg.dag/AssemblyA.Implementation.Internal.dll.mvfrm.rsp
[324/572    0s] WriteText Library/Bee/artifacts/2000e0PDevDbg.dag/MCPForUnity.Runtime.dll.mvfrm.rsp
[326/572    0s] WriteText Library/Bee/artifacts/2000e0PDevDbg.dag/AssemblyA.Implementation.Internal.rsp2
[327/572    0s] WriteText Library/Bee/artifacts/2000e0PDevDbg.dag/AssemblyA.Implementation.Internal.UnityAdditionalFile.txt
[328/572    0s] WriteText Library/Bee/artifacts/2000e0PDevDbg.dag/MCPForUnity.Runtime.UnityAdditionalFile.txt
[329/572    0s] WriteText Library/Bee/artifacts/2000e0PDevDbg.dag/MCPForUnity.Runtime.rsp2
[330/572    0s] WriteText Library/Bee/artifacts/2000e0PDevDbg.dag/AssemblyShadowDemo.ExtensibilityConsumer.UnityAdditionalFile.txt
[331/572    0s] WriteText Library/Bee/artifacts/2000e0PDevDbg.dag/AssemblyShadowDemo.ExtensibilityConsumer.rsp2
[332/572    0s] WriteText Library/Bee/artifacts/2000e0PDevDbg.dag/AssemblyShadowDemo.Bootstrap.UnityAdditionalFile.txt
[333/572    0s] WriteText Library/Bee/artifacts/2000e0PDevDbg.dag/AssemblyShadowDemo.ContractsConsumer.rsp2
[334/572    0s] WriteText Library/Bee/artifacts/2000e0PDevDbg.dag/AssemblyShadowDemo.ContractsConsumer.UnityAdditionalFile.txt
[335/572    0s] WriteText Library/Bee/artifacts/2000e0PDevDbg.dag/Assembly-CSharp.UnityAdditionalFile.txt
[336/572    0s] WriteText Library/Bee/artifacts/2000e0PDevDbg.dag/AssemblyShadowDemo.Bootstrap.rsp2
[337/572    0s] WriteText Library/Bee/artifacts/2000e0PDevDbg.dag/Assembly-CSharp.rsp2
[338/572    0s] WriteText Library/Bee/artifacts/2000e0PDevDbg.dag/AssemblyShadowBaseline.HotUpdate.rsp2
[339/572    0s] WriteText Library/Bee/artifacts/2000e0PDevDbg.dag/AssemblyShadowBaseline.HotUpdate.UnityAdditionalFile.txt
[340/572    0s] WriteText Library/Bee/artifacts/2000e0PDevDbg.dag/AssemblyA.Implementation.Internal.rsp
[341/572    0s] WriteText Library/Bee/artifacts/2000e0PDevDbg.dag/MCPForUnity.Runtime.rsp
[342/572    0s] WriteText Library/Bee/artifacts/2000e0PDevDbg.dag/AssemblyShadowDemo.ContractsConsumer.rsp
[343/572    0s] WriteText Library/Bee/artifacts/2000e0PDevDbg.dag/AssemblyShadowDemo.Bootstrap.rsp
[344/572    0s] WriteText Library/Bee/artifacts/2000e0PDevDbg.dag/UnityEngine.TestRunner.rsp2
[345/572    0s] WriteText Library/Bee/artifacts/2000e0PDevDbg.dag/AssemblyShadowBaseline.HotUpdate.rsp
[346/572    0s] WriteText Library/Bee/artifacts/2000e0PDevDbg.dag/Assembly-CSharp.rsp
[348/572    0s] WriteText Library/Bee/artifacts/2000e0PDevDbg.dag/UnityEngine.TestRunner.dll.mvfrm.rsp
[349/572    0s] WriteText Library/Bee/artifacts/2000e0PDevDbg.dag/UnityEngine.TestRunner.UnityAdditionalFile.txt
[351/572    0s] WriteText Library/Bee/artifacts/2000e0PDevDbg.dag/AssemblyShadowDemo.ExtensibilityConsumer.rsp
[352/572    0s] WriteText Library/Bee/artifacts/2000e0PDevDbg.dag/UnityEngine.TestRunner.rsp
[366/572    0s] MovedFromExtractorCombine Library/Bee/artifacts/2000e0PDevDbg.dag/UnityEngine.UI.dll.mvfrm
[367/572    0s] MovedFromExtractorCombine Library/Bee/artifacts/2000e0PDevDbg.dag/AssemblyA.Contracts.dll.mvfrm
[368/572    0s] MovedFromExtractorCombine Library/Bee/artifacts/2000e0PDevDbg.dag/AssemblyShadowBaseline.HotUpdate.dll.mvfrm
[369/572    0s] MovedFromExtractorCombine Library/Bee/artifacts/2000e0PDevDbg.dag/AssemblyShadowDemo.ContractsConsumer.dll.mvfrm
[369/572    0s] Csc Library/Bee/artifacts/2000e0PDevDbg.dag/UnityEngine.UI.dll (+2 others) [CacheHit d0390a8bb854b8d25b9dab1b3eef626b00000000000000000000000000000003]
[370/572   1787926001s] Csc Library/Bee/artifacts/2000e0PDevDbg.dag/UnityEngine.UI.dll (+2 others)
[372/572    0s] MovedFromExtractorCombine Library/Bee/artifacts/2000e0PDevDbg.dag/UnityEngine.TestRunner.dll.mvfrm
[371/572    0s] Csc Library/Bee/artifacts/2000e0PDevDbg.dag/UnityEngine.TestRunner.dll (+2 others) [CacheHit 50e19062b6ef3c07c8092844a09c22d400000000000000000000000000000003]
[373/572   1787926001s] Csc Library/Bee/artifacts/2000e0PDevDbg.dag/UnityEngine.TestRunner.dll (+2 others)
[375/572    0s] CopyFiles /Users/ah/GitHub/hybridclr/hybridclr_demo_shadow/_temp/AssemblyShadow/M05Fixtures-71857c4c1550462ab50b27cb2d4ab1d2/P01-compile/CompilerOutput/UnityEngine.TestRunner.dll
[376/572    0s] CopyFiles /Users/ah/GitHub/hybridclr/hybridclr_demo_shadow/_temp/AssemblyShadow/M05Fixtures-71857c4c1550462ab50b27cb2d4ab1d2/P01-compile/CompilerOutput/UnityEngine.TestRunner.pdb
[377/572    0s] Csc Library/Bee/artifacts/2000e0PDevDbg.dag/AssemblyShadowBaseline.HotUpdate.dll (+2 others)
[378/572    0s] Csc Library/Bee/artifacts/2000e0PDevDbg.dag/AssemblyA.Contracts.dll (+2 others)
[379/572    0s] ILPP-Configuration Library/ilpp-configuration.nevergeneratedoutput
[380/572    0s] MovedFromExtractor Library/Bee/artifacts/mvdfrm/UnityEngine.UI.ref.dll_A84873F9B95ADCFD.mvfrm
[381/572    0s] MovedFromExtractorCombine Library/Bee/artifacts/2000e0PDevDbg.dag/Unity.RenderPipelines.Core.Runtime.dll.mvfrm
[382/572    0s] MovedFromExtractorCombine Library/Bee/artifacts/2000e0PDevDbg.dag/Unity.InternalAPIEngineBridge.001.dll.mvfrm
[383/572    0s] MovedFromExtractorCombine Library/Bee/artifacts/2000e0PDevDbg.dag/Unity.RenderPipelines.Universal.2D.Internal.dll.mvfrm
[384/572    0s] MovedFromExtractorCombine Library/Bee/artifacts/2000e0PDevDbg.dag/Unity.Mathematics.dll.mvfrm
[385/572    0s] MovedFromExtractorCombine Library/Bee/artifacts/2000e0PDevDbg.dag/Unity.Burst.dll.mvfrm
[386/572    0s] MovedFromExtractorCombine Library/Bee/artifacts/2000e0PDevDbg.dag/Unity.VisualScripting.Core.dll.mvfrm
[384/572    0s] Csc Library/Bee/artifacts/2000e0PDevDbg.dag/Unity.RenderPipelines.Core.Runtime.dll (+2 others) [CacheHit 856ad0bbc083a94612c5b79a54710c4c00000000000000000000000000000003]
[387/572   1787926002s] Csc Library/Bee/artifacts/2000e0PDevDbg.dag/Unity.RenderPipelines.Core.Runtime.dll (+2 others)
[385/572    0s] Csc Library/Bee/artifacts/2000e0PDevDbg.dag/Unity.Burst.dll (+2 others) [CacheHit 85b5f816e6faed306072272448d3157f00000000000000000000000000000003]
[389/572   1787926002s] Csc Library/Bee/artifacts/2000e0PDevDbg.dag/Unity.Burst.dll (+2 others)
[386/572    0s] Csc Library/Bee/artifacts/2000e0PDevDbg.dag/Unity.RenderPipelines.Universal.2D.Internal.dll (+2 others) [CacheHit 909108877825ae5d6d92786a554837b100000000000000000000000000000003]
[391/572   1787926002s] Csc Library/Bee/artifacts/2000e0PDevDbg.dag/Unity.RenderPipelines.Universal.2D.Internal.dll (+2 others)
[387/572    0s] Csc Library/Bee/artifacts/2000e0PDevDbg.dag/Unity.InternalAPIEngineBridge.001.dll (+2 others) [CacheHit 053781575bc317bdf29810a8f0de98c700000000000000000000000000000003]
[393/572   1787926002s] Csc Library/Bee/artifacts/2000e0PDevDbg.dag/Unity.InternalAPIEngineBridge.001.dll (+2 others)
[388/572    0s] Csc Library/Bee/artifacts/2000e0PDevDbg.dag/Unity.VisualScripting.Core.dll (+2 others) [CacheHit db30ba693902def3bbbf5ffc964b850000000000000000000000000000000003]
[395/572   1787926002s] Csc Library/Bee/artifacts/2000e0PDevDbg.dag/Unity.VisualScripting.Core.dll (+2 others)
[389/572    0s] Csc Library/Bee/artifacts/2000e0PDevDbg.dag/Unity.Mathematics.dll (+2 others) [CacheHit a78ef285cc7e641aebfdee6504d15a9f00000000000000000000000000000003]
[397/572   1787926002s] Csc Library/Bee/artifacts/2000e0PDevDbg.dag/Unity.Mathematics.dll (+2 others)
[399/572    0s] Csc Library/Bee/artifacts/2000e0PDevDbg.dag/AssemblyShadowDemo.ContractsConsumer.dll (+2 others)
[400/572    0s] MovedFromExtractorCombine Library/Bee/artifacts/2000e0PDevDbg.dag/HybridCLR.Runtime.dll.mvfrm
[401/572    0s] ILPostProcess Library/Bee/artifacts/2000e0PDevDbg.dag/post-processed/AssemblyShadowBaseline.HotUpdate.dll (+pdb)
Processing assembly Library/Bee/artifacts/2000e0PDevDbg.dag/AssemblyShadowBaseline.HotUpdate.dll, with 123 defines and 125 references
processors: HybridCLR.AssemblyShadow.CodeGen.ReflectionBindingsILPostProcessor, zzzUnity.Burst.CodeGen.BurstILPostProcessor
running HybridCLR.AssemblyShadow.CodeGen.ReflectionBindingsILPostProcessor
running zzzUnity.Burst.CodeGen.BurstILPostProcessor
[402/572    0s] ILPostProcess Library/Bee/artifacts/2000e0PDevDbg.dag/post-processed/AssemblyA.Contracts.dll (+pdb)
Processing assembly Library/Bee/artifacts/2000e0PDevDbg.dag/AssemblyA.Contracts.dll, with 123 defines and 125 references
processors: HybridCLR.AssemblyShadow.CodeGen.ReflectionBindingsILPostProcessor, zzzUnity.Burst.CodeGen.BurstILPostProcessor
running HybridCLR.AssemblyShadow.CodeGen.ReflectionBindingsILPostProcessor
running zzzUnity.Burst.CodeGen.BurstILPostProcessor
[403/572    0s] ILPostProcess Library/Bee/artifacts/2000e0PDevDbg.dag/post-processed/UnityEngine.UI.dll (+pdb)
Processing assembly Library/Bee/artifacts/2000e0PDevDbg.dag/UnityEngine.UI.dll, with 128 defines and 192 references
processors: HybridCLR.AssemblyShadow.CodeGen.ReflectionBindingsILPostProcessor, zzzUnity.Burst.CodeGen.BurstILPostProcessor
running HybridCLR.AssemblyShadow.CodeGen.ReflectionBindingsILPostProcessor
running zzzUnity.Burst.CodeGen.BurstILPostProcessor
[392/572    0s] Csc Library/Bee/artifacts/2000e0PDevDbg.dag/HybridCLR.Runtime.dll (+2 others) [CacheHit ed1962a2e1e0417b83ef07ead6feec1900000000000000000000000000000003]
[404/572   1787926002s] Csc Library/Bee/artifacts/2000e0PDevDbg.dag/HybridCLR.Runtime.dll (+2 others)
[406/572    0s] MovedFromExtractor Library/Bee/artifacts/mvdfrm/Unity.RenderPipelines.Universal.2D.Internal.ref.dll_9AC23CEE8C6D8EFE.mvfrm
[407/572    0s] MovedFromExtractor Library/Bee/artifacts/mvdfrm/Unity.Mathematics.ref.dll_E901A2A0AE087BC1.mvfrm
[408/572    0s] MovedFromExtractor Library/Bee/artifacts/mvdfrm/Unity.InternalAPIEngineBridge.001.ref.dll_7F48A6AAC55105B6.mvfrm
[409/572    0s] MovedFromExtractor Library/Bee/artifacts/mvdfrm/Unity.Burst.ref.dll_9DB11BB01D9F30BB.mvfrm
[410/572    0s] MovedFromExtractor Library/Bee/artifacts/mvdfrm/Unity.RenderPipelines.Core.Runtime.ref.dll_7D38422255B966E7.mvfrm
[411/572    0s] MovedFromExtractor Library/Bee/artifacts/mvdfrm/Unity.VisualScripting.Core.ref.dll_09B6A30737CF2251.mvfrm
[412/572    0s] MovedFromExtractorCombine Library/Bee/artifacts/2000e0PDevDbg.dag/Unity.2D.Tilemap.Extras.dll.mvfrm
[413/572    0s] MovedFromExtractorCombine Library/Bee/artifacts/2000e0PDevDbg.dag/Unity.2D.Common.Runtime.dll.mvfrm
[414/572    0s] MovedFromExtractorCombine Library/Bee/artifacts/2000e0PDevDbg.dag/Unity.RenderPipelines.Universal.Shaders.dll.mvfrm
[415/572    0s] MovedFromExtractorCombine Library/Bee/artifacts/2000e0PDevDbg.dag/Unity.Timeline.dll.mvfrm
[416/572    0s] MovedFromExtractorCombine Library/Bee/artifacts/2000e0PDevDbg.dag/Unity.TextMeshPro.dll.mvfrm
[417/572    0s] MovedFromExtractorCombine Library/Bee/artifacts/2000e0PDevDbg.dag/Unity.RenderPipelines.Core.ShaderLibrary.dll.mvfrm
[418/572    0s] MovedFromExtractorCombine Library/Bee/artifacts/2000e0PDevDbg.dag/Unity.2D.IK.Runtime.dll.mvfrm
[419/572    0s] MovedFromExtractorCombine Library/Bee/artifacts/2000e0PDevDbg.dag/Unity.Collections.dll.mvfrm
[420/572    0s] MovedFromExtractorCombine Library/Bee/artifacts/2000e0PDevDbg.dag/Unity.RenderPipelines.Universal.Config.Runtime.dll.mvfrm
[421/572    0s] MovedFromExtractorCombine Library/Bee/artifacts/2000e0PDevDbg.dag/Unity.VisualScripting.Flow.dll.mvfrm
[412/572    0s] Csc Library/Bee/artifacts/2000e0PDevDbg.dag/Unity.TextMeshPro.dll (+2 others) [CacheHit f034cd04d7ac39d68d4d3e5eaa0d13f200000000000000000000000000000003]
[422/572   1787926002s] Csc Library/Bee/artifacts/2000e0PDevDbg.dag/Unity.TextMeshPro.dll (+2 others)
[413/572    0s] Csc Library/Bee/artifacts/2000e0PDevDbg.dag/Unity.RenderPipelines.Core.ShaderLibrary.dll (+2 others) [CacheHit e3ccb814e00761009284677dbbb92b2400000000000000000000000000000003]
[424/572   1787926002s] Csc Library/Bee/artifacts/2000e0PDevDbg.dag/Unity.RenderPipelines.Core.ShaderLibrary.dll (+2 others)
[414/572    0s] Csc Library/Bee/artifacts/2000e0PDevDbg.dag/Unity.2D.IK.Runtime.dll (+2 others) [CacheHit 5146d26b96d944799ead9927055c9fc800000000000000000000000000000003]
[426/572   1787926002s] Csc Library/Bee/artifacts/2000e0PDevDbg.dag/Unity.2D.IK.Runtime.dll (+2 others)
[415/572    0s] Csc Library/Bee/artifacts/2000e0PDevDbg.dag/Unity.Timeline.dll (+2 others) [CacheHit f1e1cefb20584bc8e2b95f3042c945dc00000000000000000000000000000003]
[428/572   1787926002s] Csc Library/Bee/artifacts/2000e0PDevDbg.dag/Unity.Timeline.dll (+2 others)
[416/572    0s] Csc Library/Bee/artifacts/2000e0PDevDbg.dag/Unity.Collections.dll (+2 others) [CacheHit 28cd6806901e9b20a7d1a4b6524a303f00000000000000000000000000000003]
[430/572   1787926002s] Csc Library/Bee/artifacts/2000e0PDevDbg.dag/Unity.Collections.dll (+2 others)
[417/572    0s] Csc Library/Bee/artifacts/2000e0PDevDbg.dag/Unity.VisualScripting.Flow.dll (+2 others) [CacheHit 4ab623addc74abb7247bdb535acc9b0700000000000000000000000000000003]
[417/572    0s] Csc Library/Bee/artifacts/2000e0PDevDbg.dag/Unity.RenderPipelines.Universal.Shaders.dll (+2 others) [CacheHit a5ae4698e0106e58136f17369289aba500000000000000000000000000000003]
[417/572    0s] Csc Library/Bee/artifacts/2000e0PDevDbg.dag/Unity.RenderPipelines.Universal.Config.Runtime.dll (+2 others) [CacheHit 3562897fdae1d0474086f5d5f0f82d6100000000000000000000000000000003]
[432/572   1787926002s] Csc Library/Bee/artifacts/2000e0PDevDbg.dag/Unity.RenderPipelines.Universal.Shaders.dll (+2 others)
[434/572   1787926002s] Csc Library/Bee/artifacts/2000e0PDevDbg.dag/Unity.VisualScripting.Flow.dll (+2 others)
[436/572   1787926002s] Csc Library/Bee/artifacts/2000e0PDevDbg.dag/Unity.RenderPipelines.Universal.Config.Runtime.dll (+2 others)
[420/572    0s] Csc Library/Bee/artifacts/2000e0PDevDbg.dag/Unity.2D.Tilemap.Extras.dll (+2 others) [CacheHit 355070f58511ccca0884983219d8eeb000000000000000000000000000000003]
[438/572   1787926002s] Csc Library/Bee/artifacts/2000e0PDevDbg.dag/Unity.2D.Tilemap.Extras.dll (+2 others)
[440/572    0s] MovedFromExtractorCombine Library/Bee/artifacts/2000e0PDevDbg.dag/Unity.RenderPipeline.Universal.ShaderLibrary.dll.mvfrm
[422/572    0s] Csc Library/Bee/artifacts/2000e0PDevDbg.dag/Unity.RenderPipeline.Universal.ShaderLibrary.dll (+2 others) [CacheHit 160fde2314543ec3672edc3834696e1200000000000000000000000000000003]
[422/572    0s] Csc Library/Bee/artifacts/2000e0PDevDbg.dag/Unity.2D.Common.Runtime.dll (+2 others) [CacheHit 4c9103d7504934b5be29d723c020cd1700000000000000000000000000000003]
[441/572   1787926002s] Csc Library/Bee/artifacts/2000e0PDevDbg.dag/Unity.RenderPipeline.Universal.ShaderLibrary.dll (+2 others)
[443/572    0s] MovedFromExtractorCombine Library/Bee/artifacts/2000e0PDevDbg.dag/Unity.RenderPipelines.ShaderGraph.ShaderGraphLibrary.dll.mvfrm
[444/572   1787926002s] Csc Library/Bee/artifacts/2000e0PDevDbg.dag/Unity.2D.Common.Runtime.dll (+2 others)
[446/572    0s] MovedFromExtractorCombine Library/Bee/artifacts/2000e0PDevDbg.dag/Unity.2D.PixelPerfect.dll.mvfrm
[426/572    0s] Csc Library/Bee/artifacts/2000e0PDevDbg.dag/Unity.2D.PixelPerfect.dll (+2 others) [CacheHit b413035b864b291acea5583fa4a8328000000000000000000000000000000003]
[426/572    0s] Csc Library/Bee/artifacts/2000e0PDevDbg.dag/Unity.RenderPipelines.ShaderGraph.ShaderGraphLibrary.dll (+2 others) [CacheHit d8dac1e47957f1933eed261df7d5460800000000000000000000000000000003]
[447/572   1787926002s] Csc Library/Bee/artifacts/2000e0PDevDbg.dag/Unity.2D.PixelPerfect.dll (+2 others)
[449/572   1787926002s] Csc Library/Bee/artifacts/2000e0PDevDbg.dag/Unity.RenderPipelines.ShaderGraph.ShaderGraphLibrary.dll (+2 others)
[451/572    0s] MovedFromExtractorCombine Library/Bee/artifacts/2000e0PDevDbg.dag/AssemblyA.Implementation.Extensibility.dll.mvfrm
[452/572    0s] MovedFromExtractorCombine Library/Bee/artifacts/2000e0PDevDbg.dag/AssemblyShadowBaseline.Aot.dll.mvfrm
[453/572    0s] MovedFromExtractor Library/Bee/artifacts/mvdfrm/Unity.RenderPipelines.Universal.Config.Runtime.ref.dll_B3982EA9B4AFE1DD.mvfrm
[454/572    0s] MovedFromExtractor Library/Bee/artifacts/mvdfrm/Unity.Collections.ref.dll_657F3B96082D0340.mvfrm
[455/572    0s] MovedFromExtractor Library/Bee/artifacts/mvdfrm/Unity.2D.Tilemap.Extras.ref.dll_9CBB72A7DE10430A.mvfrm
[456/572    0s] MovedFromExtractor Library/Bee/artifacts/mvdfrm/Unity.VisualScripting.Flow.ref.dll_50C7835DB9D89700.mvfrm
[457/572    0s] MovedFromExtractor Library/Bee/artifacts/mvdfrm/Unity.2D.Common.Runtime.ref.dll_DD16CC71833CA17C.mvfrm
[458/572    0s] MovedFromExtractor Library/Bee/artifacts/mvdfrm/Unity.RenderPipeline.Universal.ShaderLibrary.ref.dll_2FF98A5AAC7AF588.mvfrm
[459/572    0s] MovedFromExtractor Library/Bee/artifacts/mvdfrm/Unity.RenderPipelines.ShaderGraph.ShaderGraphLibrary.ref.dll_D20EBEC9689DC595.mvfrm
[460/572    0s] MovedFromExtractor Library/Bee/artifacts/mvdfrm/Unity.2D.PixelPerfect.ref.dll_DF21F5D6E1B5D97E.mvfrm
[461/572    0s] MovedFromExtractorCombine Library/Bee/artifacts/2000e0PDevDbg.dag/Unity.VisualScripting.State.dll.mvfrm
[439/572    0s] Csc Library/Bee/artifacts/2000e0PDevDbg.dag/Unity.VisualScripting.State.dll (+2 others) [CacheHit 203e4602f0ec20ac835c09e68dc353ce00000000000000000000000000000003]
[462/572   1787926002s] Csc Library/Bee/artifacts/2000e0PDevDbg.dag/Unity.VisualScripting.State.dll (+2 others)
[464/572    0s] Csc Library/Bee/artifacts/2000e0PDevDbg.dag/AssemblyA.Implementation.Extensibility.dll (+2 others)
[465/572    0s] MovedFromExtractor Library/Bee/artifacts/mvdfrm/Unity.RenderPipelines.Universal.Shaders.ref.dll_36BDB1568D7C37B3.mvfrm
[466/572    0s] MovedFromExtractor Library/Bee/artifacts/mvdfrm/Unity.Timeline.ref.dll_0166A7A17440BF2C.mvfrm
[467/572    0s] MovedFromExtractor Library/Bee/artifacts/mvdfrm/Unity.2D.IK.Runtime.ref.dll_36B675719FCFF593.mvfrm
[468/572    0s] MovedFromExtractorCombine Library/Bee/artifacts/2000e0PDevDbg.dag/Unity.RenderPipelines.Universal.Runtime.dll.mvfrm
[469/572    0s] MovedFromExtractorCombine Library/Bee/artifacts/2000e0PDevDbg.dag/Unity.2D.SpriteShape.Runtime.dll.mvfrm
[470/572    0s] MovedFromExtractorCombine Library/Bee/artifacts/2000e0PDevDbg.dag/Unity.2D.Animation.Runtime.dll.mvfrm
[447/572    0s] Csc Library/Bee/artifacts/2000e0PDevDbg.dag/Unity.RenderPipelines.Universal.Runtime.dll (+2 others) [CacheHit 0e4df411e2aac7b1818ce1d30d645b8d00000000000000000000000000000003]
[471/572   1787926002s] Csc Library/Bee/artifacts/2000e0PDevDbg.dag/Unity.RenderPipelines.Universal.Runtime.dll (+2 others)
[448/572    0s] Csc Library/Bee/artifacts/2000e0PDevDbg.dag/Unity.2D.Animation.Runtime.dll (+2 others) [CacheHit 87e62f9ee48b5bf490d87d1963384ce700000000000000000000000000000003]
[473/572   1787926002s] Csc Library/Bee/artifacts/2000e0PDevDbg.dag/Unity.2D.Animation.Runtime.dll (+2 others)
[475/572    0s] MovedFromExtractor Library/Bee/artifacts/mvdfrm/Unity.RenderPipelines.Core.ShaderLibrary.ref.dll_7E5D5C8083A395D5.mvfrm
[450/572    0s] Csc Library/Bee/artifacts/2000e0PDevDbg.dag/Unity.2D.SpriteShape.Runtime.dll (+2 others) [CacheHit 9c9845a552bd08f939050c75cf5e8ead00000000000000000000000000000003]
[476/572   1787926002s] Csc Library/Bee/artifacts/2000e0PDevDbg.dag/Unity.2D.SpriteShape.Runtime.dll (+2 others)
[478/572    0s] MovedFromExtractor Library/Bee/artifacts/mvdfrm/Unity.TextMeshPro.ref.dll_84B5F0C2DE7DE74E.mvfrm
[479/572    0s] MovedFromExtractorCombine Library/Bee/artifacts/2000e0PDevDbg.dag/MCPForUnity.Runtime.dll.mvfrm
[480/572    0s] MovedFromExtractorCombine Library/Bee/artifacts/2000e0PDevDbg.dag/AssemblyShadowDemo.Bootstrap.dll.mvfrm
[454/572    0s] Csc Library/Bee/artifacts/2000e0PDevDbg.dag/MCPForUnity.Runtime.dll (+2 others) [CacheHit ea6001617bb6341cff5e93fbd05be5ff00000000000000000000000000000003]
[481/572   1787926002s] Csc Library/Bee/artifacts/2000e0PDevDbg.dag/MCPForUnity.Runtime.dll (+2 others)
[483/572    0s] MovedFromExtractorCombine Library/Bee/artifacts/2000e0PDevDbg.dag/AssemblyShadowDemo.ExtensibilityConsumer.dll.mvfrm
[484/572    0s] Csc Library/Bee/artifacts/2000e0PDevDbg.dag/AssemblyShadowBaseline.Aot.dll (+2 others)
[485/572    0s] MovedFromExtractor Library/Bee/artifacts/mvdfrm/Unity.VisualScripting.State.ref.dll_4B1A406020E40EB5.mvfrm
[486/572    0s] MovedFromExtractorCombine Library/Bee/artifacts/2000e0PDevDbg.dag/AssemblyA.Implementation.Internal.dll.mvfrm
[487/572    0s] MovedFromExtractor Library/Bee/artifacts/mvdfrm/Unity.2D.Animation.Runtime.ref.dll_99A0154754B4374D.mvfrm
[488/572    0s] MovedFromExtractor Library/Bee/artifacts/mvdfrm/Unity.2D.SpriteShape.Runtime.ref.dll_025DFF7F909F84C5.mvfrm
[489/572    0s] MovedFromExtractor Library/Bee/artifacts/mvdfrm/Unity.RenderPipelines.Universal.Runtime.ref.dll_F655A20D4F0D9C7D.mvfrm
[490/572    0s] Csc Library/Bee/artifacts/2000e0PDevDbg.dag/AssemblyShadowDemo.ExtensibilityConsumer.dll (+2 others)
[491/572    0s] MovedFromExtractorCombine Library/Bee/artifacts/2000e0PDevDbg.dag/Assembly-CSharp.dll.mvfrm
[492/572    0s] ILPostProcess Library/Bee/artifacts/2000e0PDevDbg.dag/post-processed/MCPForUnity.Runtime.dll (+pdb)
Processing assembly Library/Bee/artifacts/2000e0PDevDbg.dag/MCPForUnity.Runtime.dll, with 123 defines and 191 references
processors: HybridCLR.AssemblyShadow.CodeGen.ReflectionBindingsILPostProcessor, zzzUnity.Burst.CodeGen.BurstILPostProcessor
running HybridCLR.AssemblyShadow.CodeGen.ReflectionBindingsILPostProcessor
running zzzUnity.Burst.CodeGen.BurstILPostProcessor
[493/572    0s] Csc Library/Bee/artifacts/2000e0PDevDbg.dag/AssemblyA.Implementation.Internal.dll (+2 others)
[494/572    0s] Csc Library/Bee/artifacts/2000e0PDevDbg.dag/AssemblyShadowDemo.Bootstrap.dll (+2 others)
Assets/AssemblyShadowDemo/Bootstrap/ShadowBootstrap.cs(59,31): warning CS0618: 'RuntimeApi.GetAssemblyShadowPrototypeDiagnostics()' is obsolete: 'Assembly Shadow Prototype was retired; use GetDiagnosticsJson.'
Assets/AssemblyShadowDemo/Bootstrap/ShadowBootstrap.cs(92,61): warning CS0618: 'RuntimeApi.GetAssemblyShadowPrototypeDiagnostics()' is obsolete: 'Assembly Shadow Prototype was retired; use GetDiagnosticsJson.'
Assets/AssemblyShadowDemo/Bootstrap/ShadowBootstrap.cs(133,35): warning CS0618: 'RuntimeApi.LoadAssemblyShadowPrototype(byte[], byte[])' is obsolete: 'Assembly Shadow Prototype was retired; use ConfigureCandidates/BeginTransaction/StageAssembly.'
Assets/AssemblyShadowDemo/Bootstrap/ShadowBootstrap.cs(137,25): warning CS0618: 'RuntimeApi.ActivateAssemblyShadowPrototype(string)' is obsolete: 'Assembly Shadow Prototype was retired; use CommitTransaction.'
Assets/AssemblyShadowDemo/Bootstrap/ShadowBootstrap.cs(290,51): warning CS0618: 'RuntimeApi.SetAssemblyShadowPrototypePhase(string)' is obsolete: 'Assembly Shadow Prototype was retired; use generalized diagnostics.'
Assets/AssemblyShadowDemo/Bootstrap/ShadowBootstrap.cs(291,108): warning CS0618: 'RuntimeApi.InspectAssemblyShadowPrototypeObject(object)' is obsolete: 'Assembly Shadow Prototype was retired; use generalized diagnostics.'
Assets/AssemblyShadowDemo/Bootstrap/ShadowBootstrap.cs(292,114): warning CS0618: 'RuntimeApi.InspectAssemblyShadowPrototypeAssembly(Assembly)' is obsolete: 'Assembly Shadow Prototype was retired; use generalized diagnostics.'
[495/572    0s] Csc Library/Bee/artifacts/2000e0PDevDbg.dag/Assembly-CSharp.dll (+2 others)
[496/572    0s] ILPostProcess Library/Bee/artifacts/2000e0PDevDbg.dag/post-processed/Unity.VisualScripting.State.dll (+pdb)
Processing assembly Library/Bee/artifacts/2000e0PDevDbg.dag/Unity.VisualScripting.State.dll, with 123 defines and 195 references
processors: HybridCLR.AssemblyShadow.CodeGen.ReflectionBindingsILPostProcessor, zzzUnity.Burst.CodeGen.BurstILPostProcessor
running HybridCLR.AssemblyShadow.CodeGen.ReflectionBindingsILPostProcessor
running zzzUnity.Burst.CodeGen.BurstILPostProcessor
[497/572    0s] ILPostProcess Library/Bee/artifacts/2000e0PDevDbg.dag/post-processed/AssemblyShadowDemo.ExtensibilityConsumer.dll (+pdb)
Processing assembly Library/Bee/artifacts/2000e0PDevDbg.dag/AssemblyShadowDemo.ExtensibilityConsumer.dll, with 123 defines and 195 references
processors: HybridCLR.AssemblyShadow.CodeGen.ReflectionBindingsILPostProcessor, zzzUnity.Burst.CodeGen.BurstILPostProcessor
running HybridCLR.AssemblyShadow.CodeGen.ReflectionBindingsILPostProcessor
running zzzUnity.Burst.CodeGen.BurstILPostProcessor
[498/572    0s] ILPostProcess Library/Bee/artifacts/2000e0PDevDbg.dag/post-processed/AssemblyA.Implementation.Extensibility.dll (+pdb)
Processing assembly Library/Bee/artifacts/2000e0PDevDbg.dag/AssemblyA.Implementation.Extensibility.dll, with 123 defines and 194 references
processors: HybridCLR.AssemblyShadow.CodeGen.ReflectionBindingsILPostProcessor, zzzUnity.Burst.CodeGen.BurstILPostProcessor
running HybridCLR.AssemblyShadow.CodeGen.ReflectionBindingsILPostProcessor
running zzzUnity.Burst.CodeGen.BurstILPostProcessor
[499/572    0s] ILPostProcess Library/Bee/artifacts/2000e0PDevDbg.dag/post-processed/Unity.RenderPipelines.Universal.Runtime.dll (+pdb)
Processing assembly Library/Bee/artifacts/2000e0PDevDbg.dag/Unity.RenderPipelines.Universal.Runtime.dll, with 128 defines and 199 references
processors: HybridCLR.AssemblyShadow.CodeGen.ReflectionBindingsILPostProcessor, zzzUnity.Burst.CodeGen.BurstILPostProcessor
running HybridCLR.AssemblyShadow.CodeGen.ReflectionBindingsILPostProcessor
running zzzUnity.Burst.CodeGen.BurstILPostProcessor
[500/572    0s] ILPostProcess Library/Bee/artifacts/2000e0PDevDbg.dag/post-processed/AssemblyA.Implementation.Internal.dll (+pdb)
Processing assembly Library/Bee/artifacts/2000e0PDevDbg.dag/AssemblyA.Implementation.Internal.dll, with 123 defines and 195 references
processors: HybridCLR.AssemblyShadow.CodeGen.ReflectionBindingsILPostProcessor, zzzUnity.Burst.CodeGen.BurstILPostProcessor
running HybridCLR.AssemblyShadow.CodeGen.ReflectionBindingsILPostProcessor
running zzzUnity.Burst.CodeGen.BurstILPostProcessor
[501/572    0s] ILPostProcess Library/Bee/artifacts/2000e0PDevDbg.dag/post-processed/AssemblyShadowDemo.Bootstrap.dll (+pdb)
Processing assembly Library/Bee/artifacts/2000e0PDevDbg.dag/AssemblyShadowDemo.Bootstrap.dll, with 123 defines and 196 references
processors: HybridCLR.AssemblyShadow.CodeGen.ReflectionBindingsILPostProcessor, zzzUnity.Burst.CodeGen.BurstILPostProcessor
running HybridCLR.AssemblyShadow.CodeGen.ReflectionBindingsILPostProcessor
running zzzUnity.Burst.CodeGen.BurstILPostProcessor
[502/572    0s] ILPostProcess Library/Bee/artifacts/2000e0PDevDbg.dag/post-processed/Assembly-CSharp.dll (+pdb)
Processing assembly Library/Bee/artifacts/2000e0PDevDbg.dag/Assembly-CSharp.dll, with 123 defines and 217 references
processors: HybridCLR.AssemblyShadow.CodeGen.ReflectionBindingsILPostProcessor, zzzUnity.Burst.CodeGen.BurstILPostProcessor
running HybridCLR.AssemblyShadow.CodeGen.ReflectionBindingsILPostProcessor
running zzzUnity.Burst.CodeGen.BurstILPostProcessor
[503/572    0s] ILPostProcess Library/Bee/artifacts/2000e0PDevDbg.dag/post-processed/HybridCLR.Runtime.dll (+pdb)
Processing assembly Library/Bee/artifacts/2000e0PDevDbg.dag/HybridCLR.Runtime.dll, with 123 defines and 193 references
processors: HybridCLR.AssemblyShadow.CodeGen.ReflectionBindingsILPostProcessor, zzzUnity.Burst.CodeGen.BurstILPostProcessor
running HybridCLR.AssemblyShadow.CodeGen.ReflectionBindingsILPostProcessor
running zzzUnity.Burst.CodeGen.BurstILPostProcessor
[504/572    0s] ILPostProcess Library/Bee/artifacts/2000e0PDevDbg.dag/post-processed/AssemblyShadowDemo.ContractsConsumer.dll (+pdb)
Processing assembly Library/Bee/artifacts/2000e0PDevDbg.dag/AssemblyShadowDemo.ContractsConsumer.dll, with 123 defines and 126 references
processors: HybridCLR.AssemblyShadow.CodeGen.ReflectionBindingsILPostProcessor, zzzUnity.Burst.CodeGen.BurstILPostProcessor
running HybridCLR.AssemblyShadow.CodeGen.ReflectionBindingsILPostProcessor
running zzzUnity.Burst.CodeGen.BurstILPostProcessor
[505/572    0s] ILPostProcess Library/Bee/artifacts/2000e0PDevDbg.dag/post-processed/Unity.2D.SpriteShape.Runtime.dll (+pdb)
Processing assembly Library/Bee/artifacts/2000e0PDevDbg.dag/Unity.2D.SpriteShape.Runtime.dll, with 124 defines and 196 references
processors: HybridCLR.AssemblyShadow.CodeGen.ReflectionBindingsILPostProcessor, zzzUnity.Burst.CodeGen.BurstILPostProcessor
running HybridCLR.AssemblyShadow.CodeGen.ReflectionBindingsILPostProcessor
running zzzUnity.Burst.CodeGen.BurstILPostProcessor
[506/572    0s] ILPostProcess Library/Bee/artifacts/2000e0PDevDbg.dag/post-processed/Unity.2D.Animation.Runtime.dll (+pdb)
Processing assembly Library/Bee/artifacts/2000e0PDevDbg.dag/Unity.2D.Animation.Runtime.dll, with 123 defines and 198 references
processors: HybridCLR.AssemblyShadow.CodeGen.ReflectionBindingsILPostProcessor, zzzUnity.Burst.CodeGen.BurstILPostProcessor
running HybridCLR.AssemblyShadow.CodeGen.ReflectionBindingsILPostProcessor
running zzzUnity.Burst.CodeGen.BurstILPostProcessor
[507/572    0s] ILPostProcess Library/Bee/artifacts/2000e0PDevDbg.dag/post-processed/Unity.VisualScripting.Core.dll (+pdb)
Processing assembly Library/Bee/artifacts/2000e0PDevDbg.dag/Unity.VisualScripting.Core.dll, with 126 defines and 193 references
processors: HybridCLR.AssemblyShadow.CodeGen.ReflectionBindingsILPostProcessor, zzzUnity.Burst.CodeGen.BurstILPostProcessor
running HybridCLR.AssemblyShadow.CodeGen.ReflectionBindingsILPostProcessor
running zzzUnity.Burst.CodeGen.BurstILPostProcessor
[508/572    0s] ILPostProcess Library/Bee/artifacts/2000e0PDevDbg.dag/post-processed/Unity.Burst.dll (+pdb)
Processing assembly Library/Bee/artifacts/2000e0PDevDbg.dag/Unity.Burst.dll, with 123 defines and 191 references
processors: HybridCLR.AssemblyShadow.CodeGen.ReflectionBindingsILPostProcessor, zzzUnity.Burst.CodeGen.BurstILPostProcessor
running HybridCLR.AssemblyShadow.CodeGen.ReflectionBindingsILPostProcessor
running zzzUnity.Burst.CodeGen.BurstILPostProcessor
[509/572    0s] ILPostProcess Library/Bee/artifacts/2000e0PDevDbg.dag/post-processed/Unity.InternalAPIEngineBridge.001.dll (+pdb)
Processing assembly Library/Bee/artifacts/2000e0PDevDbg.dag/Unity.InternalAPIEngineBridge.001.dll, with 123 defines and 193 references
processors: HybridCLR.AssemblyShadow.CodeGen.ReflectionBindingsILPostProcessor, zzzUnity.Burst.CodeGen.BurstILPostProcessor
running HybridCLR.AssemblyShadow.CodeGen.ReflectionBindingsILPostProcessor
running zzzUnity.Burst.CodeGen.BurstILPostProcessor
[510/572    0s] ILPostProcess Library/Bee/artifacts/2000e0PDevDbg.dag/post-processed/Unity.RenderPipelines.ShaderGraph.ShaderGraphLibrary.dll (+pdb)
Processing assembly Library/Bee/artifacts/2000e0PDevDbg.dag/Unity.RenderPipelines.ShaderGraph.ShaderGraphLibrary.dll, with 123 defines and 193 references
processors: HybridCLR.AssemblyShadow.CodeGen.ReflectionBindingsILPostProcessor, zzzUnity.Burst.CodeGen.BurstILPostProcessor
running HybridCLR.AssemblyShadow.CodeGen.ReflectionBindingsILPostProcessor
running zzzUnity.Burst.CodeGen.BurstILPostProcessor
[511/572    0s] ILPostProcess Library/Bee/artifacts/2000e0PDevDbg.dag/post-processed/Unity.2D.Common.Runtime.dll (+pdb)
Processing assembly Library/Bee/artifacts/2000e0PDevDbg.dag/Unity.2D.Common.Runtime.dll, with 123 defines and 194 references
processors: HybridCLR.AssemblyShadow.CodeGen.ReflectionBindingsILPostProcessor, zzzUnity.Burst.CodeGen.BurstILPostProcessor
running HybridCLR.AssemblyShadow.CodeGen.ReflectionBindingsILPostProcessor
running zzzUnity.Burst.CodeGen.BurstILPostProcessor
[512/572    0s] ILPostProcess Library/Bee/artifacts/2000e0PDevDbg.dag/post-processed/Unity.2D.Tilemap.Extras.dll (+pdb)
Processing assembly Library/Bee/artifacts/2000e0PDevDbg.dag/Unity.2D.Tilemap.Extras.dll, with 123 defines and 193 references
processors: HybridCLR.AssemblyShadow.CodeGen.ReflectionBindingsILPostProcessor, zzzUnity.Burst.CodeGen.BurstILPostProcessor
running HybridCLR.AssemblyShadow.CodeGen.ReflectionBindingsILPostProcessor
running zzzUnity.Burst.CodeGen.BurstILPostProcessor
[513/572    0s] ILPostProcess Library/Bee/artifacts/2000e0PDevDbg.dag/post-processed/Unity.2D.PixelPerfect.dll (+pdb)
Processing assembly Library/Bee/artifacts/2000e0PDevDbg.dag/Unity.2D.PixelPerfect.dll, with 124 defines and 193 references
processors: HybridCLR.AssemblyShadow.CodeGen.ReflectionBindingsILPostProcessor, zzzUnity.Burst.CodeGen.BurstILPostProcessor
running HybridCLR.AssemblyShadow.CodeGen.ReflectionBindingsILPostProcessor
running zzzUnity.Burst.CodeGen.BurstILPostProcessor
[514/572    0s] ILPostProcess Library/Bee/artifacts/2000e0PDevDbg.dag/post-processed/Unity.RenderPipeline.Universal.ShaderLibrary.dll (+pdb)
Processing assembly Library/Bee/artifacts/2000e0PDevDbg.dag/Unity.RenderPipeline.Universal.ShaderLibrary.dll, with 123 defines and 194 references
processors: HybridCLR.AssemblyShadow.CodeGen.ReflectionBindingsILPostProcessor, zzzUnity.Burst.CodeGen.BurstILPostProcessor
running HybridCLR.AssemblyShadow.CodeGen.ReflectionBindingsILPostProcessor
running zzzUnity.Burst.CodeGen.BurstILPostProcessor
[515/572    0s] ILPostProcess Library/Bee/artifacts/2000e0PDevDbg.dag/post-processed/Unity.RenderPipelines.Universal.Config.Runtime.dll (+pdb)
Processing assembly Library/Bee/artifacts/2000e0PDevDbg.dag/Unity.RenderPipelines.Universal.Config.Runtime.dll, with 123 defines and 194 references
processors: HybridCLR.AssemblyShadow.CodeGen.ReflectionBindingsILPostProcessor, zzzUnity.Burst.CodeGen.BurstILPostProcessor
running HybridCLR.AssemblyShadow.CodeGen.ReflectionBindingsILPostProcessor
running zzzUnity.Burst.CodeGen.BurstILPostProcessor
[516/572    0s] ILPostProcess Library/Bee/artifacts/2000e0PDevDbg.dag/post-processed/Unity.VisualScripting.Flow.dll (+pdb)
Processing assembly Library/Bee/artifacts/2000e0PDevDbg.dag/Unity.VisualScripting.Flow.dll, with 128 defines and 194 references
processors: HybridCLR.AssemblyShadow.CodeGen.ReflectionBindingsILPostProcessor, zzzUnity.Burst.CodeGen.BurstILPostProcessor
running HybridCLR.AssemblyShadow.CodeGen.ReflectionBindingsILPostProcessor
running zzzUnity.Burst.CodeGen.BurstILPostProcessor
[517/572    0s] ILPostProcess Library/Bee/artifacts/2000e0PDevDbg.dag/post-processed/Unity.RenderPipelines.Universal.Shaders.dll (+pdb)
Processing assembly Library/Bee/artifacts/2000e0PDevDbg.dag/Unity.RenderPipelines.Universal.Shaders.dll, with 123 defines and 193 references
processors: HybridCLR.AssemblyShadow.CodeGen.ReflectionBindingsILPostProcessor, zzzUnity.Burst.CodeGen.BurstILPostProcessor
running HybridCLR.AssemblyShadow.CodeGen.ReflectionBindingsILPostProcessor
running zzzUnity.Burst.CodeGen.BurstILPostProcessor
[518/572    0s] CopyFiles /Users/ah/GitHub/hybridclr/hybridclr_demo_shadow/_temp/AssemblyShadow/M05Fixtures-71857c4c1550462ab50b27cb2d4ab1d2/P01-compile/CompilerOutput/AssemblyA.Implementation.Extensibility.dll
[519/572    0s] CopyFiles /Users/ah/GitHub/hybridclr/hybridclr_demo_shadow/_temp/AssemblyShadow/M05Fixtures-71857c4c1550462ab50b27cb2d4ab1d2/P01-compile/CompilerOutput/Unity.RenderPipelines.Universal.Shaders.dll
[520/572    0s] CopyFiles /Users/ah/GitHub/hybridclr/hybridclr_demo_shadow/_temp/AssemblyShadow/M05Fixtures-71857c4c1550462ab50b27cb2d4ab1d2/P01-compile/CompilerOutput/Unity.VisualScripting.State.dll
[521/572    0s] CopyFiles /Users/ah/GitHub/hybridclr/hybridclr_demo_shadow/_temp/AssemblyShadow/M05Fixtures-71857c4c1550462ab50b27cb2d4ab1d2/P01-compile/CompilerOutput/Unity.VisualScripting.Flow.dll
[522/572    0s] CopyFiles /Users/ah/GitHub/hybridclr/hybridclr_demo_shadow/_temp/AssemblyShadow/M05Fixtures-71857c4c1550462ab50b27cb2d4ab1d2/P01-compile/CompilerOutput/Unity.RenderPipelines.Universal.Config.Runtime.dll
[523/572    0s] CopyFiles /Users/ah/GitHub/hybridclr/hybridclr_demo_shadow/_temp/AssemblyShadow/M05Fixtures-71857c4c1550462ab50b27cb2d4ab1d2/P01-compile/CompilerOutput/UnityEngine.UI.dll
[524/572    0s] CopyFiles /Users/ah/GitHub/hybridclr/hybridclr_demo_shadow/_temp/AssemblyShadow/M05Fixtures-71857c4c1550462ab50b27cb2d4ab1d2/P01-compile/CompilerOutput/Unity.RenderPipelines.Universal.Runtime.dll
[525/572    0s] CopyFiles /Users/ah/GitHub/hybridclr/hybridclr_demo_shadow/_temp/AssemblyShadow/M05Fixtures-71857c4c1550462ab50b27cb2d4ab1d2/P01-compile/CompilerOutput/Unity.RenderPipeline.Universal.ShaderLibrary.dll
[526/572    0s] CopyFiles /Users/ah/GitHub/hybridclr/hybridclr_demo_shadow/_temp/AssemblyShadow/M05Fixtures-71857c4c1550462ab50b27cb2d4ab1d2/P01-compile/CompilerOutput/HybridCLR.Runtime.dll
[527/572    0s] CopyFiles /Users/ah/GitHub/hybridclr/hybridclr_demo_shadow/_temp/AssemblyShadow/M05Fixtures-71857c4c1550462ab50b27cb2d4ab1d2/P01-compile/CompilerOutput/Unity.2D.PixelPerfect.dll
[528/572    0s] CopyFiles /Users/ah/GitHub/hybridclr/hybridclr_demo_shadow/_temp/AssemblyShadow/M05Fixtures-71857c4c1550462ab50b27cb2d4ab1d2/P01-compile/CompilerOutput/Unity.2D.Tilemap.Extras.dll
[529/572    0s] CopyFiles /Users/ah/GitHub/hybridclr/hybridclr_demo_shadow/_temp/AssemblyShadow/M05Fixtures-71857c4c1550462ab50b27cb2d4ab1d2/P01-compile/CompilerOutput/AssemblyA.Implementation.Internal.dll
[530/572    0s] CopyFiles /Users/ah/GitHub/hybridclr/hybridclr_demo_shadow/_temp/AssemblyShadow/M05Fixtures-71857c4c1550462ab50b27cb2d4ab1d2/P01-compile/CompilerOutput/AssemblyShadowDemo.ContractsConsumer.dll
[531/572    0s] CopyFiles /Users/ah/GitHub/hybridclr/hybridclr_demo_shadow/_temp/AssemblyShadow/M05Fixtures-71857c4c1550462ab50b27cb2d4ab1d2/P01-compile/CompilerOutput/Unity.2D.Common.Runtime.dll
[532/572    0s] CopyFiles /Users/ah/GitHub/hybridclr/hybridclr_demo_shadow/_temp/AssemblyShadow/M05Fixtures-71857c4c1550462ab50b27cb2d4ab1d2/P01-compile/CompilerOutput/Unity.RenderPipelines.ShaderGraph.ShaderGraphLibrary.dll
[533/572    0s] CopyFiles /Users/ah/GitHub/hybridclr/hybridclr_demo_shadow/_temp/AssemblyShadow/M05Fixtures-71857c4c1550462ab50b27cb2d4ab1d2/P01-compile/CompilerOutput/AssemblyShadowDemo.Bootstrap.dll
[534/572    0s] CopyFiles /Users/ah/GitHub/hybridclr/hybridclr_demo_shadow/_temp/AssemblyShadow/M05Fixtures-71857c4c1550462ab50b27cb2d4ab1d2/P01-compile/CompilerOutput/Unity.InternalAPIEngineBridge.001.dll
[535/572    0s] CopyFiles /Users/ah/GitHub/hybridclr/hybridclr_demo_shadow/_temp/AssemblyShadow/M05Fixtures-71857c4c1550462ab50b27cb2d4ab1d2/P01-compile/CompilerOutput/AssemblyShadowBaseline.HotUpdate.dll
[536/572    0s] CopyFiles /Users/ah/GitHub/hybridclr/hybridclr_demo_shadow/_temp/AssemblyShadow/M05Fixtures-71857c4c1550462ab50b27cb2d4ab1d2/P01-compile/CompilerOutput/Assembly-CSharp.dll
[537/572    0s] CopyFiles /Users/ah/GitHub/hybridclr/hybridclr_demo_shadow/_temp/AssemblyShadow/M05Fixtures-71857c4c1550462ab50b27cb2d4ab1d2/P01-compile/CompilerOutput/Unity.Burst.dll
[538/572    0s] CopyFiles /Users/ah/GitHub/hybridclr/hybridclr_demo_shadow/_temp/AssemblyShadow/M05Fixtures-71857c4c1550462ab50b27cb2d4ab1d2/P01-compile/CompilerOutput/Unity.VisualScripting.Core.dll
[539/572    0s] CopyFiles /Users/ah/GitHub/hybridclr/hybridclr_demo_shadow/_temp/AssemblyShadow/M05Fixtures-71857c4c1550462ab50b27cb2d4ab1d2/P01-compile/CompilerOutput/MCPForUnity.Runtime.dll
[540/572    0s] CopyFiles /Users/ah/GitHub/hybridclr/hybridclr_demo_shadow/_temp/AssemblyShadow/M05Fixtures-71857c4c1550462ab50b27cb2d4ab1d2/P01-compile/CompilerOutput/AssemblyShadowDemo.ExtensibilityConsumer.dll
[541/572    0s] CopyFiles /Users/ah/GitHub/hybridclr/hybridclr_demo_shadow/_temp/AssemblyShadow/M05Fixtures-71857c4c1550462ab50b27cb2d4ab1d2/P01-compile/CompilerOutput/Unity.2D.SpriteShape.Runtime.dll
[542/572    0s] CopyFiles /Users/ah/GitHub/hybridclr/hybridclr_demo_shadow/_temp/AssemblyShadow/M05Fixtures-71857c4c1550462ab50b27cb2d4ab1d2/P01-compile/CompilerOutput/Unity.2D.Animation.Runtime.dll
[543/572    0s] CopyFiles /Users/ah/GitHub/hybridclr/hybridclr_demo_shadow/_temp/AssemblyShadow/M05Fixtures-71857c4c1550462ab50b27cb2d4ab1d2/P01-compile/CompilerOutput/AssemblyA.Contracts.dll
[544/572    0s] CopyFiles /Users/ah/GitHub/hybridclr/hybridclr_demo_shadow/_temp/AssemblyShadow/M05Fixtures-71857c4c1550462ab50b27cb2d4ab1d2/P01-compile/CompilerOutput/Unity.RenderPipelines.Universal.Shaders.pdb
[545/572    0s] CopyFiles /Users/ah/GitHub/hybridclr/hybridclr_demo_shadow/_temp/AssemblyShadow/M05Fixtures-71857c4c1550462ab50b27cb2d4ab1d2/P01-compile/CompilerOutput/Unity.VisualScripting.Flow.pdb
[546/572    0s] CopyFiles /Users/ah/GitHub/hybridclr/hybridclr_demo_shadow/_temp/AssemblyShadow/M05Fixtures-71857c4c1550462ab50b27cb2d4ab1d2/P01-compile/CompilerOutput/Unity.RenderPipelines.Universal.Config.Runtime.pdb
[547/572    0s] CopyFiles /Users/ah/GitHub/hybridclr/hybridclr_demo_shadow/_temp/AssemblyShadow/M05Fixtures-71857c4c1550462ab50b27cb2d4ab1d2/P01-compile/CompilerOutput/Unity.RenderPipeline.Universal.ShaderLibrary.pdb
[548/572    0s] CopyFiles /Users/ah/GitHub/hybridclr/hybridclr_demo_shadow/_temp/AssemblyShadow/M05Fixtures-71857c4c1550462ab50b27cb2d4ab1d2/P01-compile/CompilerOutput/Unity.2D.PixelPerfect.pdb
[549/572    0s] CopyFiles /Users/ah/GitHub/hybridclr/hybridclr_demo_shadow/_temp/AssemblyShadow/M05Fixtures-71857c4c1550462ab50b27cb2d4ab1d2/P01-compile/CompilerOutput/Unity.2D.Tilemap.Extras.pdb
[550/572    0s] CopyFiles /Users/ah/GitHub/hybridclr/hybridclr_demo_shadow/_temp/AssemblyShadow/M05Fixtures-71857c4c1550462ab50b27cb2d4ab1d2/P01-compile/CompilerOutput/Unity.2D.Common.Runtime.pdb
[551/572    0s] CopyFiles /Users/ah/GitHub/hybridclr/hybridclr_demo_shadow/_temp/AssemblyShadow/M05Fixtures-71857c4c1550462ab50b27cb2d4ab1d2/P01-compile/CompilerOutput/Unity.RenderPipelines.ShaderGraph.ShaderGraphLibrary.pdb
[552/572    0s] CopyFiles /Users/ah/GitHub/hybridclr/hybridclr_demo_shadow/_temp/AssemblyShadow/M05Fixtures-71857c4c1550462ab50b27cb2d4ab1d2/P01-compile/CompilerOutput/Unity.InternalAPIEngineBridge.001.pdb
[553/572    0s] CopyFiles /Users/ah/GitHub/hybridclr/hybridclr_demo_shadow/_temp/AssemblyShadow/M05Fixtures-71857c4c1550462ab50b27cb2d4ab1d2/P01-compile/CompilerOutput/Unity.Burst.pdb
[554/572    0s] CopyFiles /Users/ah/GitHub/hybridclr/hybridclr_demo_shadow/_temp/AssemblyShadow/M05Fixtures-71857c4c1550462ab50b27cb2d4ab1d2/P01-compile/CompilerOutput/Unity.VisualScripting.Core.pdb
[555/572    0s] CopyFiles /Users/ah/GitHub/hybridclr/hybridclr_demo_shadow/_temp/AssemblyShadow/M05Fixtures-71857c4c1550462ab50b27cb2d4ab1d2/P01-compile/CompilerOutput/Unity.2D.SpriteShape.Runtime.pdb
[556/572    0s] CopyFiles /Users/ah/GitHub/hybridclr/hybridclr_demo_shadow/_temp/AssemblyShadow/M05Fixtures-71857c4c1550462ab50b27cb2d4ab1d2/P01-compile/CompilerOutput/Unity.2D.Animation.Runtime.pdb
[557/572    0s] CopyFiles /Users/ah/GitHub/hybridclr/hybridclr_demo_shadow/_temp/AssemblyShadow/M05Fixtures-71857c4c1550462ab50b27cb2d4ab1d2/P01-compile/CompilerOutput/HybridCLR.Runtime.pdb
[558/572    0s] CopyFiles /Users/ah/GitHub/hybridclr/hybridclr_demo_shadow/_temp/AssemblyShadow/M05Fixtures-71857c4c1550462ab50b27cb2d4ab1d2/P01-compile/CompilerOutput/AssemblyShadowDemo.ContractsConsumer.pdb
[559/572    0s] CopyFiles /Users/ah/GitHub/hybridclr/hybridclr_demo_shadow/_temp/AssemblyShadow/M05Fixtures-71857c4c1550462ab50b27cb2d4ab1d2/P01-compile/CompilerOutput/Assembly-CSharp.pdb
[560/572    0s] CopyFiles /Users/ah/GitHub/hybridclr/hybridclr_demo_shadow/_temp/AssemblyShadow/M05Fixtures-71857c4c1550462ab50b27cb2d4ab1d2/P01-compile/CompilerOutput/AssemblyShadowDemo.Bootstrap.pdb
[561/572    0s] CopyFiles /Users/ah/GitHub/hybridclr/hybridclr_demo_shadow/_temp/AssemblyShadow/M05Fixtures-71857c4c1550462ab50b27cb2d4ab1d2/P01-compile/CompilerOutput/Unity.RenderPipelines.Universal.Runtime.pdb
[562/572    0s] CopyFiles /Users/ah/GitHub/hybridclr/hybridclr_demo_shadow/_temp/AssemblyShadow/M05Fixtures-71857c4c1550462ab50b27cb2d4ab1d2/P01-compile/CompilerOutput/AssemblyA.Implementation.Internal.pdb
[563/572    0s] CopyFiles /Users/ah/GitHub/hybridclr/hybridclr_demo_shadow/_temp/AssemblyShadow/M05Fixtures-71857c4c1550462ab50b27cb2d4ab1d2/P01-compile/CompilerOutput/AssemblyA.Implementation.Extensibility.pdb
[564/572    0s] CopyFiles /Users/ah/GitHub/hybridclr/hybridclr_demo_shadow/_temp/AssemblyShadow/M05Fixtures-71857c4c1550462ab50b27cb2d4ab1d2/P01-compile/CompilerOutput/AssemblyShadowDemo.ExtensibilityConsumer.pdb
[565/572    0s] CopyFiles /Users/ah/GitHub/hybridclr/hybridclr_demo_shadow/_temp/AssemblyShadow/M05Fixtures-71857c4c1550462ab50b27cb2d4ab1d2/P01-compile/CompilerOutput/Unity.VisualScripting.State.pdb
[566/572    0s] CopyFiles /Users/ah/GitHub/hybridclr/hybridclr_demo_shadow/_temp/AssemblyShadow/M05Fixtures-71857c4c1550462ab50b27cb2d4ab1d2/P01-compile/CompilerOutput/MCPForUnity.Runtime.pdb
[567/572    0s] CopyFiles /Users/ah/GitHub/hybridclr/hybridclr_demo_shadow/_temp/AssemblyShadow/M05Fixtures-71857c4c1550462ab50b27cb2d4ab1d2/P01-compile/CompilerOutput/UnityEngine.UI.pdb
[568/572    0s] CopyFiles /Users/ah/GitHub/hybridclr/hybridclr_demo_shadow/_temp/AssemblyShadow/M05Fixtures-71857c4c1550462ab50b27cb2d4ab1d2/P01-compile/CompilerOutput/AssemblyA.Contracts.pdb
[569/572    0s] CopyFiles /Users/ah/GitHub/hybridclr/hybridclr_demo_shadow/_temp/AssemblyShadow/M05Fixtures-71857c4c1550462ab50b27cb2d4ab1d2/P01-compile/CompilerOutput/AssemblyShadowBaseline.HotUpdate.pdb
[570/572    0s] ILPostProcess Library/Bee/artifacts/2000e0PDevDbg.dag/post-processed/Unity.Timeline.dll (+pdb)
Processing assembly Library/Bee/artifacts/2000e0PDevDbg.dag/Unity.Timeline.dll, with 124 defines and 193 references
processors: HybridCLR.AssemblyShadow.CodeGen.ReflectionBindingsILPostProcessor, zzzUnity.Burst.CodeGen.BurstILPostProcessor
running HybridCLR.AssemblyShadow.CodeGen.ReflectionBindingsILPostProcessor
running zzzUnity.Burst.CodeGen.BurstILPostProcessor
[571/572    0s] CopyFiles /Users/ah/GitHub/hybridclr/hybridclr_demo_shadow/_temp/AssemblyShadow/M05Fixtures-71857c4c1550462ab50b27cb2d4ab1d2/P01-compile/CompilerOutput/Unity.Timeline.pdb
[572/572    0s] CopyFiles /Users/ah/GitHub/hybridclr/hybridclr_demo_shadow/_temp/AssemblyShadow/M05Fixtures-71857c4c1550462ab50b27cb2d4ab1d2/P01-compile/CompilerOutput/Unity.Timeline.dll
[573/572    0s] ILPostProcess Library/Bee/artifacts/2000e0PDevDbg.dag/post-processed/Unity.2D.IK.Runtime.dll (+pdb)
Processing assembly Library/Bee/artifacts/2000e0PDevDbg.dag/Unity.2D.IK.Runtime.dll, with 123 defines and 194 references
processors: HybridCLR.AssemblyShadow.CodeGen.ReflectionBindingsILPostProcessor, zzzUnity.Burst.CodeGen.BurstILPostProcessor
running HybridCLR.AssemblyShadow.CodeGen.ReflectionBindingsILPostProcessor
running zzzUnity.Burst.CodeGen.BurstILPostProcessor
[574/572    0s] ILPostProcess Library/Bee/artifacts/2000e0PDevDbg.dag/post-processed/Unity.RenderPipelines.Core.ShaderLibrary.dll (+pdb)
Processing assembly Library/Bee/artifacts/2000e0PDevDbg.dag/Unity.RenderPipelines.Core.ShaderLibrary.dll, with 123 defines and 193 references
processors: HybridCLR.AssemblyShadow.CodeGen.ReflectionBindingsILPostProcessor, zzzUnity.Burst.CodeGen.BurstILPostProcessor
running HybridCLR.AssemblyShadow.CodeGen.ReflectionBindingsILPostProcessor
running zzzUnity.Burst.CodeGen.BurstILPostProcessor
[575/572    0s] CopyFiles /Users/ah/GitHub/hybridclr/hybridclr_demo_shadow/_temp/AssemblyShadow/M05Fixtures-71857c4c1550462ab50b27cb2d4ab1d2/P01-compile/CompilerOutput/Unity.2D.IK.Runtime.dll
[576/572    0s] CopyFiles /Users/ah/GitHub/hybridclr/hybridclr_demo_shadow/_temp/AssemblyShadow/M05Fixtures-71857c4c1550462ab50b27cb2d4ab1d2/P01-compile/CompilerOutput/Unity.2D.IK.Runtime.pdb
[577/572    0s] CopyFiles /Users/ah/GitHub/hybridclr/hybridclr_demo_shadow/_temp/AssemblyShadow/M05Fixtures-71857c4c1550462ab50b27cb2d4ab1d2/P01-compile/CompilerOutput/Unity.RenderPipelines.Core.ShaderLibrary.pdb
[578/572    0s] CopyFiles /Users/ah/GitHub/hybridclr/hybridclr_demo_shadow/_temp/AssemblyShadow/M05Fixtures-71857c4c1550462ab50b27cb2d4ab1d2/P01-compile/CompilerOutput/Unity.RenderPipelines.Core.ShaderLibrary.dll
[579/572    0s] ILPostProcess Library/Bee/artifacts/2000e0PDevDbg.dag/post-processed/Unity.TextMeshPro.dll (+pdb)
Processing assembly Library/Bee/artifacts/2000e0PDevDbg.dag/Unity.TextMeshPro.dll, with 124 defines and 193 references
processors: HybridCLR.AssemblyShadow.CodeGen.ReflectionBindingsILPostProcessor, zzzUnity.Burst.CodeGen.BurstILPostProcessor
running HybridCLR.AssemblyShadow.CodeGen.ReflectionBindingsILPostProcessor
running zzzUnity.Burst.CodeGen.BurstILPostProcessor
[580/572    0s] CopyFiles /Users/ah/GitHub/hybridclr/hybridclr_demo_shadow/_temp/AssemblyShadow/M05Fixtures-71857c4c1550462ab50b27cb2d4ab1d2/P01-compile/CompilerOutput/Unity.TextMeshPro.pdb
[581/572    0s] CopyFiles /Users/ah/GitHub/hybridclr/hybridclr_demo_shadow/_temp/AssemblyShadow/M05Fixtures-71857c4c1550462ab50b27cb2d4ab1d2/P01-compile/CompilerOutput/Unity.TextMeshPro.dll
[582/572    0s] ILPostProcess Library/Bee/artifacts/2000e0PDevDbg.dag/post-processed/Unity.Mathematics.dll (+pdb)
Processing assembly Library/Bee/artifacts/2000e0PDevDbg.dag/Unity.Mathematics.dll, with 123 defines and 193 references
processors: HybridCLR.AssemblyShadow.CodeGen.ReflectionBindingsILPostProcessor, zzzUnity.Burst.CodeGen.BurstILPostProcessor
running HybridCLR.AssemblyShadow.CodeGen.ReflectionBindingsILPostProcessor
running zzzUnity.Burst.CodeGen.BurstILPostProcessor
[583/572    0s] CopyFiles /Users/ah/GitHub/hybridclr/hybridclr_demo_shadow/_temp/AssemblyShadow/M05Fixtures-71857c4c1550462ab50b27cb2d4ab1d2/P01-compile/CompilerOutput/Unity.Mathematics.pdb
[584/572    0s] CopyFiles /Users/ah/GitHub/hybridclr/hybridclr_demo_shadow/_temp/AssemblyShadow/M05Fixtures-71857c4c1550462ab50b27cb2d4ab1d2/P01-compile/CompilerOutput/Unity.Mathematics.dll
[585/572    0s] ILPostProcess Library/Bee/artifacts/2000e0PDevDbg.dag/post-processed/Unity.RenderPipelines.Universal.2D.Internal.dll (+pdb)
Processing assembly Library/Bee/artifacts/2000e0PDevDbg.dag/Unity.RenderPipelines.Universal.2D.Internal.dll, with 123 defines and 193 references
processors: HybridCLR.AssemblyShadow.CodeGen.ReflectionBindingsILPostProcessor, zzzUnity.Burst.CodeGen.BurstILPostProcessor
running HybridCLR.AssemblyShadow.CodeGen.ReflectionBindingsILPostProcessor
running zzzUnity.Burst.CodeGen.BurstILPostProcessor
[586/572    0s] CopyFiles /Users/ah/GitHub/hybridclr/hybridclr_demo_shadow/_temp/AssemblyShadow/M05Fixtures-71857c4c1550462ab50b27cb2d4ab1d2/P01-compile/CompilerOutput/Unity.RenderPipelines.Universal.2D.Internal.dll
[587/572    0s] CopyFiles /Users/ah/GitHub/hybridclr/hybridclr_demo_shadow/_temp/AssemblyShadow/M05Fixtures-71857c4c1550462ab50b27cb2d4ab1d2/P01-compile/CompilerOutput/Unity.RenderPipelines.Universal.2D.Internal.pdb
[588/572    0s] ILPostProcess Library/Bee/artifacts/2000e0PDevDbg.dag/post-processed/Unity.Collections.dll (+pdb)
Processing assembly Library/Bee/artifacts/2000e0PDevDbg.dag/Unity.Collections.dll, with 123 defines and 195 references
processors: HybridCLR.AssemblyShadow.CodeGen.ReflectionBindingsILPostProcessor, zzzUnity.Burst.CodeGen.BurstILPostProcessor
running HybridCLR.AssemblyShadow.CodeGen.ReflectionBindingsILPostProcessor
running zzzUnity.Burst.CodeGen.BurstILPostProcessor
[589/572    0s] CopyFiles /Users/ah/GitHub/hybridclr/hybridclr_demo_shadow/_temp/AssemblyShadow/M05Fixtures-71857c4c1550462ab50b27cb2d4ab1d2/P01-compile/CompilerOutput/Unity.Collections.dll
[590/572    0s] CopyFiles /Users/ah/GitHub/hybridclr/hybridclr_demo_shadow/_temp/AssemblyShadow/M05Fixtures-71857c4c1550462ab50b27cb2d4ab1d2/P01-compile/CompilerOutput/Unity.Collections.pdb
[591/572    1s] ILPostProcess Library/Bee/artifacts/2000e0PDevDbg.dag/post-processed/AssemblyShadowBaseline.Aot.dll (+pdb)
Processing assembly Library/Bee/artifacts/2000e0PDevDbg.dag/AssemblyShadowBaseline.Aot.dll, with 123 defines and 194 references
processors: HybridCLR.AssemblyShadow.CodeGen.ReflectionBindingsILPostProcessor, zzzUnity.Burst.CodeGen.BurstILPostProcessor
running HybridCLR.AssemblyShadow.CodeGen.ReflectionBindingsILPostProcessor
running zzzUnity.Burst.CodeGen.BurstILPostProcessor
[592/572    0s] CopyFiles /Users/ah/GitHub/hybridclr/hybridclr_demo_shadow/_temp/AssemblyShadow/M05Fixtures-71857c4c1550462ab50b27cb2d4ab1d2/P01-compile/CompilerOutput/AssemblyShadowBaseline.Aot.pdb
[593/572    0s] CopyFiles /Users/ah/GitHub/hybridclr/hybridclr_demo_shadow/_temp/AssemblyShadow/M05Fixtures-71857c4c1550462ab50b27cb2d4ab1d2/P01-compile/CompilerOutput/AssemblyShadowBaseline.Aot.dll
[594/572    1s] ILPostProcess Library/Bee/artifacts/2000e0PDevDbg.dag/post-processed/Unity.RenderPipelines.Core.Runtime.dll (+pdb)
Processing assembly Library/Bee/artifacts/2000e0PDevDbg.dag/Unity.RenderPipelines.Core.Runtime.dll, with 125 defines and 193 references
processors: HybridCLR.AssemblyShadow.CodeGen.ReflectionBindingsILPostProcessor, zzzUnity.Burst.CodeGen.BurstILPostProcessor
running HybridCLR.AssemblyShadow.CodeGen.ReflectionBindingsILPostProcessor
running zzzUnity.Burst.CodeGen.BurstILPostProcessor
[595/572    0s] CopyFiles /Users/ah/GitHub/hybridclr/hybridclr_demo_shadow/_temp/AssemblyShadow/M05Fixtures-71857c4c1550462ab50b27cb2d4ab1d2/P01-compile/CompilerOutput/Unity.RenderPipelines.Core.Runtime.pdb
[596/572    0s] CopyFiles /Users/ah/GitHub/hybridclr/hybridclr_demo_shadow/_temp/AssemblyShadow/M05Fixtures-71857c4c1550462ab50b27cb2d4ab1d2/P01-compile/CompilerOutput/Unity.RenderPipelines.Core.Runtime.dll
[598/572    0s] BuildPlayerDataGenerator Library/BuildPlayerData/Player/RuntimeInitializeOnLoads.json (+1 other)
*** Tundra build success (3.44 seconds), 322 items updated, 572 evaluated
Total cache size 267899536
Total cache size after purge 267899536
Assets/AssemblyShadowDemo/Bootstrap/ShadowBootstrap.cs(59,31): warning CS0618: 'RuntimeApi.GetAssemblyShadowPrototypeDiagnostics()' is obsolete: 'Assembly Shadow Prototype was retired; use GetDiagnosticsJson.'
Assets/AssemblyShadowDemo/Bootstrap/ShadowBootstrap.cs(92,61): warning CS0618: 'RuntimeApi.GetAssemblyShadowPrototypeDiagnostics()' is obsolete: 'Assembly Shadow Prototype was retired; use GetDiagnosticsJson.'
Assets/AssemblyShadowDemo/Bootstrap/ShadowBootstrap.cs(133,35): warning CS0618: 'RuntimeApi.LoadAssemblyShadowPrototype(byte[], byte[])' is obsolete: 'Assembly Shadow Prototype was retired; use ConfigureCandidates/BeginTransaction/StageAssembly.'
Assets/AssemblyShadowDemo/Bootstrap/ShadowBootstrap.cs(137,25): warning CS0618: 'RuntimeApi.ActivateAssemblyShadowPrototype(string)' is obsolete: 'Assembly Shadow Prototype was retired; use CommitTransaction.'
Assets/AssemblyShadowDemo/Bootstrap/ShadowBootstrap.cs(290,51): warning CS0618: 'RuntimeApi.SetAssemblyShadowPrototypePhase(string)' is obsolete: 'Assembly Shadow Prototype was retired; use generalized diagnostics.'
Assets/AssemblyShadowDemo/Bootstrap/ShadowBootstrap.cs(291,108): warning CS0618: 'RuntimeApi.InspectAssemblyShadowPrototypeObject(object)' is obsolete: 'Assembly Shadow Prototype was retired; use generalized diagnostics.'
Assets/AssemblyShadowDemo/Bootstrap/ShadowBootstrap.cs(292,114): warning CS0618: 'RuntimeApi.InspectAssemblyShadowPrototypeAssembly(Assembly)' is obsolete: 'Assembly Shadow Prototype was retired; use generalized diagnostics.'
Assets/AssemblyShadowDemo/Bootstrap/ShadowBootstrap.cs(133,35): warning CS0618: 'RuntimeApi.LoadAssemblyShadowPrototype(byte[], byte[])' is obsolete: 'Assembly Shadow Prototype was retired; use ConfigureCandidates/BeginTransaction/StageAssembly.'
Assets/AssemblyShadowDemo/Bootstrap/ShadowBootstrap.cs(137,25): warning CS0618: 'RuntimeApi.ActivateAssemblyShadowPrototype(string)' is obsolete: 'Assembly Shadow Prototype was retired; use CommitTransaction.'
Assets/AssemblyShadowDemo/Bootstrap/ShadowBootstrap.cs(290,51): warning CS0618: 'RuntimeApi.SetAssemblyShadowPrototypePhase(string)' is obsolete: 'Assembly Shadow Prototype was retired; use generalized diagnostics.'
Assets/AssemblyShadowDemo/Bootstrap/ShadowBootstrap.cs(291,108): warning CS0618: 'RuntimeApi.InspectAssemblyShadowPrototypeObject(object)' is obsolete: 'Assembly Shadow Prototype was retired; use generalized diagnostics.'
Assets/AssemblyShadowDemo/Bootstrap/ShadowBootstrap.cs(292,114): warning CS0618: 'RuntimeApi.InspectAssemblyShadowPrototypeAssembly(Assembly)' is obsolete: 'Assembly Shadow Prototype was retired; use generalized diagnostics.'
Assets/AssemblyShadowDemo/Bootstrap/ShadowBootstrap.cs(133,35): warning CS0618: 'RuntimeApi.LoadAssemblyShadowPrototype(byte[], byte[])' is obsolete: 'Assembly Shadow Prototype was retired; use ConfigureCandidates/BeginTransaction/StageAssembly.'
Assets/AssemblyShadowDemo/Bootstrap/ShadowBootstrap.cs(137,25): warning CS0618: 'RuntimeApi.ActivateAssemblyShadowPrototype(string)' is obsolete: 'Assembly Shadow Prototype was retired; use CommitTransaction.'
Assets/AssemblyShadowDemo/Bootstrap/ShadowBootstrap.cs(290,51): warning CS0618: 'RuntimeApi.SetAssemblyShadowPrototypePhase(string)' is obsolete: 'Assembly Shadow Prototype was retired; use generalized diagnostics.'
Assets/AssemblyShadowDemo/Bootstrap/ShadowBootstrap.cs(291,108): warning CS0618: 'RuntimeApi.InspectAssemblyShadowPrototypeObject(object)' is obsolete: 'Assembly Shadow Prototype was retired; use generalized diagnostics.'
Assets/AssemblyShadowDemo/Bootstrap/ShadowBootstrap.cs(292,114): warning CS0618: 'RuntimeApi.InspectAssemblyShadowPrototypeAssembly(Assembly)' is obsolete: 'Assembly Shadow Prototype was retired; use generalized diagnostics.'
[40m[32minfo[39m[22m[49m: Microsoft.AspNetCore.Hosting.Diagnostics[1]
      Request starting HTTP/2 POST http://ilpp/UnityILPP.PostProcessing/Ping application/grpc -
[40m[32minfo[39m[22m[49m: Microsoft.AspNetCore.Routing.EndpointMiddleware[0]
      Executing endpoint 'gRPC - /UnityILPP.PostProcessing/Ping'
[40m[32minfo[39m[22m[49m: Microsoft.AspNetCore.Routing.EndpointMiddleware[1]
      Executed endpoint 'gRPC - /UnityILPP.PostProcessing/Ping'
[40m[32minfo[39m[22m[49m: Microsoft.AspNetCore.Hosting.Diagnostics[2]
      Request finished HTTP/2 POST http://ilpp/UnityILPP.PostProcessing/Ping application/grpc - - 200 - application/grpc 0.1307ms
Starting: /Applications/Unity/Hub/Editor/2022.3.62f2/Unity.app/Contents/bee_backend --ipc --defer-dag-verification --dagfile="Library/Bee/200b0aE.dag" --continue-on-failure --profile="Library/Bee/backend1.traceevents" ScriptAssembliesAndTypeDB
WorkingDir: /Users/ah/GitHub/hybridclr/hybridclr_demo_shadow
[40m[32minfo[39m[22m[49m: Microsoft.AspNetCore.Hosting.Diagnostics[1]
      Request starting HTTP/2 POST http://ilpp/UnityILPP.PostProcessing/ConfigurePostProcessors application/grpc -
[40m[32minfo[39m[22m[49m: Microsoft.AspNetCore.Routing.EndpointMiddleware[0]
      Executing endpoint 'gRPC - /UnityILPP.PostProcessing/ConfigurePostProcessors'
[40m[32minfo[39m[22m[49m: Unity.ILPP.Runner.PostProcessingAssemblyLoadContext[0]
      ALC ILPP context 2 is unloading
[40m[1m[33mwarn[39m[22m[49m: Unity.ILPP.Runner.PostProcessingAssemblyLoadContext[0]
      Assembly unityeditor.ios.extensions.xcode has duplicate hint path. Ignoring "/Applications/Unity/Hub/Editor/2022.3.62f2/Unity.app/Contents/PlaybackEngines/MacStandaloneSupport/UnityEditor.iOS.Extensions.Xcode.dll" in favor of "/Applications/Unity/Hub/Editor/2022.3.62f2/PlaybackEngines/iOSSupport/UnityEditor.iOS.Extensions.Xcode.dll"
[40m[1m[33mwarn[39m[22m[49m: Unity.ILPP.Runner.PostProcessingAssemblyLoadContext[0]
      Assembly system.componentmodel.composition has duplicate hint path. Ignoring "/Applications/Unity/Hub/Editor/2022.3.62f2/Unity.app/Contents/NetStandard/compat/2.1.0/shims/netfx/System.ComponentModel.Composition.dll" in favor of "/Applications/Unity/Hub/Editor/2022.3.62f2/Unity.app/Contents/UnityReferenceAssemblies/unity-4.8-api/System.ComponentModel.Composition.dll"
[40m[1m[33mwarn[39m[22m[49m: Unity.ILPP.Runner.PostProcessingAssemblyLoadContext[0]
      Assembly system.runtime.interopservices.windowsruntime has duplicate hint path. Ignoring "/Applications/Unity/Hub/Editor/2022.3.62f2/Unity.app/Contents/NetStandard/Extensions/2.0.0/System.Runtime.InteropServices.WindowsRuntime.dll" in favor of "/Applications/Unity/Hub/Editor/2022.3.62f2/Unity.app/Contents/UnityReferenceAssemblies/unity-4.8-api/Facades/System.Runtime.InteropServices.WindowsRuntime.dll"
[40m[32minfo[39m[22m[49m: Unity.ILPP.Runner.PostProcessingAssemblyLoadContext[0]
      Resolved Unity.Burst.Cecil, Version=0.11.4.0, Culture=neutral, PublicKeyToken=50cebf1cceb9d05e with Library/PackageCache/com.unity.burst@1.8.21/Unity.Burst.CodeGen/Unity.Burst.Cecil.dll
[40m[32minfo[39m[22m[49m: Microsoft.AspNetCore.Routing.EndpointMiddleware[1]
      Executed endpoint 'gRPC - /UnityILPP.PostProcessing/ConfigurePostProcessors'
[40m[32minfo[39m[22m[49m: Microsoft.AspNetCore.Hosting.Diagnostics[2]
      Request finished HTTP/2 POST http://ilpp/UnityILPP.PostProcessing/ConfigurePostProcessors application/grpc - - 200 - application/grpc 7.4913ms
ExitCode: 0 Duration: 0s327ms
[676/910    0s] ILPP-Configuration Library/ilpp-configuration.nevergeneratedoutput
*** Tundra build success (0.30 seconds), 1 items updated, 910 evaluated
Total cache size 267899536
Total cache size after purge 267899536
[Licensing::Client] Successfully resolved entitlement details
[ScriptCompilation] Requested script compilation because: Recompiling all scripts before compiling player scripts because Auto Refresh is disabled.
[40m[32minfo[39m[22m[49m: Microsoft.AspNetCore.Hosting.Diagnostics[1]
      Request starting HTTP/2 POST http://ilpp/UnityILPP.PostProcessing/Ping application/grpc -
[40m[32minfo[39m[22m[49m: Microsoft.AspNetCore.Routing.EndpointMiddleware[0]
      Executing endpoint 'gRPC - /UnityILPP.PostProcessing/Ping'
[40m[32minfo[39m[22m[49m: Microsoft.AspNetCore.Routing.EndpointMiddleware[1]
      Executed endpoint 'gRPC - /UnityILPP.PostProcessing/Ping'
[40m[32minfo[39m[22m[49m: Microsoft.AspNetCore.Hosting.Diagnostics[2]
      Request finished HTTP/2 POST http://ilpp/UnityILPP.PostProcessing/Ping application/grpc - - 200 - application/grpc 2.8874ms
Starting: /Applications/Unity/Hub/Editor/2022.3.62f2/Unity.app/Contents/bee_backend --ipc --defer-dag-verification --dagfile="Library/Bee/200b0aE.dag" --continue-on-failure --profile="Library/Bee/backend1.traceevents" ScriptAssemblies
WorkingDir: /Users/ah/GitHub/hybridclr/hybridclr_demo_shadow
[40m[32minfo[39m[22m[49m: Microsoft.AspNetCore.Hosting.Diagnostics[1]
      Request starting HTTP/2 POST http://ilpp/UnityILPP.PostProcessing/ConfigurePostProcessors application/grpc -
[40m[32minfo[39m[22m[49m: Microsoft.AspNetCore.Routing.EndpointMiddleware[0]
      Executing endpoint 'gRPC - /UnityILPP.PostProcessing/ConfigurePostProcessors'
[40m[32minfo[39m[22m[49m: Unity.ILPP.Runner.PostProcessingAssemblyLoadContext[0]
      Current configuration matches the requested one, skipping
[40m[32minfo[39m[22m[49m: Microsoft.AspNetCore.Routing.EndpointMiddleware[1]
      Executed endpoint 'gRPC - /UnityILPP.PostProcessing/ConfigurePostProcessors'
[40m[32minfo[39m[22m[49m: Microsoft.AspNetCore.Hosting.Diagnostics[2]
      Request finished HTTP/2 POST http://ilpp/UnityILPP.PostProcessing/ConfigurePostProcessors application/grpc - - 200 - application/grpc 2.7992ms
Total cache size 267899536
Total cache size after purge 267899536
ExitCode: 0 Duration: 0s511ms
[676/908    0s] ILPP-Configuration Library/ilpp-configuration.nevergeneratedoutput
*** Tundra build success (0.37 seconds), 1 items updated, 908 evaluated
[ScriptCompilation] Requested script compilation because: Compiling scripts for player
[40m[32minfo[39m[22m[49m: Microsoft.AspNetCore.Hosting.Diagnostics[1]
      Request starting HTTP/2 POST http://ilpp/UnityILPP.PostProcessing/Ping application/grpc -
[40m[32minfo[39m[22m[49m: Microsoft.AspNetCore.Routing.EndpointMiddleware[0]
      Executing endpoint 'gRPC - /UnityILPP.PostProcessing/Ping'
[40m[32minfo[39m[22m[49m: Microsoft.AspNetCore.Routing.EndpointMiddleware[1]
      Executed endpoint 'gRPC - /UnityILPP.PostProcessing/Ping'
[40m[32minfo[39m[22m[49m: Microsoft.AspNetCore.Hosting.Diagnostics[2]
      Request finished HTTP/2 POST http://ilpp/UnityILPP.PostProcessing/Ping application/grpc - - 200 - application/grpc 0.1278ms
Starting: /Applications/Unity/Hub/Editor/2022.3.62f2/Unity.app/Contents/bee_backend --ipc --defer-dag-verification --dagfile="Library/Bee/2000e0PDevDbg.dag" --continue-on-failure --profile="Library/Bee/backend1.traceevents" ScriptAssembliesAndTypeDB
WorkingDir: /Users/ah/GitHub/hybridclr/hybridclr_demo_shadow
Starting: /Applications/Unity/Hub/Editor/2022.3.62f2/Unity.app/Contents/Tools/netcorerun/netcorerun "/Applications/Unity/Hub/Editor/2022.3.62f2/Unity.app/Contents/Tools/BuildPipeline/ScriptCompilationBuildProgram.exe" "Library/Bee/2000e0PDevDbg.dag.json" "Library/Bee/2000e0PDevDbg-inputdata.json" "Library/Bee/buildprogram0.traceevents"
WorkingDir: /Users/ah/GitHub/hybridclr/hybridclr_demo_shadow
ExitCode: 4 Duration: 0s204ms
Rebuilding DAG because FileSignature timestamp changed: Library/Bee/2000e0PDevDbg-inputdata.json
*** Tundra requires additional run (0.17 seconds), 0 items updated, 354 evaluated
ExitCode: 0 Duration: 0s837ms
Starting: /Applications/Unity/Hub/Editor/2022.3.62f2/Unity.app/Contents/bee_backend --ipc --defer-dag-verification --dagfile="Library/Bee/2000e0PDevDbg.dag" --continue-on-failure --dagfilejson="Library/Bee/2000e0PDevDbg.dag.json" --profile="Library/Bee/backend2.traceevents" ScriptAssembliesAndTypeDB
WorkingDir: /Users/ah/GitHub/hybridclr/hybridclr_demo_shadow
[40m[32minfo[39m[22m[49m: Microsoft.AspNetCore.Hosting.Diagnostics[1]
      Request starting HTTP/2 POST http://ilpp/UnityILPP.PostProcessing/ConfigurePostProcessors application/grpc -
[40m[32minfo[39m[22m[49m: Microsoft.AspNetCore.Routing.EndpointMiddleware[0]
      Executing endpoint 'gRPC - /UnityILPP.PostProcessing/ConfigurePostProcessors'
[40m[32minfo[39m[22m[49m: Unity.ILPP.Runner.PostProcessingAssemblyLoadContext[0]
      ALC ILPP context 3 is unloading
[40m[1m[33mwarn[39m[22m[49m: Unity.ILPP.Runner.PostProcessingAssemblyLoadContext[0]
      Assembly unityeditor.ios.extensions.xcode has duplicate hint path. Ignoring "/Applications/Unity/Hub/Editor/2022.3.62f2/Unity.app/Contents/PlaybackEngines/MacStandaloneSupport/UnityEditor.iOS.Extensions.Xcode.dll" in favor of "/Applications/Unity/Hub/Editor/2022.3.62f2/PlaybackEngines/iOSSupport/UnityEditor.iOS.Extensions.Xcode.dll"
[40m[1m[33mwarn[39m[22m[49m: Unity.ILPP.Runner.PostProcessingAssemblyLoadContext[0]
      Assembly system.componentmodel.composition has duplicate hint path. Ignoring "/Applications/Unity/Hub/Editor/2022.3.62f2/Unity.app/Contents/NetStandard/compat/2.1.0/shims/netfx/System.ComponentModel.Composition.dll" in favor of "/Applications/Unity/Hub/Editor/2022.3.62f2/Unity.app/Contents/UnityReferenceAssemblies/unity-4.8-api/System.ComponentModel.Composition.dll"
[40m[1m[33mwarn[39m[22m[49m: Unity.ILPP.Runner.PostProcessingAssemblyLoadContext[0]
      Assembly system.runtime.interopservices.windowsruntime has duplicate hint path. Ignoring "/Applications/Unity/Hub/Editor/2022.3.62f2/Unity.app/Contents/NetStandard/Extensions/2.0.0/System.Runtime.InteropServices.WindowsRuntime.dll" in favor of "/Applications/Unity/Hub/Editor/2022.3.62f2/Unity.app/Contents/UnityReferenceAssemblies/unity-4.8-api/Facades/System.Runtime.InteropServices.WindowsRuntime.dll"
[40m[32minfo[39m[22m[49m: Unity.ILPP.Runner.PostProcessingAssemblyLoadContext[0]
      Resolved Unity.Burst.Cecil, Version=0.11.4.0, Culture=neutral, PublicKeyToken=50cebf1cceb9d05e with Library/PackageCache/com.unity.burst@1.8.21/Unity.Burst.CodeGen/Unity.Burst.Cecil.dll
[40m[32minfo[39m[22m[49m: Microsoft.AspNetCore.Routing.EndpointMiddleware[1]
      Executed endpoint 'gRPC - /UnityILPP.PostProcessing/ConfigurePostProcessors'
[40m[32minfo[39m[22m[49m: Microsoft.AspNetCore.Hosting.Diagnostics[2]
      Request finished HTTP/2 POST http://ilpp/UnityILPP.PostProcessing/ConfigurePostProcessors application/grpc - - 200 - application/grpc 8.7743ms
[40m[32minfo[39m[22m[49m: Microsoft.AspNetCore.Hosting.Diagnostics[1]
      Request starting HTTP/2 POST http://ilpp/UnityILPP.PostProcessing/PostProcessAssembly application/grpc -
[40m[32minfo[39m[22m[49m: Microsoft.AspNetCore.Routing.EndpointMiddleware[0]
      Executing endpoint 'gRPC - /UnityILPP.PostProcessing/PostProcessAssembly'
[40m[32minfo[39m[22m[49m: Microsoft.AspNetCore.Hosting.Diagnostics[1]
      Request starting HTTP/2 POST http://ilpp/UnityILPP.PostProcessing/PostProcessAssembly application/grpc -
[40m[32minfo[39m[22m[49m: Microsoft.AspNetCore.Routing.EndpointMiddleware[0]
      Executing endpoint 'gRPC - /UnityILPP.PostProcessing/PostProcessAssembly'
[40m[32minfo[39m[22m[49m: Unity.ILPP.Runner.PostProcessingPipeline[0]
      Processing assembly Library/Bee/artifacts/2000e0PDevDbg.dag/Unity.InternalAPIEngineBridge.001.dll, with 131 defines and 193 references
[40m[32minfo[39m[22m[49m: Unity.ILPP.Runner.PostProcessingPipeline[0]
      processors: HybridCLR.AssemblyShadow.CodeGen.ReflectionBindingsILPostProcessor, zzzUnity.Burst.CodeGen.BurstILPostProcessor
[40m[32minfo[39m[22m[49m: Unity.ILPP.Runner.PostProcessingPipeline[0]
      Processing assembly Library/Bee/artifacts/2000e0PDevDbg.dag/AssemblyA.Contracts.dll, with 131 defines and 125 references
[40m[32minfo[39m[22m[49m: Unity.ILPP.Runner.PostProcessingPipeline[0]
      processors: HybridCLR.AssemblyShadow.CodeGen.ReflectionBindingsILPostProcessor, zzzUnity.Burst.CodeGen.BurstILPostProcessor
[40m[32minfo[39m[22m[49m: Microsoft.AspNetCore.Hosting.Diagnostics[1]
      Request starting HTTP/2 POST http://ilpp/UnityILPP.PostProcessing/PostProcessAssembly application/grpc -
[40m[32minfo[39m[22m[49m: Microsoft.AspNetCore.Routing.EndpointMiddleware[0]
      Executing endpoint 'gRPC - /UnityILPP.PostProcessing/PostProcessAssembly'
[40m[32minfo[39m[22m[49m: Unity.ILPP.Runner.PostProcessingPipeline[0]
      running HybridCLR.AssemblyShadow.CodeGen.ReflectionBindingsILPostProcessor
[40m[32minfo[39m[22m[49m: Unity.ILPP.Runner.PostProcessingPipeline[0]
      running HybridCLR.AssemblyShadow.CodeGen.ReflectionBindingsILPostProcessor
[40m[32minfo[39m[22m[49m: Microsoft.AspNetCore.Hosting.Diagnostics[1]
      Request starting HTTP/2 POST http://ilpp/UnityILPP.PostProcessing/PostProcessAssembly application/grpc -
[40m[32minfo[39m[22m[49m: Microsoft.AspNetCore.Routing.EndpointMiddleware[0]
      Executing endpoint 'gRPC - /UnityILPP.PostProcessing/PostProcessAssembly'
[40m[32minfo[39m[22m[49m: Microsoft.AspNetCore.Hosting.Diagnostics[1]
      Request starting HTTP/2 POST http://ilpp/UnityILPP.PostProcessing/PostProcessAssembly application/grpc -
[40m[32minfo[39m[22m[49m: Microsoft.AspNetCore.Routing.EndpointMiddleware[0]
      Executing endpoint 'gRPC - /UnityILPP.PostProcessing/PostProcessAssembly'
[40m[32minfo[39m[22m[49m: Unity.ILPP.Runner.PostProcessingPipeline[0]
      Processing assembly Library/Bee/artifacts/2000e0PDevDbg.dag/Unity.RenderPipelines.Universal.Config.Runtime.dll, with 131 defines and 194 references
[40m[32minfo[39m[22m[49m: Unity.ILPP.Runner.PostProcessingPipeline[0]
      processors: HybridCLR.AssemblyShadow.CodeGen.ReflectionBindingsILPostProcessor, zzzUnity.Burst.CodeGen.BurstILPostProcessor
[40m[32minfo[39m[22m[49m: Unity.ILPP.Runner.PostProcessingPipeline[0]
      Processing assembly Library/Bee/artifacts/2000e0PDevDbg.dag/Unity.Collections.dll, with 131 defines and 195 references
[40m[32minfo[39m[22m[49m: Unity.ILPP.Runner.PostProcessingPipeline[0]
      processors: HybridCLR.AssemblyShadow.CodeGen.ReflectionBindingsILPostProcessor, zzzUnity.Burst.CodeGen.BurstILPostProcessor
[40m[32minfo[39m[22m[49m: Unity.ILPP.Runner.PostProcessingPipeline[0]
      running HybridCLR.AssemblyShadow.CodeGen.ReflectionBindingsILPostProcessor
[40m[32minfo[39m[22m[49m: Unity.ILPP.Runner.PostProcessingPipeline[0]
      running HybridCLR.AssemblyShadow.CodeGen.ReflectionBindingsILPostProcessor
[40m[32minfo[39m[22m[49m: Unity.ILPP.Runner.PostProcessingAssemblyLoadContext[0]
      Resolved dnlib, Version=4.3.0.0, Culture=neutral, PublicKeyToken=50e96378b6e77999 with /Users/ah/GitHub/hybridclr/hybridclr_unity/Plugins/dnlib.dll
[40m[32minfo[39m[22m[49m: Unity.ILPP.Runner.PostProcessingPipeline[0]
      Processing assembly Library/Bee/artifacts/2000e0PDevDbg.dag/MCPForUnity.Runtime.dll, with 131 defines and 191 references
[40m[32minfo[39m[22m[49m: Unity.ILPP.Runner.PostProcessingPipeline[0]
      processors: HybridCLR.AssemblyShadow.CodeGen.ReflectionBindingsILPostProcessor, zzzUnity.Burst.CodeGen.BurstILPostProcessor
[40m[32minfo[39m[22m[49m: Unity.ILPP.Runner.PostProcessingPipeline[0]
      running HybridCLR.AssemblyShadow.CodeGen.ReflectionBindingsILPostProcessor
[40m[32minfo[39m[22m[49m: Unity.ILPP.Runner.PostProcessingPipeline[0]
      running zzzUnity.Burst.CodeGen.BurstILPostProcessor
[40m[32minfo[39m[22m[49m: Unity.ILPP.Runner.PostProcessingPipeline[0]
      running zzzUnity.Burst.CodeGen.BurstILPostProcessor
[40m[32minfo[39m[22m[49m: Unity.ILPP.Runner.PostProcessingPipeline[0]
      running zzzUnity.Burst.CodeGen.BurstILPostProcessor
[40m[32minfo[39m[22m[49m: Unity.ILPP.Runner.PostProcessingPipeline[0]
      running zzzUnity.Burst.CodeGen.BurstILPostProcessor
[40m[32minfo[39m[22m[49m: Unity.ILPP.Runner.PostProcessingPipeline[0]
      running zzzUnity.Burst.CodeGen.BurstILPostProcessor
[40m[32minfo[39m[22m[49m: Microsoft.AspNetCore.Routing.EndpointMiddleware[1]
      Executed endpoint 'gRPC - /UnityILPP.PostProcessing/PostProcessAssembly'
[40m[32minfo[39m[22m[49m: Microsoft.AspNetCore.Routing.EndpointMiddleware[1]
      Executed endpoint 'gRPC - /UnityILPP.PostProcessing/PostProcessAssembly'
[40m[32minfo[39m[22m[49m: Microsoft.AspNetCore.Hosting.Diagnostics[2]
      Request finished HTTP/2 POST http://ilpp/UnityILPP.PostProcessing/PostProcessAssembly application/grpc - - 200 - application/grpc 37.1515ms
[40m[32minfo[39m[22m[49m: Microsoft.AspNetCore.Hosting.Diagnostics[2]
      Request finished HTTP/2 POST http://ilpp/UnityILPP.PostProcessing/PostProcessAssembly application/grpc - - 200 - application/grpc 24.3682ms
[40m[32minfo[39m[22m[49m: Microsoft.AspNetCore.Routing.EndpointMiddleware[1]
      Executed endpoint 'gRPC - /UnityILPP.PostProcessing/PostProcessAssembly'
[40m[32minfo[39m[22m[49m: Microsoft.AspNetCore.Hosting.Diagnostics[2]
      Request finished HTTP/2 POST http://ilpp/UnityILPP.PostProcessing/PostProcessAssembly application/grpc - - 200 - application/grpc 58.7679ms
[40m[32minfo[39m[22m[49m: Microsoft.AspNetCore.Routing.EndpointMiddleware[1]
      Executed endpoint 'gRPC - /UnityILPP.PostProcessing/PostProcessAssembly'
[40m[32minfo[39m[22m[49m: Microsoft.AspNetCore.Hosting.Diagnostics[2]
      Request finished HTTP/2 POST http://ilpp/UnityILPP.PostProcessing/PostProcessAssembly application/grpc - - 200 - application/grpc 46.3105ms
[40m[32minfo[39m[22m[49m: Microsoft.AspNetCore.Hosting.Diagnostics[1]
      Request starting HTTP/2 POST http://ilpp/UnityILPP.PostProcessing/PostProcessAssembly application/grpc -
[40m[32minfo[39m[22m[49m: Microsoft.AspNetCore.Routing.EndpointMiddleware[0]
      Executing endpoint 'gRPC - /UnityILPP.PostProcessing/PostProcessAssembly'
[40m[32minfo[39m[22m[49m: Unity.ILPP.Runner.PostProcessingPipeline[0]
      Processing assembly Library/Bee/artifacts/2000e0PDevDbg.dag/AssemblyShadowBaseline.HotUpdate.dll, with 131 defines and 125 references
[40m[32minfo[39m[22m[49m: Unity.ILPP.Runner.PostProcessingPipeline[0]
      processors: HybridCLR.AssemblyShadow.CodeGen.ReflectionBindingsILPostProcessor, zzzUnity.Burst.CodeGen.BurstILPostProcessor
[40m[32minfo[39m[22m[49m: Unity.ILPP.Runner.PostProcessingPipeline[0]
      running HybridCLR.AssemblyShadow.CodeGen.ReflectionBindingsILPostProcessor
[40m[32minfo[39m[22m[49m: Unity.ILPP.Runner.PostProcessingPipeline[0]
      running zzzUnity.Burst.CodeGen.BurstILPostProcessor
[40m[32minfo[39m[22m[49m: Microsoft.AspNetCore.Routing.EndpointMiddleware[1]
      Executed endpoint 'gRPC - /UnityILPP.PostProcessing/PostProcessAssembly'
[40m[32minfo[39m[22m[49m: Microsoft.AspNetCore.Hosting.Diagnostics[2]
      Request finished HTTP/2 POST http://ilpp/UnityILPP.PostProcessing/PostProcessAssembly application/grpc - - 200 - application/grpc 27.1210ms
[40m[32minfo[39m[22m[49m: Microsoft.AspNetCore.Hosting.Diagnostics[1]
      Request starting HTTP/2 POST http://ilpp/UnityILPP.PostProcessing/PostProcessAssembly application/grpc -
[40m[32minfo[39m[22m[49m: Microsoft.AspNetCore.Routing.EndpointMiddleware[0]
      Executing endpoint 'gRPC - /UnityILPP.PostProcessing/PostProcessAssembly'
[40m[32minfo[39m[22m[49m: Unity.ILPP.Runner.PostProcessingPipeline[0]
      Processing assembly Library/Bee/artifacts/2000e0PDevDbg.dag/AssemblyShadowDemo.ContractsConsumer.dll, with 131 defines and 126 references
[40m[32minfo[39m[22m[49m: Unity.ILPP.Runner.PostProcessingPipeline[0]
      processors: HybridCLR.AssemblyShadow.CodeGen.ReflectionBindingsILPostProcessor, zzzUnity.Burst.CodeGen.BurstILPostProcessor
[40m[32minfo[39m[22m[49m: Unity.ILPP.Runner.PostProcessingPipeline[0]
      running HybridCLR.AssemblyShadow.CodeGen.ReflectionBindingsILPostProcessor
[40m[32minfo[39m[22m[49m: Unity.ILPP.Runner.PostProcessingPipeline[0]
      running zzzUnity.Burst.CodeGen.BurstILPostProcessor
[40m[32minfo[39m[22m[49m: Microsoft.AspNetCore.Routing.EndpointMiddleware[1]
      Executed endpoint 'gRPC - /UnityILPP.PostProcessing/PostProcessAssembly'
[40m[32minfo[39m[22m[49m: Microsoft.AspNetCore.Hosting.Diagnostics[2]
      Request finished HTTP/2 POST http://ilpp/UnityILPP.PostProcessing/PostProcessAssembly application/grpc - - 200 - application/grpc 3.4002ms
[40m[32minfo[39m[22m[49m: Unity.ILPP.Runner.PostProcessingAssemblyLoadContext[0]
      Resolved Unity.Burst.Cecil.Rocks, Version=0.11.4.0, Culture=neutral, PublicKeyToken=50cebf1cceb9d05e with Library/PackageCache/com.unity.burst@1.8.21/Unity.Burst.CodeGen/Unity.Burst.Cecil.Rocks.dll
[40m[32minfo[39m[22m[49m: Microsoft.AspNetCore.Hosting.Diagnostics[1]
      Request starting HTTP/2 POST http://ilpp/UnityILPP.PostProcessing/PostProcessAssembly application/grpc -
[40m[32minfo[39m[22m[49m: Microsoft.AspNetCore.Routing.EndpointMiddleware[0]
      Executing endpoint 'gRPC - /UnityILPP.PostProcessing/PostProcessAssembly'
[40m[32minfo[39m[22m[49m: Microsoft.AspNetCore.Hosting.Diagnostics[1]
      Request starting HTTP/2 POST http://ilpp/UnityILPP.PostProcessing/PostProcessAssembly application/grpc -
[40m[32minfo[39m[22m[49m: Microsoft.AspNetCore.Routing.EndpointMiddleware[0]
      Executing endpoint 'gRPC - /UnityILPP.PostProcessing/PostProcessAssembly'
[40m[32minfo[39m[22m[49m: Microsoft.AspNetCore.Hosting.Diagnostics[1]
      Request starting HTTP/2 POST http://ilpp/UnityILPP.PostProcessing/PostProcessAssembly application/grpc -
[40m[32minfo[39m[22m[49m: Microsoft.AspNetCore.Routing.EndpointMiddleware[0]
      Executing endpoint 'gRPC - /UnityILPP.PostProcessing/PostProcessAssembly'
[40m[32minfo[39m[22m[49m: Unity.ILPP.Runner.PostProcessingPipeline[0]
      Processing assembly Library/Bee/artifacts/2000e0PDevDbg.dag/Assembly-CSharp.dll, with 131 defines and 217 references
[40m[32minfo[39m[22m[49m: Unity.ILPP.Runner.PostProcessingPipeline[0]
      processors: HybridCLR.AssemblyShadow.CodeGen.ReflectionBindingsILPostProcessor, zzzUnity.Burst.CodeGen.BurstILPostProcessor
[40m[32minfo[39m[22m[49m: Unity.ILPP.Runner.PostProcessingPipeline[0]
      running HybridCLR.AssemblyShadow.CodeGen.ReflectionBindingsILPostProcessor
[40m[32minfo[39m[22m[49m: Unity.ILPP.Runner.PostProcessingPipeline[0]
      running zzzUnity.Burst.CodeGen.BurstILPostProcessor
[40m[32minfo[39m[22m[49m: Microsoft.AspNetCore.Hosting.Diagnostics[1]
      Request starting HTTP/2 POST http://ilpp/UnityILPP.PostProcessing/PostProcessAssembly application/grpc -
[40m[32minfo[39m[22m[49m: Microsoft.AspNetCore.Routing.EndpointMiddleware[0]
      Executing endpoint 'gRPC - /UnityILPP.PostProcessing/PostProcessAssembly'
[40m[32minfo[39m[22m[49m: Microsoft.AspNetCore.Hosting.Diagnostics[1]
      Request starting HTTP/2 POST http://ilpp/UnityILPP.PostProcessing/PostProcessAssembly application/grpc -
[40m[32minfo[39m[22m[49m: Microsoft.AspNetCore.Routing.EndpointMiddleware[0]
      Executing endpoint 'gRPC - /UnityILPP.PostProcessing/PostProcessAssembly'
[40m[32minfo[39m[22m[49m: Unity.ILPP.Runner.PostProcessingPipeline[0]
      Processing assembly Library/Bee/artifacts/2000e0PDevDbg.dag/Unity.RenderPipeline.Universal.ShaderLibrary.dll, with 131 defines and 194 references
[40m[32minfo[39m[22m[49m: Unity.ILPP.Runner.PostProcessingPipeline[0]
      processors: HybridCLR.AssemblyShadow.CodeGen.ReflectionBindingsILPostProcessor, zzzUnity.Burst.CodeGen.BurstILPostProcessor
[40m[32minfo[39m[22m[49m: Unity.ILPP.Runner.PostProcessingPipeline[0]
      running HybridCLR.AssemblyShadow.CodeGen.ReflectionBindingsILPostProcessor
[40m[32minfo[39m[22m[49m: Unity.ILPP.Runner.PostProcessingPipeline[0]
      running zzzUnity.Burst.CodeGen.BurstILPostProcessor
[40m[32minfo[39m[22m[49m: Unity.ILPP.Runner.PostProcessingPipeline[0]
      Processing assembly Library/Bee/artifacts/2000e0PDevDbg.dag/Unity.RenderPipelines.Universal.Runtime.dll, with 136 defines and 199 references
[40m[32minfo[39m[22m[49m: Unity.ILPP.Runner.PostProcessingPipeline[0]
      processors: HybridCLR.AssemblyShadow.CodeGen.ReflectionBindingsILPostProcessor, zzzUnity.Burst.CodeGen.BurstILPostProcessor
[40m[32minfo[39m[22m[49m: Unity.ILPP.Runner.PostProcessingPipeline[0]
      running HybridCLR.AssemblyShadow.CodeGen.ReflectionBindingsILPostProcessor
[40m[32minfo[39m[22m[49m: Unity.ILPP.Runner.PostProcessingPipeline[0]
      running zzzUnity.Burst.CodeGen.BurstILPostProcessor
[40m[32minfo[39m[22m[49m: Microsoft.AspNetCore.Routing.EndpointMiddleware[1]
      Executed endpoint 'gRPC - /UnityILPP.PostProcessing/PostProcessAssembly'
[40m[32minfo[39m[22m[49m: Microsoft.AspNetCore.Hosting.Diagnostics[2]
      Request finished HTTP/2 POST http://ilpp/UnityILPP.PostProcessing/PostProcessAssembly application/grpc - - 200 - application/grpc 10.4050ms
[40m[32minfo[39m[22m[49m: Unity.ILPP.Runner.PostProcessingPipeline[0]
      Processing assembly Library/Bee/artifacts/2000e0PDevDbg.dag/AssemblyShadowDemo.Bootstrap.dll, with 131 defines and 196 references
[40m[32minfo[39m[22m[49m: Unity.ILPP.Runner.PostProcessingPipeline[0]
      processors: HybridCLR.AssemblyShadow.CodeGen.ReflectionBindingsILPostProcessor, zzzUnity.Burst.CodeGen.BurstILPostProcessor
[40m[32minfo[39m[22m[49m: Microsoft.AspNetCore.Routing.EndpointMiddleware[1]
      Executed endpoint 'gRPC - /UnityILPP.PostProcessing/PostProcessAssembly'
[40m[32minfo[39m[22m[49m: Microsoft.AspNetCore.Hosting.Diagnostics[2]
      Request finished HTTP/2 POST http://ilpp/UnityILPP.PostProcessing/PostProcessAssembly application/grpc - - 200 - application/grpc 49.6370ms
[40m[32minfo[39m[22m[49m: Unity.ILPP.Runner.PostProcessingPipeline[0]
      Processing assembly Library/Bee/artifacts/2000e0PDevDbg.dag/AssemblyA.Implementation.Extensibility.dll, with 131 defines and 194 references
[40m[32minfo[39m[22m[49m: Unity.ILPP.Runner.PostProcessingPipeline[0]
      processors: HybridCLR.AssemblyShadow.CodeGen.ReflectionBindingsILPostProcessor, zzzUnity.Burst.CodeGen.BurstILPostProcessor
[40m[32minfo[39m[22m[49m: Unity.ILPP.Runner.PostProcessingPipeline[0]
      running HybridCLR.AssemblyShadow.CodeGen.ReflectionBindingsILPostProcessor
[40m[32minfo[39m[22m[49m: Unity.ILPP.Runner.PostProcessingPipeline[0]
      running zzzUnity.Burst.CodeGen.BurstILPostProcessor
[40m[32minfo[39m[22m[49m: Microsoft.AspNetCore.Hosting.Diagnostics[1]
      Request starting HTTP/2 POST http://ilpp/UnityILPP.PostProcessing/PostProcessAssembly application/grpc -
[40m[32minfo[39m[22m[49m: Microsoft.AspNetCore.Routing.EndpointMiddleware[0]
      Executing endpoint 'gRPC - /UnityILPP.PostProcessing/PostProcessAssembly'
[40m[32minfo[39m[22m[49m: Microsoft.AspNetCore.Routing.EndpointMiddleware[1]
      Executed endpoint 'gRPC - /UnityILPP.PostProcessing/PostProcessAssembly'
[40m[32minfo[39m[22m[49m: Microsoft.AspNetCore.Hosting.Diagnostics[2]
      Request finished HTTP/2 POST http://ilpp/UnityILPP.PostProcessing/PostProcessAssembly application/grpc - - 200 - application/grpc 20.5517ms
[40m[32minfo[39m[22m[49m: Unity.ILPP.Runner.PostProcessingPipeline[0]
      running HybridCLR.AssemblyShadow.CodeGen.ReflectionBindingsILPostProcessor
[40m[32minfo[39m[22m[49m: Unity.ILPP.Runner.PostProcessingPipeline[0]
      running zzzUnity.Burst.CodeGen.BurstILPostProcessor
[40m[32minfo[39m[22m[49m: Microsoft.AspNetCore.Routing.EndpointMiddleware[1]
      Executed endpoint 'gRPC - /UnityILPP.PostProcessing/PostProcessAssembly'
[40m[32minfo[39m[22m[49m: Microsoft.AspNetCore.Hosting.Diagnostics[2]
      Request finished HTTP/2 POST http://ilpp/UnityILPP.PostProcessing/PostProcessAssembly application/grpc - - 200 - application/grpc 60.2674ms
[40m[32minfo[39m[22m[49m: Microsoft.AspNetCore.Hosting.Diagnostics[1]
      Request starting HTTP/2 POST http://ilpp/UnityILPP.PostProcessing/PostProcessAssembly application/grpc -
[40m[32minfo[39m[22m[49m: Microsoft.AspNetCore.Hosting.Diagnostics[1]
      Request starting HTTP/2 POST http://ilpp/UnityILPP.PostProcessing/PostProcessAssembly application/grpc -
[40m[32minfo[39m[22m[49m: Microsoft.AspNetCore.Routing.EndpointMiddleware[0]
      Executing endpoint 'gRPC - /UnityILPP.PostProcessing/PostProcessAssembly'
[40m[32minfo[39m[22m[49m: Microsoft.AspNetCore.Routing.EndpointMiddleware[0]
      Executing endpoint 'gRPC - /UnityILPP.PostProcessing/PostProcessAssembly'
[40m[32minfo[39m[22m[49m: Unity.ILPP.Runner.PostProcessingPipeline[0]
      Processing assembly Library/Bee/artifacts/2000e0PDevDbg.dag/Unity.VisualScripting.Core.dll, with 134 defines and 193 references
[40m[32minfo[39m[22m[49m: Unity.ILPP.Runner.PostProcessingPipeline[0]
      processors: HybridCLR.AssemblyShadow.CodeGen.ReflectionBindingsILPostProcessor, zzzUnity.Burst.CodeGen.BurstILPostProcessor
[40m[32minfo[39m[22m[49m: Unity.ILPP.Runner.PostProcessingPipeline[0]
      Processing assembly Library/Bee/artifacts/2000e0PDevDbg.dag/AssemblyA.Implementation.Internal.dll, with 131 defines and 195 references
[40m[32minfo[39m[22m[49m: Unity.ILPP.Runner.PostProcessingPipeline[0]
      processors: HybridCLR.AssemblyShadow.CodeGen.ReflectionBindingsILPostProcessor, zzzUnity.Burst.CodeGen.BurstILPostProcessor
[40m[32minfo[39m[22m[49m: Unity.ILPP.Runner.PostProcessingPipeline[0]
      running HybridCLR.AssemblyShadow.CodeGen.ReflectionBindingsILPostProcessor
[40m[32minfo[39m[22m[49m: Unity.ILPP.Runner.PostProcessingPipeline[0]
      running HybridCLR.AssemblyShadow.CodeGen.ReflectionBindingsILPostProcessor
[40m[32minfo[39m[22m[49m: Unity.ILPP.Runner.PostProcessingPipeline[0]
      running zzzUnity.Burst.CodeGen.BurstILPostProcessor
[40m[32minfo[39m[22m[49m: Unity.ILPP.Runner.PostProcessingPipeline[0]
      Processing assembly Library/Bee/artifacts/2000e0PDevDbg.dag/AssemblyShadowDemo.ExtensibilityConsumer.dll, with 131 defines and 195 references
[40m[32minfo[39m[22m[49m: Unity.ILPP.Runner.PostProcessingPipeline[0]
      processors: HybridCLR.AssemblyShadow.CodeGen.ReflectionBindingsILPostProcessor, zzzUnity.Burst.CodeGen.BurstILPostProcessor
[40m[32minfo[39m[22m[49m: Unity.ILPP.Runner.PostProcessingPipeline[0]
      running HybridCLR.AssemblyShadow.CodeGen.ReflectionBindingsILPostProcessor
[40m[32minfo[39m[22m[49m: Microsoft.AspNetCore.Hosting.Diagnostics[1]
      Request starting HTTP/2 POST http://ilpp/UnityILPP.PostProcessing/PostProcessAssembly application/grpc -
[40m[32minfo[39m[22m[49m: Microsoft.AspNetCore.Routing.EndpointMiddleware[0]
      Executing endpoint 'gRPC - /UnityILPP.PostProcessing/PostProcessAssembly'
[40m[32minfo[39m[22m[49m: Unity.ILPP.Runner.PostProcessingPipeline[0]
      running zzzUnity.Burst.CodeGen.BurstILPostProcessor
[40m[32minfo[39m[22m[49m: Unity.ILPP.Runner.PostProcessingPipeline[0]
      running zzzUnity.Burst.CodeGen.BurstILPostProcessor
[40m[32minfo[39m[22m[49m: Microsoft.AspNetCore.Routing.EndpointMiddleware[1]
      Executed endpoint 'gRPC - /UnityILPP.PostProcessing/PostProcessAssembly'
[40m[32minfo[39m[22m[49m: Microsoft.AspNetCore.Routing.EndpointMiddleware[1]
      Executed endpoint 'gRPC - /UnityILPP.PostProcessing/PostProcessAssembly'
[40m[32minfo[39m[22m[49m: Microsoft.AspNetCore.Routing.EndpointMiddleware[1]
      Executed endpoint 'gRPC - /UnityILPP.PostProcessing/PostProcessAssembly'
[40m[32minfo[39m[22m[49m: Microsoft.AspNetCore.Hosting.Diagnostics[2]
      Request finished HTTP/2 POST http://ilpp/UnityILPP.PostProcessing/PostProcessAssembly application/grpc - - 200 - application/grpc 18.6648ms
[40m[32minfo[39m[22m[49m: Microsoft.AspNetCore.Hosting.Diagnostics[2]
      Request finished HTTP/2 POST http://ilpp/UnityILPP.PostProcessing/PostProcessAssembly application/grpc - - 200 - application/grpc 18.6593ms
[40m[32minfo[39m[22m[49m: Microsoft.AspNetCore.Hosting.Diagnostics[2]
      Request finished HTTP/2 POST http://ilpp/UnityILPP.PostProcessing/PostProcessAssembly application/grpc - - 200 - application/grpc 48.5427ms
[40m[32minfo[39m[22m[49m: Unity.ILPP.Runner.PostProcessingPipeline[0]
      Processing assembly Library/Bee/artifacts/2000e0PDevDbg.dag/Unity.VisualScripting.State.dll, with 131 defines and 195 references
[40m[32minfo[39m[22m[49m: Unity.ILPP.Runner.PostProcessingPipeline[0]
      processors: HybridCLR.AssemblyShadow.CodeGen.ReflectionBindingsILPostProcessor, zzzUnity.Burst.CodeGen.BurstILPostProcessor
[40m[32minfo[39m[22m[49m: Unity.ILPP.Runner.PostProcessingPipeline[0]
      running HybridCLR.AssemblyShadow.CodeGen.ReflectionBindingsILPostProcessor
[40m[32minfo[39m[22m[49m: Unity.ILPP.Runner.PostProcessingPipeline[0]
      running zzzUnity.Burst.CodeGen.BurstILPostProcessor
[40m[32minfo[39m[22m[49m: Microsoft.AspNetCore.Routing.EndpointMiddleware[1]
      Executed endpoint 'gRPC - /UnityILPP.PostProcessing/PostProcessAssembly'
[40m[32minfo[39m[22m[49m: Microsoft.AspNetCore.Hosting.Diagnostics[2]
      Request finished HTTP/2 POST http://ilpp/UnityILPP.PostProcessing/PostProcessAssembly application/grpc - - 200 - application/grpc 12.5007ms
[40m[32minfo[39m[22m[49m: Microsoft.AspNetCore.Routing.EndpointMiddleware[1]
      Executed endpoint 'gRPC - /UnityILPP.PostProcessing/PostProcessAssembly'
[40m[32minfo[39m[22m[49m: Microsoft.AspNetCore.Hosting.Diagnostics[2]
      Request finished HTTP/2 POST http://ilpp/UnityILPP.PostProcessing/PostProcessAssembly application/grpc - - 200 - application/grpc 141.6783ms
[40m[32minfo[39m[22m[49m: Microsoft.AspNetCore.Hosting.Diagnostics[1]
      Request starting HTTP/2 POST http://ilpp/UnityILPP.PostProcessing/PostProcessAssembly application/grpc -
[40m[32minfo[39m[22m[49m: Microsoft.AspNetCore.Routing.EndpointMiddleware[0]
      Executing endpoint 'gRPC - /UnityILPP.PostProcessing/PostProcessAssembly'
[40m[32minfo[39m[22m[49m: Unity.ILPP.Runner.PostProcessingPipeline[0]
      Processing assembly Library/Bee/artifacts/2000e0PDevDbg.dag/Unity.2D.SpriteShape.Runtime.dll, with 132 defines and 196 references
[40m[32minfo[39m[22m[49m: Unity.ILPP.Runner.PostProcessingPipeline[0]
      processors: HybridCLR.AssemblyShadow.CodeGen.ReflectionBindingsILPostProcessor, zzzUnity.Burst.CodeGen.BurstILPostProcessor
[40m[32minfo[39m[22m[49m: Unity.ILPP.Runner.PostProcessingPipeline[0]
      running HybridCLR.AssemblyShadow.CodeGen.ReflectionBindingsILPostProcessor
[40m[32minfo[39m[22m[49m: Unity.ILPP.Runner.PostProcessingPipeline[0]
      running zzzUnity.Burst.CodeGen.BurstILPostProcessor
[40m[32minfo[39m[22m[49m: Microsoft.AspNetCore.Hosting.Diagnostics[1]
      Request starting HTTP/2 POST http://ilpp/UnityILPP.PostProcessing/PostProcessAssembly application/grpc -
[40m[32minfo[39m[22m[49m: Microsoft.AspNetCore.Routing.EndpointMiddleware[0]
      Executing endpoint 'gRPC - /UnityILPP.PostProcessing/PostProcessAssembly'
[40m[32minfo[39m[22m[49m: Microsoft.AspNetCore.Hosting.Diagnostics[1]
      Request starting HTTP/2 POST http://ilpp/UnityILPP.PostProcessing/PostProcessAssembly application/grpc -
[40m[32minfo[39m[22m[49m: Microsoft.AspNetCore.Routing.EndpointMiddleware[0]
      Executing endpoint 'gRPC - /UnityILPP.PostProcessing/PostProcessAssembly'
[40m[32minfo[39m[22m[49m: Microsoft.AspNetCore.Hosting.Diagnostics[1]
      Request starting HTTP/2 POST http://ilpp/UnityILPP.PostProcessing/PostProcessAssembly application/grpc -
[40m[32minfo[39m[22m[49m: Microsoft.AspNetCore.Routing.EndpointMiddleware[0]
      Executing endpoint 'gRPC - /UnityILPP.PostProcessing/PostProcessAssembly'
[40m[32minfo[39m[22m[49m: Unity.ILPP.Runner.PostProcessingPipeline[0]
      Processing assembly Library/Bee/artifacts/2000e0PDevDbg.dag/Unity.RenderPipelines.Core.Runtime.dll, with 133 defines and 193 references
[40m[32minfo[39m[22m[49m: Unity.ILPP.Runner.PostProcessingPipeline[0]
      Processing assembly Library/Bee/artifacts/2000e0PDevDbg.dag/HybridCLR.Runtime.dll, with 131 defines and 193 references
[40m[32minfo[39m[22m[49m: Unity.ILPP.Runner.PostProcessingPipeline[0]
      processors: HybridCLR.AssemblyShadow.CodeGen.ReflectionBindingsILPostProcessor, zzzUnity.Burst.CodeGen.BurstILPostProcessor
[40m[32minfo[39m[22m[49m: Unity.ILPP.Runner.PostProcessingPipeline[0]
      processors: HybridCLR.AssemblyShadow.CodeGen.ReflectionBindingsILPostProcessor, zzzUnity.Burst.CodeGen.BurstILPostProcessor
[40m[32minfo[39m[22m[49m: Unity.ILPP.Runner.PostProcessingPipeline[0]
      running HybridCLR.AssemblyShadow.CodeGen.ReflectionBindingsILPostProcessor
[40m[32minfo[39m[22m[49m: Unity.ILPP.Runner.PostProcessingPipeline[0]
      running zzzUnity.Burst.CodeGen.BurstILPostProcessor
[40m[32minfo[39m[22m[49m: Microsoft.AspNetCore.Routing.EndpointMiddleware[1]
      Executed endpoint 'gRPC - /UnityILPP.PostProcessing/PostProcessAssembly'
[40m[32minfo[39m[22m[49m: Microsoft.AspNetCore.Hosting.Diagnostics[2]
      Request finished HTTP/2 POST http://ilpp/UnityILPP.PostProcessing/PostProcessAssembly application/grpc - - 200 - application/grpc 12.8123ms
[40m[32minfo[39m[22m[49m: Unity.ILPP.Runner.PostProcessingPipeline[0]
      running HybridCLR.AssemblyShadow.CodeGen.ReflectionBindingsILPostProcessor
[40m[32minfo[39m[22m[49m: Unity.ILPP.Runner.PostProcessingPipeline[0]
      Processing assembly Library/Bee/artifacts/2000e0PDevDbg.dag/Unity.VisualScripting.Flow.dll, with 136 defines and 194 references
[40m[32minfo[39m[22m[49m: Unity.ILPP.Runner.PostProcessingPipeline[0]
      processors: HybridCLR.AssemblyShadow.CodeGen.ReflectionBindingsILPostProcessor, zzzUnity.Burst.CodeGen.BurstILPostProcessor
[40m[32minfo[39m[22m[49m: Unity.ILPP.Runner.PostProcessingPipeline[0]
      running HybridCLR.AssemblyShadow.CodeGen.ReflectionBindingsILPostProcessor
[40m[32minfo[39m[22m[49m: Unity.ILPP.Runner.PostProcessingPipeline[0]
      running zzzUnity.Burst.CodeGen.BurstILPostProcessor
[40m[32minfo[39m[22m[49m: Microsoft.AspNetCore.Routing.EndpointMiddleware[1]
      Executed endpoint 'gRPC - /UnityILPP.PostProcessing/PostProcessAssembly'
[40m[32minfo[39m[22m[49m: Microsoft.AspNetCore.Hosting.Diagnostics[2]
      Request finished HTTP/2 POST http://ilpp/UnityILPP.PostProcessing/PostProcessAssembly application/grpc - - 200 - application/grpc 44.3732ms
[40m[32minfo[39m[22m[49m: Microsoft.AspNetCore.Hosting.Diagnostics[1]
      Request starting HTTP/2 POST http://ilpp/UnityILPP.PostProcessing/PostProcessAssembly application/grpc -
[40m[32minfo[39m[22m[49m: Microsoft.AspNetCore.Routing.EndpointMiddleware[0]
      Executing endpoint 'gRPC - /UnityILPP.PostProcessing/PostProcessAssembly'
[40m[32minfo[39m[22m[49m: Microsoft.AspNetCore.Hosting.Diagnostics[1]
      Request starting HTTP/2 POST http://ilpp/UnityILPP.PostProcessing/PostProcessAssembly application/grpc -
[40m[32minfo[39m[22m[49m: Microsoft.AspNetCore.Routing.EndpointMiddleware[0]
      Executing endpoint 'gRPC - /UnityILPP.PostProcessing/PostProcessAssembly'
[40m[32minfo[39m[22m[49m: Unity.ILPP.Runner.PostProcessingPipeline[0]
      Processing assembly Library/Bee/artifacts/2000e0PDevDbg.dag/Unity.2D.Animation.Runtime.dll, with 131 defines and 198 references
[40m[32minfo[39m[22m[49m: Unity.ILPP.Runner.PostProcessingPipeline[0]
      processors: HybridCLR.AssemblyShadow.CodeGen.ReflectionBindingsILPostProcessor, zzzUnity.Burst.CodeGen.BurstILPostProcessor
[40m[32minfo[39m[22m[49m: Unity.ILPP.Runner.PostProcessingPipeline[0]
      running HybridCLR.AssemblyShadow.CodeGen.ReflectionBindingsILPostProcessor
[40m[32minfo[39m[22m[49m: Unity.ILPP.Runner.PostProcessingPipeline[0]
      running zzzUnity.Burst.CodeGen.BurstILPostProcessor
[40m[32minfo[39m[22m[49m: Microsoft.AspNetCore.Hosting.Diagnostics[1]
      Request starting HTTP/2 POST http://ilpp/UnityILPP.PostProcessing/PostProcessAssembly application/grpc -
[40m[32minfo[39m[22m[49m: Microsoft.AspNetCore.Routing.EndpointMiddleware[0]
      Executing endpoint 'gRPC - /UnityILPP.PostProcessing/PostProcessAssembly'
[40m[32minfo[39m[22m[49m: Unity.ILPP.Runner.PostProcessingPipeline[0]
      Processing assembly Library/Bee/artifacts/2000e0PDevDbg.dag/Unity.Mathematics.dll, with 131 defines and 193 references
[40m[32minfo[39m[22m[49m: Unity.ILPP.Runner.PostProcessingPipeline[0]
      processors: HybridCLR.AssemblyShadow.CodeGen.ReflectionBindingsILPostProcessor, zzzUnity.Burst.CodeGen.BurstILPostProcessor
[40m[32minfo[39m[22m[49m: Unity.ILPP.Runner.PostProcessingPipeline[0]
      Processing assembly Library/Bee/artifacts/2000e0PDevDbg.dag/AssemblyShadowBaseline.Aot.dll, with 131 defines and 194 references
[40m[32minfo[39m[22m[49m: Unity.ILPP.Runner.PostProcessingPipeline[0]
      processors: HybridCLR.AssemblyShadow.CodeGen.ReflectionBindingsILPostProcessor, zzzUnity.Burst.CodeGen.BurstILPostProcessor
[40m[32minfo[39m[22m[49m: Unity.ILPP.Runner.PostProcessingPipeline[0]
      running HybridCLR.AssemblyShadow.CodeGen.ReflectionBindingsILPostProcessor
[40m[32minfo[39m[22m[49m: Unity.ILPP.Runner.PostProcessingPipeline[0]
      running HybridCLR.AssemblyShadow.CodeGen.ReflectionBindingsILPostProcessor
[40m[32minfo[39m[22m[49m: Microsoft.AspNetCore.Hosting.Diagnostics[1]
      Request starting HTTP/2 POST http://ilpp/UnityILPP.PostProcessing/PostProcessAssembly application/grpc -
[40m[32minfo[39m[22m[49m: Microsoft.AspNetCore.Routing.EndpointMiddleware[0]
      Executing endpoint 'gRPC - /UnityILPP.PostProcessing/PostProcessAssembly'
[40m[32minfo[39m[22m[49m: Unity.ILPP.Runner.PostProcessingPipeline[0]
      Processing assembly Library/Bee/artifacts/2000e0PDevDbg.dag/Unity.RenderPipelines.Core.ShaderLibrary.dll, with 131 defines and 193 references
[40m[32minfo[39m[22m[49m: Unity.ILPP.Runner.PostProcessingPipeline[0]
      processors: HybridCLR.AssemblyShadow.CodeGen.ReflectionBindingsILPostProcessor, zzzUnity.Burst.CodeGen.BurstILPostProcessor
[40m[32minfo[39m[22m[49m: Unity.ILPP.Runner.PostProcessingPipeline[0]
      running HybridCLR.AssemblyShadow.CodeGen.ReflectionBindingsILPostProcessor
[40m[32minfo[39m[22m[49m: Unity.ILPP.Runner.PostProcessingPipeline[0]
      running zzzUnity.Burst.CodeGen.BurstILPostProcessor
[40m[32minfo[39m[22m[49m: Unity.ILPP.Runner.PostProcessingPipeline[0]
      running zzzUnity.Burst.CodeGen.BurstILPostProcessor
[40m[32minfo[39m[22m[49m: Microsoft.AspNetCore.Routing.EndpointMiddleware[1]
      Executed endpoint 'gRPC - /UnityILPP.PostProcessing/PostProcessAssembly'
[40m[32minfo[39m[22m[49m: Microsoft.AspNetCore.Hosting.Diagnostics[2]
      Request finished HTTP/2 POST http://ilpp/UnityILPP.PostProcessing/PostProcessAssembly application/grpc - - 200 - application/grpc 2.3493ms
[40m[32minfo[39m[22m[49m: Microsoft.AspNetCore.Routing.EndpointMiddleware[1]
      Executed endpoint 'gRPC - /UnityILPP.PostProcessing/PostProcessAssembly'
[40m[32minfo[39m[22m[49m: Microsoft.AspNetCore.Hosting.Diagnostics[2]
      Request finished HTTP/2 POST http://ilpp/UnityILPP.PostProcessing/PostProcessAssembly application/grpc - - 200 - application/grpc 14.2032ms
[40m[32minfo[39m[22m[49m: Microsoft.AspNetCore.Hosting.Diagnostics[1]
      Request starting HTTP/2 POST http://ilpp/UnityILPP.PostProcessing/PostProcessAssembly application/grpc -
[40m[32minfo[39m[22m[49m: Microsoft.AspNetCore.Routing.EndpointMiddleware[0]
      Executing endpoint 'gRPC - /UnityILPP.PostProcessing/PostProcessAssembly'
[40m[32minfo[39m[22m[49m: Unity.ILPP.Runner.PostProcessingPipeline[0]
      Processing assembly Library/Bee/artifacts/2000e0PDevDbg.dag/Unity.2D.IK.Runtime.dll, with 131 defines and 194 references
[40m[32minfo[39m[22m[49m: Unity.ILPP.Runner.PostProcessingPipeline[0]
      processors: HybridCLR.AssemblyShadow.CodeGen.ReflectionBindingsILPostProcessor, zzzUnity.Burst.CodeGen.BurstILPostProcessor
[40m[32minfo[39m[22m[49m: Unity.ILPP.Runner.PostProcessingPipeline[0]
      running HybridCLR.AssemblyShadow.CodeGen.ReflectionBindingsILPostProcessor
[40m[32minfo[39m[22m[49m: Unity.ILPP.Runner.PostProcessingPipeline[0]
      running zzzUnity.Burst.CodeGen.BurstILPostProcessor
[40m[32minfo[39m[22m[49m: Microsoft.AspNetCore.Routing.EndpointMiddleware[1]
      Executed endpoint 'gRPC - /UnityILPP.PostProcessing/PostProcessAssembly'
[40m[32minfo[39m[22m[49m: Microsoft.AspNetCore.Hosting.Diagnostics[2]
      Request finished HTTP/2 POST http://ilpp/UnityILPP.PostProcessing/PostProcessAssembly application/grpc - - 200 - application/grpc 27.1433ms
[40m[32minfo[39m[22m[49m: Microsoft.AspNetCore.Routing.EndpointMiddleware[1]
      Executed endpoint 'gRPC - /UnityILPP.PostProcessing/PostProcessAssembly'
[40m[32minfo[39m[22m[49m: Microsoft.AspNetCore.Hosting.Diagnostics[2]
      Request finished HTTP/2 POST http://ilpp/UnityILPP.PostProcessing/PostProcessAssembly application/grpc - - 200 - application/grpc 174.3275ms
[40m[32minfo[39m[22m[49m: Microsoft.AspNetCore.Routing.EndpointMiddleware[1]
      Executed endpoint 'gRPC - /UnityILPP.PostProcessing/PostProcessAssembly'
[40m[32minfo[39m[22m[49m: Microsoft.AspNetCore.Hosting.Diagnostics[2]
      Request finished HTTP/2 POST http://ilpp/UnityILPP.PostProcessing/PostProcessAssembly application/grpc - - 200 - application/grpc 684.7302ms
[40m[32minfo[39m[22m[49m: Microsoft.AspNetCore.Routing.EndpointMiddleware[1]
      Executed endpoint 'gRPC - /UnityILPP.PostProcessing/PostProcessAssembly'
[40m[32minfo[39m[22m[49m: Microsoft.AspNetCore.Hosting.Diagnostics[2]
      Request finished HTTP/2 POST http://ilpp/UnityILPP.PostProcessing/PostProcessAssembly application/grpc - - 200 - application/grpc 71.2644ms
[40m[32minfo[39m[22m[49m: Microsoft.AspNetCore.Hosting.Diagnostics[1]
      Request starting HTTP/2 POST http://ilpp/UnityILPP.PostProcessing/PostProcessAssembly application/grpc -
[40m[32minfo[39m[22m[49m: Microsoft.AspNetCore.Routing.EndpointMiddleware[0]
      Executing endpoint 'gRPC - /UnityILPP.PostProcessing/PostProcessAssembly'
[40m[32minfo[39m[22m[49m: Unity.ILPP.Runner.PostProcessingPipeline[0]
      Processing assembly Library/Bee/artifacts/2000e0PDevDbg.dag/Unity.Burst.dll, with 131 defines and 191 references
[40m[32minfo[39m[22m[49m: Unity.ILPP.Runner.PostProcessingPipeline[0]
      processors: HybridCLR.AssemblyShadow.CodeGen.ReflectionBindingsILPostProcessor, zzzUnity.Burst.CodeGen.BurstILPostProcessor
[40m[32minfo[39m[22m[49m: Unity.ILPP.Runner.PostProcessingPipeline[0]
      running HybridCLR.AssemblyShadow.CodeGen.ReflectionBindingsILPostProcessor
[40m[32minfo[39m[22m[49m: Unity.ILPP.Runner.PostProcessingPipeline[0]
      running zzzUnity.Burst.CodeGen.BurstILPostProcessor
[40m[32minfo[39m[22m[49m: Microsoft.AspNetCore.Routing.EndpointMiddleware[1]
      Executed endpoint 'gRPC - /UnityILPP.PostProcessing/PostProcessAssembly'
[40m[32minfo[39m[22m[49m: Microsoft.AspNetCore.Hosting.Diagnostics[2]
      Request finished HTTP/2 POST http://ilpp/UnityILPP.PostProcessing/PostProcessAssembly application/grpc - - 200 - application/grpc 2.7268ms
[40m[32minfo[39m[22m[49m: Microsoft.AspNetCore.Hosting.Diagnostics[1]
      Request starting HTTP/2 POST http://ilpp/UnityILPP.PostProcessing/PostProcessAssembly application/grpc -
[40m[32minfo[39m[22m[49m: Microsoft.AspNetCore.Routing.EndpointMiddleware[0]
      Executing endpoint 'gRPC - /UnityILPP.PostProcessing/PostProcessAssembly'
[40m[32minfo[39m[22m[49m: Unity.ILPP.Runner.PostProcessingPipeline[0]
      Processing assembly Library/Bee/artifacts/2000e0PDevDbg.dag/Unity.2D.Common.Runtime.dll, with 131 defines and 194 references
[40m[32minfo[39m[22m[49m: Unity.ILPP.Runner.PostProcessingPipeline[0]
      processors: HybridCLR.AssemblyShadow.CodeGen.ReflectionBindingsILPostProcessor, zzzUnity.Burst.CodeGen.BurstILPostProcessor
[40m[32minfo[39m[22m[49m: Unity.ILPP.Runner.PostProcessingPipeline[0]
      running HybridCLR.AssemblyShadow.CodeGen.ReflectionBindingsILPostProcessor
[40m[32minfo[39m[22m[49m: Unity.ILPP.Runner.PostProcessingPipeline[0]
      running zzzUnity.Burst.CodeGen.BurstILPostProcessor
[40m[32minfo[39m[22m[49m: Microsoft.AspNetCore.Routing.EndpointMiddleware[1]
      Executed endpoint 'gRPC - /UnityILPP.PostProcessing/PostProcessAssembly'
[40m[32minfo[39m[22m[49m: Microsoft.AspNetCore.Hosting.Diagnostics[2]
      Request finished HTTP/2 POST http://ilpp/UnityILPP.PostProcessing/PostProcessAssembly application/grpc - - 200 - application/grpc 2.2025ms
[40m[32minfo[39m[22m[49m: Microsoft.AspNetCore.Hosting.Diagnostics[1]
      Request starting HTTP/2 POST http://ilpp/UnityILPP.PostProcessing/PostProcessAssembly application/grpc -
[40m[32minfo[39m[22m[49m: Microsoft.AspNetCore.Routing.EndpointMiddleware[0]
      Executing endpoint 'gRPC - /UnityILPP.PostProcessing/PostProcessAssembly'
[40m[32minfo[39m[22m[49m: Unity.ILPP.Runner.PostProcessingPipeline[0]
      Processing assembly Library/Bee/artifacts/2000e0PDevDbg.dag/Unity.RenderPipelines.Universal.2D.Internal.dll, with 131 defines and 193 references
[40m[32minfo[39m[22m[49m: Unity.ILPP.Runner.PostProcessingPipeline[0]
      processors: HybridCLR.AssemblyShadow.CodeGen.ReflectionBindingsILPostProcessor, zzzUnity.Burst.CodeGen.BurstILPostProcessor
[40m[32minfo[39m[22m[49m: Unity.ILPP.Runner.PostProcessingPipeline[0]
      running HybridCLR.AssemblyShadow.CodeGen.ReflectionBindingsILPostProcessor
[40m[32minfo[39m[22m[49m: Microsoft.AspNetCore.Hosting.Diagnostics[1]
      Request starting HTTP/2 POST http://ilpp/UnityILPP.PostProcessing/PostProcessAssembly application/grpc -
[40m[32minfo[39m[22m[49m: Microsoft.AspNetCore.Routing.EndpointMiddleware[0]
      Executing endpoint 'gRPC - /UnityILPP.PostProcessing/PostProcessAssembly'
[40m[32minfo[39m[22m[49m: Microsoft.AspNetCore.Hosting.Diagnostics[1]
      Request starting HTTP/2 POST http://ilpp/UnityILPP.PostProcessing/PostProcessAssembly application/grpc -
[40m[32minfo[39m[22m[49m: Microsoft.AspNetCore.Routing.EndpointMiddleware[0]
      Executing endpoint 'gRPC - /UnityILPP.PostProcessing/PostProcessAssembly'
[40m[32minfo[39m[22m[49m: Unity.ILPP.Runner.PostProcessingPipeline[0]
      running zzzUnity.Burst.CodeGen.BurstILPostProcessor
[40m[32minfo[39m[22m[49m: Microsoft.AspNetCore.Routing.EndpointMiddleware[1]
      Executed endpoint 'gRPC - /UnityILPP.PostProcessing/PostProcessAssembly'
[40m[32minfo[39m[22m[49m: Microsoft.AspNetCore.Hosting.Diagnostics[2]
      Request finished HTTP/2 POST http://ilpp/UnityILPP.PostProcessing/PostProcessAssembly application/grpc - - 200 - application/grpc 15.9157ms
[40m[32minfo[39m[22m[49m: Unity.ILPP.Runner.PostProcessingPipeline[0]
      Processing assembly Library/Bee/artifacts/2000e0PDevDbg.dag/Unity.2D.Tilemap.Extras.dll, with 131 defines and 193 references
[40m[32minfo[39m[22m[49m: Unity.ILPP.Runner.PostProcessingPipeline[0]
      processors: HybridCLR.AssemblyShadow.CodeGen.ReflectionBindingsILPostProcessor, zzzUnity.Burst.CodeGen.BurstILPostProcessor
[40m[32minfo[39m[22m[49m: Unity.ILPP.Runner.PostProcessingPipeline[0]
      Processing assembly Library/Bee/artifacts/2000e0PDevDbg.dag/Unity.Timeline.dll, with 132 defines and 193 references
[40m[32minfo[39m[22m[49m: Unity.ILPP.Runner.PostProcessingPipeline[0]
      processors: HybridCLR.AssemblyShadow.CodeGen.ReflectionBindingsILPostProcessor, zzzUnity.Burst.CodeGen.BurstILPostProcessor
[40m[32minfo[39m[22m[49m: Unity.ILPP.Runner.PostProcessingPipeline[0]
      running HybridCLR.AssemblyShadow.CodeGen.ReflectionBindingsILPostProcessor
[40m[32minfo[39m[22m[49m: Unity.ILPP.Runner.PostProcessingPipeline[0]
      running HybridCLR.AssemblyShadow.CodeGen.ReflectionBindingsILPostProcessor
[40m[32minfo[39m[22m[49m: Unity.ILPP.Runner.PostProcessingPipeline[0]
      running zzzUnity.Burst.CodeGen.BurstILPostProcessor
[40m[32minfo[39m[22m[49m: Unity.ILPP.Runner.PostProcessingPipeline[0]
      running zzzUnity.Burst.CodeGen.BurstILPostProcessor
[40m[32minfo[39m[22m[49m: Microsoft.AspNetCore.Hosting.Diagnostics[1]
      Request starting HTTP/2 POST http://ilpp/UnityILPP.PostProcessing/PostProcessAssembly application/grpc -
[40m[32minfo[39m[22m[49m: Microsoft.AspNetCore.Routing.EndpointMiddleware[0]
      Executing endpoint 'gRPC - /UnityILPP.PostProcessing/PostProcessAssembly'
[40m[32minfo[39m[22m[49m: Microsoft.AspNetCore.Routing.EndpointMiddleware[1]
      Executed endpoint 'gRPC - /UnityILPP.PostProcessing/PostProcessAssembly'
[40m[32minfo[39m[22m[49m: Microsoft.AspNetCore.Hosting.Diagnostics[2]
      Request finished HTTP/2 POST http://ilpp/UnityILPP.PostProcessing/PostProcessAssembly application/grpc - - 200 - application/grpc 10.1578ms
[40m[32minfo[39m[22m[49m: Microsoft.AspNetCore.Routing.EndpointMiddleware[1]
      Executed endpoint 'gRPC - /UnityILPP.PostProcessing/PostProcessAssembly'
[40m[32minfo[39m[22m[49m: Microsoft.AspNetCore.Hosting.Diagnostics[2]
      Request finished HTTP/2 POST http://ilpp/UnityILPP.PostProcessing/PostProcessAssembly application/grpc - - 200 - application/grpc 10.5999ms
[40m[32minfo[39m[22m[49m: Microsoft.AspNetCore.Hosting.Diagnostics[1]
      Request starting HTTP/2 POST http://ilpp/UnityILPP.PostProcessing/PostProcessAssembly application/grpc -
[40m[32minfo[39m[22m[49m: Microsoft.AspNetCore.Hosting.Diagnostics[1]
      Request starting HTTP/2 POST http://ilpp/UnityILPP.PostProcessing/PostProcessAssembly application/grpc -
[40m[32minfo[39m[22m[49m: Microsoft.AspNetCore.Routing.EndpointMiddleware[0]
      Executing endpoint 'gRPC - /UnityILPP.PostProcessing/PostProcessAssembly'
[40m[32minfo[39m[22m[49m: Microsoft.AspNetCore.Routing.EndpointMiddleware[0]
      Executing endpoint 'gRPC - /UnityILPP.PostProcessing/PostProcessAssembly'
[40m[32minfo[39m[22m[49m: Unity.ILPP.Runner.PostProcessingPipeline[0]
      Processing assembly Library/Bee/artifacts/2000e0PDevDbg.dag/UnityEngine.UI.dll, with 136 defines and 192 references
[40m[32minfo[39m[22m[49m: Unity.ILPP.Runner.PostProcessingPipeline[0]
      processors: HybridCLR.AssemblyShadow.CodeGen.ReflectionBindingsILPostProcessor, zzzUnity.Burst.CodeGen.BurstILPostProcessor
[40m[32minfo[39m[22m[49m: Unity.ILPP.Runner.PostProcessingPipeline[0]
      running HybridCLR.AssemblyShadow.CodeGen.ReflectionBindingsILPostProcessor
[40m[32minfo[39m[22m[49m: Unity.ILPP.Runner.PostProcessingPipeline[0]
      running zzzUnity.Burst.CodeGen.BurstILPostProcessor
[40m[32minfo[39m[22m[49m: Microsoft.AspNetCore.Routing.EndpointMiddleware[1]
      Executed endpoint 'gRPC - /UnityILPP.PostProcessing/PostProcessAssembly'
[40m[32minfo[39m[22m[49m: Microsoft.AspNetCore.Hosting.Diagnostics[2]
      Request finished HTTP/2 POST http://ilpp/UnityILPP.PostProcessing/PostProcessAssembly application/grpc - - 200 - application/grpc 16.7141ms
[40m[32minfo[39m[22m[49m: Microsoft.AspNetCore.Hosting.Diagnostics[1]
      Request starting HTTP/2 POST http://ilpp/UnityILPP.PostProcessing/PostProcessAssembly application/grpc -
[40m[32minfo[39m[22m[49m: Microsoft.AspNetCore.Routing.EndpointMiddleware[0]
      Executing endpoint 'gRPC - /UnityILPP.PostProcessing/PostProcessAssembly'
[40m[32minfo[39m[22m[49m: Unity.ILPP.Runner.PostProcessingPipeline[0]
      Processing assembly Library/Bee/artifacts/2000e0PDevDbg.dag/Unity.RenderPipelines.Universal.Shaders.dll, with 131 defines and 193 references
[40m[32minfo[39m[22m[49m: Unity.ILPP.Runner.PostProcessingPipeline[0]
      processors: HybridCLR.AssemblyShadow.CodeGen.ReflectionBindingsILPostProcessor, zzzUnity.Burst.CodeGen.BurstILPostProcessor
[40m[32minfo[39m[22m[49m: Unity.ILPP.Runner.PostProcessingPipeline[0]
      running HybridCLR.AssemblyShadow.CodeGen.ReflectionBindingsILPostProcessor
[40m[32minfo[39m[22m[49m: Unity.ILPP.Runner.PostProcessingPipeline[0]
      Processing assembly Library/Bee/artifacts/2000e0PDevDbg.dag/Unity.2D.PixelPerfect.dll, with 132 defines and 193 references
[40m[32minfo[39m[22m[49m: Unity.ILPP.Runner.PostProcessingPipeline[0]
      processors: HybridCLR.AssemblyShadow.CodeGen.ReflectionBindingsILPostProcessor, zzzUnity.Burst.CodeGen.BurstILPostProcessor
[40m[32minfo[39m[22m[49m: Unity.ILPP.Runner.PostProcessingPipeline[0]
      running HybridCLR.AssemblyShadow.CodeGen.ReflectionBindingsILPostProcessor
[40m[32minfo[39m[22m[49m: Unity.ILPP.Runner.PostProcessingPipeline[0]
      running zzzUnity.Burst.CodeGen.BurstILPostProcessor
[40m[32minfo[39m[22m[49m: Unity.ILPP.Runner.PostProcessingPipeline[0]
      Processing assembly Library/Bee/artifacts/2000e0PDevDbg.dag/Unity.TextMeshPro.dll, with 132 defines and 193 references
[40m[32minfo[39m[22m[49m: Unity.ILPP.Runner.PostProcessingPipeline[0]
      processors: HybridCLR.AssemblyShadow.CodeGen.ReflectionBindingsILPostProcessor, zzzUnity.Burst.CodeGen.BurstILPostProcessor
[40m[32minfo[39m[22m[49m: Unity.ILPP.Runner.PostProcessingPipeline[0]
      running HybridCLR.AssemblyShadow.CodeGen.ReflectionBindingsILPostProcessor
[40m[32minfo[39m[22m[49m: Microsoft.AspNetCore.Routing.EndpointMiddleware[1]
      Executed endpoint 'gRPC - /UnityILPP.PostProcessing/PostProcessAssembly'
[40m[32minfo[39m[22m[49m: Microsoft.AspNetCore.Hosting.Diagnostics[2]
      Request finished HTTP/2 POST http://ilpp/UnityILPP.PostProcessing/PostProcessAssembly application/grpc - - 200 - application/grpc 18.0685ms
[40m[32minfo[39m[22m[49m: Unity.ILPP.Runner.PostProcessingPipeline[0]
      running zzzUnity.Burst.CodeGen.BurstILPostProcessor
[40m[32minfo[39m[22m[49m: Microsoft.AspNetCore.Routing.EndpointMiddleware[1]
      Executed endpoint 'gRPC - /UnityILPP.PostProcessing/PostProcessAssembly'
[40m[32minfo[39m[22m[49m: Microsoft.AspNetCore.Hosting.Diagnostics[2]
      Request finished HTTP/2 POST http://ilpp/UnityILPP.PostProcessing/PostProcessAssembly application/grpc - - 200 - application/grpc 18.8658ms
[40m[32minfo[39m[22m[49m: Unity.ILPP.Runner.PostProcessingPipeline[0]
      running zzzUnity.Burst.CodeGen.BurstILPostProcessor
[40m[32minfo[39m[22m[49m: Microsoft.AspNetCore.Routing.EndpointMiddleware[1]
      Executed endpoint 'gRPC - /UnityILPP.PostProcessing/PostProcessAssembly'
[40m[32minfo[39m[22m[49m: Microsoft.AspNetCore.Hosting.Diagnostics[2]
      Request finished HTTP/2 POST http://ilpp/UnityILPP.PostProcessing/PostProcessAssembly application/grpc - - 200 - application/grpc 8.3650ms
[40m[32minfo[39m[22m[49m: Microsoft.AspNetCore.Hosting.Diagnostics[1]
      Request starting HTTP/2 POST http://ilpp/UnityILPP.PostProcessing/PostProcessAssembly application/grpc -
[40m[32minfo[39m[22m[49m: Microsoft.AspNetCore.Routing.EndpointMiddleware[0]
      Executing endpoint 'gRPC - /UnityILPP.PostProcessing/PostProcessAssembly'
[40m[32minfo[39m[22m[49m: Unity.ILPP.Runner.PostProcessingPipeline[0]
      Processing assembly Library/Bee/artifacts/2000e0PDevDbg.dag/Unity.RenderPipelines.ShaderGraph.ShaderGraphLibrary.dll, with 131 defines and 193 references
[40m[32minfo[39m[22m[49m: Unity.ILPP.Runner.PostProcessingPipeline[0]
      processors: HybridCLR.AssemblyShadow.CodeGen.ReflectionBindingsILPostProcessor, zzzUnity.Burst.CodeGen.BurstILPostProcessor
[40m[32minfo[39m[22m[49m: Unity.ILPP.Runner.PostProcessingPipeline[0]
      running HybridCLR.AssemblyShadow.CodeGen.ReflectionBindingsILPostProcessor
[40m[32minfo[39m[22m[49m: Unity.ILPP.Runner.PostProcessingPipeline[0]
      running zzzUnity.Burst.CodeGen.BurstILPostProcessor
[40m[32minfo[39m[22m[49m: Microsoft.AspNetCore.Routing.EndpointMiddleware[1]
      Executed endpoint 'gRPC - /UnityILPP.PostProcessing/PostProcessAssembly'
[40m[32minfo[39m[22m[49m: Microsoft.AspNetCore.Hosting.Diagnostics[2]
      Request finished HTTP/2 POST http://ilpp/UnityILPP.PostProcessing/PostProcessAssembly application/grpc - - 200 - application/grpc 2.4104ms
[40m[32minfo[39m[22m[49m: Unity.ILPP.Runner.PostProcessingPipeline[0]
      running zzzUnity.Burst.CodeGen.BurstILPostProcessor
[40m[32minfo[39m[22m[49m: Microsoft.AspNetCore.Routing.EndpointMiddleware[1]
      Executed endpoint 'gRPC - /UnityILPP.PostProcessing/PostProcessAssembly'
[40m[32minfo[39m[22m[49m: Microsoft.AspNetCore.Hosting.Diagnostics[2]
      Request finished HTTP/2 POST http://ilpp/UnityILPP.PostProcessing/PostProcessAssembly application/grpc - - 200 - application/grpc 839.9310ms
[40m[32minfo[39m[22m[49m: Unity.ILPP.Runner.PostProcessingPipeline[0]
      running zzzUnity.Burst.CodeGen.BurstILPostProcessor
[40m[32minfo[39m[22m[49m: Microsoft.AspNetCore.Routing.EndpointMiddleware[1]
      Executed endpoint 'gRPC - /UnityILPP.PostProcessing/PostProcessAssembly'
[40m[32minfo[39m[22m[49m: Microsoft.AspNetCore.Hosting.Diagnostics[2]
      Request finished HTTP/2 POST http://ilpp/UnityILPP.PostProcessing/PostProcessAssembly application/grpc - - 200 - application/grpc 1086.1034ms
ExitCode: 0 Duration: 3s126ms
Finished compiling graph: 573 nodes, 5659 flattened edges (4657 ToBuild, 86 ToUse), maximum node priority 301
[           0s] Delete 82 artifact files that are no longer in use. (like /Users/ah/GitHub/hybridclr/hybridclr_demo_shadow/_temp/AssemblyShadow/M05Fixtures-71857c4c1550462ab50b27cb2d4ab1d2/P01-compile/CompilerOutput/Unity.RenderPipelines.ShaderGraph.ShaderGraphLibrary.pdb)
[229/572    0s] WriteText Library/Bee/artifacts/2000e0PDevDbg.dag/UnityEngine.UI.rsp
[230/572    0s] WriteText Library/Bee/artifacts/2000e0PDevDbg.dag/Unity.Mathematics.rsp
[231/572    0s] WriteText Library/Bee/artifacts/2000e0PDevDbg.dag/Unity.Burst.rsp
[233/572    0s] WriteText Library/Bee/artifacts/2000e0PDevDbg.dag/Unity.RenderPipelines.Core.Runtime.rsp
[240/572    0s] WriteText Library/Bee/artifacts/2000e0PDevDbg.dag/Unity.VisualScripting.Core.rsp
[250/572    0s] WriteText Library/Bee/artifacts/2000e0PDevDbg.dag/Unity.2D.Common.Runtime.rsp
[251/572    0s] WriteText Library/Bee/artifacts/2000e0PDevDbg.dag/Unity.InternalAPIEngineBridge.001.rsp
[252/572    0s] WriteText Library/Bee/artifacts/2000e0PDevDbg.dag/Unity.RenderPipelines.Universal.Config.Runtime.rsp
[256/572    0s] WriteText Library/Bee/artifacts/2000e0PDevDbg.dag/Unity.RenderPipelines.Universal.2D.Internal.rsp
[258/572    0s] WriteText Library/Bee/artifacts/2000e0PDevDbg.dag/Unity.RenderPipeline.Universal.ShaderLibrary.rsp
[261/572    0s] WriteText Library/Bee/artifacts/2000e0PDevDbg.dag/Unity.VisualScripting.Flow.rsp
[268/572    0s] WriteText Library/Bee/artifacts/2000e0PDevDbg.dag/Unity.Collections.rsp
[270/572    0s] WriteText Library/Bee/artifacts/2000e0PDevDbg.dag/AssemblyA.Contracts.rsp
[301/572    0s] WriteText Library/Bee/artifacts/2000e0PDevDbg.dag/Unity.2D.SpriteShape.Runtime.rsp
[302/572    0s] WriteText Library/Bee/artifacts/2000e0PDevDbg.dag/Unity.2D.PixelPerfect.rsp
[303/572    0s] WriteText Library/Bee/artifacts/2000e0PDevDbg.dag/Unity.2D.IK.Runtime.rsp
[304/572    0s] WriteText Library/Bee/artifacts/2000e0PDevDbg.dag/HybridCLR.Runtime.rsp
[305/572    0s] WriteText Library/Bee/artifacts/2000e0PDevDbg.dag/Unity.2D.Tilemap.Extras.rsp
[306/572    0s] WriteText Library/Bee/artifacts/2000e0PDevDbg.dag/Unity.RenderPipelines.Core.ShaderLibrary.rsp
[307/572    0s] WriteText Library/Bee/artifacts/2000e0PDevDbg.dag/Unity.RenderPipelines.ShaderGraph.ShaderGraphLibrary.rsp
[308/572    0s] WriteText Library/Bee/artifacts/2000e0PDevDbg.dag/Unity.RenderPipelines.Universal.Shaders.rsp
[309/572    0s] WriteText Library/Bee/artifacts/2000e0PDevDbg.dag/Unity.RenderPipelines.Universal.Runtime.rsp
[310/572    0s] WriteText Library/Bee/artifacts/2000e0PDevDbg.dag/Unity.TextMeshPro.rsp
[311/572    0s] WriteText Library/Bee/artifacts/2000e0PDevDbg.dag/Unity.Timeline.rsp
[314/572    0s] WriteText Library/Bee/artifacts/2000e0PDevDbg.dag/Unity.VisualScripting.State.rsp
[322/572    0s] WriteText Library/Bee/artifacts/2000e0PDevDbg.dag/Unity.2D.Animation.Runtime.rsp
[323/572    0s] WriteText Library/Bee/artifacts/2000e0PDevDbg.dag/AssemblyA.Implementation.Extensibility.rsp
[326/572    0s] WriteText Library/Bee/artifacts/2000e0PDevDbg.dag/AssemblyShadowBaseline.Aot.rsp
[343/572    0s] WriteText Library/Bee/artifacts/2000e0PDevDbg.dag/AssemblyA.Implementation.Internal.rsp
[344/572    0s] WriteText Library/Bee/artifacts/2000e0PDevDbg.dag/MCPForUnity.Runtime.rsp
[345/572    0s] WriteText Library/Bee/artifacts/2000e0PDevDbg.dag/AssemblyShadowDemo.Bootstrap.rsp
[347/572    0s] WriteText Library/Bee/artifacts/2000e0PDevDbg.dag/AssemblyShadowDemo.ContractsConsumer.rsp
[350/572    0s] WriteText Library/Bee/artifacts/2000e0PDevDbg.dag/Assembly-CSharp.rsp
[351/572    0s] WriteText Library/Bee/artifacts/2000e0PDevDbg.dag/AssemblyShadowBaseline.HotUpdate.rsp
[352/572    0s] WriteText Library/Bee/artifacts/2000e0PDevDbg.dag/UnityEngine.TestRunner.rsp
[353/572    0s] WriteText Library/Bee/artifacts/2000e0PDevDbg.dag/AssemblyShadowDemo.ExtensibilityConsumer.rsp
[360/572    0s] Csc Library/Bee/artifacts/2000e0PDevDbg.dag/UnityEngine.TestRunner.dll (+2 others) [CacheHit f68521f7b6ef3c07c80928440275d5d800000000000000000000000000000003]
[360/572    0s] Csc Library/Bee/artifacts/2000e0PDevDbg.dag/UnityEngine.UI.dll (+2 others) [CacheHit d0390a8be37f2de8f6dc64373eef626b00000000000000000000000000000003]
[361/572   1787926124s] Csc Library/Bee/artifacts/2000e0PDevDbg.dag/UnityEngine.TestRunner.dll (+2 others)
[363/572   1787926124s] Csc Library/Bee/artifacts/2000e0PDevDbg.dag/UnityEngine.UI.dll (+2 others)
[366/572    0s] CopyFiles /Users/ah/GitHub/hybridclr/hybridclr_demo_shadow/_temp/AssemblyShadow/M05Fixtures-71857c4c1550462ab50b27cb2d4ab1d2/P03-compile/CompilerOutput/UnityEngine.TestRunner.pdb
[367/572    0s] CopyFiles /Users/ah/GitHub/hybridclr/hybridclr_demo_shadow/_temp/AssemblyShadow/M05Fixtures-71857c4c1550462ab50b27cb2d4ab1d2/P03-compile/CompilerOutput/UnityEngine.TestRunner.dll
[382/572    0s] Csc Library/Bee/artifacts/2000e0PDevDbg.dag/Unity.RenderPipelines.Universal.2D.Internal.dll (+2 others) [CacheHit 9091088794a1b44eaad2a04b554837b100000000000000000000000000000003]
[385/572   1787926124s] Csc Library/Bee/artifacts/2000e0PDevDbg.dag/Unity.RenderPipelines.Universal.2D.Internal.dll (+2 others)
[391/572    0s] Csc Library/Bee/artifacts/2000e0PDevDbg.dag/Unity.Mathematics.dll (+2 others) [CacheHit f155055fcc7e641aebfdee6563a8ee3500000000000000000000000000000003]
[395/572   1787926124s] Csc Library/Bee/artifacts/2000e0PDevDbg.dag/Unity.Mathematics.dll (+2 others)
[392/572    0s] Csc Library/Bee/artifacts/2000e0PDevDbg.dag/HybridCLR.Runtime.dll (+2 others) [CacheHit 0716219aaeca94b083ef07ead6feec1900000000000000000000000000000003]
[397/572   1787926124s] Csc Library/Bee/artifacts/2000e0PDevDbg.dag/HybridCLR.Runtime.dll (+2 others)
[395/572    0s] Csc Library/Bee/artifacts/2000e0PDevDbg.dag/Unity.InternalAPIEngineBridge.001.dll (+2 others) [CacheHit 053781575bc317bdf29810a8fab0a4fa00000000000000000000000000000003]
[401/572   1787926124s] Csc Library/Bee/artifacts/2000e0PDevDbg.dag/Unity.InternalAPIEngineBridge.001.dll (+2 others)
[396/572    0s] Csc Library/Bee/artifacts/2000e0PDevDbg.dag/Unity.Burst.dll (+2 others) [CacheHit 85b5f816a2968f1f028881a248d3157f00000000000000000000000000000003]
[403/572   1787926124s] Csc Library/Bee/artifacts/2000e0PDevDbg.dag/Unity.Burst.dll (+2 others)
[401/572    0s] Csc Library/Bee/artifacts/2000e0PDevDbg.dag/Unity.2D.Common.Runtime.dll (+2 others) [CacheHit 4c9103d7504934b5a3b02d1f7fb6458b00000000000000000000000000000003]
[409/572   1787926124s] Csc Library/Bee/artifacts/2000e0PDevDbg.dag/Unity.2D.Common.Runtime.dll (+2 others)
[404/572    0s] Csc Library/Bee/artifacts/2000e0PDevDbg.dag/Unity.VisualScripting.Core.dll (+2 others) [CacheHit e63b2dad1783239cbbbf5ffc964b850000000000000000000000000000000003]
[413/572   1787926124s] Csc Library/Bee/artifacts/2000e0PDevDbg.dag/Unity.VisualScripting.Core.dll (+2 others)
[407/572    0s] Csc Library/Bee/artifacts/2000e0PDevDbg.dag/Unity.RenderPipelines.ShaderGraph.ShaderGraphLibrary.dll (+2 others) [CacheHit 500f0283a08a025d3eed261df7d5460800000000000000000000000000000003]
[407/572    0s] Csc Library/Bee/artifacts/2000e0PDevDbg.dag/Unity.2D.PixelPerfect.dll (+2 others) [CacheHit fda30b070dec080fcea5583fa4a8328000000000000000000000000000000003]
[417/572   1787926124s] Csc Library/Bee/artifacts/2000e0PDevDbg.dag/Unity.RenderPipelines.ShaderGraph.ShaderGraphLibrary.dll (+2 others)
[419/572   1787926124s] Csc Library/Bee/artifacts/2000e0PDevDbg.dag/Unity.2D.PixelPerfect.dll (+2 others)
[409/572    0s] Csc Library/Bee/artifacts/2000e0PDevDbg.dag/Unity.2D.IK.Runtime.dll (+2 others) [CacheHit 5146d26b96d944791a9aa1f81d4f4c1900000000000000000000000000000003]
[421/572   1787926124s] Csc Library/Bee/artifacts/2000e0PDevDbg.dag/Unity.2D.IK.Runtime.dll (+2 others)
[410/572    0s] Csc Library/Bee/artifacts/2000e0PDevDbg.dag/Unity.Collections.dll (+2 others) [CacheHit 28cd6806901e9b203f9b0048e82df92c00000000000000000000000000000003]
[423/572   1787926124s] Csc Library/Bee/artifacts/2000e0PDevDbg.dag/Unity.Collections.dll (+2 others)
[413/572    0s] Csc Library/Bee/artifacts/2000e0PDevDbg.dag/Unity.2D.SpriteShape.Runtime.dll (+2 others) [CacheHit 2124fa6c52bd08f939050c75b6af26a200000000000000000000000000000003]
[427/572   1787926124s] Csc Library/Bee/artifacts/2000e0PDevDbg.dag/Unity.2D.SpriteShape.Runtime.dll (+2 others)
[414/572    0s] Csc Library/Bee/artifacts/2000e0PDevDbg.dag/Unity.RenderPipelines.Core.ShaderLibrary.dll (+2 others) [CacheHit e3ccb814e00761003ca1473da6ec06c900000000000000000000000000000003]
[429/572   1787926124s] Csc Library/Bee/artifacts/2000e0PDevDbg.dag/Unity.RenderPipelines.Core.ShaderLibrary.dll (+2 others)
[415/572    0s] Csc Library/Bee/artifacts/2000e0PDevDbg.dag/Unity.TextMeshPro.dll (+2 others) [CacheHit f034cd04d7ac39d6d6f060f8caba484000000000000000000000000000000003]
[431/572   1787926124s] Csc Library/Bee/artifacts/2000e0PDevDbg.dag/Unity.TextMeshPro.dll (+2 others)
[416/572    0s] Csc Library/Bee/artifacts/2000e0PDevDbg.dag/Unity.RenderPipelines.Universal.Shaders.dll (+2 others) [CacheHit 04636c89e0106e58136f173625aca7ed00000000000000000000000000000003]
[433/572   1787926124s] Csc Library/Bee/artifacts/2000e0PDevDbg.dag/Unity.RenderPipelines.Universal.Shaders.dll (+2 others)
[419/572    0s] Csc Library/Bee/artifacts/2000e0PDevDbg.dag/Unity.VisualScripting.Flow.dll (+2 others) [CacheHit 080a8dbadc74abb7247bdb53eda63d9200000000000000000000000000000003]
[437/572   1787926124s] Csc Library/Bee/artifacts/2000e0PDevDbg.dag/Unity.VisualScripting.Flow.dll (+2 others)
[421/572    0s] Csc Library/Bee/artifacts/2000e0PDevDbg.dag/Unity.2D.Animation.Runtime.dll (+2 others) [CacheHit 87e62f9ee48b5bf490d87d19765d8def00000000000000000000000000000003]
[440/572   1787926124s] Csc Library/Bee/artifacts/2000e0PDevDbg.dag/Unity.2D.Animation.Runtime.dll (+2 others)
[434/572    0s] Csc Library/Bee/artifacts/2000e0PDevDbg.dag/Unity.Timeline.dll (+2 others) [CacheHit f1e1cefb20584bc8dbd6ab85d94951e300000000000000000000000000000003]
[454/572   1787926124s] Csc Library/Bee/artifacts/2000e0PDevDbg.dag/Unity.Timeline.dll (+2 others)
[436/572    0s] Csc Library/Bee/artifacts/2000e0PDevDbg.dag/Unity.2D.Tilemap.Extras.dll (+2 others) [CacheHit 355070f5dfa9d2455f72e9a119d8eeb000000000000000000000000000000003]
[457/572   1787926124s] Csc Library/Bee/artifacts/2000e0PDevDbg.dag/Unity.2D.Tilemap.Extras.dll (+2 others)
[438/572    0s] Csc Library/Bee/artifacts/2000e0PDevDbg.dag/Unity.VisualScripting.State.dll (+2 others) [CacheHit 203e46029691db78835c09e68dc353ce00000000000000000000000000000003]
[460/572   1787926124s] Csc Library/Bee/artifacts/2000e0PDevDbg.dag/Unity.VisualScripting.State.dll (+2 others)
[463/572    0s] Csc Library/Bee/artifacts/2000e0PDevDbg.dag/AssemblyA.Contracts.dll (+2 others)
[441/572    0s] Csc Library/Bee/artifacts/2000e0PDevDbg.dag/Unity.RenderPipelines.Core.Runtime.dll (+2 others) [CacheHit 856ad0bb0e7fdb0712c5b79a54710c4c00000000000000000000000000000003]
[464/572   1787926124s] Csc Library/Bee/artifacts/2000e0PDevDbg.dag/Unity.RenderPipelines.Core.Runtime.dll (+2 others)
[466/572    0s] ILPP-Configuration Library/ilpp-configuration.nevergeneratedoutput
[447/572    0s] Csc Library/Bee/artifacts/2000e0PDevDbg.dag/MCPForUnity.Runtime.dll (+2 others) [CacheHit ea600161a839f0bbd26b193fd05be5ff00000000000000000000000000000003]
[471/572   1787926124s] Csc Library/Bee/artifacts/2000e0PDevDbg.dag/MCPForUnity.Runtime.dll (+2 others)
[473/572    0s] Csc Library/Bee/artifacts/2000e0PDevDbg.dag/AssemblyShadowBaseline.Aot.dll (+2 others)
[449/572    0s] Csc Library/Bee/artifacts/2000e0PDevDbg.dag/Unity.RenderPipelines.Universal.Config.Runtime.dll (+2 others) [CacheHit bf67084adae1d0474086f5d5258800ac00000000000000000000000000000003]
[474/572   1787926124s] Csc Library/Bee/artifacts/2000e0PDevDbg.dag/Unity.RenderPipelines.Universal.Config.Runtime.dll (+2 others)
[451/572    0s] Csc Library/Bee/artifacts/2000e0PDevDbg.dag/Unity.RenderPipeline.Universal.ShaderLibrary.dll (+2 others) [CacheHit 160fde23781f572e627d9a5b34696e1200000000000000000000000000000003]
[477/572   1787926124s] Csc Library/Bee/artifacts/2000e0PDevDbg.dag/Unity.RenderPipeline.Universal.ShaderLibrary.dll (+2 others)
[454/572    0s] Csc Library/Bee/artifacts/2000e0PDevDbg.dag/Unity.RenderPipelines.Universal.Runtime.dll (+2 others) [CacheHit fe22c2d7c357bffb818ce1d30d645b8d00000000000000000000000000000003]
[481/572   1787926124s] Csc Library/Bee/artifacts/2000e0PDevDbg.dag/Unity.RenderPipelines.Universal.Runtime.dll (+2 others)
[485/572    0s] Csc Library/Bee/artifacts/2000e0PDevDbg.dag/AssemblyShadowBaseline.HotUpdate.dll (+2 others)
[486/572    0s] Csc Library/Bee/artifacts/2000e0PDevDbg.dag/AssemblyShadowDemo.ContractsConsumer.dll (+2 others)
[487/572    0s] Csc Library/Bee/artifacts/2000e0PDevDbg.dag/AssemblyA.Implementation.Extensibility.dll (+2 others)
[488/572    0s] Csc Library/Bee/artifacts/2000e0PDevDbg.dag/Assembly-CSharp.dll (+2 others)
[489/572    0s] ILPostProcess Library/Bee/artifacts/2000e0PDevDbg.dag/post-processed/Unity.RenderPipelines.Universal.Config.Runtime.dll (+pdb)
Processing assembly Library/Bee/artifacts/2000e0PDevDbg.dag/Unity.RenderPipelines.Universal.Config.Runtime.dll, with 131 defines and 194 references
processors: HybridCLR.AssemblyShadow.CodeGen.ReflectionBindingsILPostProcessor, zzzUnity.Burst.CodeGen.BurstILPostProcessor
running HybridCLR.AssemblyShadow.CodeGen.ReflectionBindingsILPostProcessor
running zzzUnity.Burst.CodeGen.BurstILPostProcessor
[490/572    0s] ILPostProcess Library/Bee/artifacts/2000e0PDevDbg.dag/post-processed/Unity.InternalAPIEngineBridge.001.dll (+pdb)
Processing assembly Library/Bee/artifacts/2000e0PDevDbg.dag/Unity.InternalAPIEngineBridge.001.dll, with 131 defines and 193 references
processors: HybridCLR.AssemblyShadow.CodeGen.ReflectionBindingsILPostProcessor, zzzUnity.Burst.CodeGen.BurstILPostProcessor
running HybridCLR.AssemblyShadow.CodeGen.ReflectionBindingsILPostProcessor
running zzzUnity.Burst.CodeGen.BurstILPostProcessor
[491/572    0s] ILPostProcess Library/Bee/artifacts/2000e0PDevDbg.dag/post-processed/MCPForUnity.Runtime.dll (+pdb)
Processing assembly Library/Bee/artifacts/2000e0PDevDbg.dag/MCPForUnity.Runtime.dll, with 131 defines and 191 references
processors: HybridCLR.AssemblyShadow.CodeGen.ReflectionBindingsILPostProcessor, zzzUnity.Burst.CodeGen.BurstILPostProcessor
running HybridCLR.AssemblyShadow.CodeGen.ReflectionBindingsILPostProcessor
running zzzUnity.Burst.CodeGen.BurstILPostProcessor
[492/572    0s] ILPostProcess Library/Bee/artifacts/2000e0PDevDbg.dag/post-processed/AssemblyA.Contracts.dll (+pdb)
Processing assembly Library/Bee/artifacts/2000e0PDevDbg.dag/AssemblyA.Contracts.dll, with 131 defines and 125 references
processors: HybridCLR.AssemblyShadow.CodeGen.ReflectionBindingsILPostProcessor, zzzUnity.Burst.CodeGen.BurstILPostProcessor
running HybridCLR.AssemblyShadow.CodeGen.ReflectionBindingsILPostProcessor
running zzzUnity.Burst.CodeGen.BurstILPostProcessor
[493/572    0s] ILPostProcess Library/Bee/artifacts/2000e0PDevDbg.dag/post-processed/AssemblyShadowBaseline.HotUpdate.dll (+pdb)
Processing assembly Library/Bee/artifacts/2000e0PDevDbg.dag/AssemblyShadowBaseline.HotUpdate.dll, with 131 defines and 125 references
processors: HybridCLR.AssemblyShadow.CodeGen.ReflectionBindingsILPostProcessor, zzzUnity.Burst.CodeGen.BurstILPostProcessor
running HybridCLR.AssemblyShadow.CodeGen.ReflectionBindingsILPostProcessor
running zzzUnity.Burst.CodeGen.BurstILPostProcessor
[494/572    0s] Csc Library/Bee/artifacts/2000e0PDevDbg.dag/AssemblyShadowDemo.Bootstrap.dll (+2 others)
Assets/AssemblyShadowDemo/Bootstrap/ShadowBootstrap.cs(59,31): warning CS0618: 'RuntimeApi.GetAssemblyShadowPrototypeDiagnostics()' is obsolete: 'Assembly Shadow Prototype was retired; use GetDiagnosticsJson.'
Assets/AssemblyShadowDemo/Bootstrap/ShadowBootstrap.cs(92,61): warning CS0618: 'RuntimeApi.GetAssemblyShadowPrototypeDiagnostics()' is obsolete: 'Assembly Shadow Prototype was retired; use GetDiagnosticsJson.'
Assets/AssemblyShadowDemo/Bootstrap/ShadowBootstrap.cs(133,35): warning CS0618: 'RuntimeApi.LoadAssemblyShadowPrototype(byte[], byte[])' is obsolete: 'Assembly Shadow Prototype was retired; use ConfigureCandidates/BeginTransaction/StageAssembly.'
Assets/AssemblyShadowDemo/Bootstrap/ShadowBootstrap.cs(137,25): warning CS0618: 'RuntimeApi.ActivateAssemblyShadowPrototype(string)' is obsolete: 'Assembly Shadow Prototype was retired; use CommitTransaction.'
Assets/AssemblyShadowDemo/Bootstrap/ShadowBootstrap.cs(290,51): warning CS0618: 'RuntimeApi.SetAssemblyShadowPrototypePhase(string)' is obsolete: 'Assembly Shadow Prototype was retired; use generalized diagnostics.'
Assets/AssemblyShadowDemo/Bootstrap/ShadowBootstrap.cs(291,108): warning CS0618: 'RuntimeApi.InspectAssemblyShadowPrototypeObject(object)' is obsolete: 'Assembly Shadow Prototype was retired; use generalized diagnostics.'
Assets/AssemblyShadowDemo/Bootstrap/ShadowBootstrap.cs(292,114): warning CS0618: 'RuntimeApi.InspectAssemblyShadowPrototypeAssembly(Assembly)' is obsolete: 'Assembly Shadow Prototype was retired; use generalized diagnostics.'
[495/572    0s] Csc Library/Bee/artifacts/2000e0PDevDbg.dag/AssemblyA.Implementation.Internal.dll (+2 others)
[496/572    0s] ILPostProcess Library/Bee/artifacts/2000e0PDevDbg.dag/post-processed/AssemblyShadowDemo.ContractsConsumer.dll (+pdb)
Processing assembly Library/Bee/artifacts/2000e0PDevDbg.dag/AssemblyShadowDemo.ContractsConsumer.dll, with 131 defines and 126 references
processors: HybridCLR.AssemblyShadow.CodeGen.ReflectionBindingsILPostProcessor, zzzUnity.Burst.CodeGen.BurstILPostProcessor
running HybridCLR.AssemblyShadow.CodeGen.ReflectionBindingsILPostProcessor
running zzzUnity.Burst.CodeGen.BurstILPostProcessor
[497/572    0s] Csc Library/Bee/artifacts/2000e0PDevDbg.dag/AssemblyShadowDemo.ExtensibilityConsumer.dll (+2 others)
[498/572    0s] ILPostProcess Library/Bee/artifacts/2000e0PDevDbg.dag/post-processed/Unity.RenderPipeline.Universal.ShaderLibrary.dll (+pdb)
Processing assembly Library/Bee/artifacts/2000e0PDevDbg.dag/Unity.RenderPipeline.Universal.ShaderLibrary.dll, with 131 defines and 194 references
processors: HybridCLR.AssemblyShadow.CodeGen.ReflectionBindingsILPostProcessor, zzzUnity.Burst.CodeGen.BurstILPostProcessor
running HybridCLR.AssemblyShadow.CodeGen.ReflectionBindingsILPostProcessor
running zzzUnity.Burst.CodeGen.BurstILPostProcessor
[499/572    0s] ILPostProcess Library/Bee/artifacts/2000e0PDevDbg.dag/post-processed/Assembly-CSharp.dll (+pdb)
Processing assembly Library/Bee/artifacts/2000e0PDevDbg.dag/Assembly-CSharp.dll, with 131 defines and 217 references
processors: HybridCLR.AssemblyShadow.CodeGen.ReflectionBindingsILPostProcessor, zzzUnity.Burst.CodeGen.BurstILPostProcessor
running HybridCLR.AssemblyShadow.CodeGen.ReflectionBindingsILPostProcessor
running zzzUnity.Burst.CodeGen.BurstILPostProcessor
[500/572    0s] ILPostProcess Library/Bee/artifacts/2000e0PDevDbg.dag/post-processed/AssemblyShadowDemo.Bootstrap.dll (+pdb)
Processing assembly Library/Bee/artifacts/2000e0PDevDbg.dag/AssemblyShadowDemo.Bootstrap.dll, with 131 defines and 196 references
processors: HybridCLR.AssemblyShadow.CodeGen.ReflectionBindingsILPostProcessor, zzzUnity.Burst.CodeGen.BurstILPostProcessor
running HybridCLR.AssemblyShadow.CodeGen.ReflectionBindingsILPostProcessor
running zzzUnity.Burst.CodeGen.BurstILPostProcessor
[501/572    0s] ILPostProcess Library/Bee/artifacts/2000e0PDevDbg.dag/post-processed/AssemblyA.Implementation.Extensibility.dll (+pdb)
Processing assembly Library/Bee/artifacts/2000e0PDevDbg.dag/AssemblyA.Implementation.Extensibility.dll, with 131 defines and 194 references
processors: HybridCLR.AssemblyShadow.CodeGen.ReflectionBindingsILPostProcessor, zzzUnity.Burst.CodeGen.BurstILPostProcessor
running HybridCLR.AssemblyShadow.CodeGen.ReflectionBindingsILPostProcessor
running zzzUnity.Burst.CodeGen.BurstILPostProcessor
[502/572    0s] ILPostProcess Library/Bee/artifacts/2000e0PDevDbg.dag/post-processed/AssemblyA.Implementation.Internal.dll (+pdb)
Processing assembly Library/Bee/artifacts/2000e0PDevDbg.dag/AssemblyA.Implementation.Internal.dll, with 131 defines and 195 references
processors: HybridCLR.AssemblyShadow.CodeGen.ReflectionBindingsILPostProcessor, zzzUnity.Burst.CodeGen.BurstILPostProcessor
running HybridCLR.AssemblyShadow.CodeGen.ReflectionBindingsILPostProcessor
running zzzUnity.Burst.CodeGen.BurstILPostProcessor
[503/572    0s] ILPostProcess Library/Bee/artifacts/2000e0PDevDbg.dag/post-processed/AssemblyShadowDemo.ExtensibilityConsumer.dll (+pdb)
Processing assembly Library/Bee/artifacts/2000e0PDevDbg.dag/AssemblyShadowDemo.ExtensibilityConsumer.dll, with 131 defines and 195 references
processors: HybridCLR.AssemblyShadow.CodeGen.ReflectionBindingsILPostProcessor, zzzUnity.Burst.CodeGen.BurstILPostProcessor
running HybridCLR.AssemblyShadow.CodeGen.ReflectionBindingsILPostProcessor
running zzzUnity.Burst.CodeGen.BurstILPostProcessor
[504/572    0s] ILPostProcess Library/Bee/artifacts/2000e0PDevDbg.dag/post-processed/Unity.VisualScripting.Core.dll (+pdb)
Processing assembly Library/Bee/artifacts/2000e0PDevDbg.dag/Unity.VisualScripting.Core.dll, with 134 defines and 193 references
processors: HybridCLR.AssemblyShadow.CodeGen.ReflectionBindingsILPostProcessor, zzzUnity.Burst.CodeGen.BurstILPostProcessor
running HybridCLR.AssemblyShadow.CodeGen.ReflectionBindingsILPostProcessor
running zzzUnity.Burst.CodeGen.BurstILPostProcessor
[505/572    0s] ILPostProcess Library/Bee/artifacts/2000e0PDevDbg.dag/post-processed/Unity.VisualScripting.State.dll (+pdb)
Processing assembly Library/Bee/artifacts/2000e0PDevDbg.dag/Unity.VisualScripting.State.dll, with 131 defines and 195 references
processors: HybridCLR.AssemblyShadow.CodeGen.ReflectionBindingsILPostProcessor, zzzUnity.Burst.CodeGen.BurstILPostProcessor
running HybridCLR.AssemblyShadow.CodeGen.ReflectionBindingsILPostProcessor
running zzzUnity.Burst.CodeGen.BurstILPostProcessor
[506/572    0s] ILPostProcess Library/Bee/artifacts/2000e0PDevDbg.dag/post-processed/Unity.RenderPipelines.Universal.Runtime.dll (+pdb)
Processing assembly Library/Bee/artifacts/2000e0PDevDbg.dag/Unity.RenderPipelines.Universal.Runtime.dll, with 136 defines and 199 references
processors: HybridCLR.AssemblyShadow.CodeGen.ReflectionBindingsILPostProcessor, zzzUnity.Burst.CodeGen.BurstILPostProcessor
running HybridCLR.AssemblyShadow.CodeGen.ReflectionBindingsILPostProcessor
running zzzUnity.Burst.CodeGen.BurstILPostProcessor
[507/572    0s] ILPostProcess Library/Bee/artifacts/2000e0PDevDbg.dag/post-processed/HybridCLR.Runtime.dll (+pdb)
Processing assembly Library/Bee/artifacts/2000e0PDevDbg.dag/HybridCLR.Runtime.dll, with 131 defines and 193 references
processors: HybridCLR.AssemblyShadow.CodeGen.ReflectionBindingsILPostProcessor, zzzUnity.Burst.CodeGen.BurstILPostProcessor
running HybridCLR.AssemblyShadow.CodeGen.ReflectionBindingsILPostProcessor
running zzzUnity.Burst.CodeGen.BurstILPostProcessor
[508/572    0s] ILPostProcess Library/Bee/artifacts/2000e0PDevDbg.dag/post-processed/Unity.Mathematics.dll (+pdb)
Processing assembly Library/Bee/artifacts/2000e0PDevDbg.dag/Unity.Mathematics.dll, with 131 defines and 193 references
processors: HybridCLR.AssemblyShadow.CodeGen.ReflectionBindingsILPostProcessor, zzzUnity.Burst.CodeGen.BurstILPostProcessor
running HybridCLR.AssemblyShadow.CodeGen.ReflectionBindingsILPostProcessor
running zzzUnity.Burst.CodeGen.BurstILPostProcessor
[509/572    0s] ILPostProcess Library/Bee/artifacts/2000e0PDevDbg.dag/post-processed/Unity.RenderPipelines.Core.ShaderLibrary.dll (+pdb)
Processing assembly Library/Bee/artifacts/2000e0PDevDbg.dag/Unity.RenderPipelines.Core.ShaderLibrary.dll, with 131 defines and 193 references
processors: HybridCLR.AssemblyShadow.CodeGen.ReflectionBindingsILPostProcessor, zzzUnity.Burst.CodeGen.BurstILPostProcessor
running HybridCLR.AssemblyShadow.CodeGen.ReflectionBindingsILPostProcessor
running zzzUnity.Burst.CodeGen.BurstILPostProcessor
[510/572    0s] ILPostProcess Library/Bee/artifacts/2000e0PDevDbg.dag/post-processed/Unity.2D.IK.Runtime.dll (+pdb)
Processing assembly Library/Bee/artifacts/2000e0PDevDbg.dag/Unity.2D.IK.Runtime.dll, with 131 defines and 194 references
processors: HybridCLR.AssemblyShadow.CodeGen.ReflectionBindingsILPostProcessor, zzzUnity.Burst.CodeGen.BurstILPostProcessor
running HybridCLR.AssemblyShadow.CodeGen.ReflectionBindingsILPostProcessor
running zzzUnity.Burst.CodeGen.BurstILPostProcessor
[511/572    0s] ILPostProcess Library/Bee/artifacts/2000e0PDevDbg.dag/post-processed/Unity.2D.SpriteShape.Runtime.dll (+pdb)
Processing assembly Library/Bee/artifacts/2000e0PDevDbg.dag/Unity.2D.SpriteShape.Runtime.dll, with 132 defines and 196 references
processors: HybridCLR.AssemblyShadow.CodeGen.ReflectionBindingsILPostProcessor, zzzUnity.Burst.CodeGen.BurstILPostProcessor
running HybridCLR.AssemblyShadow.CodeGen.ReflectionBindingsILPostProcessor
running zzzUnity.Burst.CodeGen.BurstILPostProcessor
[512/572    0s] ILPostProcess Library/Bee/artifacts/2000e0PDevDbg.dag/post-processed/Unity.Collections.dll (+pdb)
Processing assembly Library/Bee/artifacts/2000e0PDevDbg.dag/Unity.Collections.dll, with 131 defines and 195 references
processors: HybridCLR.AssemblyShadow.CodeGen.ReflectionBindingsILPostProcessor, zzzUnity.Burst.CodeGen.BurstILPostProcessor
running HybridCLR.AssemblyShadow.CodeGen.ReflectionBindingsILPostProcessor
running zzzUnity.Burst.CodeGen.BurstILPostProcessor
[513/572    0s] ILPostProcess Library/Bee/artifacts/2000e0PDevDbg.dag/post-processed/Unity.2D.Animation.Runtime.dll (+pdb)
Processing assembly Library/Bee/artifacts/2000e0PDevDbg.dag/Unity.2D.Animation.Runtime.dll, with 131 defines and 198 references
processors: HybridCLR.AssemblyShadow.CodeGen.ReflectionBindingsILPostProcessor, zzzUnity.Burst.CodeGen.BurstILPostProcessor
running HybridCLR.AssemblyShadow.CodeGen.ReflectionBindingsILPostProcessor
running zzzUnity.Burst.CodeGen.BurstILPostProcessor
[514/572    0s] ILPostProcess Library/Bee/artifacts/2000e0PDevDbg.dag/post-processed/Unity.Burst.dll (+pdb)
Processing assembly Library/Bee/artifacts/2000e0PDevDbg.dag/Unity.Burst.dll, with 131 defines and 191 references
processors: HybridCLR.AssemblyShadow.CodeGen.ReflectionBindingsILPostProcessor, zzzUnity.Burst.CodeGen.BurstILPostProcessor
running HybridCLR.AssemblyShadow.CodeGen.ReflectionBindingsILPostProcessor
running zzzUnity.Burst.CodeGen.BurstILPostProcessor
[515/572    0s] ILPostProcess Library/Bee/artifacts/2000e0PDevDbg.dag/post-processed/Unity.2D.Common.Runtime.dll (+pdb)
Processing assembly Library/Bee/artifacts/2000e0PDevDbg.dag/Unity.2D.Common.Runtime.dll, with 131 defines and 194 references
processors: HybridCLR.AssemblyShadow.CodeGen.ReflectionBindingsILPostProcessor, zzzUnity.Burst.CodeGen.BurstILPostProcessor
running HybridCLR.AssemblyShadow.CodeGen.ReflectionBindingsILPostProcessor
running zzzUnity.Burst.CodeGen.BurstILPostProcessor
[516/572    0s] ILPostProcess Library/Bee/artifacts/2000e0PDevDbg.dag/post-processed/Unity.RenderPipelines.Universal.2D.Internal.dll (+pdb)
Processing assembly Library/Bee/artifacts/2000e0PDevDbg.dag/Unity.RenderPipelines.Universal.2D.Internal.dll, with 131 defines and 193 references
processors: HybridCLR.AssemblyShadow.CodeGen.ReflectionBindingsILPostProcessor, zzzUnity.Burst.CodeGen.BurstILPostProcessor
running HybridCLR.AssemblyShadow.CodeGen.ReflectionBindingsILPostProcessor
running zzzUnity.Burst.CodeGen.BurstILPostProcessor
[517/572    0s] ILPostProcess Library/Bee/artifacts/2000e0PDevDbg.dag/post-processed/Unity.2D.Tilemap.Extras.dll (+pdb)
Processing assembly Library/Bee/artifacts/2000e0PDevDbg.dag/Unity.2D.Tilemap.Extras.dll, with 131 defines and 193 references
processors: HybridCLR.AssemblyShadow.CodeGen.ReflectionBindingsILPostProcessor, zzzUnity.Burst.CodeGen.BurstILPostProcessor
running HybridCLR.AssemblyShadow.CodeGen.ReflectionBindingsILPostProcessor
running zzzUnity.Burst.CodeGen.BurstILPostProcessor
[518/572    0s] ILPostProcess Library/Bee/artifacts/2000e0PDevDbg.dag/post-processed/Unity.Timeline.dll (+pdb)
Processing assembly Library/Bee/artifacts/2000e0PDevDbg.dag/Unity.Timeline.dll, with 132 defines and 193 references
processors: HybridCLR.AssemblyShadow.CodeGen.ReflectionBindingsILPostProcessor, zzzUnity.Burst.CodeGen.BurstILPostProcessor
running HybridCLR.AssemblyShadow.CodeGen.ReflectionBindingsILPostProcessor
running zzzUnity.Burst.CodeGen.BurstILPostProcessor
[519/572    0s] ILPostProcess Library/Bee/artifacts/2000e0PDevDbg.dag/post-processed/UnityEngine.UI.dll (+pdb)
Processing assembly Library/Bee/artifacts/2000e0PDevDbg.dag/UnityEngine.UI.dll, with 136 defines and 192 references
processors: HybridCLR.AssemblyShadow.CodeGen.ReflectionBindingsILPostProcessor, zzzUnity.Burst.CodeGen.BurstILPostProcessor
running HybridCLR.AssemblyShadow.CodeGen.ReflectionBindingsILPostProcessor
running zzzUnity.Burst.CodeGen.BurstILPostProcessor
[520/572    0s] ILPostProcess Library/Bee/artifacts/2000e0PDevDbg.dag/post-processed/Unity.RenderPipelines.Universal.Shaders.dll (+pdb)
Processing assembly Library/Bee/artifacts/2000e0PDevDbg.dag/Unity.RenderPipelines.Universal.Shaders.dll, with 131 defines and 193 references
processors: HybridCLR.AssemblyShadow.CodeGen.ReflectionBindingsILPostProcessor, zzzUnity.Burst.CodeGen.BurstILPostProcessor
running HybridCLR.AssemblyShadow.CodeGen.ReflectionBindingsILPostProcessor
running zzzUnity.Burst.CodeGen.BurstILPostProcessor
[521/572    0s] ILPostProcess Library/Bee/artifacts/2000e0PDevDbg.dag/post-processed/Unity.2D.PixelPerfect.dll (+pdb)
Processing assembly Library/Bee/artifacts/2000e0PDevDbg.dag/Unity.2D.PixelPerfect.dll, with 132 defines and 193 references
processors: HybridCLR.AssemblyShadow.CodeGen.ReflectionBindingsILPostProcessor, zzzUnity.Burst.CodeGen.BurstILPostProcessor
running HybridCLR.AssemblyShadow.CodeGen.ReflectionBindingsILPostProcessor
running zzzUnity.Burst.CodeGen.BurstILPostProcessor
[522/572    0s] ILPostProcess Library/Bee/artifacts/2000e0PDevDbg.dag/post-processed/Unity.TextMeshPro.dll (+pdb)
Processing assembly Library/Bee/artifacts/2000e0PDevDbg.dag/Unity.TextMeshPro.dll, with 132 defines and 193 references
processors: HybridCLR.AssemblyShadow.CodeGen.ReflectionBindingsILPostProcessor, zzzUnity.Burst.CodeGen.BurstILPostProcessor
running HybridCLR.AssemblyShadow.CodeGen.ReflectionBindingsILPostProcessor
running zzzUnity.Burst.CodeGen.BurstILPostProcessor
[523/572    0s] CopyFiles /Users/ah/GitHub/hybridclr/hybridclr_demo_shadow/_temp/AssemblyShadow/M05Fixtures-71857c4c1550462ab50b27cb2d4ab1d2/P03-compile/CompilerOutput/Unity.2D.Tilemap.Extras.dll
[524/572    0s] CopyFiles /Users/ah/GitHub/hybridclr/hybridclr_demo_shadow/_temp/AssemblyShadow/M05Fixtures-71857c4c1550462ab50b27cb2d4ab1d2/P03-compile/CompilerOutput/Unity.RenderPipeline.Universal.ShaderLibrary.dll
[525/572    0s] CopyFiles /Users/ah/GitHub/hybridclr/hybridclr_demo_shadow/_temp/AssemblyShadow/M05Fixtures-71857c4c1550462ab50b27cb2d4ab1d2/P03-compile/CompilerOutput/Unity.RenderPipelines.Universal.2D.Internal.dll
[526/572    0s] CopyFiles /Users/ah/GitHub/hybridclr/hybridclr_demo_shadow/_temp/AssemblyShadow/M05Fixtures-71857c4c1550462ab50b27cb2d4ab1d2/P03-compile/CompilerOutput/AssemblyShadowBaseline.HotUpdate.dll
[527/572    0s] CopyFiles /Users/ah/GitHub/hybridclr/hybridclr_demo_shadow/_temp/AssemblyShadow/M05Fixtures-71857c4c1550462ab50b27cb2d4ab1d2/P03-compile/CompilerOutput/Unity.VisualScripting.Core.dll
[528/572    0s] CopyFiles /Users/ah/GitHub/hybridclr/hybridclr_demo_shadow/_temp/AssemblyShadow/M05Fixtures-71857c4c1550462ab50b27cb2d4ab1d2/P03-compile/CompilerOutput/Unity.2D.Common.Runtime.dll
[529/572    0s] CopyFiles /Users/ah/GitHub/hybridclr/hybridclr_demo_shadow/_temp/AssemblyShadow/M05Fixtures-71857c4c1550462ab50b27cb2d4ab1d2/P03-compile/CompilerOutput/AssemblyA.Contracts.dll
[530/572    0s] CopyFiles /Users/ah/GitHub/hybridclr/hybridclr_demo_shadow/_temp/AssemblyShadow/M05Fixtures-71857c4c1550462ab50b27cb2d4ab1d2/P03-compile/CompilerOutput/Unity.Burst.dll
[531/572    0s] CopyFiles /Users/ah/GitHub/hybridclr/hybridclr_demo_shadow/_temp/AssemblyShadow/M05Fixtures-71857c4c1550462ab50b27cb2d4ab1d2/P03-compile/CompilerOutput/Unity.2D.Animation.Runtime.dll
[532/572    0s] CopyFiles /Users/ah/GitHub/hybridclr/hybridclr_demo_shadow/_temp/AssemblyShadow/M05Fixtures-71857c4c1550462ab50b27cb2d4ab1d2/P03-compile/CompilerOutput/AssemblyShadowDemo.Bootstrap.dll
[533/572    0s] CopyFiles /Users/ah/GitHub/hybridclr/hybridclr_demo_shadow/_temp/AssemblyShadow/M05Fixtures-71857c4c1550462ab50b27cb2d4ab1d2/P03-compile/CompilerOutput/Unity.RenderPipelines.Universal.Config.Runtime.dll
[534/572    0s] CopyFiles /Users/ah/GitHub/hybridclr/hybridclr_demo_shadow/_temp/AssemblyShadow/M05Fixtures-71857c4c1550462ab50b27cb2d4ab1d2/P03-compile/CompilerOutput/Unity.Collections.dll
[535/572    0s] CopyFiles /Users/ah/GitHub/hybridclr/hybridclr_demo_shadow/_temp/AssemblyShadow/M05Fixtures-71857c4c1550462ab50b27cb2d4ab1d2/P03-compile/CompilerOutput/AssemblyA.Implementation.Extensibility.dll
[536/572    0s] CopyFiles /Users/ah/GitHub/hybridclr/hybridclr_demo_shadow/_temp/AssemblyShadow/M05Fixtures-71857c4c1550462ab50b27cb2d4ab1d2/P03-compile/CompilerOutput/Unity.2D.SpriteShape.Runtime.dll
[537/572    0s] CopyFiles /Users/ah/GitHub/hybridclr/hybridclr_demo_shadow/_temp/AssemblyShadow/M05Fixtures-71857c4c1550462ab50b27cb2d4ab1d2/P03-compile/CompilerOutput/Unity.2D.IK.Runtime.dll
[538/572    0s] CopyFiles /Users/ah/GitHub/hybridclr/hybridclr_demo_shadow/_temp/AssemblyShadow/M05Fixtures-71857c4c1550462ab50b27cb2d4ab1d2/P03-compile/CompilerOutput/Unity.InternalAPIEngineBridge.001.dll
[539/572    0s] CopyFiles /Users/ah/GitHub/hybridclr/hybridclr_demo_shadow/_temp/AssemblyShadow/M05Fixtures-71857c4c1550462ab50b27cb2d4ab1d2/P03-compile/CompilerOutput/Unity.VisualScripting.State.dll
[540/572    0s] CopyFiles /Users/ah/GitHub/hybridclr/hybridclr_demo_shadow/_temp/AssemblyShadow/M05Fixtures-71857c4c1550462ab50b27cb2d4ab1d2/P03-compile/CompilerOutput/Unity.Timeline.dll
[541/572    0s] CopyFiles /Users/ah/GitHub/hybridclr/hybridclr_demo_shadow/_temp/AssemblyShadow/M05Fixtures-71857c4c1550462ab50b27cb2d4ab1d2/P03-compile/CompilerOutput/AssemblyShadowDemo.ExtensibilityConsumer.dll
[542/572    0s] CopyFiles /Users/ah/GitHub/hybridclr/hybridclr_demo_shadow/_temp/AssemblyShadow/M05Fixtures-71857c4c1550462ab50b27cb2d4ab1d2/P03-compile/CompilerOutput/Unity.RenderPipelines.Core.ShaderLibrary.dll
[543/572    0s] CopyFiles /Users/ah/GitHub/hybridclr/hybridclr_demo_shadow/_temp/AssemblyShadow/M05Fixtures-71857c4c1550462ab50b27cb2d4ab1d2/P03-compile/CompilerOutput/MCPForUnity.Runtime.dll
[544/572    0s] CopyFiles /Users/ah/GitHub/hybridclr/hybridclr_demo_shadow/_temp/AssemblyShadow/M05Fixtures-71857c4c1550462ab50b27cb2d4ab1d2/P03-compile/CompilerOutput/AssemblyA.Implementation.Internal.dll
[545/572    0s] CopyFiles /Users/ah/GitHub/hybridclr/hybridclr_demo_shadow/_temp/AssemblyShadow/M05Fixtures-71857c4c1550462ab50b27cb2d4ab1d2/P03-compile/CompilerOutput/Unity.Mathematics.dll
[546/572    0s] CopyFiles /Users/ah/GitHub/hybridclr/hybridclr_demo_shadow/_temp/AssemblyShadow/M05Fixtures-71857c4c1550462ab50b27cb2d4ab1d2/P03-compile/CompilerOutput/HybridCLR.Runtime.dll
[547/572    0s] CopyFiles /Users/ah/GitHub/hybridclr/hybridclr_demo_shadow/_temp/AssemblyShadow/M05Fixtures-71857c4c1550462ab50b27cb2d4ab1d2/P03-compile/CompilerOutput/Unity.RenderPipelines.Universal.Runtime.dll
[548/572    0s] CopyFiles /Users/ah/GitHub/hybridclr/hybridclr_demo_shadow/_temp/AssemblyShadow/M05Fixtures-71857c4c1550462ab50b27cb2d4ab1d2/P03-compile/CompilerOutput/Assembly-CSharp.dll
[549/572    0s] CopyFiles /Users/ah/GitHub/hybridclr/hybridclr_demo_shadow/_temp/AssemblyShadow/M05Fixtures-71857c4c1550462ab50b27cb2d4ab1d2/P03-compile/CompilerOutput/AssemblyShadowDemo.ContractsConsumer.dll
[550/572    0s] CopyFiles /Users/ah/GitHub/hybridclr/hybridclr_demo_shadow/_temp/AssemblyShadow/M05Fixtures-71857c4c1550462ab50b27cb2d4ab1d2/P03-compile/CompilerOutput/Unity.Timeline.pdb
[551/572    0s] CopyFiles /Users/ah/GitHub/hybridclr/hybridclr_demo_shadow/_temp/AssemblyShadow/M05Fixtures-71857c4c1550462ab50b27cb2d4ab1d2/P03-compile/CompilerOutput/Unity.2D.Tilemap.Extras.pdb
[552/572    0s] CopyFiles /Users/ah/GitHub/hybridclr/hybridclr_demo_shadow/_temp/AssemblyShadow/M05Fixtures-71857c4c1550462ab50b27cb2d4ab1d2/P03-compile/CompilerOutput/Unity.RenderPipelines.Universal.2D.Internal.pdb
[553/572    0s] CopyFiles /Users/ah/GitHub/hybridclr/hybridclr_demo_shadow/_temp/AssemblyShadow/M05Fixtures-71857c4c1550462ab50b27cb2d4ab1d2/P03-compile/CompilerOutput/Unity.2D.Common.Runtime.pdb
[554/572    0s] CopyFiles /Users/ah/GitHub/hybridclr/hybridclr_demo_shadow/_temp/AssemblyShadow/M05Fixtures-71857c4c1550462ab50b27cb2d4ab1d2/P03-compile/CompilerOutput/Unity.Burst.pdb
[555/572    0s] CopyFiles /Users/ah/GitHub/hybridclr/hybridclr_demo_shadow/_temp/AssemblyShadow/M05Fixtures-71857c4c1550462ab50b27cb2d4ab1d2/P03-compile/CompilerOutput/Unity.2D.Animation.Runtime.pdb
[556/572    0s] CopyFiles /Users/ah/GitHub/hybridclr/hybridclr_demo_shadow/_temp/AssemblyShadow/M05Fixtures-71857c4c1550462ab50b27cb2d4ab1d2/P03-compile/CompilerOutput/Unity.Collections.pdb
[557/572    0s] CopyFiles /Users/ah/GitHub/hybridclr/hybridclr_demo_shadow/_temp/AssemblyShadow/M05Fixtures-71857c4c1550462ab50b27cb2d4ab1d2/P03-compile/CompilerOutput/Unity.2D.SpriteShape.Runtime.pdb
[558/572    0s] CopyFiles /Users/ah/GitHub/hybridclr/hybridclr_demo_shadow/_temp/AssemblyShadow/M05Fixtures-71857c4c1550462ab50b27cb2d4ab1d2/P03-compile/CompilerOutput/Unity.2D.IK.Runtime.pdb
[559/572    0s] CopyFiles /Users/ah/GitHub/hybridclr/hybridclr_demo_shadow/_temp/AssemblyShadow/M05Fixtures-71857c4c1550462ab50b27cb2d4ab1d2/P03-compile/CompilerOutput/Unity.RenderPipelines.Core.ShaderLibrary.pdb
[560/572    0s] CopyFiles /Users/ah/GitHub/hybridclr/hybridclr_demo_shadow/_temp/AssemblyShadow/M05Fixtures-71857c4c1550462ab50b27cb2d4ab1d2/P03-compile/CompilerOutput/HybridCLR.Runtime.pdb
[561/572    0s] CopyFiles /Users/ah/GitHub/hybridclr/hybridclr_demo_shadow/_temp/AssemblyShadow/M05Fixtures-71857c4c1550462ab50b27cb2d4ab1d2/P03-compile/CompilerOutput/Unity.Mathematics.pdb
[562/572    0s] CopyFiles /Users/ah/GitHub/hybridclr/hybridclr_demo_shadow/_temp/AssemblyShadow/M05Fixtures-71857c4c1550462ab50b27cb2d4ab1d2/P03-compile/CompilerOutput/Unity.RenderPipelines.Universal.Runtime.pdb
[563/572    0s] CopyFiles /Users/ah/GitHub/hybridclr/hybridclr_demo_shadow/_temp/AssemblyShadow/M05Fixtures-71857c4c1550462ab50b27cb2d4ab1d2/P03-compile/CompilerOutput/Unity.VisualScripting.State.pdb
[564/572    0s] CopyFiles /Users/ah/GitHub/hybridclr/hybridclr_demo_shadow/_temp/AssemblyShadow/M05Fixtures-71857c4c1550462ab50b27cb2d4ab1d2/P03-compile/CompilerOutput/AssemblyShadowDemo.ExtensibilityConsumer.pdb
[565/572    0s] CopyFiles /Users/ah/GitHub/hybridclr/hybridclr_demo_shadow/_temp/AssemblyShadow/M05Fixtures-71857c4c1550462ab50b27cb2d4ab1d2/P03-compile/CompilerOutput/Unity.VisualScripting.Core.pdb
[566/572    0s] CopyFiles /Users/ah/GitHub/hybridclr/hybridclr_demo_shadow/_temp/AssemblyShadow/M05Fixtures-71857c4c1550462ab50b27cb2d4ab1d2/P03-compile/CompilerOutput/AssemblyA.Implementation.Internal.pdb
[567/572    0s] CopyFiles /Users/ah/GitHub/hybridclr/hybridclr_demo_shadow/_temp/AssemblyShadow/M05Fixtures-71857c4c1550462ab50b27cb2d4ab1d2/P03-compile/CompilerOutput/AssemblyA.Implementation.Extensibility.pdb
[568/572    0s] CopyFiles /Users/ah/GitHub/hybridclr/hybridclr_demo_shadow/_temp/AssemblyShadow/M05Fixtures-71857c4c1550462ab50b27cb2d4ab1d2/P03-compile/CompilerOutput/Assembly-CSharp.pdb
[569/572    0s] CopyFiles /Users/ah/GitHub/hybridclr/hybridclr_demo_shadow/_temp/AssemblyShadow/M05Fixtures-71857c4c1550462ab50b27cb2d4ab1d2/P03-compile/CompilerOutput/AssemblyShadowDemo.Bootstrap.pdb
[570/572    0s] CopyFiles /Users/ah/GitHub/hybridclr/hybridclr_demo_shadow/_temp/AssemblyShadow/M05Fixtures-71857c4c1550462ab50b27cb2d4ab1d2/P03-compile/CompilerOutput/Unity.RenderPipeline.Universal.ShaderLibrary.pdb
[571/572    0s] CopyFiles /Users/ah/GitHub/hybridclr/hybridclr_demo_shadow/_temp/AssemblyShadow/M05Fixtures-71857c4c1550462ab50b27cb2d4ab1d2/P03-compile/CompilerOutput/AssemblyShadowDemo.ContractsConsumer.pdb
[572/572    0s] CopyFiles /Users/ah/GitHub/hybridclr/hybridclr_demo_shadow/_temp/AssemblyShadow/M05Fixtures-71857c4c1550462ab50b27cb2d4ab1d2/P03-compile/CompilerOutput/AssemblyShadowBaseline.HotUpdate.pdb
[573/572    0s] CopyFiles /Users/ah/GitHub/hybridclr/hybridclr_demo_shadow/_temp/AssemblyShadow/M05Fixtures-71857c4c1550462ab50b27cb2d4ab1d2/P03-compile/CompilerOutput/MCPForUnity.Runtime.pdb
[574/572    0s] CopyFiles /Users/ah/GitHub/hybridclr/hybridclr_demo_shadow/_temp/AssemblyShadow/M05Fixtures-71857c4c1550462ab50b27cb2d4ab1d2/P03-compile/CompilerOutput/UnityEngine.UI.dll
[575/572    0s] CopyFiles /Users/ah/GitHub/hybridclr/hybridclr_demo_shadow/_temp/AssemblyShadow/M05Fixtures-71857c4c1550462ab50b27cb2d4ab1d2/P03-compile/CompilerOutput/Unity.RenderPipelines.Universal.Shaders.dll
[576/572    0s] CopyFiles /Users/ah/GitHub/hybridclr/hybridclr_demo_shadow/_temp/AssemblyShadow/M05Fixtures-71857c4c1550462ab50b27cb2d4ab1d2/P03-compile/CompilerOutput/UnityEngine.UI.pdb
[577/572    0s] CopyFiles /Users/ah/GitHub/hybridclr/hybridclr_demo_shadow/_temp/AssemblyShadow/M05Fixtures-71857c4c1550462ab50b27cb2d4ab1d2/P03-compile/CompilerOutput/Unity.2D.PixelPerfect.dll
[578/572    0s] CopyFiles /Users/ah/GitHub/hybridclr/hybridclr_demo_shadow/_temp/AssemblyShadow/M05Fixtures-71857c4c1550462ab50b27cb2d4ab1d2/P03-compile/CompilerOutput/Unity.RenderPipelines.Universal.Shaders.pdb
[579/572    0s] CopyFiles /Users/ah/GitHub/hybridclr/hybridclr_demo_shadow/_temp/AssemblyShadow/M05Fixtures-71857c4c1550462ab50b27cb2d4ab1d2/P03-compile/CompilerOutput/Unity.2D.PixelPerfect.pdb
[580/572    0s] CopyFiles /Users/ah/GitHub/hybridclr/hybridclr_demo_shadow/_temp/AssemblyShadow/M05Fixtures-71857c4c1550462ab50b27cb2d4ab1d2/P03-compile/CompilerOutput/AssemblyA.Contracts.pdb
[581/572    0s] CopyFiles /Users/ah/GitHub/hybridclr/hybridclr_demo_shadow/_temp/AssemblyShadow/M05Fixtures-71857c4c1550462ab50b27cb2d4ab1d2/P03-compile/CompilerOutput/Unity.RenderPipelines.Universal.Config.Runtime.pdb
[582/572    0s] CopyFiles /Users/ah/GitHub/hybridclr/hybridclr_demo_shadow/_temp/AssemblyShadow/M05Fixtures-71857c4c1550462ab50b27cb2d4ab1d2/P03-compile/CompilerOutput/Unity.InternalAPIEngineBridge.001.pdb
[583/572    0s] CopyFiles /Users/ah/GitHub/hybridclr/hybridclr_demo_shadow/_temp/AssemblyShadow/M05Fixtures-71857c4c1550462ab50b27cb2d4ab1d2/P03-compile/CompilerOutput/Unity.TextMeshPro.pdb
[584/572    0s] CopyFiles /Users/ah/GitHub/hybridclr/hybridclr_demo_shadow/_temp/AssemblyShadow/M05Fixtures-71857c4c1550462ab50b27cb2d4ab1d2/P03-compile/CompilerOutput/Unity.TextMeshPro.dll
[585/572    0s] ILPostProcess Library/Bee/artifacts/2000e0PDevDbg.dag/post-processed/Unity.RenderPipelines.ShaderGraph.ShaderGraphLibrary.dll (+pdb)
Processing assembly Library/Bee/artifacts/2000e0PDevDbg.dag/Unity.RenderPipelines.ShaderGraph.ShaderGraphLibrary.dll, with 131 defines and 193 references
processors: HybridCLR.AssemblyShadow.CodeGen.ReflectionBindingsILPostProcessor, zzzUnity.Burst.CodeGen.BurstILPostProcessor
running HybridCLR.AssemblyShadow.CodeGen.ReflectionBindingsILPostProcessor
running zzzUnity.Burst.CodeGen.BurstILPostProcessor
[586/572    0s] CopyFiles /Users/ah/GitHub/hybridclr/hybridclr_demo_shadow/_temp/AssemblyShadow/M05Fixtures-71857c4c1550462ab50b27cb2d4ab1d2/P03-compile/CompilerOutput/Unity.RenderPipelines.ShaderGraph.ShaderGraphLibrary.dll
[587/572    0s] CopyFiles /Users/ah/GitHub/hybridclr/hybridclr_demo_shadow/_temp/AssemblyShadow/M05Fixtures-71857c4c1550462ab50b27cb2d4ab1d2/P03-compile/CompilerOutput/Unity.RenderPipelines.ShaderGraph.ShaderGraphLibrary.pdb
[588/572    1s] ILPostProcess Library/Bee/artifacts/2000e0PDevDbg.dag/post-processed/AssemblyShadowBaseline.Aot.dll (+pdb)
Processing assembly Library/Bee/artifacts/2000e0PDevDbg.dag/AssemblyShadowBaseline.Aot.dll, with 131 defines and 194 references
processors: HybridCLR.AssemblyShadow.CodeGen.ReflectionBindingsILPostProcessor, zzzUnity.Burst.CodeGen.BurstILPostProcessor
running HybridCLR.AssemblyShadow.CodeGen.ReflectionBindingsILPostProcessor
running zzzUnity.Burst.CodeGen.BurstILPostProcessor
[589/572    0s] CopyFiles /Users/ah/GitHub/hybridclr/hybridclr_demo_shadow/_temp/AssemblyShadow/M05Fixtures-71857c4c1550462ab50b27cb2d4ab1d2/P03-compile/CompilerOutput/AssemblyShadowBaseline.Aot.pdb
[590/572    0s] CopyFiles /Users/ah/GitHub/hybridclr/hybridclr_demo_shadow/_temp/AssemblyShadow/M05Fixtures-71857c4c1550462ab50b27cb2d4ab1d2/P03-compile/CompilerOutput/AssemblyShadowBaseline.Aot.dll
[591/572    1s] ILPostProcess Library/Bee/artifacts/2000e0PDevDbg.dag/post-processed/Unity.VisualScripting.Flow.dll (+pdb)
Processing assembly Library/Bee/artifacts/2000e0PDevDbg.dag/Unity.VisualScripting.Flow.dll, with 136 defines and 194 references
processors: HybridCLR.AssemblyShadow.CodeGen.ReflectionBindingsILPostProcessor, zzzUnity.Burst.CodeGen.BurstILPostProcessor
running HybridCLR.AssemblyShadow.CodeGen.ReflectionBindingsILPostProcessor
running zzzUnity.Burst.CodeGen.BurstILPostProcessor
[592/572    0s] CopyFiles /Users/ah/GitHub/hybridclr/hybridclr_demo_shadow/_temp/AssemblyShadow/M05Fixtures-71857c4c1550462ab50b27cb2d4ab1d2/P03-compile/CompilerOutput/Unity.VisualScripting.Flow.pdb
[593/572    0s] CopyFiles /Users/ah/GitHub/hybridclr/hybridclr_demo_shadow/_temp/AssemblyShadow/M05Fixtures-71857c4c1550462ab50b27cb2d4ab1d2/P03-compile/CompilerOutput/Unity.VisualScripting.Flow.dll
[594/572    1s] ILPostProcess Library/Bee/artifacts/2000e0PDevDbg.dag/post-processed/Unity.RenderPipelines.Core.Runtime.dll (+pdb)
Processing assembly Library/Bee/artifacts/2000e0PDevDbg.dag/Unity.RenderPipelines.Core.Runtime.dll, with 133 defines and 193 references
processors: HybridCLR.AssemblyShadow.CodeGen.ReflectionBindingsILPostProcessor, zzzUnity.Burst.CodeGen.BurstILPostProcessor
running HybridCLR.AssemblyShadow.CodeGen.ReflectionBindingsILPostProcessor
running zzzUnity.Burst.CodeGen.BurstILPostProcessor
[595/572    0s] CopyFiles /Users/ah/GitHub/hybridclr/hybridclr_demo_shadow/_temp/AssemblyShadow/M05Fixtures-71857c4c1550462ab50b27cb2d4ab1d2/P03-compile/CompilerOutput/Unity.RenderPipelines.Core.Runtime.pdb
[596/572    0s] CopyFiles /Users/ah/GitHub/hybridclr/hybridclr_demo_shadow/_temp/AssemblyShadow/M05Fixtures-71857c4c1550462ab50b27cb2d4ab1d2/P03-compile/CompilerOutput/Unity.RenderPipelines.Core.Runtime.dll
[598/572    0s] BuildPlayerDataGenerator Library/BuildPlayerData/Player/RuntimeInitializeOnLoads.json (+1 other)
*** Tundra build success (3.07 seconds), 154 items updated, 572 evaluated
Assets/AssemblyShadowDemo/Bootstrap/ShadowBootstrap.cs(59,31): warning CS0618: 'RuntimeApi.GetAssemblyShadowPrototypeDiagnostics()' is obsolete: 'Assembly Shadow Prototype was retired; use GetDiagnosticsJson.'
Assets/AssemblyShadowDemo/Bootstrap/ShadowBootstrap.cs(92,61): warning CS0618: 'RuntimeApi.GetAssemblyShadowPrototypeDiagnostics()' is obsolete: 'Assembly Shadow Prototype was retired; use GetDiagnosticsJson.'
Assets/AssemblyShadowDemo/Bootstrap/ShadowBootstrap.cs(133,35): warning CS0618: 'RuntimeApi.LoadAssemblyShadowPrototype(byte[], byte[])' is obsolete: 'Assembly Shadow Prototype was retired; use ConfigureCandidates/BeginTransaction/StageAssembly.'
Assets/AssemblyShadowDemo/Bootstrap/ShadowBootstrap.cs(137,25): warning CS0618: 'RuntimeApi.ActivateAssemblyShadowPrototype(string)' is obsolete: 'Assembly Shadow Prototype was retired; use CommitTransaction.'
Assets/AssemblyShadowDemo/Bootstrap/ShadowBootstrap.cs(290,51): warning CS0618: 'RuntimeApi.SetAssemblyShadowPrototypePhase(string)' is obsolete: 'Assembly Shadow Prototype was retired; use generalized diagnostics.'
Assets/AssemblyShadowDemo/Bootstrap/ShadowBootstrap.cs(291,108): warning CS0618: 'RuntimeApi.InspectAssemblyShadowPrototypeObject(object)' is obsolete: 'Assembly Shadow Prototype was retired; use generalized diagnostics.'
Assets/AssemblyShadowDemo/Bootstrap/ShadowBootstrap.cs(292,114): warning CS0618: 'RuntimeApi.InspectAssemblyShadowPrototypeAssembly(Assembly)' is obsolete: 'Assembly Shadow Prototype was retired; use generalized diagnostics.'
Assets/AssemblyShadowDemo/Bootstrap/ShadowBootstrap.cs(133,35): warning CS0618: 'RuntimeApi.LoadAssemblyShadowPrototype(byte[], byte[])' is obsolete: 'Assembly Shadow Prototype was retired; use ConfigureCandidates/BeginTransaction/StageAssembly.'
Assets/AssemblyShadowDemo/Bootstrap/ShadowBootstrap.cs(137,25): warning CS0618: 'RuntimeApi.ActivateAssemblyShadowPrototype(string)' is obsolete: 'Assembly Shadow Prototype was retired; use CommitTransaction.'
Assets/AssemblyShadowDemo/Bootstrap/ShadowBootstrap.cs(290,51): warning CS0618: 'RuntimeApi.SetAssemblyShadowPrototypePhase(string)' is obsolete: 'Assembly Shadow Prototype was retired; use generalized diagnostics.'
Assets/AssemblyShadowDemo/Bootstrap/ShadowBootstrap.cs(291,108): warning CS0618: 'RuntimeApi.InspectAssemblyShadowPrototypeObject(object)' is obsolete: 'Assembly Shadow Prototype was retired; use generalized diagnostics.'
Assets/AssemblyShadowDemo/Bootstrap/ShadowBootstrap.cs(292,114): warning CS0618: 'RuntimeApi.InspectAssemblyShadowPrototypeAssembly(Assembly)' is obsolete: 'Assembly Shadow Prototype was retired; use generalized diagnostics.'
Assets/AssemblyShadowDemo/Bootstrap/ShadowBootstrap.cs(133,35): warning CS0618: 'RuntimeApi.LoadAssemblyShadowPrototype(byte[], byte[])' is obsolete: 'Assembly Shadow Prototype was retired; use ConfigureCandidates/BeginTransaction/StageAssembly.'
Assets/AssemblyShadowDemo/Bootstrap/ShadowBootstrap.cs(137,25): warning CS0618: 'RuntimeApi.ActivateAssemblyShadowPrototype(string)' is obsolete: 'Assembly Shadow Prototype was retired; use CommitTransaction.'
Assets/AssemblyShadowDemo/Bootstrap/ShadowBootstrap.cs(290,51): warning CS0618: 'RuntimeApi.SetAssemblyShadowPrototypePhase(string)' is obsolete: 'Assembly Shadow Prototype was retired; use generalized diagnostics.'
Assets/AssemblyShadowDemo/Bootstrap/ShadowBootstrap.cs(291,108): warning CS0618: 'RuntimeApi.InspectAssemblyShadowPrototypeObject(object)' is obsolete: 'Assembly Shadow Prototype was retired; use generalized diagnostics.'
Assets/AssemblyShadowDemo/Bootstrap/ShadowBootstrap.cs(292,114): warning CS0618: 'RuntimeApi.InspectAssemblyShadowPrototypeAssembly(Assembly)' is obsolete: 'Assembly Shadow Prototype was retired; use generalized diagnostics.'
Total cache size 267899536
Total cache size after purge 267899536
[40m[32minfo[39m[22m[49m: Microsoft.AspNetCore.Hosting.Diagnostics[1]
      Request starting HTTP/2 POST http://ilpp/UnityILPP.PostProcessing/Ping application/grpc -
[40m[32minfo[39m[22m[49m: Microsoft.AspNetCore.Routing.EndpointMiddleware[0]
      Executing endpoint 'gRPC - /UnityILPP.PostProcessing/Ping'
[40m[32minfo[39m[22m[49m: Microsoft.AspNetCore.Routing.EndpointMiddleware[1]
      Executed endpoint 'gRPC - /UnityILPP.PostProcessing/Ping'
[40m[32minfo[39m[22m[49m: Microsoft.AspNetCore.Hosting.Diagnostics[2]
      Request finished HTTP/2 POST http://ilpp/UnityILPP.PostProcessing/Ping application/grpc - - 200 - application/grpc 0.2752ms
Starting: /Applications/Unity/Hub/Editor/2022.3.62f2/Unity.app/Contents/bee_backend --ipc --defer-dag-verification --dagfile="Library/Bee/200b0aE.dag" --continue-on-failure --profile="Library/Bee/backend1.traceevents" ScriptAssembliesAndTypeDB
WorkingDir: /Users/ah/GitHub/hybridclr/hybridclr_demo_shadow
[40m[32minfo[39m[22m[49m: Microsoft.AspNetCore.Hosting.Diagnostics[1]
      Request starting HTTP/2 POST http://ilpp/UnityILPP.PostProcessing/ConfigurePostProcessors application/grpc -
[40m[32minfo[39m[22m[49m: Microsoft.AspNetCore.Routing.EndpointMiddleware[0]
      Executing endpoint 'gRPC - /UnityILPP.PostProcessing/ConfigurePostProcessors'
[40m[32minfo[39m[22m[49m: Unity.ILPP.Runner.PostProcessingAssemblyLoadContext[0]
      ALC ILPP context 4 is unloading
[40m[1m[33mwarn[39m[22m[49m: Unity.ILPP.Runner.PostProcessingAssemblyLoadContext[0]
      Assembly unityeditor.ios.extensions.xcode has duplicate hint path. Ignoring "/Applications/Unity/Hub/Editor/2022.3.62f2/Unity.app/Contents/PlaybackEngines/MacStandaloneSupport/UnityEditor.iOS.Extensions.Xcode.dll" in favor of "/Applications/Unity/Hub/Editor/2022.3.62f2/PlaybackEngines/iOSSupport/UnityEditor.iOS.Extensions.Xcode.dll"
[40m[1m[33mwarn[39m[22m[49m: Unity.ILPP.Runner.PostProcessingAssemblyLoadContext[0]
      Assembly system.componentmodel.composition has duplicate hint path. Ignoring "/Applications/Unity/Hub/Editor/2022.3.62f2/Unity.app/Contents/NetStandard/compat/2.1.0/shims/netfx/System.ComponentModel.Composition.dll" in favor of "/Applications/Unity/Hub/Editor/2022.3.62f2/Unity.app/Contents/UnityReferenceAssemblies/unity-4.8-api/System.ComponentModel.Composition.dll"
[40m[1m[33mwarn[39m[22m[49m: Unity.ILPP.Runner.PostProcessingAssemblyLoadContext[0]
      Assembly system.runtime.interopservices.windowsruntime has duplicate hint path. Ignoring "/Applications/Unity/Hub/Editor/2022.3.62f2/Unity.app/Contents/NetStandard/Extensions/2.0.0/System.Runtime.InteropServices.WindowsRuntime.dll" in favor of "/Applications/Unity/Hub/Editor/2022.3.62f2/Unity.app/Contents/UnityReferenceAssemblies/unity-4.8-api/Facades/System.Runtime.InteropServices.WindowsRuntime.dll"
[40m[32minfo[39m[22m[49m: Unity.ILPP.Runner.PostProcessingAssemblyLoadContext[0]
      Resolved Unity.Burst.Cecil, Version=0.11.4.0, Culture=neutral, PublicKeyToken=50cebf1cceb9d05e with Library/PackageCache/com.unity.burst@1.8.21/Unity.Burst.CodeGen/Unity.Burst.Cecil.dll
[40m[32minfo[39m[22m[49m: Microsoft.AspNetCore.Routing.EndpointMiddleware[1]
      Executed endpoint 'gRPC - /UnityILPP.PostProcessing/ConfigurePostProcessors'
[40m[32minfo[39m[22m[49m: Microsoft.AspNetCore.Hosting.Diagnostics[2]
      Request finished HTTP/2 POST http://ilpp/UnityILPP.PostProcessing/ConfigurePostProcessors application/grpc - - 200 - application/grpc 7.5705ms
ExitCode: 0 Duration: 0s375ms
[676/910    0s] ILPP-Configuration Library/ilpp-configuration.nevergeneratedoutput
*** Tundra build success (0.34 seconds), 1 items updated, 910 evaluated
Total cache size 267899536
Total cache size after purge 267899536
[Licensing::Client] Successfully resolved entitlement details
[ScriptCompilation] Requested script compilation because: Recompiling all scripts before compiling player scripts because Auto Refresh is disabled.
[40m[32minfo[39m[22m[49m: Microsoft.AspNetCore.Hosting.Diagnostics[1]
      Request starting HTTP/2 POST http://ilpp/UnityILPP.PostProcessing/Ping application/grpc -
[40m[32minfo[39m[22m[49m: Microsoft.AspNetCore.Routing.EndpointMiddleware[0]
      Executing endpoint 'gRPC - /UnityILPP.PostProcessing/Ping'
[40m[32minfo[39m[22m[49m: Microsoft.AspNetCore.Routing.EndpointMiddleware[1]
      Executed endpoint 'gRPC - /UnityILPP.PostProcessing/Ping'
[40m[32minfo[39m[22m[49m: Microsoft.AspNetCore.Hosting.Diagnostics[2]
      Request finished HTTP/2 POST http://ilpp/UnityILPP.PostProcessing/Ping application/grpc - - 200 - application/grpc 0.4753ms
Starting: /Applications/Unity/Hub/Editor/2022.3.62f2/Unity.app/Contents/bee_backend --ipc --defer-dag-verification --dagfile="Library/Bee/200b0aE.dag" --continue-on-failure --profile="Library/Bee/backend1.traceevents" ScriptAssemblies
WorkingDir: /Users/ah/GitHub/hybridclr/hybridclr_demo_shadow
[40m[32minfo[39m[22m[49m: Microsoft.AspNetCore.Hosting.Diagnostics[1]
      Request starting HTTP/2 POST http://ilpp/UnityILPP.PostProcessing/ConfigurePostProcessors application/grpc -
[40m[32minfo[39m[22m[49m: Microsoft.AspNetCore.Routing.EndpointMiddleware[0]
      Executing endpoint 'gRPC - /UnityILPP.PostProcessing/ConfigurePostProcessors'
[40m[32minfo[39m[22m[49m: Unity.ILPP.Runner.PostProcessingAssemblyLoadContext[0]
      Current configuration matches the requested one, skipping
[40m[32minfo[39m[22m[49m: Microsoft.AspNetCore.Routing.EndpointMiddleware[1]
      Executed endpoint 'gRPC - /UnityILPP.PostProcessing/ConfigurePostProcessors'
[40m[32minfo[39m[22m[49m: Microsoft.AspNetCore.Hosting.Diagnostics[2]
      Request finished HTTP/2 POST http://ilpp/UnityILPP.PostProcessing/ConfigurePostProcessors application/grpc - - 200 - application/grpc 2.5649ms
ExitCode: 0 Duration: 0s397ms
[676/908    0s] ILPP-Configuration Library/ilpp-configuration.nevergeneratedoutput
*** Tundra build success (0.34 seconds), 1 items updated, 908 evaluated
[ScriptCompilation] Requested script compilation because: Compiling scripts for player
Total cache size 267899536
Total cache size after purge 267899536
[40m[32minfo[39m[22m[49m: Microsoft.AspNetCore.Hosting.Diagnostics[1]
      Request starting HTTP/2 POST http://ilpp/UnityILPP.PostProcessing/Ping application/grpc -
[40m[32minfo[39m[22m[49m: Microsoft.AspNetCore.Routing.EndpointMiddleware[0]
      Executing endpoint 'gRPC - /UnityILPP.PostProcessing/Ping'
[40m[32minfo[39m[22m[49m: Microsoft.AspNetCore.Routing.EndpointMiddleware[1]
      Executed endpoint 'gRPC - /UnityILPP.PostProcessing/Ping'
[40m[32minfo[39m[22m[49m: Microsoft.AspNetCore.Hosting.Diagnostics[2]
      Request finished HTTP/2 POST http://ilpp/UnityILPP.PostProcessing/Ping application/grpc - - 200 - application/grpc 0.1220ms
Starting: /Applications/Unity/Hub/Editor/2022.3.62f2/Unity.app/Contents/bee_backend --ipc --defer-dag-verification --dagfile="Library/Bee/2000e0PDevDbg.dag" --continue-on-failure --profile="Library/Bee/backend1.traceevents" ScriptAssembliesAndTypeDB
WorkingDir: /Users/ah/GitHub/hybridclr/hybridclr_demo_shadow
ExitCode: 4 Duration: 0s133ms
Rebuilding DAG because FileSignature timestamp changed: Library/Bee/2000e0PDevDbg-inputdata.json
*** Tundra requires additional run (0.11 seconds), 0 items updated, 432 evaluated
Starting: /Applications/Unity/Hub/Editor/2022.3.62f2/Unity.app/Contents/Tools/netcorerun/netcorerun "/Applications/Unity/Hub/Editor/2022.3.62f2/Unity.app/Contents/Tools/BuildPipeline/ScriptCompilationBuildProgram.exe" "Library/Bee/2000e0PDevDbg.dag.json" "Library/Bee/2000e0PDevDbg-inputdata.json" "Library/Bee/buildprogram0.traceevents"
WorkingDir: /Users/ah/GitHub/hybridclr/hybridclr_demo_shadow
ExitCode: 0 Duration: 0s760ms
Starting: /Applications/Unity/Hub/Editor/2022.3.62f2/Unity.app/Contents/bee_backend --ipc --defer-dag-verification --dagfile="Library/Bee/2000e0PDevDbg.dag" --continue-on-failure --dagfilejson="Library/Bee/2000e0PDevDbg.dag.json" --profile="Library/Bee/backend2.traceevents" ScriptAssembliesAndTypeDB
WorkingDir: /Users/ah/GitHub/hybridclr/hybridclr_demo_shadow
[40m[32minfo[39m[22m[49m: Microsoft.AspNetCore.Hosting.Diagnostics[1]
      Request starting HTTP/2 POST http://ilpp/UnityILPP.PostProcessing/ConfigurePostProcessors application/grpc -
[40m[32minfo[39m[22m[49m: Microsoft.AspNetCore.Routing.EndpointMiddleware[0]
      Executing endpoint 'gRPC - /UnityILPP.PostProcessing/ConfigurePostProcessors'
[40m[32minfo[39m[22m[49m: Unity.ILPP.Runner.PostProcessingAssemblyLoadContext[0]
      ALC ILPP context 5 is unloading
[40m[1m[33mwarn[39m[22m[49m: Unity.ILPP.Runner.PostProcessingAssemblyLoadContext[0]
      Assembly unityeditor.ios.extensions.xcode has duplicate hint path. Ignoring "/Applications/Unity/Hub/Editor/2022.3.62f2/Unity.app/Contents/PlaybackEngines/MacStandaloneSupport/UnityEditor.iOS.Extensions.Xcode.dll" in favor of "/Applications/Unity/Hub/Editor/2022.3.62f2/PlaybackEngines/iOSSupport/UnityEditor.iOS.Extensions.Xcode.dll"
[40m[1m[33mwarn[39m[22m[49m: Unity.ILPP.Runner.PostProcessingAssemblyLoadContext[0]
      Assembly system.componentmodel.composition has duplicate hint path. Ignoring "/Applications/Unity/Hub/Editor/2022.3.62f2/Unity.app/Contents/NetStandard/compat/2.1.0/shims/netfx/System.ComponentModel.Composition.dll" in favor of "/Applications/Unity/Hub/Editor/2022.3.62f2/Unity.app/Contents/UnityReferenceAssemblies/unity-4.8-api/System.ComponentModel.Composition.dll"
[40m[1m[33mwarn[39m[22m[49m: Unity.ILPP.Runner.PostProcessingAssemblyLoadContext[0]
      Assembly system.runtime.interopservices.windowsruntime has duplicate hint path. Ignoring "/Applications/Unity/Hub/Editor/2022.3.62f2/Unity.app/Contents/NetStandard/Extensions/2.0.0/System.Runtime.InteropServices.WindowsRuntime.dll" in favor of "/Applications/Unity/Hub/Editor/2022.3.62f2/Unity.app/Contents/UnityReferenceAssemblies/unity-4.8-api/Facades/System.Runtime.InteropServices.WindowsRuntime.dll"
[40m[32minfo[39m[22m[49m: Unity.ILPP.Runner.PostProcessingAssemblyLoadContext[0]
      Resolved Unity.Burst.Cecil, Version=0.11.4.0, Culture=neutral, PublicKeyToken=50cebf1cceb9d05e with Library/PackageCache/com.unity.burst@1.8.21/Unity.Burst.CodeGen/Unity.Burst.Cecil.dll
[40m[32minfo[39m[22m[49m: Microsoft.AspNetCore.Routing.EndpointMiddleware[1]
      Executed endpoint 'gRPC - /UnityILPP.PostProcessing/ConfigurePostProcessors'
[40m[32minfo[39m[22m[49m: Microsoft.AspNetCore.Hosting.Diagnostics[2]
      Request finished HTTP/2 POST http://ilpp/UnityILPP.PostProcessing/ConfigurePostProcessors application/grpc - - 200 - application/grpc 13.8403ms
[40m[32minfo[39m[22m[49m: Microsoft.AspNetCore.Hosting.Diagnostics[1]
      Request starting HTTP/2 POST http://ilpp/UnityILPP.PostProcessing/PostProcessAssembly application/grpc -
[40m[32minfo[39m[22m[49m: Microsoft.AspNetCore.Routing.EndpointMiddleware[0]
      Executing endpoint 'gRPC - /UnityILPP.PostProcessing/PostProcessAssembly'
[40m[32minfo[39m[22m[49m: Microsoft.AspNetCore.Hosting.Diagnostics[1]
      Request starting HTTP/2 POST http://ilpp/UnityILPP.PostProcessing/PostProcessAssembly application/grpc -
[40m[32minfo[39m[22m[49m: Microsoft.AspNetCore.Routing.EndpointMiddleware[0]
      Executing endpoint 'gRPC - /UnityILPP.PostProcessing/PostProcessAssembly'
[40m[32minfo[39m[22m[49m: Microsoft.AspNetCore.Hosting.Diagnostics[1]
      Request starting HTTP/2 POST http://ilpp/UnityILPP.PostProcessing/PostProcessAssembly application/grpc -
[40m[32minfo[39m[22m[49m: Microsoft.AspNetCore.Hosting.Diagnostics[1]
      Request starting HTTP/2 POST http://ilpp/UnityILPP.PostProcessing/PostProcessAssembly application/grpc -
[40m[32minfo[39m[22m[49m: Microsoft.AspNetCore.Routing.EndpointMiddleware[0]
      Executing endpoint 'gRPC - /UnityILPP.PostProcessing/PostProcessAssembly'
[40m[32minfo[39m[22m[49m: Microsoft.AspNetCore.Routing.EndpointMiddleware[0]
      Executing endpoint 'gRPC - /UnityILPP.PostProcessing/PostProcessAssembly'
[40m[32minfo[39m[22m[49m: Microsoft.AspNetCore.Hosting.Diagnostics[1]
      Request starting HTTP/2 POST http://ilpp/UnityILPP.PostProcessing/PostProcessAssembly application/grpc -
[40m[32minfo[39m[22m[49m: Microsoft.AspNetCore.Routing.EndpointMiddleware[0]
      Executing endpoint 'gRPC - /UnityILPP.PostProcessing/PostProcessAssembly'
[40m[32minfo[39m[22m[49m: Microsoft.AspNetCore.Hosting.Diagnostics[1]
      Request starting HTTP/2 POST http://ilpp/UnityILPP.PostProcessing/PostProcessAssembly application/grpc -
[40m[32minfo[39m[22m[49m: Microsoft.AspNetCore.Hosting.Diagnostics[1]
      Request starting HTTP/2 POST http://ilpp/UnityILPP.PostProcessing/PostProcessAssembly application/grpc -
[40m[32minfo[39m[22m[49m: Microsoft.AspNetCore.Routing.EndpointMiddleware[0]
      Executing endpoint 'gRPC - /UnityILPP.PostProcessing/PostProcessAssembly'
[40m[32minfo[39m[22m[49m: Microsoft.AspNetCore.Routing.EndpointMiddleware[0]
      Executing endpoint 'gRPC - /UnityILPP.PostProcessing/PostProcessAssembly'
[40m[32minfo[39m[22m[49m: Microsoft.AspNetCore.Hosting.Diagnostics[1]
      Request starting HTTP/2 POST http://ilpp/UnityILPP.PostProcessing/PostProcessAssembly application/grpc -
[40m[32minfo[39m[22m[49m: Microsoft.AspNetCore.Routing.EndpointMiddleware[0]
      Executing endpoint 'gRPC - /UnityILPP.PostProcessing/PostProcessAssembly'
[40m[32minfo[39m[22m[49m: Unity.ILPP.Runner.PostProcessingPipeline[0]
      Processing assembly Library/Bee/artifacts/2000e0PDevDbg.dag/Unity.RenderPipelines.Universal.Config.Runtime.dll, with 125 defines and 194 references
[40m[32minfo[39m[22m[49m: Unity.ILPP.Runner.PostProcessingPipeline[0]
      processors: HybridCLR.AssemblyShadow.CodeGen.ReflectionBindingsILPostProcessor, zzzUnity.Burst.CodeGen.BurstILPostProcessor
[40m[32minfo[39m[22m[49m: Unity.ILPP.Runner.PostProcessingPipeline[0]
      running HybridCLR.AssemblyShadow.CodeGen.ReflectionBindingsILPostProcessor
[40m[32minfo[39m[22m[49m: Unity.ILPP.Runner.PostProcessingPipeline[0]
      Processing assembly Library/Bee/artifacts/2000e0PDevDbg.dag/Unity.RenderPipelines.Core.ShaderLibrary.dll, with 125 defines and 193 references
[40m[32minfo[39m[22m[49m: Unity.ILPP.Runner.PostProcessingPipeline[0]
      processors: HybridCLR.AssemblyShadow.CodeGen.ReflectionBindingsILPostProcessor, zzzUnity.Burst.CodeGen.BurstILPostProcessor
[40m[32minfo[39m[22m[49m: Unity.ILPP.Runner.PostProcessingPipeline[0]
      running HybridCLR.AssemblyShadow.CodeGen.ReflectionBindingsILPostProcessor
[40m[32minfo[39m[22m[49m: Unity.ILPP.Runner.PostProcessingPipeline[0]
      Processing assembly Library/Bee/artifacts/2000e0PDevDbg.dag/Unity.2D.Animation.Runtime.dll, with 125 defines and 198 references
[40m[32minfo[39m[22m[49m: Unity.ILPP.Runner.PostProcessingPipeline[0]
      processors: HybridCLR.AssemblyShadow.CodeGen.ReflectionBindingsILPostProcessor, zzzUnity.Burst.CodeGen.BurstILPostProcessor
[40m[32minfo[39m[22m[49m: Unity.ILPP.Runner.PostProcessingPipeline[0]
      Processing assembly Library/Bee/artifacts/2000e0PDevDbg.dag/Unity.Mathematics.dll, with 125 defines and 193 references
[40m[32minfo[39m[22m[49m: Unity.ILPP.Runner.PostProcessingPipeline[0]
      processors: HybridCLR.AssemblyShadow.CodeGen.ReflectionBindingsILPostProcessor, zzzUnity.Burst.CodeGen.BurstILPostProcessor
[40m[32minfo[39m[22m[49m: Unity.ILPP.Runner.PostProcessingPipeline[0]
      Processing assembly Library/Bee/artifacts/2000e0PDevDbg.dag/Unity.InternalAPIEngineBridge.001.dll, with 125 defines and 193 references
[40m[32minfo[39m[22m[49m: Unity.ILPP.Runner.PostProcessingPipeline[0]
      processors: HybridCLR.AssemblyShadow.CodeGen.ReflectionBindingsILPostProcessor, zzzUnity.Burst.CodeGen.BurstILPostProcessor
[40m[32minfo[39m[22m[49m: Unity.ILPP.Runner.PostProcessingPipeline[0]
      running HybridCLR.AssemblyShadow.CodeGen.ReflectionBindingsILPostProcessor
[40m[32minfo[39m[22m[49m: Unity.ILPP.Runner.PostProcessingPipeline[0]
      running HybridCLR.AssemblyShadow.CodeGen.ReflectionBindingsILPostProcessor
[40m[32minfo[39m[22m[49m: Unity.ILPP.Runner.PostProcessingPipeline[0]
      Processing assembly Library/Bee/artifacts/2000e0PDevDbg.dag/AssemblyShadowBaseline.HotUpdate.dll, with 125 defines and 125 references
[40m[32minfo[39m[22m[49m: Unity.ILPP.Runner.PostProcessingPipeline[0]
      processors: HybridCLR.AssemblyShadow.CodeGen.ReflectionBindingsILPostProcessor, zzzUnity.Burst.CodeGen.BurstILPostProcessor
[40m[32minfo[39m[22m[49m: Unity.ILPP.Runner.PostProcessingPipeline[0]
      running HybridCLR.AssemblyShadow.CodeGen.ReflectionBindingsILPostProcessor
[40m[32minfo[39m[22m[49m: Unity.ILPP.Runner.PostProcessingPipeline[0]
      running HybridCLR.AssemblyShadow.CodeGen.ReflectionBindingsILPostProcessor
[40m[32minfo[39m[22m[49m: Unity.ILPP.Runner.PostProcessingAssemblyLoadContext[0]
      Resolved dnlib, Version=4.3.0.0, Culture=neutral, PublicKeyToken=50e96378b6e77999 with /Users/ah/GitHub/hybridclr/hybridclr_unity/Plugins/dnlib.dll
[40m[32minfo[39m[22m[49m: Unity.ILPP.Runner.PostProcessingPipeline[0]
      Processing assembly Library/Bee/artifacts/2000e0PDevDbg.dag/Unity.Collections.dll, with 125 defines and 195 references
[40m[32minfo[39m[22m[49m: Unity.ILPP.Runner.PostProcessingPipeline[0]
      processors: HybridCLR.AssemblyShadow.CodeGen.ReflectionBindingsILPostProcessor, zzzUnity.Burst.CodeGen.BurstILPostProcessor
[40m[32minfo[39m[22m[49m: Unity.ILPP.Runner.PostProcessingPipeline[0]
      running HybridCLR.AssemblyShadow.CodeGen.ReflectionBindingsILPostProcessor
[40m[32minfo[39m[22m[49m: Unity.ILPP.Runner.PostProcessingPipeline[0]
      Processing assembly Library/Bee/artifacts/2000e0PDevDbg.dag/Assembly-CSharp.dll, with 125 defines and 217 references
[40m[32minfo[39m[22m[49m: Unity.ILPP.Runner.PostProcessingPipeline[0]
      processors: HybridCLR.AssemblyShadow.CodeGen.ReflectionBindingsILPostProcessor, zzzUnity.Burst.CodeGen.BurstILPostProcessor
[40m[32minfo[39m[22m[49m: Unity.ILPP.Runner.PostProcessingPipeline[0]
      running HybridCLR.AssemblyShadow.CodeGen.ReflectionBindingsILPostProcessor
[40m[32minfo[39m[22m[49m: Unity.ILPP.Runner.PostProcessingPipeline[0]
      running zzzUnity.Burst.CodeGen.BurstILPostProcessor
[40m[32minfo[39m[22m[49m: Unity.ILPP.Runner.PostProcessingPipeline[0]
      running zzzUnity.Burst.CodeGen.BurstILPostProcessor
[40m[32minfo[39m[22m[49m: Unity.ILPP.Runner.PostProcessingPipeline[0]
      running zzzUnity.Burst.CodeGen.BurstILPostProcessor
[40m[32minfo[39m[22m[49m: Unity.ILPP.Runner.PostProcessingPipeline[0]
      running zzzUnity.Burst.CodeGen.BurstILPostProcessor
[40m[32minfo[39m[22m[49m: Unity.ILPP.Runner.PostProcessingPipeline[0]
      running zzzUnity.Burst.CodeGen.BurstILPostProcessor
[40m[32minfo[39m[22m[49m: Unity.ILPP.Runner.PostProcessingPipeline[0]
      running zzzUnity.Burst.CodeGen.BurstILPostProcessor
[40m[32minfo[39m[22m[49m: Unity.ILPP.Runner.PostProcessingPipeline[0]
      running zzzUnity.Burst.CodeGen.BurstILPostProcessor
[40m[32minfo[39m[22m[49m: Unity.ILPP.Runner.PostProcessingPipeline[0]
      running zzzUnity.Burst.CodeGen.BurstILPostProcessor
[40m[32minfo[39m[22m[49m: Microsoft.AspNetCore.Routing.EndpointMiddleware[1]
      Executed endpoint 'gRPC - /UnityILPP.PostProcessing/PostProcessAssembly'
[40m[32minfo[39m[22m[49m: Microsoft.AspNetCore.Routing.EndpointMiddleware[1]
      Executed endpoint 'gRPC - /UnityILPP.PostProcessing/PostProcessAssembly'
[40m[32minfo[39m[22m[49m: Microsoft.AspNetCore.Routing.EndpointMiddleware[1]
      Executed endpoint 'gRPC - /UnityILPP.PostProcessing/PostProcessAssembly'
[40m[32minfo[39m[22m[49m: Microsoft.AspNetCore.Hosting.Diagnostics[2]
      Request finished HTTP/2 POST http://ilpp/UnityILPP.PostProcessing/PostProcessAssembly application/grpc - - 200 - application/grpc 50.1752ms
[40m[32minfo[39m[22m[49m: Microsoft.AspNetCore.Hosting.Diagnostics[2]
      Request finished HTTP/2 POST http://ilpp/UnityILPP.PostProcessing/PostProcessAssembly application/grpc - - 200 - application/grpc 52.1541ms
[40m[32minfo[39m[22m[49m: Microsoft.AspNetCore.Hosting.Diagnostics[2]
      Request finished HTTP/2 POST http://ilpp/UnityILPP.PostProcessing/PostProcessAssembly application/grpc - - 200 - application/grpc 59.0332ms
[40m[32minfo[39m[22m[49m: Microsoft.AspNetCore.Routing.EndpointMiddleware[1]
      Executed endpoint 'gRPC - /UnityILPP.PostProcessing/PostProcessAssembly'
[40m[32minfo[39m[22m[49m: Microsoft.AspNetCore.Hosting.Diagnostics[2]
      Request finished HTTP/2 POST http://ilpp/UnityILPP.PostProcessing/PostProcessAssembly application/grpc - - 200 - application/grpc 64.3345ms
[40m[32minfo[39m[22m[49m: Microsoft.AspNetCore.Routing.EndpointMiddleware[1]
      Executed endpoint 'gRPC - /UnityILPP.PostProcessing/PostProcessAssembly'
[40m[32minfo[39m[22m[49m: Microsoft.AspNetCore.Hosting.Diagnostics[2]
      Request finished HTTP/2 POST http://ilpp/UnityILPP.PostProcessing/PostProcessAssembly application/grpc - - 200 - application/grpc 52.7672ms
[40m[32minfo[39m[22m[49m: Unity.ILPP.Runner.PostProcessingAssemblyLoadContext[0]
      Resolved Unity.Burst.Cecil.Rocks, Version=0.11.4.0, Culture=neutral, PublicKeyToken=50cebf1cceb9d05e with Library/PackageCache/com.unity.burst@1.8.21/Unity.Burst.CodeGen/Unity.Burst.Cecil.Rocks.dll
[40m[32minfo[39m[22m[49m: Microsoft.AspNetCore.Routing.EndpointMiddleware[1]
      Executed endpoint 'gRPC - /UnityILPP.PostProcessing/PostProcessAssembly'
[40m[32minfo[39m[22m[49m: Microsoft.AspNetCore.Hosting.Diagnostics[2]
      Request finished HTTP/2 POST http://ilpp/UnityILPP.PostProcessing/PostProcessAssembly application/grpc - - 200 - application/grpc 186.6864ms
[40m[32minfo[39m[22m[49m: Microsoft.AspNetCore.Hosting.Diagnostics[1]
      Request starting HTTP/2 POST http://ilpp/UnityILPP.PostProcessing/PostProcessAssembly application/grpc -
[40m[32minfo[39m[22m[49m: Microsoft.AspNetCore.Routing.EndpointMiddleware[0]
      Executing endpoint 'gRPC - /UnityILPP.PostProcessing/PostProcessAssembly'
[40m[32minfo[39m[22m[49m: Unity.ILPP.Runner.PostProcessingPipeline[0]
      Processing assembly Library/Bee/artifacts/2000e0PDevDbg.dag/AssemblyShadowDemo.Bootstrap.dll, with 125 defines and 196 references
[40m[32minfo[39m[22m[49m: Unity.ILPP.Runner.PostProcessingPipeline[0]
      processors: HybridCLR.AssemblyShadow.CodeGen.ReflectionBindingsILPostProcessor, zzzUnity.Burst.CodeGen.BurstILPostProcessor
[40m[32minfo[39m[22m[49m: Unity.ILPP.Runner.PostProcessingPipeline[0]
      running HybridCLR.AssemblyShadow.CodeGen.ReflectionBindingsILPostProcessor
[40m[32minfo[39m[22m[49m: Unity.ILPP.Runner.PostProcessingPipeline[0]
      running zzzUnity.Burst.CodeGen.BurstILPostProcessor
[40m[32minfo[39m[22m[49m: Microsoft.AspNetCore.Routing.EndpointMiddleware[1]
      Executed endpoint 'gRPC - /UnityILPP.PostProcessing/PostProcessAssembly'
[40m[32minfo[39m[22m[49m: Microsoft.AspNetCore.Hosting.Diagnostics[2]
      Request finished HTTP/2 POST http://ilpp/UnityILPP.PostProcessing/PostProcessAssembly application/grpc - - 200 - application/grpc 8.8131ms
[40m[32minfo[39m[22m[49m: Microsoft.AspNetCore.Hosting.Diagnostics[1]
      Request starting HTTP/2 POST http://ilpp/UnityILPP.PostProcessing/PostProcessAssembly application/grpc -
[40m[32minfo[39m[22m[49m: Microsoft.AspNetCore.Hosting.Diagnostics[1]
      Request starting HTTP/2 POST http://ilpp/UnityILPP.PostProcessing/PostProcessAssembly application/grpc -
[40m[32minfo[39m[22m[49m: Microsoft.AspNetCore.Routing.EndpointMiddleware[0]
      Executing endpoint 'gRPC - /UnityILPP.PostProcessing/PostProcessAssembly'
[40m[32minfo[39m[22m[49m: Microsoft.AspNetCore.Routing.EndpointMiddleware[0]
      Executing endpoint 'gRPC - /UnityILPP.PostProcessing/PostProcessAssembly'
[40m[32minfo[39m[22m[49m: Unity.ILPP.Runner.PostProcessingPipeline[0]
      Processing assembly Library/Bee/artifacts/2000e0PDevDbg.dag/AssemblyA.Contracts.dll, with 125 defines and 125 references
[40m[32minfo[39m[22m[49m: Unity.ILPP.Runner.PostProcessingPipeline[0]
      Processing assembly Library/Bee/artifacts/2000e0PDevDbg.dag/AssemblyA.Implementation.Extensibility.dll, with 125 defines and 194 references
[40m[32minfo[39m[22m[49m: Unity.ILPP.Runner.PostProcessingPipeline[0]
      processors: HybridCLR.AssemblyShadow.CodeGen.ReflectionBindingsILPostProcessor, zzzUnity.Burst.CodeGen.BurstILPostProcessor
[40m[32minfo[39m[22m[49m: Unity.ILPP.Runner.PostProcessingPipeline[0]
      processors: HybridCLR.AssemblyShadow.CodeGen.ReflectionBindingsILPostProcessor, zzzUnity.Burst.CodeGen.BurstILPostProcessor
[40m[32minfo[39m[22m[49m: Unity.ILPP.Runner.PostProcessingPipeline[0]
      running HybridCLR.AssemblyShadow.CodeGen.ReflectionBindingsILPostProcessor
[40m[32minfo[39m[22m[49m: Unity.ILPP.Runner.PostProcessingPipeline[0]
      running HybridCLR.AssemblyShadow.CodeGen.ReflectionBindingsILPostProcessor
[40m[32minfo[39m[22m[49m: Unity.ILPP.Runner.PostProcessingPipeline[0]
      running zzzUnity.Burst.CodeGen.BurstILPostProcessor
[40m[32minfo[39m[22m[49m: Unity.ILPP.Runner.PostProcessingPipeline[0]
      running zzzUnity.Burst.CodeGen.BurstILPostProcessor
[40m[32minfo[39m[22m[49m: Microsoft.AspNetCore.Hosting.Diagnostics[1]
      Request starting HTTP/2 POST http://ilpp/UnityILPP.PostProcessing/PostProcessAssembly application/grpc -
[40m[32minfo[39m[22m[49m: Microsoft.AspNetCore.Routing.EndpointMiddleware[0]
      Executing endpoint 'gRPC - /UnityILPP.PostProcessing/PostProcessAssembly'
[40m[32minfo[39m[22m[49m: Microsoft.AspNetCore.Routing.EndpointMiddleware[1]
      Executed endpoint 'gRPC - /UnityILPP.PostProcessing/PostProcessAssembly'
[40m[32minfo[39m[22m[49m: Microsoft.AspNetCore.Hosting.Diagnostics[2]
      Request finished HTTP/2 POST http://ilpp/UnityILPP.PostProcessing/PostProcessAssembly application/grpc - - 200 - application/grpc 47.9067ms
[40m[32minfo[39m[22m[49m: Microsoft.AspNetCore.Routing.EndpointMiddleware[1]
      Executed endpoint 'gRPC - /UnityILPP.PostProcessing/PostProcessAssembly'
[40m[32minfo[39m[22m[49m: Microsoft.AspNetCore.Hosting.Diagnostics[2]
      Request finished HTTP/2 POST http://ilpp/UnityILPP.PostProcessing/PostProcessAssembly application/grpc - - 200 - application/grpc 48.1402ms
[40m[32minfo[39m[22m[49m: Unity.ILPP.Runner.PostProcessingPipeline[0]
      Processing assembly Library/Bee/artifacts/2000e0PDevDbg.dag/Unity.VisualScripting.State.dll, with 125 defines and 195 references
[40m[32minfo[39m[22m[49m: Unity.ILPP.Runner.PostProcessingPipeline[0]
      processors: HybridCLR.AssemblyShadow.CodeGen.ReflectionBindingsILPostProcessor, zzzUnity.Burst.CodeGen.BurstILPostProcessor
[40m[32minfo[39m[22m[49m: Unity.ILPP.Runner.PostProcessingPipeline[0]
      running HybridCLR.AssemblyShadow.CodeGen.ReflectionBindingsILPostProcessor
[40m[32minfo[39m[22m[49m: Unity.ILPP.Runner.PostProcessingPipeline[0]
      running zzzUnity.Burst.CodeGen.BurstILPostProcessor
[40m[32minfo[39m[22m[49m: Microsoft.AspNetCore.Routing.EndpointMiddleware[1]
      Executed endpoint 'gRPC - /UnityILPP.PostProcessing/PostProcessAssembly'
[40m[32minfo[39m[22m[49m: Microsoft.AspNetCore.Hosting.Diagnostics[2]
      Request finished HTTP/2 POST http://ilpp/UnityILPP.PostProcessing/PostProcessAssembly application/grpc - - 200 - application/grpc 11.2290ms
[40m[32minfo[39m[22m[49m: Microsoft.AspNetCore.Hosting.Diagnostics[1]
      Request starting HTTP/2 POST http://ilpp/UnityILPP.PostProcessing/PostProcessAssembly application/grpc -
[40m[32minfo[39m[22m[49m: Microsoft.AspNetCore.Routing.EndpointMiddleware[0]
      Executing endpoint 'gRPC - /UnityILPP.PostProcessing/PostProcessAssembly'
[40m[32minfo[39m[22m[49m: Unity.ILPP.Runner.PostProcessingPipeline[0]
      Processing assembly Library/Bee/artifacts/2000e0PDevDbg.dag/AssemblyShadowDemo.ExtensibilityConsumer.dll, with 125 defines and 195 references
[40m[32minfo[39m[22m[49m: Unity.ILPP.Runner.PostProcessingPipeline[0]
      processors: HybridCLR.AssemblyShadow.CodeGen.ReflectionBindingsILPostProcessor, zzzUnity.Burst.CodeGen.BurstILPostProcessor
[40m[32minfo[39m[22m[49m: Unity.ILPP.Runner.PostProcessingPipeline[0]
      running HybridCLR.AssemblyShadow.CodeGen.ReflectionBindingsILPostProcessor
[40m[32minfo[39m[22m[49m: Unity.ILPP.Runner.PostProcessingPipeline[0]
      running zzzUnity.Burst.CodeGen.BurstILPostProcessor
[40m[32minfo[39m[22m[49m: Microsoft.AspNetCore.Routing.EndpointMiddleware[1]
      Executed endpoint 'gRPC - /UnityILPP.PostProcessing/PostProcessAssembly'
[40m[32minfo[39m[22m[49m: Microsoft.AspNetCore.Hosting.Diagnostics[2]
      Request finished HTTP/2 POST http://ilpp/UnityILPP.PostProcessing/PostProcessAssembly application/grpc - - 200 - application/grpc 7.3415ms
[40m[32minfo[39m[22m[49m: Microsoft.AspNetCore.Routing.EndpointMiddleware[1]
      Executed endpoint 'gRPC - /UnityILPP.PostProcessing/PostProcessAssembly'
[40m[32minfo[39m[22m[49m: Microsoft.AspNetCore.Hosting.Diagnostics[2]
      Request finished HTTP/2 POST http://ilpp/UnityILPP.PostProcessing/PostProcessAssembly application/grpc - - 200 - application/grpc 461.9268ms
[40m[32minfo[39m[22m[49m: Microsoft.AspNetCore.Routing.EndpointMiddleware[1]
      Executed endpoint 'gRPC - /UnityILPP.PostProcessing/PostProcessAssembly'
[40m[32minfo[39m[22m[49m: Microsoft.AspNetCore.Hosting.Diagnostics[2]
      Request finished HTTP/2 POST http://ilpp/UnityILPP.PostProcessing/PostProcessAssembly application/grpc - - 200 - application/grpc 464.1629ms
[40m[32minfo[39m[22m[49m: Microsoft.AspNetCore.Hosting.Diagnostics[1]
      Request starting HTTP/2 POST http://ilpp/UnityILPP.PostProcessing/PostProcessAssembly application/grpc -
[40m[32minfo[39m[22m[49m: Microsoft.AspNetCore.Routing.EndpointMiddleware[0]
      Executing endpoint 'gRPC - /UnityILPP.PostProcessing/PostProcessAssembly'
[40m[32minfo[39m[22m[49m: Unity.ILPP.Runner.PostProcessingPipeline[0]
      Processing assembly Library/Bee/artifacts/2000e0PDevDbg.dag/AssemblyA.Implementation.Internal.dll, with 125 defines and 195 references
[40m[32minfo[39m[22m[49m: Unity.ILPP.Runner.PostProcessingPipeline[0]
      processors: HybridCLR.AssemblyShadow.CodeGen.ReflectionBindingsILPostProcessor, zzzUnity.Burst.CodeGen.BurstILPostProcessor
[40m[32minfo[39m[22m[49m: Unity.ILPP.Runner.PostProcessingPipeline[0]
      running HybridCLR.AssemblyShadow.CodeGen.ReflectionBindingsILPostProcessor
[40m[32minfo[39m[22m[49m: Unity.ILPP.Runner.PostProcessingPipeline[0]
      running zzzUnity.Burst.CodeGen.BurstILPostProcessor
[40m[32minfo[39m[22m[49m: Microsoft.AspNetCore.Routing.EndpointMiddleware[1]
      Executed endpoint 'gRPC - /UnityILPP.PostProcessing/PostProcessAssembly'
[40m[32minfo[39m[22m[49m: Microsoft.AspNetCore.Hosting.Diagnostics[2]
      Request finished HTTP/2 POST http://ilpp/UnityILPP.PostProcessing/PostProcessAssembly application/grpc - - 200 - application/grpc 10.3782ms
[40m[32minfo[39m[22m[49m: Microsoft.AspNetCore.Hosting.Diagnostics[1]
      Request starting HTTP/2 POST http://ilpp/UnityILPP.PostProcessing/PostProcessAssembly application/grpc -
[40m[32minfo[39m[22m[49m: Microsoft.AspNetCore.Routing.EndpointMiddleware[0]
      Executing endpoint 'gRPC - /UnityILPP.PostProcessing/PostProcessAssembly'
[40m[32minfo[39m[22m[49m: Microsoft.AspNetCore.Hosting.Diagnostics[1]
      Request starting HTTP/2 POST http://ilpp/UnityILPP.PostProcessing/PostProcessAssembly application/grpc -
[40m[32minfo[39m[22m[49m: Microsoft.AspNetCore.Routing.EndpointMiddleware[0]
      Executing endpoint 'gRPC - /UnityILPP.PostProcessing/PostProcessAssembly'
[40m[32minfo[39m[22m[49m: Unity.ILPP.Runner.PostProcessingPipeline[0]
      Processing assembly Library/Bee/artifacts/2000e0PDevDbg.dag/Unity.TextMeshPro.dll, with 126 defines and 193 references
[40m[32minfo[39m[22m[49m: Unity.ILPP.Runner.PostProcessingPipeline[0]
      processors: HybridCLR.AssemblyShadow.CodeGen.ReflectionBindingsILPostProcessor, zzzUnity.Burst.CodeGen.BurstILPostProcessor
[40m[32minfo[39m[22m[49m: Unity.ILPP.Runner.PostProcessingPipeline[0]
      running HybridCLR.AssemblyShadow.CodeGen.ReflectionBindingsILPostProcessor
[40m[32minfo[39m[22m[49m: Unity.ILPP.Runner.PostProcessingPipeline[0]
      running zzzUnity.Burst.CodeGen.BurstILPostProcessor
[40m[32minfo[39m[22m[49m: Unity.ILPP.Runner.PostProcessingPipeline[0]
      Processing assembly Library/Bee/artifacts/2000e0PDevDbg.dag/AssemblyShadowDemo.ContractsConsumer.dll, with 125 defines and 126 references
[40m[32minfo[39m[22m[49m: Unity.ILPP.Runner.PostProcessingPipeline[0]
      processors: HybridCLR.AssemblyShadow.CodeGen.ReflectionBindingsILPostProcessor, zzzUnity.Burst.CodeGen.BurstILPostProcessor
[40m[32minfo[39m[22m[49m: Unity.ILPP.Runner.PostProcessingPipeline[0]
      running HybridCLR.AssemblyShadow.CodeGen.ReflectionBindingsILPostProcessor
[40m[32minfo[39m[22m[49m: Unity.ILPP.Runner.PostProcessingPipeline[0]
      running zzzUnity.Burst.CodeGen.BurstILPostProcessor
[40m[32minfo[39m[22m[49m: Microsoft.AspNetCore.Routing.EndpointMiddleware[1]
      Executed endpoint 'gRPC - /UnityILPP.PostProcessing/PostProcessAssembly'
[40m[32minfo[39m[22m[49m: Microsoft.AspNetCore.Hosting.Diagnostics[2]
      Request finished HTTP/2 POST http://ilpp/UnityILPP.PostProcessing/PostProcessAssembly application/grpc - - 200 - application/grpc 8.9450ms
[40m[32minfo[39m[22m[49m: Microsoft.AspNetCore.Routing.EndpointMiddleware[1]
      Executed endpoint 'gRPC - /UnityILPP.PostProcessing/PostProcessAssembly'
[40m[32minfo[39m[22m[49m: Microsoft.AspNetCore.Hosting.Diagnostics[2]
      Request finished HTTP/2 POST http://ilpp/UnityILPP.PostProcessing/PostProcessAssembly application/grpc - - 200 - application/grpc 14.6337ms
[40m[32minfo[39m[22m[49m: Microsoft.AspNetCore.Hosting.Diagnostics[1]
      Request starting HTTP/2 POST http://ilpp/UnityILPP.PostProcessing/PostProcessAssembly application/grpc -
[40m[32minfo[39m[22m[49m: Microsoft.AspNetCore.Routing.EndpointMiddleware[0]
      Executing endpoint 'gRPC - /UnityILPP.PostProcessing/PostProcessAssembly'
[40m[32minfo[39m[22m[49m: Unity.ILPP.Runner.PostProcessingPipeline[0]
      Processing assembly Library/Bee/artifacts/2000e0PDevDbg.dag/HybridCLR.Runtime.dll, with 125 defines and 193 references
[40m[32minfo[39m[22m[49m: Unity.ILPP.Runner.PostProcessingPipeline[0]
      processors: HybridCLR.AssemblyShadow.CodeGen.ReflectionBindingsILPostProcessor, zzzUnity.Burst.CodeGen.BurstILPostProcessor
[40m[32minfo[39m[22m[49m: Unity.ILPP.Runner.PostProcessingPipeline[0]
      running HybridCLR.AssemblyShadow.CodeGen.ReflectionBindingsILPostProcessor
[40m[32minfo[39m[22m[49m: Unity.ILPP.Runner.PostProcessingPipeline[0]
      running zzzUnity.Burst.CodeGen.BurstILPostProcessor
[40m[32minfo[39m[22m[49m: Microsoft.AspNetCore.Routing.EndpointMiddleware[1]
      Executed endpoint 'gRPC - /UnityILPP.PostProcessing/PostProcessAssembly'
[40m[32minfo[39m[22m[49m: Microsoft.AspNetCore.Hosting.Diagnostics[2]
      Request finished HTTP/2 POST http://ilpp/UnityILPP.PostProcessing/PostProcessAssembly application/grpc - - 200 - application/grpc 21.6663ms
[40m[32minfo[39m[22m[49m: Microsoft.AspNetCore.Hosting.Diagnostics[1]
      Request starting HTTP/2 POST http://ilpp/UnityILPP.PostProcessing/PostProcessAssembly application/grpc -
[40m[32minfo[39m[22m[49m: Microsoft.AspNetCore.Routing.EndpointMiddleware[0]
      Executing endpoint 'gRPC - /UnityILPP.PostProcessing/PostProcessAssembly'
[40m[32minfo[39m[22m[49m: Unity.ILPP.Runner.PostProcessingPipeline[0]
      Processing assembly Library/Bee/artifacts/2000e0PDevDbg.dag/Unity.RenderPipelines.ShaderGraph.ShaderGraphLibrary.dll, with 125 defines and 193 references
[40m[32minfo[39m[22m[49m: Unity.ILPP.Runner.PostProcessingPipeline[0]
      processors: HybridCLR.AssemblyShadow.CodeGen.ReflectionBindingsILPostProcessor, zzzUnity.Burst.CodeGen.BurstILPostProcessor
[40m[32minfo[39m[22m[49m: Unity.ILPP.Runner.PostProcessingPipeline[0]
      running HybridCLR.AssemblyShadow.CodeGen.ReflectionBindingsILPostProcessor
[40m[32minfo[39m[22m[49m: Unity.ILPP.Runner.PostProcessingPipeline[0]
      running zzzUnity.Burst.CodeGen.BurstILPostProcessor
[40m[32minfo[39m[22m[49m: Microsoft.AspNetCore.Routing.EndpointMiddleware[1]
      Executed endpoint 'gRPC - /UnityILPP.PostProcessing/PostProcessAssembly'
[40m[32minfo[39m[22m[49m: Microsoft.AspNetCore.Hosting.Diagnostics[2]
      Request finished HTTP/2 POST http://ilpp/UnityILPP.PostProcessing/PostProcessAssembly application/grpc - - 200 - application/grpc 7.4182ms
[40m[32minfo[39m[22m[49m: Microsoft.AspNetCore.Hosting.Diagnostics[1]
      Request starting HTTP/2 POST http://ilpp/UnityILPP.PostProcessing/PostProcessAssembly application/grpc -
[40m[32minfo[39m[22m[49m: Microsoft.AspNetCore.Routing.EndpointMiddleware[0]
      Executing endpoint 'gRPC - /UnityILPP.PostProcessing/PostProcessAssembly'
[40m[32minfo[39m[22m[49m: Microsoft.AspNetCore.Hosting.Diagnostics[1]
      Request starting HTTP/2 POST http://ilpp/UnityILPP.PostProcessing/PostProcessAssembly application/grpc -
[40m[32minfo[39m[22m[49m: Microsoft.AspNetCore.Routing.EndpointMiddleware[0]
      Executing endpoint 'gRPC - /UnityILPP.PostProcessing/PostProcessAssembly'
[40m[32minfo[39m[22m[49m: Unity.ILPP.Runner.PostProcessingPipeline[0]
      Processing assembly Library/Bee/artifacts/2000e0PDevDbg.dag/MCPForUnity.Runtime.dll, with 125 defines and 191 references
[40m[32minfo[39m[22m[49m: Unity.ILPP.Runner.PostProcessingPipeline[0]
      processors: HybridCLR.AssemblyShadow.CodeGen.ReflectionBindingsILPostProcessor, zzzUnity.Burst.CodeGen.BurstILPostProcessor
[40m[32minfo[39m[22m[49m: Unity.ILPP.Runner.PostProcessingPipeline[0]
      running HybridCLR.AssemblyShadow.CodeGen.ReflectionBindingsILPostProcessor
[40m[32minfo[39m[22m[49m: Unity.ILPP.Runner.PostProcessingPipeline[0]
      running zzzUnity.Burst.CodeGen.BurstILPostProcessor
[40m[32minfo[39m[22m[49m: Microsoft.AspNetCore.Hosting.Diagnostics[1]
      Request starting HTTP/2 POST http://ilpp/UnityILPP.PostProcessing/PostProcessAssembly application/grpc -
[40m[32minfo[39m[22m[49m: Microsoft.AspNetCore.Routing.EndpointMiddleware[0]
      Executing endpoint 'gRPC - /UnityILPP.PostProcessing/PostProcessAssembly'
[40m[32minfo[39m[22m[49m: Microsoft.AspNetCore.Routing.EndpointMiddleware[1]
      Executed endpoint 'gRPC - /UnityILPP.PostProcessing/PostProcessAssembly'
[40m[32minfo[39m[22m[49m: Unity.ILPP.Runner.PostProcessingPipeline[0]
      Processing assembly Library/Bee/artifacts/2000e0PDevDbg.dag/Unity.RenderPipelines.Core.Runtime.dll, with 127 defines and 193 references
[40m[32minfo[39m[22m[49m: Unity.ILPP.Runner.PostProcessingPipeline[0]
      processors: HybridCLR.AssemblyShadow.CodeGen.ReflectionBindingsILPostProcessor, zzzUnity.Burst.CodeGen.BurstILPostProcessor
[40m[32minfo[39m[22m[49m: Microsoft.AspNetCore.Hosting.Diagnostics[2]
      Request finished HTTP/2 POST http://ilpp/UnityILPP.PostProcessing/PostProcessAssembly application/grpc - - 200 - application/grpc 11.0420ms
[40m[32minfo[39m[22m[49m: Unity.ILPP.Runner.PostProcessingPipeline[0]
      running HybridCLR.AssemblyShadow.CodeGen.ReflectionBindingsILPostProcessor
[40m[32minfo[39m[22m[49m: Microsoft.AspNetCore.Hosting.Diagnostics[1]
      Request starting HTTP/2 POST http://ilpp/UnityILPP.PostProcessing/PostProcessAssembly application/grpc -
[40m[32minfo[39m[22m[49m: Microsoft.AspNetCore.Routing.EndpointMiddleware[0]
      Executing endpoint 'gRPC - /UnityILPP.PostProcessing/PostProcessAssembly'
[40m[32minfo[39m[22m[49m: Unity.ILPP.Runner.PostProcessingPipeline[0]
      Processing assembly Library/Bee/artifacts/2000e0PDevDbg.dag/Unity.2D.IK.Runtime.dll, with 125 defines and 194 references
[40m[32minfo[39m[22m[49m: Unity.ILPP.Runner.PostProcessingPipeline[0]
      processors: HybridCLR.AssemblyShadow.CodeGen.ReflectionBindingsILPostProcessor, zzzUnity.Burst.CodeGen.BurstILPostProcessor
[40m[32minfo[39m[22m[49m: Unity.ILPP.Runner.PostProcessingPipeline[0]
      running HybridCLR.AssemblyShadow.CodeGen.ReflectionBindingsILPostProcessor
[40m[32minfo[39m[22m[49m: Unity.ILPP.Runner.PostProcessingPipeline[0]
      running zzzUnity.Burst.CodeGen.BurstILPostProcessor
[40m[32minfo[39m[22m[49m: Microsoft.AspNetCore.Routing.EndpointMiddleware[1]
      Executed endpoint 'gRPC - /UnityILPP.PostProcessing/PostProcessAssembly'
[40m[32minfo[39m[22m[49m: Microsoft.AspNetCore.Hosting.Diagnostics[2]
      Request finished HTTP/2 POST http://ilpp/UnityILPP.PostProcessing/PostProcessAssembly application/grpc - - 200 - application/grpc 12.7310ms
[40m[32minfo[39m[22m[49m: Unity.ILPP.Runner.PostProcessingPipeline[0]
      Processing assembly Library/Bee/artifacts/2000e0PDevDbg.dag/Unity.VisualScripting.Flow.dll, with 130 defines and 194 references
[40m[32minfo[39m[22m[49m: Unity.ILPP.Runner.PostProcessingPipeline[0]
      processors: HybridCLR.AssemblyShadow.CodeGen.ReflectionBindingsILPostProcessor, zzzUnity.Burst.CodeGen.BurstILPostProcessor
[40m[32minfo[39m[22m[49m: Microsoft.AspNetCore.Hosting.Diagnostics[1]
      Request starting HTTP/2 POST http://ilpp/UnityILPP.PostProcessing/PostProcessAssembly application/grpc -
[40m[32minfo[39m[22m[49m: Microsoft.AspNetCore.Routing.EndpointMiddleware[0]
      Executing endpoint 'gRPC - /UnityILPP.PostProcessing/PostProcessAssembly'
[40m[32minfo[39m[22m[49m: Unity.ILPP.Runner.PostProcessingPipeline[0]
      running HybridCLR.AssemblyShadow.CodeGen.ReflectionBindingsILPostProcessor
[40m[32minfo[39m[22m[49m: Unity.ILPP.Runner.PostProcessingPipeline[0]
      running zzzUnity.Burst.CodeGen.BurstILPostProcessor
[40m[32minfo[39m[22m[49m: Unity.ILPP.Runner.PostProcessingPipeline[0]
      Processing assembly Library/Bee/artifacts/2000e0PDevDbg.dag/Unity.Burst.dll, with 125 defines and 191 references
[40m[32minfo[39m[22m[49m: Unity.ILPP.Runner.PostProcessingPipeline[0]
      processors: HybridCLR.AssemblyShadow.CodeGen.ReflectionBindingsILPostProcessor, zzzUnity.Burst.CodeGen.BurstILPostProcessor
[40m[32minfo[39m[22m[49m: Microsoft.AspNetCore.Routing.EndpointMiddleware[1]
      Executed endpoint 'gRPC - /UnityILPP.PostProcessing/PostProcessAssembly'
[40m[32minfo[39m[22m[49m: Microsoft.AspNetCore.Hosting.Diagnostics[2]
      Request finished HTTP/2 POST http://ilpp/UnityILPP.PostProcessing/PostProcessAssembly application/grpc - - 200 - application/grpc 10.1152ms
[40m[32minfo[39m[22m[49m: Unity.ILPP.Runner.PostProcessingPipeline[0]
      running HybridCLR.AssemblyShadow.CodeGen.ReflectionBindingsILPostProcessor
[40m[32minfo[39m[22m[49m: Unity.ILPP.Runner.PostProcessingPipeline[0]
      running zzzUnity.Burst.CodeGen.BurstILPostProcessor
[40m[32minfo[39m[22m[49m: Microsoft.AspNetCore.Routing.EndpointMiddleware[1]
      Executed endpoint 'gRPC - /UnityILPP.PostProcessing/PostProcessAssembly'
[40m[32minfo[39m[22m[49m: Microsoft.AspNetCore.Hosting.Diagnostics[2]
      Request finished HTTP/2 POST http://ilpp/UnityILPP.PostProcessing/PostProcessAssembly application/grpc - - 200 - application/grpc 5.4438ms
[40m[32minfo[39m[22m[49m: Microsoft.AspNetCore.Hosting.Diagnostics[1]
      Request starting HTTP/2 POST http://ilpp/UnityILPP.PostProcessing/PostProcessAssembly application/grpc -
[40m[32minfo[39m[22m[49m: Microsoft.AspNetCore.Routing.EndpointMiddleware[0]
      Executing endpoint 'gRPC - /UnityILPP.PostProcessing/PostProcessAssembly'
[40m[32minfo[39m[22m[49m: Unity.ILPP.Runner.PostProcessingPipeline[0]
      Processing assembly Library/Bee/artifacts/2000e0PDevDbg.dag/Unity.2D.Common.Runtime.dll, with 125 defines and 194 references
[40m[32minfo[39m[22m[49m: Unity.ILPP.Runner.PostProcessingPipeline[0]
      processors: HybridCLR.AssemblyShadow.CodeGen.ReflectionBindingsILPostProcessor, zzzUnity.Burst.CodeGen.BurstILPostProcessor
[40m[32minfo[39m[22m[49m: Unity.ILPP.Runner.PostProcessingPipeline[0]
      running HybridCLR.AssemblyShadow.CodeGen.ReflectionBindingsILPostProcessor
[40m[32minfo[39m[22m[49m: Microsoft.AspNetCore.Hosting.Diagnostics[1]
      Request starting HTTP/2 POST http://ilpp/UnityILPP.PostProcessing/PostProcessAssembly application/grpc -
[40m[32minfo[39m[22m[49m: Microsoft.AspNetCore.Routing.EndpointMiddleware[0]
      Executing endpoint 'gRPC - /UnityILPP.PostProcessing/PostProcessAssembly'
[40m[32minfo[39m[22m[49m: Unity.ILPP.Runner.PostProcessingPipeline[0]
      running zzzUnity.Burst.CodeGen.BurstILPostProcessor
[40m[32minfo[39m[22m[49m: Microsoft.AspNetCore.Hosting.Diagnostics[1]
      Request starting HTTP/2 POST http://ilpp/UnityILPP.PostProcessing/PostProcessAssembly application/grpc -
[40m[32minfo[39m[22m[49m: Microsoft.AspNetCore.Routing.EndpointMiddleware[0]
      Executing endpoint 'gRPC - /UnityILPP.PostProcessing/PostProcessAssembly'
[40m[32minfo[39m[22m[49m: Unity.ILPP.Runner.PostProcessingPipeline[0]
      Processing assembly Library/Bee/artifacts/2000e0PDevDbg.dag/Unity.RenderPipeline.Universal.ShaderLibrary.dll, with 125 defines and 194 references
[40m[32minfo[39m[22m[49m: Unity.ILPP.Runner.PostProcessingPipeline[0]
      processors: HybridCLR.AssemblyShadow.CodeGen.ReflectionBindingsILPostProcessor, zzzUnity.Burst.CodeGen.BurstILPostProcessor
[40m[32minfo[39m[22m[49m: Microsoft.AspNetCore.Routing.EndpointMiddleware[1]
      Executed endpoint 'gRPC - /UnityILPP.PostProcessing/PostProcessAssembly'
[40m[32minfo[39m[22m[49m: Microsoft.AspNetCore.Hosting.Diagnostics[2]
      Request finished HTTP/2 POST http://ilpp/UnityILPP.PostProcessing/PostProcessAssembly application/grpc - - 200 - application/grpc 30.9595ms
[40m[32minfo[39m[22m[49m: Unity.ILPP.Runner.PostProcessingPipeline[0]
      running HybridCLR.AssemblyShadow.CodeGen.ReflectionBindingsILPostProcessor
[40m[32minfo[39m[22m[49m: Unity.ILPP.Runner.PostProcessingPipeline[0]
      running zzzUnity.Burst.CodeGen.BurstILPostProcessor
[40m[32minfo[39m[22m[49m: Microsoft.AspNetCore.Routing.EndpointMiddleware[1]
      Executed endpoint 'gRPC - /UnityILPP.PostProcessing/PostProcessAssembly'
[40m[32minfo[39m[22m[49m: Microsoft.AspNetCore.Hosting.Diagnostics[2]
      Request finished HTTP/2 POST http://ilpp/UnityILPP.PostProcessing/PostProcessAssembly application/grpc - - 200 - application/grpc 17.2055ms
[40m[32minfo[39m[22m[49m: Unity.ILPP.Runner.PostProcessingPipeline[0]
      Processing assembly Library/Bee/artifacts/2000e0PDevDbg.dag/Unity.2D.Tilemap.Extras.dll, with 125 defines and 193 references
[40m[32minfo[39m[22m[49m: Unity.ILPP.Runner.PostProcessingPipeline[0]
      processors: HybridCLR.AssemblyShadow.CodeGen.ReflectionBindingsILPostProcessor, zzzUnity.Burst.CodeGen.BurstILPostProcessor
[40m[32minfo[39m[22m[49m: Unity.ILPP.Runner.PostProcessingPipeline[0]
      running HybridCLR.AssemblyShadow.CodeGen.ReflectionBindingsILPostProcessor
[40m[32minfo[39m[22m[49m: Unity.ILPP.Runner.PostProcessingPipeline[0]
      running zzzUnity.Burst.CodeGen.BurstILPostProcessor
[40m[32minfo[39m[22m[49m: Microsoft.AspNetCore.Routing.EndpointMiddleware[1]
      Executed endpoint 'gRPC - /UnityILPP.PostProcessing/PostProcessAssembly'
[40m[32minfo[39m[22m[49m: Microsoft.AspNetCore.Hosting.Diagnostics[2]
      Request finished HTTP/2 POST http://ilpp/UnityILPP.PostProcessing/PostProcessAssembly application/grpc - - 200 - application/grpc 12.9656ms
[40m[32minfo[39m[22m[49m: Microsoft.AspNetCore.Hosting.Diagnostics[1]
      Request starting HTTP/2 POST http://ilpp/UnityILPP.PostProcessing/PostProcessAssembly application/grpc -
[40m[32minfo[39m[22m[49m: Microsoft.AspNetCore.Routing.EndpointMiddleware[0]
      Executing endpoint 'gRPC - /UnityILPP.PostProcessing/PostProcessAssembly'
[40m[32minfo[39m[22m[49m: Unity.ILPP.Runner.PostProcessingPipeline[0]
      Processing assembly Library/Bee/artifacts/2000e0PDevDbg.dag/Unity.RenderPipelines.Universal.2D.Internal.dll, with 125 defines and 193 references
[40m[32minfo[39m[22m[49m: Unity.ILPP.Runner.PostProcessingPipeline[0]
      processors: HybridCLR.AssemblyShadow.CodeGen.ReflectionBindingsILPostProcessor, zzzUnity.Burst.CodeGen.BurstILPostProcessor
[40m[32minfo[39m[22m[49m: Unity.ILPP.Runner.PostProcessingPipeline[0]
      running HybridCLR.AssemblyShadow.CodeGen.ReflectionBindingsILPostProcessor
[40m[32minfo[39m[22m[49m: Unity.ILPP.Runner.PostProcessingPipeline[0]
      running zzzUnity.Burst.CodeGen.BurstILPostProcessor
[40m[32minfo[39m[22m[49m: Microsoft.AspNetCore.Routing.EndpointMiddleware[1]
      Executed endpoint 'gRPC - /UnityILPP.PostProcessing/PostProcessAssembly'
[40m[32minfo[39m[22m[49m: Microsoft.AspNetCore.Hosting.Diagnostics[2]
      Request finished HTTP/2 POST http://ilpp/UnityILPP.PostProcessing/PostProcessAssembly application/grpc - - 200 - application/grpc 4.1294ms
[40m[32minfo[39m[22m[49m: Microsoft.AspNetCore.Hosting.Diagnostics[1]
      Request starting HTTP/2 POST http://ilpp/UnityILPP.PostProcessing/PostProcessAssembly application/grpc -
[40m[32minfo[39m[22m[49m: Microsoft.AspNetCore.Routing.EndpointMiddleware[0]
      Executing endpoint 'gRPC - /UnityILPP.PostProcessing/PostProcessAssembly'
[40m[32minfo[39m[22m[49m: Unity.ILPP.Runner.PostProcessingPipeline[0]
      Processing assembly Library/Bee/artifacts/2000e0PDevDbg.dag/UnityEngine.UI.dll, with 130 defines and 192 references
[40m[32minfo[39m[22m[49m: Unity.ILPP.Runner.PostProcessingPipeline[0]
      processors: HybridCLR.AssemblyShadow.CodeGen.ReflectionBindingsILPostProcessor, zzzUnity.Burst.CodeGen.BurstILPostProcessor
[40m[32minfo[39m[22m[49m: Unity.ILPP.Runner.PostProcessingPipeline[0]
      running HybridCLR.AssemblyShadow.CodeGen.ReflectionBindingsILPostProcessor
[40m[32minfo[39m[22m[49m: Unity.ILPP.Runner.PostProcessingPipeline[0]
      running zzzUnity.Burst.CodeGen.BurstILPostProcessor
[40m[32minfo[39m[22m[49m: Microsoft.AspNetCore.Routing.EndpointMiddleware[1]
      Executed endpoint 'gRPC - /UnityILPP.PostProcessing/PostProcessAssembly'
[40m[32minfo[39m[22m[49m: Microsoft.AspNetCore.Hosting.Diagnostics[2]
      Request finished HTTP/2 POST http://ilpp/UnityILPP.PostProcessing/PostProcessAssembly application/grpc - - 200 - application/grpc 8.2866ms
[40m[32minfo[39m[22m[49m: Microsoft.AspNetCore.Hosting.Diagnostics[1]
      Request starting HTTP/2 POST http://ilpp/UnityILPP.PostProcessing/PostProcessAssembly application/grpc -
[40m[32minfo[39m[22m[49m: Microsoft.AspNetCore.Hosting.Diagnostics[1]
      Request starting HTTP/2 POST http://ilpp/UnityILPP.PostProcessing/PostProcessAssembly application/grpc -
[40m[32minfo[39m[22m[49m: Microsoft.AspNetCore.Hosting.Diagnostics[1]
      Request starting HTTP/2 POST http://ilpp/UnityILPP.PostProcessing/PostProcessAssembly application/grpc -
[40m[32minfo[39m[22m[49m: Microsoft.AspNetCore.Routing.EndpointMiddleware[0]
      Executing endpoint 'gRPC - /UnityILPP.PostProcessing/PostProcessAssembly'
[40m[32minfo[39m[22m[49m: Microsoft.AspNetCore.Routing.EndpointMiddleware[0]
      Executing endpoint 'gRPC - /UnityILPP.PostProcessing/PostProcessAssembly'
[40m[32minfo[39m[22m[49m: Microsoft.AspNetCore.Routing.EndpointMiddleware[0]
      Executing endpoint 'gRPC - /UnityILPP.PostProcessing/PostProcessAssembly'
[40m[32minfo[39m[22m[49m: Unity.ILPP.Runner.PostProcessingPipeline[0]
      Processing assembly Library/Bee/artifacts/2000e0PDevDbg.dag/Unity.2D.PixelPerfect.dll, with 126 defines and 193 references
[40m[32minfo[39m[22m[49m: Unity.ILPP.Runner.PostProcessingPipeline[0]
      processors: HybridCLR.AssemblyShadow.CodeGen.ReflectionBindingsILPostProcessor, zzzUnity.Burst.CodeGen.BurstILPostProcessor
[40m[32minfo[39m[22m[49m: Unity.ILPP.Runner.PostProcessingPipeline[0]
      running HybridCLR.AssemblyShadow.CodeGen.ReflectionBindingsILPostProcessor
[40m[32minfo[39m[22m[49m: Unity.ILPP.Runner.PostProcessingPipeline[0]
      Processing assembly Library/Bee/artifacts/2000e0PDevDbg.dag/Unity.RenderPipelines.Universal.Runtime.dll, with 130 defines and 199 references
[40m[32minfo[39m[22m[49m: Unity.ILPP.Runner.PostProcessingPipeline[0]
      processors: HybridCLR.AssemblyShadow.CodeGen.ReflectionBindingsILPostProcessor, zzzUnity.Burst.CodeGen.BurstILPostProcessor
[40m[32minfo[39m[22m[49m: Unity.ILPP.Runner.PostProcessingPipeline[0]
      Processing assembly Library/Bee/artifacts/2000e0PDevDbg.dag/Unity.Timeline.dll, with 126 defines and 193 references
[40m[32minfo[39m[22m[49m: Unity.ILPP.Runner.PostProcessingPipeline[0]
      processors: HybridCLR.AssemblyShadow.CodeGen.ReflectionBindingsILPostProcessor, zzzUnity.Burst.CodeGen.BurstILPostProcessor
[40m[32minfo[39m[22m[49m: Microsoft.AspNetCore.Hosting.Diagnostics[1]
      Request starting HTTP/2 POST http://ilpp/UnityILPP.PostProcessing/PostProcessAssembly application/grpc -
[40m[32minfo[39m[22m[49m: Microsoft.AspNetCore.Routing.EndpointMiddleware[0]
      Executing endpoint 'gRPC - /UnityILPP.PostProcessing/PostProcessAssembly'
[40m[32minfo[39m[22m[49m: Unity.ILPP.Runner.PostProcessingPipeline[0]
      running HybridCLR.AssemblyShadow.CodeGen.ReflectionBindingsILPostProcessor
[40m[32minfo[39m[22m[49m: Unity.ILPP.Runner.PostProcessingPipeline[0]
      running zzzUnity.Burst.CodeGen.BurstILPostProcessor
[40m[32minfo[39m[22m[49m: Unity.ILPP.Runner.PostProcessingPipeline[0]
      running HybridCLR.AssemblyShadow.CodeGen.ReflectionBindingsILPostProcessor
[40m[32minfo[39m[22m[49m: Unity.ILPP.Runner.PostProcessingPipeline[0]
      running zzzUnity.Burst.CodeGen.BurstILPostProcessor
[40m[32minfo[39m[22m[49m: Unity.ILPP.Runner.PostProcessingPipeline[0]
      Processing assembly Library/Bee/artifacts/2000e0PDevDbg.dag/Unity.RenderPipelines.Universal.Shaders.dll, with 125 defines and 193 references
[40m[32minfo[39m[22m[49m: Unity.ILPP.Runner.PostProcessingPipeline[0]
      processors: HybridCLR.AssemblyShadow.CodeGen.ReflectionBindingsILPostProcessor, zzzUnity.Burst.CodeGen.BurstILPostProcessor
[40m[32minfo[39m[22m[49m: Microsoft.AspNetCore.Routing.EndpointMiddleware[1]
      Executed endpoint 'gRPC - /UnityILPP.PostProcessing/PostProcessAssembly'
[40m[32minfo[39m[22m[49m: Microsoft.AspNetCore.Hosting.Diagnostics[2]
      Request finished HTTP/2 POST http://ilpp/UnityILPP.PostProcessing/PostProcessAssembly application/grpc - - 200 - application/grpc 26.1072ms
[40m[32minfo[39m[22m[49m: Unity.ILPP.Runner.PostProcessingPipeline[0]
      running HybridCLR.AssemblyShadow.CodeGen.ReflectionBindingsILPostProcessor
[40m[32minfo[39m[22m[49m: Unity.ILPP.Runner.PostProcessingPipeline[0]
      running zzzUnity.Burst.CodeGen.BurstILPostProcessor
[40m[32minfo[39m[22m[49m: Unity.ILPP.Runner.PostProcessingPipeline[0]
      running zzzUnity.Burst.CodeGen.BurstILPostProcessor
[40m[32minfo[39m[22m[49m: Microsoft.AspNetCore.Routing.EndpointMiddleware[1]
      Executed endpoint 'gRPC - /UnityILPP.PostProcessing/PostProcessAssembly'
[40m[32minfo[39m[22m[49m: Microsoft.AspNetCore.Hosting.Diagnostics[2]
      Request finished HTTP/2 POST http://ilpp/UnityILPP.PostProcessing/PostProcessAssembly application/grpc - - 200 - application/grpc 16.0749ms
[40m[32minfo[39m[22m[49m: Microsoft.AspNetCore.Routing.EndpointMiddleware[1]
      Executed endpoint 'gRPC - /UnityILPP.PostProcessing/PostProcessAssembly'
[40m[32minfo[39m[22m[49m: Microsoft.AspNetCore.Hosting.Diagnostics[2]
      Request finished HTTP/2 POST http://ilpp/UnityILPP.PostProcessing/PostProcessAssembly application/grpc - - 200 - application/grpc 36.2335ms
[40m[32minfo[39m[22m[49m: Microsoft.AspNetCore.Hosting.Diagnostics[1]
      Request starting HTTP/2 POST http://ilpp/UnityILPP.PostProcessing/PostProcessAssembly application/grpc -
[40m[32minfo[39m[22m[49m: Microsoft.AspNetCore.Hosting.Diagnostics[1]
      Request starting HTTP/2 POST http://ilpp/UnityILPP.PostProcessing/PostProcessAssembly application/grpc -
[40m[32minfo[39m[22m[49m: Microsoft.AspNetCore.Routing.EndpointMiddleware[0]
      Executing endpoint 'gRPC - /UnityILPP.PostProcessing/PostProcessAssembly'
[40m[32minfo[39m[22m[49m: Microsoft.AspNetCore.Routing.EndpointMiddleware[0]
      Executing endpoint 'gRPC - /UnityILPP.PostProcessing/PostProcessAssembly'
[40m[32minfo[39m[22m[49m: Unity.ILPP.Runner.PostProcessingPipeline[0]
      Processing assembly Library/Bee/artifacts/2000e0PDevDbg.dag/Unity.VisualScripting.Core.dll, with 128 defines and 193 references
[40m[32minfo[39m[22m[49m: Unity.ILPP.Runner.PostProcessingPipeline[0]
      processors: HybridCLR.AssemblyShadow.CodeGen.ReflectionBindingsILPostProcessor, zzzUnity.Burst.CodeGen.BurstILPostProcessor
[40m[32minfo[39m[22m[49m: Unity.ILPP.Runner.PostProcessingPipeline[0]
      Processing assembly Library/Bee/artifacts/2000e0PDevDbg.dag/Unity.2D.SpriteShape.Runtime.dll, with 126 defines and 196 references
[40m[32minfo[39m[22m[49m: Unity.ILPP.Runner.PostProcessingPipeline[0]
      processors: HybridCLR.AssemblyShadow.CodeGen.ReflectionBindingsILPostProcessor, zzzUnity.Burst.CodeGen.BurstILPostProcessor
[40m[32minfo[39m[22m[49m: Unity.ILPP.Runner.PostProcessingPipeline[0]
      running HybridCLR.AssemblyShadow.CodeGen.ReflectionBindingsILPostProcessor
[40m[32minfo[39m[22m[49m: Unity.ILPP.Runner.PostProcessingPipeline[0]
      running HybridCLR.AssemblyShadow.CodeGen.ReflectionBindingsILPostProcessor
[40m[32minfo[39m[22m[49m: Microsoft.AspNetCore.Hosting.Diagnostics[1]
      Request starting HTTP/2 POST http://ilpp/UnityILPP.PostProcessing/PostProcessAssembly application/grpc -
[40m[32minfo[39m[22m[49m: Microsoft.AspNetCore.Routing.EndpointMiddleware[0]
      Executing endpoint 'gRPC - /UnityILPP.PostProcessing/PostProcessAssembly'
[40m[32minfo[39m[22m[49m: Unity.ILPP.Runner.PostProcessingPipeline[0]
      running zzzUnity.Burst.CodeGen.BurstILPostProcessor
[40m[32minfo[39m[22m[49m: Unity.ILPP.Runner.PostProcessingPipeline[0]
      running zzzUnity.Burst.CodeGen.BurstILPostProcessor
[40m[32minfo[39m[22m[49m: Unity.ILPP.Runner.PostProcessingPipeline[0]
      Processing assembly Library/Bee/artifacts/2000e0PDevDbg.dag/AssemblyShadowBaseline.Aot.dll, with 125 defines and 194 references
[40m[32minfo[39m[22m[49m: Unity.ILPP.Runner.PostProcessingPipeline[0]
      processors: HybridCLR.AssemblyShadow.CodeGen.ReflectionBindingsILPostProcessor, zzzUnity.Burst.CodeGen.BurstILPostProcessor
[40m[32minfo[39m[22m[49m: Microsoft.AspNetCore.Routing.EndpointMiddleware[1]
      Executed endpoint 'gRPC - /UnityILPP.PostProcessing/PostProcessAssembly'
[40m[32minfo[39m[22m[49m: Microsoft.AspNetCore.Hosting.Diagnostics[2]
      Request finished HTTP/2 POST http://ilpp/UnityILPP.PostProcessing/PostProcessAssembly application/grpc - - 200 - application/grpc 23.6549ms
[40m[32minfo[39m[22m[49m: Unity.ILPP.Runner.PostProcessingPipeline[0]
      running HybridCLR.AssemblyShadow.CodeGen.ReflectionBindingsILPostProcessor
[40m[32minfo[39m[22m[49m: Microsoft.AspNetCore.Routing.EndpointMiddleware[1]
      Executed endpoint 'gRPC - /UnityILPP.PostProcessing/PostProcessAssembly'
[40m[32minfo[39m[22m[49m: Microsoft.AspNetCore.Hosting.Diagnostics[2]
      Request finished HTTP/2 POST http://ilpp/UnityILPP.PostProcessing/PostProcessAssembly application/grpc - - 200 - application/grpc 122.9920ms
[40m[32minfo[39m[22m[49m: Microsoft.AspNetCore.Routing.EndpointMiddleware[1]
      Executed endpoint 'gRPC - /UnityILPP.PostProcessing/PostProcessAssembly'
[40m[32minfo[39m[22m[49m: Microsoft.AspNetCore.Hosting.Diagnostics[2]
      Request finished HTTP/2 POST http://ilpp/UnityILPP.PostProcessing/PostProcessAssembly application/grpc - - 200 - application/grpc 227.3967ms
[40m[32minfo[39m[22m[49m: Unity.ILPP.Runner.PostProcessingPipeline[0]
      running zzzUnity.Burst.CodeGen.BurstILPostProcessor
[40m[32minfo[39m[22m[49m: Microsoft.AspNetCore.Routing.EndpointMiddleware[1]
      Executed endpoint 'gRPC - /UnityILPP.PostProcessing/PostProcessAssembly'
[40m[32minfo[39m[22m[49m: Microsoft.AspNetCore.Hosting.Diagnostics[2]
      Request finished HTTP/2 POST http://ilpp/UnityILPP.PostProcessing/PostProcessAssembly application/grpc - - 200 - application/grpc 607.8774ms
[40m[32minfo[39m[22m[49m: Unity.ILPP.Runner.PostProcessingPipeline[0]
      running zzzUnity.Burst.CodeGen.BurstILPostProcessor
[40m[32minfo[39m[22m[49m: Microsoft.AspNetCore.Routing.EndpointMiddleware[1]
      Executed endpoint 'gRPC - /UnityILPP.PostProcessing/PostProcessAssembly'
[40m[32minfo[39m[22m[49m: Microsoft.AspNetCore.Hosting.Diagnostics[2]
      Request finished HTTP/2 POST http://ilpp/UnityILPP.PostProcessing/PostProcessAssembly application/grpc - - 200 - application/grpc 1127.4199ms
ExitCode: 0 Duration: 3s84ms
Finished compiling graph: 573 nodes, 5659 flattened edges (4657 ToBuild, 86 ToUse), maximum node priority 301
[           0s] Delete 82 artifact files that are no longer in use. (like /Users/ah/GitHub/hybridclr/hybridclr_demo_shadow/_temp/AssemblyShadow/M05Fixtures-71857c4c1550462ab50b27cb2d4ab1d2/P03-compile/CompilerOutput/Unity.RenderPipelines.ShaderGraph.ShaderGraphLibrary.dll)
[232/572    0s] WriteText Library/Bee/artifacts/2000e0PDevDbg.dag/Unity.Mathematics.rsp
[236/572    0s] WriteText Library/Bee/artifacts/2000e0PDevDbg.dag/UnityEngine.UI.rsp
[242/572    0s] WriteText Library/Bee/artifacts/2000e0PDevDbg.dag/Unity.Burst.rsp
[243/572    0s] WriteText Library/Bee/artifacts/2000e0PDevDbg.dag/Unity.VisualScripting.Core.rsp
[245/572    0s] WriteText Library/Bee/artifacts/2000e0PDevDbg.dag/Unity.RenderPipelines.Core.Runtime.rsp
[250/572    0s] WriteText Library/Bee/artifacts/2000e0PDevDbg.dag/Unity.InternalAPIEngineBridge.001.rsp
[251/572    0s] WriteText Library/Bee/artifacts/2000e0PDevDbg.dag/Unity.2D.Common.Runtime.rsp
[254/572    0s] WriteText Library/Bee/artifacts/2000e0PDevDbg.dag/Unity.RenderPipelines.Universal.Config.Runtime.rsp
[256/572    0s] WriteText Library/Bee/artifacts/2000e0PDevDbg.dag/Unity.RenderPipelines.Universal.2D.Internal.rsp
[257/572    0s] WriteText Library/Bee/artifacts/2000e0PDevDbg.dag/Unity.RenderPipeline.Universal.ShaderLibrary.rsp
[258/572    0s] WriteText Library/Bee/artifacts/2000e0PDevDbg.dag/Unity.VisualScripting.Flow.rsp
[266/572    0s] WriteText Library/Bee/artifacts/2000e0PDevDbg.dag/Unity.Collections.rsp
[274/572    0s] WriteText Library/Bee/artifacts/2000e0PDevDbg.dag/AssemblyA.Contracts.rsp
[301/572    0s] WriteText Library/Bee/artifacts/2000e0PDevDbg.dag/Unity.2D.Tilemap.Extras.rsp
[302/572    0s] WriteText Library/Bee/artifacts/2000e0PDevDbg.dag/Unity.2D.IK.Runtime.rsp
[303/572    0s] WriteText Library/Bee/artifacts/2000e0PDevDbg.dag/Unity.2D.SpriteShape.Runtime.rsp
[304/572    0s] WriteText Library/Bee/artifacts/2000e0PDevDbg.dag/Unity.2D.PixelPerfect.rsp
[305/572    0s] WriteText Library/Bee/artifacts/2000e0PDevDbg.dag/HybridCLR.Runtime.rsp
[306/572    0s] WriteText Library/Bee/artifacts/2000e0PDevDbg.dag/Unity.RenderPipelines.ShaderGraph.ShaderGraphLibrary.rsp
[307/572    0s] WriteText Library/Bee/artifacts/2000e0PDevDbg.dag/Unity.RenderPipelines.Universal.Shaders.rsp
[308/572    0s] WriteText Library/Bee/artifacts/2000e0PDevDbg.dag/Unity.RenderPipelines.Core.ShaderLibrary.rsp
[309/572    0s] WriteText Library/Bee/artifacts/2000e0PDevDbg.dag/Unity.TextMeshPro.rsp
[310/572    0s] WriteText Library/Bee/artifacts/2000e0PDevDbg.dag/Unity.RenderPipelines.Universal.Runtime.rsp
[315/572    0s] WriteText Library/Bee/artifacts/2000e0PDevDbg.dag/Unity.Timeline.rsp
[316/572    0s] WriteText Library/Bee/artifacts/2000e0PDevDbg.dag/Unity.2D.Animation.Runtime.rsp
[317/572    0s] WriteText Library/Bee/artifacts/2000e0PDevDbg.dag/Unity.VisualScripting.State.rsp
[322/572    0s] WriteText Library/Bee/artifacts/2000e0PDevDbg.dag/AssemblyA.Implementation.Extensibility.rsp
[324/572    0s] WriteText Library/Bee/artifacts/2000e0PDevDbg.dag/AssemblyShadowBaseline.Aot.rsp
[343/572    0s] WriteText Library/Bee/artifacts/2000e0PDevDbg.dag/AssemblyShadowDemo.ContractsConsumer.rsp
[344/572    0s] WriteText Library/Bee/artifacts/2000e0PDevDbg.dag/AssemblyA.Implementation.Internal.rsp
[345/572    0s] WriteText Library/Bee/artifacts/2000e0PDevDbg.dag/Assembly-CSharp.rsp
[346/572    0s] WriteText Library/Bee/artifacts/2000e0PDevDbg.dag/MCPForUnity.Runtime.rsp
[347/572    0s] WriteText Library/Bee/artifacts/2000e0PDevDbg.dag/AssemblyShadowDemo.Bootstrap.rsp
[351/572    0s] WriteText Library/Bee/artifacts/2000e0PDevDbg.dag/AssemblyShadowBaseline.HotUpdate.rsp
[352/572    0s] WriteText Library/Bee/artifacts/2000e0PDevDbg.dag/AssemblyShadowDemo.ExtensibilityConsumer.rsp
[353/572    0s] WriteText Library/Bee/artifacts/2000e0PDevDbg.dag/UnityEngine.TestRunner.rsp
[360/572    0s] Csc Library/Bee/artifacts/2000e0PDevDbg.dag/UnityEngine.UI.dll (+2 others) [CacheHit d0390a8b07183358c5711ddf3eef626b00000000000000000000000000000003]
[361/572   1787926249s] Csc Library/Bee/artifacts/2000e0PDevDbg.dag/UnityEngine.UI.dll (+2 others)
[362/572    0s] Csc Library/Bee/artifacts/2000e0PDevDbg.dag/UnityEngine.TestRunner.dll (+2 others) [CacheHit d08053a6b6ef3c07c80928449ab31ed700000000000000000000000000000003]
[364/572   1787926249s] Csc Library/Bee/artifacts/2000e0PDevDbg.dag/UnityEngine.TestRunner.dll (+2 others)
[380/572    0s] Csc Library/Bee/artifacts/2000e0PDevDbg.dag/HybridCLR.Runtime.dll (+2 others) [CacheHit e066bd5d66e9a0ce83ef07ead6feec1900000000000000000000000000000003]
[383/572   1787926249s] Csc Library/Bee/artifacts/2000e0PDevDbg.dag/HybridCLR.Runtime.dll (+2 others)
[381/572    0s] Csc Library/Bee/artifacts/2000e0PDevDbg.dag/Unity.InternalAPIEngineBridge.001.dll (+2 others) [CacheHit 053781575bc317bdf29810a8d4b4ea2300000000000000000000000000000003]
[385/572   1787926249s] Csc Library/Bee/artifacts/2000e0PDevDbg.dag/Unity.InternalAPIEngineBridge.001.dll (+2 others)
[391/572    0s] Csc Library/Bee/artifacts/2000e0PDevDbg.dag/Unity.Burst.dll (+2 others) [CacheHit 85b5f81672a21d626a67dad748d3157f00000000000000000000000000000003]
[396/572   1787926249s] Csc Library/Bee/artifacts/2000e0PDevDbg.dag/Unity.Burst.dll (+2 others)
[392/572    0s] Csc Library/Bee/artifacts/2000e0PDevDbg.dag/Unity.RenderPipelines.Universal.2D.Internal.dll (+2 others) [CacheHit 9091088787dded93c2bac67a554837b100000000000000000000000000000003]
[398/572   1787926249s] Csc Library/Bee/artifacts/2000e0PDevDbg.dag/Unity.RenderPipelines.Universal.2D.Internal.dll (+2 others)
[395/572    0s] Csc Library/Bee/artifacts/2000e0PDevDbg.dag/Unity.Mathematics.dll (+2 others) [CacheHit e7db71e3cc7e641aebfdee65623930d800000000000000000000000000000003]
[402/572   1787926249s] Csc Library/Bee/artifacts/2000e0PDevDbg.dag/Unity.Mathematics.dll (+2 others)
[398/572    0s] Csc Library/Bee/artifacts/2000e0PDevDbg.dag/Unity.VisualScripting.Core.dll (+2 others) [CacheHit 2b7129031218230abbbf5ffc964b850000000000000000000000000000000003]
[406/572   1787926249s] Csc Library/Bee/artifacts/2000e0PDevDbg.dag/Unity.VisualScripting.Core.dll (+2 others)
[399/572    0s] Csc Library/Bee/artifacts/2000e0PDevDbg.dag/Unity.RenderPipelines.Core.Runtime.dll (+2 others) [CacheHit 856ad0bb45b4948012c5b79a54710c4c00000000000000000000000000000003]
[408/572   1787926249s] Csc Library/Bee/artifacts/2000e0PDevDbg.dag/Unity.RenderPipelines.Core.Runtime.dll (+2 others)
[406/572    0s] Csc Library/Bee/artifacts/2000e0PDevDbg.dag/Unity.2D.PixelPerfect.dll (+2 others) [CacheHit 1be1b21dd4820cbdcea5583fa4a8328000000000000000000000000000000003]
[416/572   1787926249s] Csc Library/Bee/artifacts/2000e0PDevDbg.dag/Unity.2D.PixelPerfect.dll (+2 others)
[407/572    0s] Csc Library/Bee/artifacts/2000e0PDevDbg.dag/Unity.RenderPipelines.ShaderGraph.ShaderGraphLibrary.dll (+2 others) [CacheHit 87051ab55c9c518c3eed261df7d5460800000000000000000000000000000003]
[418/572   1787926249s] Csc Library/Bee/artifacts/2000e0PDevDbg.dag/Unity.RenderPipelines.ShaderGraph.ShaderGraphLibrary.dll (+2 others)
[408/572    0s] Csc Library/Bee/artifacts/2000e0PDevDbg.dag/Unity.2D.IK.Runtime.dll (+2 others) [CacheHit 5146d26b96d94479c6a36796c226f1a400000000000000000000000000000003]
[420/572   1787926249s] Csc Library/Bee/artifacts/2000e0PDevDbg.dag/Unity.2D.IK.Runtime.dll (+2 others)
[409/572    0s] Csc Library/Bee/artifacts/2000e0PDevDbg.dag/Unity.RenderPipelines.Core.ShaderLibrary.dll (+2 others) [CacheHit e3ccb814e0076100f98f9cd1ac7b435d00000000000000000000000000000003]
[422/572   1787926249s] Csc Library/Bee/artifacts/2000e0PDevDbg.dag/Unity.RenderPipelines.Core.ShaderLibrary.dll (+2 others)
[410/572    0s] Csc Library/Bee/artifacts/2000e0PDevDbg.dag/Unity.2D.Common.Runtime.dll (+2 others) [CacheHit 4c9103d7504934b5079bc1df73ec502000000000000000000000000000000003]
[424/572   1787926249s] Csc Library/Bee/artifacts/2000e0PDevDbg.dag/Unity.2D.Common.Runtime.dll (+2 others)
[413/572    0s] Csc Library/Bee/artifacts/2000e0PDevDbg.dag/Unity.Collections.dll (+2 others) [CacheHit 28cd6806901e9b20a7ca1bac81a12bad00000000000000000000000000000003]
[428/572   1787926249s] Csc Library/Bee/artifacts/2000e0PDevDbg.dag/Unity.Collections.dll (+2 others)
[416/572    0s] Csc Library/Bee/artifacts/2000e0PDevDbg.dag/Unity.RenderPipelines.Universal.Config.Runtime.dll (+2 others) [CacheHit 35c1c99ddae1d0474086f5d5a158959600000000000000000000000000000003]
[432/572   1787926249s] Csc Library/Bee/artifacts/2000e0PDevDbg.dag/Unity.RenderPipelines.Universal.Config.Runtime.dll (+2 others)
[417/572    0s] Csc Library/Bee/artifacts/2000e0PDevDbg.dag/Unity.RenderPipeline.Universal.ShaderLibrary.dll (+2 others) [CacheHit 160fde238242f9b05dc27ba834696e1200000000000000000000000000000003]
[434/572   1787926249s] Csc Library/Bee/artifacts/2000e0PDevDbg.dag/Unity.RenderPipeline.Universal.ShaderLibrary.dll (+2 others)
[421/572    0s] Csc Library/Bee/artifacts/2000e0PDevDbg.dag/Unity.RenderPipelines.Universal.Shaders.dll (+2 others) [CacheHit 706d9bd0e0106e58136f1736ca42ad1000000000000000000000000000000003]
[439/572   1787926249s] Csc Library/Bee/artifacts/2000e0PDevDbg.dag/Unity.RenderPipelines.Universal.Shaders.dll (+2 others)
[422/572    0s] Csc Library/Bee/artifacts/2000e0PDevDbg.dag/Unity.VisualScripting.Flow.dll (+2 others) [CacheHit 7a4b0b49dc74abb7247bdb537b5fb1b700000000000000000000000000000003]
[441/572   1787926249s] Csc Library/Bee/artifacts/2000e0PDevDbg.dag/Unity.VisualScripting.Flow.dll (+2 others)
[423/572    0s] Csc Library/Bee/artifacts/2000e0PDevDbg.dag/Unity.TextMeshPro.dll (+2 others) [CacheHit f034cd04d7ac39d69b6d59531f675ca900000000000000000000000000000003]
[443/572   1787926249s] Csc Library/Bee/artifacts/2000e0PDevDbg.dag/Unity.TextMeshPro.dll (+2 others)
[434/572    0s] Csc Library/Bee/artifacts/2000e0PDevDbg.dag/Unity.2D.SpriteShape.Runtime.dll (+2 others) [CacheHit 9c2004bf52bd08f939050c7530aca12c00000000000000000000000000000003]
[455/572   1787926249s] Csc Library/Bee/artifacts/2000e0PDevDbg.dag/Unity.2D.SpriteShape.Runtime.dll (+2 others)
[440/572    0s] Csc Library/Bee/artifacts/2000e0PDevDbg.dag/Unity.RenderPipelines.Universal.Runtime.dll (+2 others) [CacheHit 974dfc2022967baf818ce1d30d645b8d00000000000000000000000000000003]
[462/572   1787926249s] Csc Library/Bee/artifacts/2000e0PDevDbg.dag/Unity.RenderPipelines.Universal.Runtime.dll (+2 others)
[441/572    0s] Csc Library/Bee/artifacts/2000e0PDevDbg.dag/Unity.2D.Animation.Runtime.dll (+2 others) [CacheHit 87e62f9ee48b5bf490d87d199598f6a700000000000000000000000000000003]
[464/572   1787926249s] Csc Library/Bee/artifacts/2000e0PDevDbg.dag/Unity.2D.Animation.Runtime.dll (+2 others)
[442/572    0s] Csc Library/Bee/artifacts/2000e0PDevDbg.dag/Unity.Timeline.dll (+2 others) [CacheHit f1e1cefb20584bc8a14621c8237ac7ba00000000000000000000000000000003]
[466/572   1787926249s] Csc Library/Bee/artifacts/2000e0PDevDbg.dag/Unity.Timeline.dll (+2 others)
[446/572    0s] Csc Library/Bee/artifacts/2000e0PDevDbg.dag/Unity.2D.Tilemap.Extras.dll (+2 others) [CacheHit 355070f5b6e245fdd54faa8519d8eeb000000000000000000000000000000003]
[471/572   1787926249s] Csc Library/Bee/artifacts/2000e0PDevDbg.dag/Unity.2D.Tilemap.Extras.dll (+2 others)
[474/572    0s] CopyFiles /Users/ah/GitHub/hybridclr/hybridclr_demo_shadow/_temp/AssemblyShadow/M05Fixtures-71857c4c1550462ab50b27cb2d4ab1d2/LayoutMismatch-compile/CompilerOutput/UnityEngine.TestRunner.dll
[475/572    0s] CopyFiles /Users/ah/GitHub/hybridclr/hybridclr_demo_shadow/_temp/AssemblyShadow/M05Fixtures-71857c4c1550462ab50b27cb2d4ab1d2/LayoutMismatch-compile/CompilerOutput/UnityEngine.TestRunner.pdb
[450/572    0s] Csc Library/Bee/artifacts/2000e0PDevDbg.dag/Unity.VisualScripting.State.dll (+2 others) [CacheHit 203e4602805d6339835c09e68dc353ce00000000000000000000000000000003]
[476/572   1787926249s] Csc Library/Bee/artifacts/2000e0PDevDbg.dag/Unity.VisualScripting.State.dll (+2 others)
[453/572    0s] Csc Library/Bee/artifacts/2000e0PDevDbg.dag/MCPForUnity.Runtime.dll (+2 others) [CacheHit ea60016159d269711293024fd05be5ff00000000000000000000000000000003]
[480/572   1787926249s] Csc Library/Bee/artifacts/2000e0PDevDbg.dag/MCPForUnity.Runtime.dll (+2 others)
[482/572    0s] Csc Library/Bee/artifacts/2000e0PDevDbg.dag/AssemblyShadowBaseline.HotUpdate.dll (+2 others)
[483/572    0s] ILPP-Configuration Library/ilpp-configuration.nevergeneratedoutput
[484/572    0s] Csc Library/Bee/artifacts/2000e0PDevDbg.dag/Assembly-CSharp.dll (+2 others)
[485/572    0s] Csc Library/Bee/artifacts/2000e0PDevDbg.dag/AssemblyShadowBaseline.Aot.dll (+2 others)
[486/572    0s] Csc Library/Bee/artifacts/2000e0PDevDbg.dag/AssemblyA.Contracts.dll (+2 others)
[487/572    0s] ILPostProcess Library/Bee/artifacts/2000e0PDevDbg.dag/post-processed/Unity.RenderPipelines.Core.ShaderLibrary.dll (+pdb)
Processing assembly Library/Bee/artifacts/2000e0PDevDbg.dag/Unity.RenderPipelines.Core.ShaderLibrary.dll, with 125 defines and 193 references
processors: HybridCLR.AssemblyShadow.CodeGen.ReflectionBindingsILPostProcessor, zzzUnity.Burst.CodeGen.BurstILPostProcessor
running HybridCLR.AssemblyShadow.CodeGen.ReflectionBindingsILPostProcessor
running zzzUnity.Burst.CodeGen.BurstILPostProcessor
[488/572    0s] ILPostProcess Library/Bee/artifacts/2000e0PDevDbg.dag/post-processed/Unity.Mathematics.dll (+pdb)
Processing assembly Library/Bee/artifacts/2000e0PDevDbg.dag/Unity.Mathematics.dll, with 125 defines and 193 references
processors: HybridCLR.AssemblyShadow.CodeGen.ReflectionBindingsILPostProcessor, zzzUnity.Burst.CodeGen.BurstILPostProcessor
running HybridCLR.AssemblyShadow.CodeGen.ReflectionBindingsILPostProcessor
running zzzUnity.Burst.CodeGen.BurstILPostProcessor
[489/572    0s] Csc Library/Bee/artifacts/2000e0PDevDbg.dag/AssemblyA.Implementation.Extensibility.dll (+2 others)
[490/572    0s] Csc Library/Bee/artifacts/2000e0PDevDbg.dag/AssemblyShadowDemo.Bootstrap.dll (+2 others)
Assets/AssemblyShadowDemo/Bootstrap/ShadowBootstrap.cs(59,31): warning CS0618: 'RuntimeApi.GetAssemblyShadowPrototypeDiagnostics()' is obsolete: 'Assembly Shadow Prototype was retired; use GetDiagnosticsJson.'
Assets/AssemblyShadowDemo/Bootstrap/ShadowBootstrap.cs(92,61): warning CS0618: 'RuntimeApi.GetAssemblyShadowPrototypeDiagnostics()' is obsolete: 'Assembly Shadow Prototype was retired; use GetDiagnosticsJson.'
Assets/AssemblyShadowDemo/Bootstrap/ShadowBootstrap.cs(133,35): warning CS0618: 'RuntimeApi.LoadAssemblyShadowPrototype(byte[], byte[])' is obsolete: 'Assembly Shadow Prototype was retired; use ConfigureCandidates/BeginTransaction/StageAssembly.'
Assets/AssemblyShadowDemo/Bootstrap/ShadowBootstrap.cs(137,25): warning CS0618: 'RuntimeApi.ActivateAssemblyShadowPrototype(string)' is obsolete: 'Assembly Shadow Prototype was retired; use CommitTransaction.'
Assets/AssemblyShadowDemo/Bootstrap/ShadowBootstrap.cs(290,51): warning CS0618: 'RuntimeApi.SetAssemblyShadowPrototypePhase(string)' is obsolete: 'Assembly Shadow Prototype was retired; use generalized diagnostics.'
Assets/AssemblyShadowDemo/Bootstrap/ShadowBootstrap.cs(291,108): warning CS0618: 'RuntimeApi.InspectAssemblyShadowPrototypeObject(object)' is obsolete: 'Assembly Shadow Prototype was retired; use generalized diagnostics.'
Assets/AssemblyShadowDemo/Bootstrap/ShadowBootstrap.cs(292,114): warning CS0618: 'RuntimeApi.InspectAssemblyShadowPrototypeAssembly(Assembly)' is obsolete: 'Assembly Shadow Prototype was retired; use generalized diagnostics.'
[491/572    0s] ILPostProcess Library/Bee/artifacts/2000e0PDevDbg.dag/post-processed/Unity.InternalAPIEngineBridge.001.dll (+pdb)
Processing assembly Library/Bee/artifacts/2000e0PDevDbg.dag/Unity.InternalAPIEngineBridge.001.dll, with 125 defines and 193 references
processors: HybridCLR.AssemblyShadow.CodeGen.ReflectionBindingsILPostProcessor, zzzUnity.Burst.CodeGen.BurstILPostProcessor
running HybridCLR.AssemblyShadow.CodeGen.ReflectionBindingsILPostProcessor
running zzzUnity.Burst.CodeGen.BurstILPostProcessor
[492/572    0s] ILPostProcess Library/Bee/artifacts/2000e0PDevDbg.dag/post-processed/Assembly-CSharp.dll (+pdb)
Processing assembly Library/Bee/artifacts/2000e0PDevDbg.dag/Assembly-CSharp.dll, with 125 defines and 217 references
processors: HybridCLR.AssemblyShadow.CodeGen.ReflectionBindingsILPostProcessor, zzzUnity.Burst.CodeGen.BurstILPostProcessor
running HybridCLR.AssemblyShadow.CodeGen.ReflectionBindingsILPostProcessor
running zzzUnity.Burst.CodeGen.BurstILPostProcessor
[493/572    0s] ILPostProcess Library/Bee/artifacts/2000e0PDevDbg.dag/post-processed/AssemblyShadowDemo.Bootstrap.dll (+pdb)
Processing assembly Library/Bee/artifacts/2000e0PDevDbg.dag/AssemblyShadowDemo.Bootstrap.dll, with 125 defines and 196 references
processors: HybridCLR.AssemblyShadow.CodeGen.ReflectionBindingsILPostProcessor, zzzUnity.Burst.CodeGen.BurstILPostProcessor
running HybridCLR.AssemblyShadow.CodeGen.ReflectionBindingsILPostProcessor
running zzzUnity.Burst.CodeGen.BurstILPostProcessor
[494/572    0s] Csc Library/Bee/artifacts/2000e0PDevDbg.dag/AssemblyShadowDemo.ExtensibilityConsumer.dll (+2 others)
[495/572    0s] ILPostProcess Library/Bee/artifacts/2000e0PDevDbg.dag/post-processed/AssemblyA.Contracts.dll (+pdb)
Processing assembly Library/Bee/artifacts/2000e0PDevDbg.dag/AssemblyA.Contracts.dll, with 125 defines and 125 references
processors: HybridCLR.AssemblyShadow.CodeGen.ReflectionBindingsILPostProcessor, zzzUnity.Burst.CodeGen.BurstILPostProcessor
running HybridCLR.AssemblyShadow.CodeGen.ReflectionBindingsILPostProcessor
running zzzUnity.Burst.CodeGen.BurstILPostProcessor
[496/572    0s] ILPostProcess Library/Bee/artifacts/2000e0PDevDbg.dag/post-processed/AssemblyA.Implementation.Extensibility.dll (+pdb)
Processing assembly Library/Bee/artifacts/2000e0PDevDbg.dag/AssemblyA.Implementation.Extensibility.dll, with 125 defines and 194 references
processors: HybridCLR.AssemblyShadow.CodeGen.ReflectionBindingsILPostProcessor, zzzUnity.Burst.CodeGen.BurstILPostProcessor
running HybridCLR.AssemblyShadow.CodeGen.ReflectionBindingsILPostProcessor
running zzzUnity.Burst.CodeGen.BurstILPostProcessor
[497/572    0s] ILPostProcess Library/Bee/artifacts/2000e0PDevDbg.dag/post-processed/Unity.VisualScripting.State.dll (+pdb)
Processing assembly Library/Bee/artifacts/2000e0PDevDbg.dag/Unity.VisualScripting.State.dll, with 125 defines and 195 references
processors: HybridCLR.AssemblyShadow.CodeGen.ReflectionBindingsILPostProcessor, zzzUnity.Burst.CodeGen.BurstILPostProcessor
running HybridCLR.AssemblyShadow.CodeGen.ReflectionBindingsILPostProcessor
running zzzUnity.Burst.CodeGen.BurstILPostProcessor
[498/572    0s] Csc Library/Bee/artifacts/2000e0PDevDbg.dag/AssemblyA.Implementation.Internal.dll (+2 others)
[499/572    0s] Csc Library/Bee/artifacts/2000e0PDevDbg.dag/AssemblyShadowDemo.ContractsConsumer.dll (+2 others)
[500/572    0s] ILPostProcess Library/Bee/artifacts/2000e0PDevDbg.dag/post-processed/AssemblyShadowDemo.ExtensibilityConsumer.dll (+pdb)
Processing assembly Library/Bee/artifacts/2000e0PDevDbg.dag/AssemblyShadowDemo.ExtensibilityConsumer.dll, with 125 defines and 195 references
processors: HybridCLR.AssemblyShadow.CodeGen.ReflectionBindingsILPostProcessor, zzzUnity.Burst.CodeGen.BurstILPostProcessor
running HybridCLR.AssemblyShadow.CodeGen.ReflectionBindingsILPostProcessor
running zzzUnity.Burst.CodeGen.BurstILPostProcessor
[501/572    0s] ILPostProcess Library/Bee/artifacts/2000e0PDevDbg.dag/post-processed/AssemblyShadowBaseline.HotUpdate.dll (+pdb)
Processing assembly Library/Bee/artifacts/2000e0PDevDbg.dag/AssemblyShadowBaseline.HotUpdate.dll, with 125 defines and 125 references
processors: HybridCLR.AssemblyShadow.CodeGen.ReflectionBindingsILPostProcessor, zzzUnity.Burst.CodeGen.BurstILPostProcessor
running HybridCLR.AssemblyShadow.CodeGen.ReflectionBindingsILPostProcessor
running zzzUnity.Burst.CodeGen.BurstILPostProcessor
[502/572    0s] ILPostProcess Library/Bee/artifacts/2000e0PDevDbg.dag/post-processed/Unity.2D.Animation.Runtime.dll (+pdb)
Processing assembly Library/Bee/artifacts/2000e0PDevDbg.dag/Unity.2D.Animation.Runtime.dll, with 125 defines and 198 references
processors: HybridCLR.AssemblyShadow.CodeGen.ReflectionBindingsILPostProcessor, zzzUnity.Burst.CodeGen.BurstILPostProcessor
running HybridCLR.AssemblyShadow.CodeGen.ReflectionBindingsILPostProcessor
running zzzUnity.Burst.CodeGen.BurstILPostProcessor
[503/572    0s] ILPostProcess Library/Bee/artifacts/2000e0PDevDbg.dag/post-processed/Unity.RenderPipelines.Universal.Config.Runtime.dll (+pdb)
Processing assembly Library/Bee/artifacts/2000e0PDevDbg.dag/Unity.RenderPipelines.Universal.Config.Runtime.dll, with 125 defines and 194 references
processors: HybridCLR.AssemblyShadow.CodeGen.ReflectionBindingsILPostProcessor, zzzUnity.Burst.CodeGen.BurstILPostProcessor
running HybridCLR.AssemblyShadow.CodeGen.ReflectionBindingsILPostProcessor
running zzzUnity.Burst.CodeGen.BurstILPostProcessor
[504/572    0s] ILPostProcess Library/Bee/artifacts/2000e0PDevDbg.dag/post-processed/Unity.Collections.dll (+pdb)
Processing assembly Library/Bee/artifacts/2000e0PDevDbg.dag/Unity.Collections.dll, with 125 defines and 195 references
processors: HybridCLR.AssemblyShadow.CodeGen.ReflectionBindingsILPostProcessor, zzzUnity.Burst.CodeGen.BurstILPostProcessor
running HybridCLR.AssemblyShadow.CodeGen.ReflectionBindingsILPostProcessor
running zzzUnity.Burst.CodeGen.BurstILPostProcessor
[505/572    0s] ILPostProcess Library/Bee/artifacts/2000e0PDevDbg.dag/post-processed/AssemblyA.Implementation.Internal.dll (+pdb)
Processing assembly Library/Bee/artifacts/2000e0PDevDbg.dag/AssemblyA.Implementation.Internal.dll, with 125 defines and 195 references
processors: HybridCLR.AssemblyShadow.CodeGen.ReflectionBindingsILPostProcessor, zzzUnity.Burst.CodeGen.BurstILPostProcessor
running HybridCLR.AssemblyShadow.CodeGen.ReflectionBindingsILPostProcessor
running zzzUnity.Burst.CodeGen.BurstILPostProcessor
[506/572    0s] ILPostProcess Library/Bee/artifacts/2000e0PDevDbg.dag/post-processed/AssemblyShadowDemo.ContractsConsumer.dll (+pdb)
Processing assembly Library/Bee/artifacts/2000e0PDevDbg.dag/AssemblyShadowDemo.ContractsConsumer.dll, with 125 defines and 126 references
processors: HybridCLR.AssemblyShadow.CodeGen.ReflectionBindingsILPostProcessor, zzzUnity.Burst.CodeGen.BurstILPostProcessor
running HybridCLR.AssemblyShadow.CodeGen.ReflectionBindingsILPostProcessor
running zzzUnity.Burst.CodeGen.BurstILPostProcessor
[507/572    0s] ILPostProcess Library/Bee/artifacts/2000e0PDevDbg.dag/post-processed/Unity.TextMeshPro.dll (+pdb)
Processing assembly Library/Bee/artifacts/2000e0PDevDbg.dag/Unity.TextMeshPro.dll, with 126 defines and 193 references
processors: HybridCLR.AssemblyShadow.CodeGen.ReflectionBindingsILPostProcessor, zzzUnity.Burst.CodeGen.BurstILPostProcessor
running HybridCLR.AssemblyShadow.CodeGen.ReflectionBindingsILPostProcessor
running zzzUnity.Burst.CodeGen.BurstILPostProcessor
[508/572    0s] ILPostProcess Library/Bee/artifacts/2000e0PDevDbg.dag/post-processed/HybridCLR.Runtime.dll (+pdb)
Processing assembly Library/Bee/artifacts/2000e0PDevDbg.dag/HybridCLR.Runtime.dll, with 125 defines and 193 references
processors: HybridCLR.AssemblyShadow.CodeGen.ReflectionBindingsILPostProcessor, zzzUnity.Burst.CodeGen.BurstILPostProcessor
running HybridCLR.AssemblyShadow.CodeGen.ReflectionBindingsILPostProcessor
running zzzUnity.Burst.CodeGen.BurstILPostProcessor
[509/572    0s] ILPostProcess Library/Bee/artifacts/2000e0PDevDbg.dag/post-processed/Unity.RenderPipelines.ShaderGraph.ShaderGraphLibrary.dll (+pdb)
Processing assembly Library/Bee/artifacts/2000e0PDevDbg.dag/Unity.RenderPipelines.ShaderGraph.ShaderGraphLibrary.dll, with 125 defines and 193 references
processors: HybridCLR.AssemblyShadow.CodeGen.ReflectionBindingsILPostProcessor, zzzUnity.Burst.CodeGen.BurstILPostProcessor
running HybridCLR.AssemblyShadow.CodeGen.ReflectionBindingsILPostProcessor
running zzzUnity.Burst.CodeGen.BurstILPostProcessor
[510/572    0s] ILPostProcess Library/Bee/artifacts/2000e0PDevDbg.dag/post-processed/Unity.2D.IK.Runtime.dll (+pdb)
Processing assembly Library/Bee/artifacts/2000e0PDevDbg.dag/Unity.2D.IK.Runtime.dll, with 125 defines and 194 references
processors: HybridCLR.AssemblyShadow.CodeGen.ReflectionBindingsILPostProcessor, zzzUnity.Burst.CodeGen.BurstILPostProcessor
running HybridCLR.AssemblyShadow.CodeGen.ReflectionBindingsILPostProcessor
running zzzUnity.Burst.CodeGen.BurstILPostProcessor
[511/572    0s] ILPostProcess Library/Bee/artifacts/2000e0PDevDbg.dag/post-processed/Unity.VisualScripting.Flow.dll (+pdb)
Processing assembly Library/Bee/artifacts/2000e0PDevDbg.dag/Unity.VisualScripting.Flow.dll, with 130 defines and 194 references
processors: HybridCLR.AssemblyShadow.CodeGen.ReflectionBindingsILPostProcessor, zzzUnity.Burst.CodeGen.BurstILPostProcessor
running HybridCLR.AssemblyShadow.CodeGen.ReflectionBindingsILPostProcessor
running zzzUnity.Burst.CodeGen.BurstILPostProcessor
[512/572    0s] ILPostProcess Library/Bee/artifacts/2000e0PDevDbg.dag/post-processed/MCPForUnity.Runtime.dll (+pdb)
Processing assembly Library/Bee/artifacts/2000e0PDevDbg.dag/MCPForUnity.Runtime.dll, with 125 defines and 191 references
processors: HybridCLR.AssemblyShadow.CodeGen.ReflectionBindingsILPostProcessor, zzzUnity.Burst.CodeGen.BurstILPostProcessor
running HybridCLR.AssemblyShadow.CodeGen.ReflectionBindingsILPostProcessor
running zzzUnity.Burst.CodeGen.BurstILPostProcessor
[513/572    0s] ILPostProcess Library/Bee/artifacts/2000e0PDevDbg.dag/post-processed/Unity.Burst.dll (+pdb)
Processing assembly Library/Bee/artifacts/2000e0PDevDbg.dag/Unity.Burst.dll, with 125 defines and 191 references
processors: HybridCLR.AssemblyShadow.CodeGen.ReflectionBindingsILPostProcessor, zzzUnity.Burst.CodeGen.BurstILPostProcessor
running HybridCLR.AssemblyShadow.CodeGen.ReflectionBindingsILPostProcessor
running zzzUnity.Burst.CodeGen.BurstILPostProcessor
[514/572    0s] ILPostProcess Library/Bee/artifacts/2000e0PDevDbg.dag/post-processed/Unity.2D.Common.Runtime.dll (+pdb)
Processing assembly Library/Bee/artifacts/2000e0PDevDbg.dag/Unity.2D.Common.Runtime.dll, with 125 defines and 194 references
processors: HybridCLR.AssemblyShadow.CodeGen.ReflectionBindingsILPostProcessor, zzzUnity.Burst.CodeGen.BurstILPostProcessor
running HybridCLR.AssemblyShadow.CodeGen.ReflectionBindingsILPostProcessor
running zzzUnity.Burst.CodeGen.BurstILPostProcessor
[515/572    0s] ILPostProcess Library/Bee/artifacts/2000e0PDevDbg.dag/post-processed/Unity.2D.Tilemap.Extras.dll (+pdb)
Processing assembly Library/Bee/artifacts/2000e0PDevDbg.dag/Unity.2D.Tilemap.Extras.dll, with 125 defines and 193 references
processors: HybridCLR.AssemblyShadow.CodeGen.ReflectionBindingsILPostProcessor, zzzUnity.Burst.CodeGen.BurstILPostProcessor
running HybridCLR.AssemblyShadow.CodeGen.ReflectionBindingsILPostProcessor
running zzzUnity.Burst.CodeGen.BurstILPostProcessor
[516/572    0s] ILPostProcess Library/Bee/artifacts/2000e0PDevDbg.dag/post-processed/Unity.RenderPipeline.Universal.ShaderLibrary.dll (+pdb)
Processing assembly Library/Bee/artifacts/2000e0PDevDbg.dag/Unity.RenderPipeline.Universal.ShaderLibrary.dll, with 125 defines and 194 references
processors: HybridCLR.AssemblyShadow.CodeGen.ReflectionBindingsILPostProcessor, zzzUnity.Burst.CodeGen.BurstILPostProcessor
running HybridCLR.AssemblyShadow.CodeGen.ReflectionBindingsILPostProcessor
running zzzUnity.Burst.CodeGen.BurstILPostProcessor
[517/572    0s] ILPostProcess Library/Bee/artifacts/2000e0PDevDbg.dag/post-processed/Unity.RenderPipelines.Universal.2D.Internal.dll (+pdb)
Processing assembly Library/Bee/artifacts/2000e0PDevDbg.dag/Unity.RenderPipelines.Universal.2D.Internal.dll, with 125 defines and 193 references
processors: HybridCLR.AssemblyShadow.CodeGen.ReflectionBindingsILPostProcessor, zzzUnity.Burst.CodeGen.BurstILPostProcessor
running HybridCLR.AssemblyShadow.CodeGen.ReflectionBindingsILPostProcessor
running zzzUnity.Burst.CodeGen.BurstILPostProcessor
[518/572    0s] CopyFiles /Users/ah/GitHub/hybridclr/hybridclr_demo_shadow/_temp/AssemblyShadow/M05Fixtures-71857c4c1550462ab50b27cb2d4ab1d2/LayoutMismatch-compile/CompilerOutput/AssemblyA.Implementation.Extensibility.dll
[519/572    0s] CopyFiles /Users/ah/GitHub/hybridclr/hybridclr_demo_shadow/_temp/AssemblyShadow/M05Fixtures-71857c4c1550462ab50b27cb2d4ab1d2/LayoutMismatch-compile/CompilerOutput/Unity.RenderPipelines.Universal.2D.Internal.dll
[520/572    0s] CopyFiles /Users/ah/GitHub/hybridclr/hybridclr_demo_shadow/_temp/AssemblyShadow/M05Fixtures-71857c4c1550462ab50b27cb2d4ab1d2/LayoutMismatch-compile/CompilerOutput/Unity.2D.Tilemap.Extras.dll
[521/572    0s] CopyFiles /Users/ah/GitHub/hybridclr/hybridclr_demo_shadow/_temp/AssemblyShadow/M05Fixtures-71857c4c1550462ab50b27cb2d4ab1d2/LayoutMismatch-compile/CompilerOutput/Unity.Collections.dll
[522/572    0s] CopyFiles /Users/ah/GitHub/hybridclr/hybridclr_demo_shadow/_temp/AssemblyShadow/M05Fixtures-71857c4c1550462ab50b27cb2d4ab1d2/LayoutMismatch-compile/CompilerOutput/Unity.RenderPipeline.Universal.ShaderLibrary.dll
[523/572    0s] CopyFiles /Users/ah/GitHub/hybridclr/hybridclr_demo_shadow/_temp/AssemblyShadow/M05Fixtures-71857c4c1550462ab50b27cb2d4ab1d2/LayoutMismatch-compile/CompilerOutput/Unity.InternalAPIEngineBridge.001.dll
[524/572    0s] CopyFiles /Users/ah/GitHub/hybridclr/hybridclr_demo_shadow/_temp/AssemblyShadow/M05Fixtures-71857c4c1550462ab50b27cb2d4ab1d2/LayoutMismatch-compile/CompilerOutput/Unity.2D.Common.Runtime.dll
[525/572    0s] CopyFiles /Users/ah/GitHub/hybridclr/hybridclr_demo_shadow/_temp/AssemblyShadow/M05Fixtures-71857c4c1550462ab50b27cb2d4ab1d2/LayoutMismatch-compile/CompilerOutput/Unity.RenderPipelines.Core.ShaderLibrary.dll
[526/572    0s] CopyFiles /Users/ah/GitHub/hybridclr/hybridclr_demo_shadow/_temp/AssemblyShadow/M05Fixtures-71857c4c1550462ab50b27cb2d4ab1d2/LayoutMismatch-compile/CompilerOutput/Unity.Burst.dll
[527/572    0s] CopyFiles /Users/ah/GitHub/hybridclr/hybridclr_demo_shadow/_temp/AssemblyShadow/M05Fixtures-71857c4c1550462ab50b27cb2d4ab1d2/LayoutMismatch-compile/CompilerOutput/Unity.VisualScripting.State.dll
[528/572    0s] CopyFiles /Users/ah/GitHub/hybridclr/hybridclr_demo_shadow/_temp/AssemblyShadow/M05Fixtures-71857c4c1550462ab50b27cb2d4ab1d2/LayoutMismatch-compile/CompilerOutput/MCPForUnity.Runtime.dll
[529/572    0s] CopyFiles /Users/ah/GitHub/hybridclr/hybridclr_demo_shadow/_temp/AssemblyShadow/M05Fixtures-71857c4c1550462ab50b27cb2d4ab1d2/LayoutMismatch-compile/CompilerOutput/Unity.2D.Animation.Runtime.dll
[530/572    0s] CopyFiles /Users/ah/GitHub/hybridclr/hybridclr_demo_shadow/_temp/AssemblyShadow/M05Fixtures-71857c4c1550462ab50b27cb2d4ab1d2/LayoutMismatch-compile/CompilerOutput/AssemblyShadowBaseline.HotUpdate.dll
[531/572    0s] CopyFiles /Users/ah/GitHub/hybridclr/hybridclr_demo_shadow/_temp/AssemblyShadow/M05Fixtures-71857c4c1550462ab50b27cb2d4ab1d2/LayoutMismatch-compile/CompilerOutput/Unity.VisualScripting.Flow.dll
[532/572    0s] CopyFiles /Users/ah/GitHub/hybridclr/hybridclr_demo_shadow/_temp/AssemblyShadow/M05Fixtures-71857c4c1550462ab50b27cb2d4ab1d2/LayoutMismatch-compile/CompilerOutput/Unity.2D.IK.Runtime.dll
[533/572    0s] CopyFiles /Users/ah/GitHub/hybridclr/hybridclr_demo_shadow/_temp/AssemblyShadow/M05Fixtures-71857c4c1550462ab50b27cb2d4ab1d2/LayoutMismatch-compile/CompilerOutput/AssemblyA.Contracts.dll
[534/572    0s] CopyFiles /Users/ah/GitHub/hybridclr/hybridclr_demo_shadow/_temp/AssemblyShadow/M05Fixtures-71857c4c1550462ab50b27cb2d4ab1d2/LayoutMismatch-compile/CompilerOutput/Unity.RenderPipelines.Universal.Config.Runtime.dll
[535/572    0s] CopyFiles /Users/ah/GitHub/hybridclr/hybridclr_demo_shadow/_temp/AssemblyShadow/M05Fixtures-71857c4c1550462ab50b27cb2d4ab1d2/LayoutMismatch-compile/CompilerOutput/Unity.RenderPipelines.ShaderGraph.ShaderGraphLibrary.dll
[536/572    0s] CopyFiles /Users/ah/GitHub/hybridclr/hybridclr_demo_shadow/_temp/AssemblyShadow/M05Fixtures-71857c4c1550462ab50b27cb2d4ab1d2/LayoutMismatch-compile/CompilerOutput/HybridCLR.Runtime.dll
[537/572    0s] CopyFiles /Users/ah/GitHub/hybridclr/hybridclr_demo_shadow/_temp/AssemblyShadow/M05Fixtures-71857c4c1550462ab50b27cb2d4ab1d2/LayoutMismatch-compile/CompilerOutput/AssemblyShadowDemo.ExtensibilityConsumer.dll
[538/572    0s] CopyFiles /Users/ah/GitHub/hybridclr/hybridclr_demo_shadow/_temp/AssemblyShadow/M05Fixtures-71857c4c1550462ab50b27cb2d4ab1d2/LayoutMismatch-compile/CompilerOutput/AssemblyShadowDemo.Bootstrap.dll
[539/572    0s] CopyFiles /Users/ah/GitHub/hybridclr/hybridclr_demo_shadow/_temp/AssemblyShadow/M05Fixtures-71857c4c1550462ab50b27cb2d4ab1d2/LayoutMismatch-compile/CompilerOutput/Unity.TextMeshPro.dll
[540/572    0s] CopyFiles /Users/ah/GitHub/hybridclr/hybridclr_demo_shadow/_temp/AssemblyShadow/M05Fixtures-71857c4c1550462ab50b27cb2d4ab1d2/LayoutMismatch-compile/CompilerOutput/AssemblyShadowDemo.ContractsConsumer.dll
[541/572    0s] CopyFiles /Users/ah/GitHub/hybridclr/hybridclr_demo_shadow/_temp/AssemblyShadow/M05Fixtures-71857c4c1550462ab50b27cb2d4ab1d2/LayoutMismatch-compile/CompilerOutput/Assembly-CSharp.dll
[542/572    0s] CopyFiles /Users/ah/GitHub/hybridclr/hybridclr_demo_shadow/_temp/AssemblyShadow/M05Fixtures-71857c4c1550462ab50b27cb2d4ab1d2/LayoutMismatch-compile/CompilerOutput/AssemblyA.Implementation.Internal.dll
[543/572    0s] CopyFiles /Users/ah/GitHub/hybridclr/hybridclr_demo_shadow/_temp/AssemblyShadow/M05Fixtures-71857c4c1550462ab50b27cb2d4ab1d2/LayoutMismatch-compile/CompilerOutput/Unity.Mathematics.dll
[544/572    0s] CopyFiles /Users/ah/GitHub/hybridclr/hybridclr_demo_shadow/_temp/AssemblyShadow/M05Fixtures-71857c4c1550462ab50b27cb2d4ab1d2/LayoutMismatch-compile/CompilerOutput/Unity.RenderPipelines.Universal.2D.Internal.pdb
[545/572    0s] CopyFiles /Users/ah/GitHub/hybridclr/hybridclr_demo_shadow/_temp/AssemblyShadow/M05Fixtures-71857c4c1550462ab50b27cb2d4ab1d2/LayoutMismatch-compile/CompilerOutput/Unity.2D.Tilemap.Extras.pdb
[546/572    0s] CopyFiles /Users/ah/GitHub/hybridclr/hybridclr_demo_shadow/_temp/AssemblyShadow/M05Fixtures-71857c4c1550462ab50b27cb2d4ab1d2/LayoutMismatch-compile/CompilerOutput/Unity.RenderPipeline.Universal.ShaderLibrary.pdb
[547/572    0s] CopyFiles /Users/ah/GitHub/hybridclr/hybridclr_demo_shadow/_temp/AssemblyShadow/M05Fixtures-71857c4c1550462ab50b27cb2d4ab1d2/LayoutMismatch-compile/CompilerOutput/Unity.2D.Common.Runtime.pdb
[548/572    0s] CopyFiles /Users/ah/GitHub/hybridclr/hybridclr_demo_shadow/_temp/AssemblyShadow/M05Fixtures-71857c4c1550462ab50b27cb2d4ab1d2/LayoutMismatch-compile/CompilerOutput/Unity.Burst.pdb
[549/572    0s] CopyFiles /Users/ah/GitHub/hybridclr/hybridclr_demo_shadow/_temp/AssemblyShadow/M05Fixtures-71857c4c1550462ab50b27cb2d4ab1d2/LayoutMismatch-compile/CompilerOutput/MCPForUnity.Runtime.pdb
[550/572    0s] CopyFiles /Users/ah/GitHub/hybridclr/hybridclr_demo_shadow/_temp/AssemblyShadow/M05Fixtures-71857c4c1550462ab50b27cb2d4ab1d2/LayoutMismatch-compile/CompilerOutput/Unity.VisualScripting.Flow.pdb
[551/572    0s] CopyFiles /Users/ah/GitHub/hybridclr/hybridclr_demo_shadow/_temp/AssemblyShadow/M05Fixtures-71857c4c1550462ab50b27cb2d4ab1d2/LayoutMismatch-compile/CompilerOutput/Unity.2D.IK.Runtime.pdb
[552/572    0s] CopyFiles /Users/ah/GitHub/hybridclr/hybridclr_demo_shadow/_temp/AssemblyShadow/M05Fixtures-71857c4c1550462ab50b27cb2d4ab1d2/LayoutMismatch-compile/CompilerOutput/Unity.RenderPipelines.ShaderGraph.ShaderGraphLibrary.pdb
[553/572    0s] ILPostProcess Library/Bee/artifacts/2000e0PDevDbg.dag/post-processed/UnityEngine.UI.dll (+pdb)
Processing assembly Library/Bee/artifacts/2000e0PDevDbg.dag/UnityEngine.UI.dll, with 130 defines and 192 references
processors: HybridCLR.AssemblyShadow.CodeGen.ReflectionBindingsILPostProcessor, zzzUnity.Burst.CodeGen.BurstILPostProcessor
running HybridCLR.AssemblyShadow.CodeGen.ReflectionBindingsILPostProcessor
running zzzUnity.Burst.CodeGen.BurstILPostProcessor
[554/572    0s] CopyFiles /Users/ah/GitHub/hybridclr/hybridclr_demo_shadow/_temp/AssemblyShadow/M05Fixtures-71857c4c1550462ab50b27cb2d4ab1d2/LayoutMismatch-compile/CompilerOutput/HybridCLR.Runtime.pdb
[555/572    0s] CopyFiles /Users/ah/GitHub/hybridclr/hybridclr_demo_shadow/_temp/AssemblyShadow/M05Fixtures-71857c4c1550462ab50b27cb2d4ab1d2/LayoutMismatch-compile/CompilerOutput/Unity.TextMeshPro.pdb
[556/572    0s] CopyFiles /Users/ah/GitHub/hybridclr/hybridclr_demo_shadow/_temp/AssemblyShadow/M05Fixtures-71857c4c1550462ab50b27cb2d4ab1d2/LayoutMismatch-compile/CompilerOutput/AssemblyShadowDemo.ContractsConsumer.pdb
[557/572    0s] CopyFiles /Users/ah/GitHub/hybridclr/hybridclr_demo_shadow/_temp/AssemblyShadow/M05Fixtures-71857c4c1550462ab50b27cb2d4ab1d2/LayoutMismatch-compile/CompilerOutput/AssemblyA.Implementation.Internal.pdb
[558/572    0s] CopyFiles /Users/ah/GitHub/hybridclr/hybridclr_demo_shadow/_temp/AssemblyShadow/M05Fixtures-71857c4c1550462ab50b27cb2d4ab1d2/LayoutMismatch-compile/CompilerOutput/Unity.Collections.pdb
[559/572    0s] CopyFiles /Users/ah/GitHub/hybridclr/hybridclr_demo_shadow/_temp/AssemblyShadow/M05Fixtures-71857c4c1550462ab50b27cb2d4ab1d2/LayoutMismatch-compile/CompilerOutput/Unity.RenderPipelines.Universal.Config.Runtime.pdb
[560/572    0s] CopyFiles /Users/ah/GitHub/hybridclr/hybridclr_demo_shadow/_temp/AssemblyShadow/M05Fixtures-71857c4c1550462ab50b27cb2d4ab1d2/LayoutMismatch-compile/CompilerOutput/Unity.2D.Animation.Runtime.pdb
[561/572    0s] CopyFiles /Users/ah/GitHub/hybridclr/hybridclr_demo_shadow/_temp/AssemblyShadow/M05Fixtures-71857c4c1550462ab50b27cb2d4ab1d2/LayoutMismatch-compile/CompilerOutput/AssemblyShadowBaseline.HotUpdate.pdb
[562/572    0s] CopyFiles /Users/ah/GitHub/hybridclr/hybridclr_demo_shadow/_temp/AssemblyShadow/M05Fixtures-71857c4c1550462ab50b27cb2d4ab1d2/LayoutMismatch-compile/CompilerOutput/AssemblyShadowDemo.ExtensibilityConsumer.pdb
[563/572    0s] CopyFiles /Users/ah/GitHub/hybridclr/hybridclr_demo_shadow/_temp/AssemblyShadow/M05Fixtures-71857c4c1550462ab50b27cb2d4ab1d2/LayoutMismatch-compile/CompilerOutput/Unity.VisualScripting.State.pdb
[564/572    0s] CopyFiles /Users/ah/GitHub/hybridclr/hybridclr_demo_shadow/_temp/AssemblyShadow/M05Fixtures-71857c4c1550462ab50b27cb2d4ab1d2/LayoutMismatch-compile/CompilerOutput/AssemblyA.Implementation.Extensibility.pdb
[565/572    0s] CopyFiles /Users/ah/GitHub/hybridclr/hybridclr_demo_shadow/_temp/AssemblyShadow/M05Fixtures-71857c4c1550462ab50b27cb2d4ab1d2/LayoutMismatch-compile/CompilerOutput/AssemblyA.Contracts.pdb
[566/572    0s] CopyFiles /Users/ah/GitHub/hybridclr/hybridclr_demo_shadow/_temp/AssemblyShadow/M05Fixtures-71857c4c1550462ab50b27cb2d4ab1d2/LayoutMismatch-compile/CompilerOutput/AssemblyShadowDemo.Bootstrap.pdb
[567/572    0s] CopyFiles /Users/ah/GitHub/hybridclr/hybridclr_demo_shadow/_temp/AssemblyShadow/M05Fixtures-71857c4c1550462ab50b27cb2d4ab1d2/LayoutMismatch-compile/CompilerOutput/Assembly-CSharp.pdb
[568/572    0s] CopyFiles /Users/ah/GitHub/hybridclr/hybridclr_demo_shadow/_temp/AssemblyShadow/M05Fixtures-71857c4c1550462ab50b27cb2d4ab1d2/LayoutMismatch-compile/CompilerOutput/Unity.InternalAPIEngineBridge.001.pdb
[569/572    0s] CopyFiles /Users/ah/GitHub/hybridclr/hybridclr_demo_shadow/_temp/AssemblyShadow/M05Fixtures-71857c4c1550462ab50b27cb2d4ab1d2/LayoutMismatch-compile/CompilerOutput/Unity.Mathematics.pdb
[570/572    0s] CopyFiles /Users/ah/GitHub/hybridclr/hybridclr_demo_shadow/_temp/AssemblyShadow/M05Fixtures-71857c4c1550462ab50b27cb2d4ab1d2/LayoutMismatch-compile/CompilerOutput/Unity.RenderPipelines.Core.ShaderLibrary.pdb
[571/572    0s] CopyFiles /Users/ah/GitHub/hybridclr/hybridclr_demo_shadow/_temp/AssemblyShadow/M05Fixtures-71857c4c1550462ab50b27cb2d4ab1d2/LayoutMismatch-compile/CompilerOutput/UnityEngine.UI.pdb
[572/572    0s] CopyFiles /Users/ah/GitHub/hybridclr/hybridclr_demo_shadow/_temp/AssemblyShadow/M05Fixtures-71857c4c1550462ab50b27cb2d4ab1d2/LayoutMismatch-compile/CompilerOutput/UnityEngine.UI.dll
[573/572    0s] ILPostProcess Library/Bee/artifacts/2000e0PDevDbg.dag/post-processed/Unity.RenderPipelines.Universal.Shaders.dll (+pdb)
Processing assembly Library/Bee/artifacts/2000e0PDevDbg.dag/Unity.RenderPipelines.Universal.Shaders.dll, with 125 defines and 193 references
processors: HybridCLR.AssemblyShadow.CodeGen.ReflectionBindingsILPostProcessor, zzzUnity.Burst.CodeGen.BurstILPostProcessor
running HybridCLR.AssemblyShadow.CodeGen.ReflectionBindingsILPostProcessor
running zzzUnity.Burst.CodeGen.BurstILPostProcessor
[574/572    0s] ILPostProcess Library/Bee/artifacts/2000e0PDevDbg.dag/post-processed/Unity.Timeline.dll (+pdb)
Processing assembly Library/Bee/artifacts/2000e0PDevDbg.dag/Unity.Timeline.dll, with 126 defines and 193 references
processors: HybridCLR.AssemblyShadow.CodeGen.ReflectionBindingsILPostProcessor, zzzUnity.Burst.CodeGen.BurstILPostProcessor
running HybridCLR.AssemblyShadow.CodeGen.ReflectionBindingsILPostProcessor
running zzzUnity.Burst.CodeGen.BurstILPostProcessor
[575/572    0s] ILPostProcess Library/Bee/artifacts/2000e0PDevDbg.dag/post-processed/Unity.2D.PixelPerfect.dll (+pdb)
Processing assembly Library/Bee/artifacts/2000e0PDevDbg.dag/Unity.2D.PixelPerfect.dll, with 126 defines and 193 references
processors: HybridCLR.AssemblyShadow.CodeGen.ReflectionBindingsILPostProcessor, zzzUnity.Burst.CodeGen.BurstILPostProcessor
running HybridCLR.AssemblyShadow.CodeGen.ReflectionBindingsILPostProcessor
running zzzUnity.Burst.CodeGen.BurstILPostProcessor
[576/572    0s] ILPostProcess Library/Bee/artifacts/2000e0PDevDbg.dag/post-processed/Unity.VisualScripting.Core.dll (+pdb)
Processing assembly Library/Bee/artifacts/2000e0PDevDbg.dag/Unity.VisualScripting.Core.dll, with 128 defines and 193 references
processors: HybridCLR.AssemblyShadow.CodeGen.ReflectionBindingsILPostProcessor, zzzUnity.Burst.CodeGen.BurstILPostProcessor
running HybridCLR.AssemblyShadow.CodeGen.ReflectionBindingsILPostProcessor
running zzzUnity.Burst.CodeGen.BurstILPostProcessor
[577/572    0s] CopyFiles /Users/ah/GitHub/hybridclr/hybridclr_demo_shadow/_temp/AssemblyShadow/M05Fixtures-71857c4c1550462ab50b27cb2d4ab1d2/LayoutMismatch-compile/CompilerOutput/Unity.RenderPipelines.Universal.Shaders.dll
[578/572    0s] CopyFiles /Users/ah/GitHub/hybridclr/hybridclr_demo_shadow/_temp/AssemblyShadow/M05Fixtures-71857c4c1550462ab50b27cb2d4ab1d2/LayoutMismatch-compile/CompilerOutput/Unity.RenderPipelines.Universal.Shaders.pdb
[579/572    0s] CopyFiles /Users/ah/GitHub/hybridclr/hybridclr_demo_shadow/_temp/AssemblyShadow/M05Fixtures-71857c4c1550462ab50b27cb2d4ab1d2/LayoutMismatch-compile/CompilerOutput/Unity.Timeline.pdb
[580/572    0s] CopyFiles /Users/ah/GitHub/hybridclr/hybridclr_demo_shadow/_temp/AssemblyShadow/M05Fixtures-71857c4c1550462ab50b27cb2d4ab1d2/LayoutMismatch-compile/CompilerOutput/Unity.Timeline.dll
[581/572    0s] CopyFiles /Users/ah/GitHub/hybridclr/hybridclr_demo_shadow/_temp/AssemblyShadow/M05Fixtures-71857c4c1550462ab50b27cb2d4ab1d2/LayoutMismatch-compile/CompilerOutput/Unity.2D.PixelPerfect.dll
[582/572    0s] CopyFiles /Users/ah/GitHub/hybridclr/hybridclr_demo_shadow/_temp/AssemblyShadow/M05Fixtures-71857c4c1550462ab50b27cb2d4ab1d2/LayoutMismatch-compile/CompilerOutput/Unity.2D.PixelPerfect.pdb
[583/572    0s] CopyFiles /Users/ah/GitHub/hybridclr/hybridclr_demo_shadow/_temp/AssemblyShadow/M05Fixtures-71857c4c1550462ab50b27cb2d4ab1d2/LayoutMismatch-compile/CompilerOutput/Unity.VisualScripting.Core.dll
[584/572    0s] CopyFiles /Users/ah/GitHub/hybridclr/hybridclr_demo_shadow/_temp/AssemblyShadow/M05Fixtures-71857c4c1550462ab50b27cb2d4ab1d2/LayoutMismatch-compile/CompilerOutput/Unity.VisualScripting.Core.pdb
[585/572    0s] ILPostProcess Library/Bee/artifacts/2000e0PDevDbg.dag/post-processed/Unity.2D.SpriteShape.Runtime.dll (+pdb)
Processing assembly Library/Bee/artifacts/2000e0PDevDbg.dag/Unity.2D.SpriteShape.Runtime.dll, with 126 defines and 196 references
processors: HybridCLR.AssemblyShadow.CodeGen.ReflectionBindingsILPostProcessor, zzzUnity.Burst.CodeGen.BurstILPostProcessor
running HybridCLR.AssemblyShadow.CodeGen.ReflectionBindingsILPostProcessor
running zzzUnity.Burst.CodeGen.BurstILPostProcessor
[586/572    0s] CopyFiles /Users/ah/GitHub/hybridclr/hybridclr_demo_shadow/_temp/AssemblyShadow/M05Fixtures-71857c4c1550462ab50b27cb2d4ab1d2/LayoutMismatch-compile/CompilerOutput/Unity.2D.SpriteShape.Runtime.pdb
[587/572    0s] CopyFiles /Users/ah/GitHub/hybridclr/hybridclr_demo_shadow/_temp/AssemblyShadow/M05Fixtures-71857c4c1550462ab50b27cb2d4ab1d2/LayoutMismatch-compile/CompilerOutput/Unity.2D.SpriteShape.Runtime.dll
[588/572    0s] ILPostProcess Library/Bee/artifacts/2000e0PDevDbg.dag/post-processed/Unity.RenderPipelines.Universal.Runtime.dll (+pdb)
Processing assembly Library/Bee/artifacts/2000e0PDevDbg.dag/Unity.RenderPipelines.Universal.Runtime.dll, with 130 defines and 199 references
processors: HybridCLR.AssemblyShadow.CodeGen.ReflectionBindingsILPostProcessor, zzzUnity.Burst.CodeGen.BurstILPostProcessor
running HybridCLR.AssemblyShadow.CodeGen.ReflectionBindingsILPostProcessor
running zzzUnity.Burst.CodeGen.BurstILPostProcessor
[589/572    0s] CopyFiles /Users/ah/GitHub/hybridclr/hybridclr_demo_shadow/_temp/AssemblyShadow/M05Fixtures-71857c4c1550462ab50b27cb2d4ab1d2/LayoutMismatch-compile/CompilerOutput/Unity.RenderPipelines.Universal.Runtime.pdb
[590/572    0s] CopyFiles /Users/ah/GitHub/hybridclr/hybridclr_demo_shadow/_temp/AssemblyShadow/M05Fixtures-71857c4c1550462ab50b27cb2d4ab1d2/LayoutMismatch-compile/CompilerOutput/Unity.RenderPipelines.Universal.Runtime.dll
[591/572    0s] ILPostProcess Library/Bee/artifacts/2000e0PDevDbg.dag/post-processed/AssemblyShadowBaseline.Aot.dll (+pdb)
Processing assembly Library/Bee/artifacts/2000e0PDevDbg.dag/AssemblyShadowBaseline.Aot.dll, with 125 defines and 194 references
processors: HybridCLR.AssemblyShadow.CodeGen.ReflectionBindingsILPostProcessor, zzzUnity.Burst.CodeGen.BurstILPostProcessor
running HybridCLR.AssemblyShadow.CodeGen.ReflectionBindingsILPostProcessor
running zzzUnity.Burst.CodeGen.BurstILPostProcessor
[592/572    0s] CopyFiles /Users/ah/GitHub/hybridclr/hybridclr_demo_shadow/_temp/AssemblyShadow/M05Fixtures-71857c4c1550462ab50b27cb2d4ab1d2/LayoutMismatch-compile/CompilerOutput/AssemblyShadowBaseline.Aot.pdb
[593/572    0s] CopyFiles /Users/ah/GitHub/hybridclr/hybridclr_demo_shadow/_temp/AssemblyShadow/M05Fixtures-71857c4c1550462ab50b27cb2d4ab1d2/LayoutMismatch-compile/CompilerOutput/AssemblyShadowBaseline.Aot.dll
[594/572    1s] ILPostProcess Library/Bee/artifacts/2000e0PDevDbg.dag/post-processed/Unity.RenderPipelines.Core.Runtime.dll (+pdb)
Processing assembly Library/Bee/artifacts/2000e0PDevDbg.dag/Unity.RenderPipelines.Core.Runtime.dll, with 127 defines and 193 references
processors: HybridCLR.AssemblyShadow.CodeGen.ReflectionBindingsILPostProcessor, zzzUnity.Burst.CodeGen.BurstILPostProcessor
running HybridCLR.AssemblyShadow.CodeGen.ReflectionBindingsILPostProcessor
running zzzUnity.Burst.CodeGen.BurstILPostProcessor
[595/572    0s] CopyFiles /Users/ah/GitHub/hybridclr/hybridclr_demo_shadow/_temp/AssemblyShadow/M05Fixtures-71857c4c1550462ab50b27cb2d4ab1d2/LayoutMismatch-compile/CompilerOutput/Unity.RenderPipelines.Core.Runtime.pdb
[596/572    0s] CopyFiles /Users/ah/GitHub/hybridclr/hybridclr_demo_shadow/_temp/AssemblyShadow/M05Fixtures-71857c4c1550462ab50b27cb2d4ab1d2/LayoutMismatch-compile/CompilerOutput/Unity.RenderPipelines.Core.Runtime.dll
[598/572    0s] BuildPlayerDataGenerator Library/BuildPlayerData/Player/RuntimeInitializeOnLoads.json (+1 other)
*** Tundra build success (3.04 seconds), 154 items updated, 572 evaluated
Assets/AssemblyShadowDemo/Bootstrap/ShadowBootstrap.cs(59,31): warning CS0618: 'RuntimeApi.GetAssemblyShadowPrototypeDiagnostics()' is obsolete: 'Assembly Shadow Prototype was retired; use GetDiagnosticsJson.'
Assets/AssemblyShadowDemo/Bootstrap/ShadowBootstrap.cs(92,61): warning CS0618: 'RuntimeApi.GetAssemblyShadowPrototypeDiagnostics()' is obsolete: 'Assembly Shadow Prototype was retired; use GetDiagnosticsJson.'
Assets/AssemblyShadowDemo/Bootstrap/ShadowBootstrap.cs(133,35): warning CS0618: 'RuntimeApi.LoadAssemblyShadowPrototype(byte[], byte[])' is obsolete: 'Assembly Shadow Prototype was retired; use ConfigureCandidates/BeginTransaction/StageAssembly.'
Assets/AssemblyShadowDemo/Bootstrap/ShadowBootstrap.cs(137,25): warning CS0618: 'RuntimeApi.ActivateAssemblyShadowPrototype(string)' is obsolete: 'Assembly Shadow Prototype was retired; use CommitTransaction.'
Assets/AssemblyShadowDemo/Bootstrap/ShadowBootstrap.cs(290,51): warning CS0618: 'RuntimeApi.SetAssemblyShadowPrototypePhase(string)' is obsolete: 'Assembly Shadow Prototype was retired; use generalized diagnostics.'
Assets/AssemblyShadowDemo/Bootstrap/ShadowBootstrap.cs(291,108): warning CS0618: 'RuntimeApi.InspectAssemblyShadowPrototypeObject(object)' is obsolete: 'Assembly Shadow Prototype was retired; use generalized diagnostics.'
Assets/AssemblyShadowDemo/Bootstrap/ShadowBootstrap.cs(292,114): warning CS0618: 'RuntimeApi.InspectAssemblyShadowPrototypeAssembly(Assembly)' is obsolete: 'Assembly Shadow Prototype was retired; use generalized diagnostics.'
Assets/AssemblyShadowDemo/Bootstrap/ShadowBootstrap.cs(133,35): warning CS0618: 'RuntimeApi.LoadAssemblyShadowPrototype(byte[], byte[])' is obsolete: 'Assembly Shadow Prototype was retired; use ConfigureCandidates/BeginTransaction/StageAssembly.'
Assets/AssemblyShadowDemo/Bootstrap/ShadowBootstrap.cs(137,25): warning CS0618: 'RuntimeApi.ActivateAssemblyShadowPrototype(string)' is obsolete: 'Assembly Shadow Prototype was retired; use CommitTransaction.'
Assets/AssemblyShadowDemo/Bootstrap/ShadowBootstrap.cs(290,51): warning CS0618: 'RuntimeApi.SetAssemblyShadowPrototypePhase(string)' is obsolete: 'Assembly Shadow Prototype was retired; use generalized diagnostics.'
Assets/AssemblyShadowDemo/Bootstrap/ShadowBootstrap.cs(291,108): warning CS0618: 'RuntimeApi.InspectAssemblyShadowPrototypeObject(object)' is obsolete: 'Assembly Shadow Prototype was retired; use generalized diagnostics.'
Assets/AssemblyShadowDemo/Bootstrap/ShadowBootstrap.cs(292,114): warning CS0618: 'RuntimeApi.InspectAssemblyShadowPrototypeAssembly(Assembly)' is obsolete: 'Assembly Shadow Prototype was retired; use generalized diagnostics.'
Total cache size 267899536
Total cache size after purge 267899536
[40m[32minfo[39m[22m[49m: Microsoft.AspNetCore.Hosting.Diagnostics[1]
      Request starting HTTP/2 POST http://ilpp/UnityILPP.PostProcessing/Ping application/grpc -
[40m[32minfo[39m[22m[49m: Microsoft.AspNetCore.Routing.EndpointMiddleware[0]
      Executing endpoint 'gRPC - /UnityILPP.PostProcessing/Ping'
[40m[32minfo[39m[22m[49m: Microsoft.AspNetCore.Routing.EndpointMiddleware[1]
      Executed endpoint 'gRPC - /UnityILPP.PostProcessing/Ping'
[40m[32minfo[39m[22m[49m: Microsoft.AspNetCore.Hosting.Diagnostics[2]
      Request finished HTTP/2 POST http://ilpp/UnityILPP.PostProcessing/Ping application/grpc - - 200 - application/grpc 0.1198ms
Starting: /Applications/Unity/Hub/Editor/2022.3.62f2/Unity.app/Contents/bee_backend --ipc --defer-dag-verification --dagfile="Library/Bee/200b0aE.dag" --continue-on-failure --profile="Library/Bee/backend1.traceevents" ScriptAssembliesAndTypeDB
WorkingDir: /Users/ah/GitHub/hybridclr/hybridclr_demo_shadow
[40m[32minfo[39m[22m[49m: Microsoft.AspNetCore.Hosting.Diagnostics[1]
      Request starting HTTP/2 POST http://ilpp/UnityILPP.PostProcessing/ConfigurePostProcessors application/grpc -
[40m[32minfo[39m[22m[49m: Microsoft.AspNetCore.Routing.EndpointMiddleware[0]
      Executing endpoint 'gRPC - /UnityILPP.PostProcessing/ConfigurePostProcessors'
[40m[32minfo[39m[22m[49m: Unity.ILPP.Runner.PostProcessingAssemblyLoadContext[0]
      ALC ILPP context 6 is unloading
[40m[1m[33mwarn[39m[22m[49m: Unity.ILPP.Runner.PostProcessingAssemblyLoadContext[0]
      Assembly unityeditor.ios.extensions.xcode has duplicate hint path. Ignoring "/Applications/Unity/Hub/Editor/2022.3.62f2/Unity.app/Contents/PlaybackEngines/MacStandaloneSupport/UnityEditor.iOS.Extensions.Xcode.dll" in favor of "/Applications/Unity/Hub/Editor/2022.3.62f2/PlaybackEngines/iOSSupport/UnityEditor.iOS.Extensions.Xcode.dll"
[40m[1m[33mwarn[39m[22m[49m: Unity.ILPP.Runner.PostProcessingAssemblyLoadContext[0]
      Assembly system.componentmodel.composition has duplicate hint path. Ignoring "/Applications/Unity/Hub/Editor/2022.3.62f2/Unity.app/Contents/NetStandard/compat/2.1.0/shims/netfx/System.ComponentModel.Composition.dll" in favor of "/Applications/Unity/Hub/Editor/2022.3.62f2/Unity.app/Contents/UnityReferenceAssemblies/unity-4.8-api/System.ComponentModel.Composition.dll"
[40m[1m[33mwarn[39m[22m[49m: Unity.ILPP.Runner.PostProcessingAssemblyLoadContext[0]
      Assembly system.runtime.interopservices.windowsruntime has duplicate hint path. Ignoring "/Applications/Unity/Hub/Editor/2022.3.62f2/Unity.app/Contents/NetStandard/Extensions/2.0.0/System.Runtime.InteropServices.WindowsRuntime.dll" in favor of "/Applications/Unity/Hub/Editor/2022.3.62f2/Unity.app/Contents/UnityReferenceAssemblies/unity-4.8-api/Facades/System.Runtime.InteropServices.WindowsRuntime.dll"
[40m[32minfo[39m[22m[49m: Unity.ILPP.Runner.PostProcessingAssemblyLoadContext[0]
      Resolved Unity.Burst.Cecil, Version=0.11.4.0, Culture=neutral, PublicKeyToken=50cebf1cceb9d05e with Library/PackageCache/com.unity.burst@1.8.21/Unity.Burst.CodeGen/Unity.Burst.Cecil.dll
[40m[32minfo[39m[22m[49m: Microsoft.AspNetCore.Routing.EndpointMiddleware[1]
      Executed endpoint 'gRPC - /UnityILPP.PostProcessing/ConfigurePostProcessors'
[40m[32minfo[39m[22m[49m: Microsoft.AspNetCore.Hosting.Diagnostics[2]
      Request finished HTTP/2 POST http://ilpp/UnityILPP.PostProcessing/ConfigurePostProcessors application/grpc - - 200 - application/grpc 7.5410ms
Total cache size 267899536
Total cache size after purge 267899536
ExitCode: 0 Duration: 0s417ms
[676/910    0s] ILPP-Configuration Library/ilpp-configuration.nevergeneratedoutput
*** Tundra build success (0.29 seconds), 1 items updated, 910 evaluated
[Licensing::Client] Successfully resolved entitlement details
[Licensing::Client] Successfully resolved entitlement details
[Licensing::Client] Successfully resolved entitlement details
[Licensing::Client] Successfully resolved entitlement details
[AssemblyShadow M05] Fixtures: /Users/ah/GitHub/hybridclr/hybridclr_demo_shadow/_temp/AssemblyShadow/M05Fixtures-71857c4c1550462ab50b27cb2d4ab1d2/m05-fixtures.json; independent Editor replay: /Users/ah/GitHub/hybridclr/hybridclr_demo_shadow/_temp/AssemblyShadow/M05Fixtures-71857c4c1550462ab50b27cb2d4ab1d2/m05-editor-replay.json
UnityEngine.StackTraceUtility:ExtractStackTrace () (at /Users/bokken/build/output/unity/unity/Runtime/Export/Scripting/StackTrace.cs:37)
UnityEngine.DebugLogHandler:LogFormat (UnityEngine.LogType,UnityEngine.Object,string,object[])
UnityEngine.Logger:Log (UnityEngine.LogType,object)
UnityEngine.Debug:Log (object)
AssemblyShadowDemo.Editor.M05Build:BuildFixtures () (at Assets/AssemblyShadowDemo/Editor/M05Build.cs:182)

(Filename: Assets/AssemblyShadowDemo/Editor/M05Build.cs Line: 182)

Batchmode quit successfully invoked - shutting down!
Killing ADB server in 0.110408 seconds.
Thread 0x174bb7000 may have been prematurely finalized
[PhysX] Initialized MultithreadedTaskDispatcher with 10 workers.
Input System module state changed to: ShutdownInProgress.
Input System polling thread exited.
Input System module state changed to: Shutdown.
[Licensing::IpcConnector] LicenseClient-ah-notifications channel disconnected successfully.
[Licensing::IpcConnector] LicenseClient-ah channel disconnected successfully.
Thread 0x16de03000 may have been prematurely finalized
Cleanup mono
[40m[32minfo[39m[22m[49m: Microsoft.Hosting.Lifetime[0]
      Application is shutting down...
[40m[32minfo[39m[22m[49m: Unity.ILPP.Runner.PostProcessingAssemblyLoadContext[0]
      ALC ILPP context 7 is unloading
07:21:15.861 |V| RiderPlugin                    | :1                             | AppDomain.CurrentDomain.DomainUnload lifetimeDefinition.Terminate
debugger-agent: Unable to listen on 48
[usbmuxd] Stop listen thread
[usbmuxd] Error: 
[usbmuxd] Listen thread exiting
[Performance] Application.InitializeProject                                                                                        :        1 samples, Peak.  13.7 s (1.0x), Avg.  13.7 s, Total. 13.65 s (1.5%)
[Performance] Application.PackageManager.StartServer                                                                               :        1 samples, Peak.  2.36 ms (1.0x), Avg.  2.36 ms, Total. 2.359 ms (0.0%)
[Performance] Application.AcquireProjectLock                                                                                       :        1 samples, Peak.  7.00 ms (1.0x), Avg.  7.00 ms, Total. 7.005 ms (0.0%)
[Performance] Application.InitializeEngineNoGraphics                                                                               :        1 samples, Peak.  37.8 ms (1.0x), Avg.  37.8 ms, Total. 37.84 ms (0.0%)
[Performance] Application.PackageManager.Initialize                                                                                :        1 samples, Peak.   540 ms (1.0x), Avg.   540 ms, Total. 540.1 ms (0.1%)
[Performance] Connecting to Package Manager                                                                                        :       55 samples, Peak.  31.5 us (46.8x), Avg.   673 ns, Total. 37.00 us (0.0%)
[Performance] Application.EngineGraphics.Initialize                                                                                :        1 samples, Peak.  80.6 ms (1.0x), Avg.  80.6 ms, Total. 80.59 ms (0.0%)
[Performance] Application.GI.Initialize                                                                                            :        1 samples, Peak.   602 us (1.0x), Avg.   602 us, Total. 601.7 us (0.0%)
[Performance] Application.LoadAllDefaultResourcesFromEditor                                                                        :        1 samples, Peak.  1.50 ms (1.0x), Avg.  1.50 ms, Total. 1.499 ms (0.0%)
[Performance] Application.LoadMonoAssemblies                                                                                       :        1 samples, Peak.   794 ms (1.0x), Avg.   794 ms, Total. 793.6 ms (0.1%)
[Performance] RestoreManagedReferences                                                                                             :        2 samples, Peak.  74.6 ms (2.0x), Avg.  37.3 ms, Total. 74.64 ms (0.0%)
[Performance] InitializeOnLoad DrivenRectTransformUndo                                                                             :        2 samples, Peak.   371 us (1.1x), Avg.   353 us, Total. 706.1 us (0.0%)
[Performance] InitializeOnLoad SceneSearch                                                                                         :        2 samples, Peak.   105 us (1.1x), Avg.  91.9 us, Total. 183.8 us (0.0%)
[Performance] InitializeOnLoad CloudBuild                                                                                          :        2 samples, Peak.  4.12 us (1.0x), Avg.  3.98 us, Total. 7.958 us (0.0%)
[Performance] InitializeOnLoad NativeFormatImporterUtility                                                                         :        2 samples, Peak.  1.68 ms (1.1x), Avg.  1.49 ms, Total. 2.975 ms (0.0%)
[Performance] InitializeOnLoad SearchService                                                                                       :        2 samples, Peak.  87.8 us (1.0x), Avg.  85.0 us, Total. 170.0 us (0.0%)
[Performance] InitializeOnLoad SettingsService                                                                                     :        2 samples, Peak.  10.2 us (1.2x), Avg.  8.40 us, Total. 16.79 us (0.0%)
[Performance] InitializeOnLoad WindowLayout                                                                                        :        2 samples, Peak.   185 us (1.0x), Avg.   180 us, Total. 359.3 us (0.0%)
[Performance] InitializeOnLoad AssetStoreContext                                                                                   :        2 samples, Peak.  16.4 ms (1.7x), Avg.  9.43 ms, Total. 18.86 ms (0.0%)
[Performance] InitializeOnLoad PoolManager                                                                                         :        2 samples, Peak.   468 us (1.0x), Avg.   451 us, Total. 901.3 us (0.0%)
[Performance] InitializeOnLoad MixerEffectDefinitionReloader                                                                       :        2 samples, Peak.  1.84 ms (1.2x), Avg.  1.53 ms, Total. 3.061 ms (0.0%)
[Performance] InitializeOnLoad ProjectSearch                                                                                       :        2 samples, Peak.  50.1 us (1.3x), Avg.  38.4 us, Total. 76.87 us (0.0%)
[Performance] InitializeOnLoad UISystemProfilerRenderService                                                                       :        2 samples, Peak.  6.96 us (1.0x), Avg.  6.92 us, Total. 13.83 us (0.0%)
[Performance] InitializeOnLoad EditMode                                                                                            :        2 samples, Peak.   304 us (1.1x), Avg.   266 us, Total. 532.9 us (0.0%)
[Performance] InitializeOnLoad UnityConnect                                                                                        :        2 samples, Peak.  39.8 us (1.2x), Avg.  34.6 us, Total. 69.13 us (0.0%)
[Performance] InitializeOnLoad ManagedDebugger                                                                                     :        2 samples, Peak.   449 us (1.7x), Avg.   263 us, Total. 526.1 us (0.0%)
[Performance] InitializeOnLoad ShortcutIntegration                                                                                 :        2 samples, Peak.  42.7 us (1.1x), Avg.  39.2 us, Total. 78.46 us (0.0%)
[Performance] InitializeOnLoad AddComponentWindow                                                                                  :        2 samples, Peak.  78.9 us (1.0x), Avg.  76.7 us, Total. 153.4 us (0.0%)
[Performance] InitializeOnLoad ManagedDebuggerWindow                                                                               :        2 samples, Peak.  86.0 us (1.1x), Avg.  81.1 us, Total. 162.3 us (0.0%)
[Performance] InitializeOnLoad CacheServerWindow                                                                                   :        2 samples, Peak.  8.17 us (1.1x), Avg.  7.60 us, Total. 15.21 us (0.0%)
[Performance] InitializeOnLoad PlayModeDownload                                                                                    :        2 samples, Peak.  3.94 ms (2.0x), Avg.  2.01 ms, Total. 4.022 ms (0.0%)
[Performance] InitializeOnLoad MenuItems                                                                                           :        2 samples, Peak.  77.2 us (1.1x), Avg.  67.1 us, Total. 134.3 us (0.0%)
[Performance] InitializeOnLoad PrefabInstanceChangedListener                                                                       :        2 samples, Peak.   108 us (1.1x), Avg.  98.0 us, Total. 196.0 us (0.0%)
[Performance] InitializeOnLoad ObjectSelectorSearch                                                                                :        2 samples, Peak.  62.5 us (1.4x), Avg.  44.5 us, Total. 89.04 us (0.0%)
[Performance] InitializeOnLoad EditorMonitor                                                                                       :        2 samples, Peak.   559 us (1.2x), Avg.   466 us, Total. 931.8 us (0.0%)
[Performance] InitializeOnLoad RetainedMode                                                                                        :        2 samples, Peak.  1.72 ms (1.0x), Avg.  1.66 ms, Total. 3.321 ms (0.0%)
[Performance] InitializeOnLoad EditorShaderLoader                                                                                  :        2 samples, Peak.   515 us (1.2x), Avg.   446 us, Total. 891.0 us (0.0%)
[Performance] InitializeOnLoad EditorDelegateRegistration                                                                          :        2 samples, Peak.   421 us (1.1x), Avg.   397 us, Total. 794.6 us (0.0%)
[Performance] InitializeOnLoad UIDocumentHierarchyWatcher                                                                          :        2 samples, Peak.  48.3 us (1.0x), Avg.  46.6 us, Total. 93.17 us (0.0%)
[Performance] InitializeOnLoad LiveReloadTrackerCreator                                                                            :        2 samples, Peak.   145 us (1.1x), Avg.   129 us, Total. 257.0 us (0.0%)
[Performance] InitializeOnLoad UxmlObjectEditorFactories                                                                           :        2 samples, Peak.   400 us (1.1x), Avg.   365 us, Total. 729.1 us (0.0%)
[Performance] InitializeOnLoad UXMLEditorFactories                                                                                 :        2 samples, Peak.  43.1 ms (1.1x), Avg.  40.0 ms, Total. 80.10 ms (0.0%)
[Performance] InitializeOnLoad PurchasingService                                                                                   :        2 samples, Peak.  5.32 ms (1.1x), Avg.  5.04 ms, Total. 10.08 ms (0.0%)
[Performance] InitializeOnLoad CloudBuildPoller                                                                                    :        2 samples, Peak.  75.9 us (1.0x), Avg.  74.2 us, Total. 148.4 us (0.0%)
[Performance] InitializeOnLoad EditorGameServicesAnalytics                                                                         :        2 samples, Peak.  1.85 ms (1.8x), Avg.  1.05 ms, Total. 2.095 ms (0.0%)
[Performance] InitializeOnLoad AnalyticsService                                                                                    :        2 samples, Peak.   155 us (1.1x), Avg.   145 us, Total. 290.4 us (0.0%)
[Performance] InitializeOnLoad BuildService                                                                                        :        2 samples, Peak.   113 us (1.0x), Avg.   110 us, Total. 220.7 us (0.0%)
[Performance] InitializeOnLoad AdsService                                                                                          :        2 samples, Peak.   275 us (1.0x), Avg.   268 us, Total. 536.8 us (0.0%)
[Performance] InitializeOnLoad UDPService                                                                                          :        2 samples, Peak.   117 us (1.1x), Avg.   111 us, Total. 221.5 us (0.0%)
[Performance] InitializeOnLoad CrashService                                                                                        :        2 samples, Peak.   111 us (1.0x), Avg.   107 us, Total. 214.6 us (0.0%)
[Performance] InitializeOnLoad ServicesRepository                                                                                  :        2 samples, Peak.  1.46 us (1.7x), Avg.   875 ns, Total. 1.750 us (0.0%)
[Performance] InitializeOnLoad SearchWindow                                                                                        :        2 samples, Peak.  94.0 us (1.1x), Avg.  87.5 us, Total. 175.0 us (0.0%)
[Performance] InitializeOnLoad CustomIndexers                                                                                      :        2 samples, Peak.  11.7 ms (1.1x), Avg.  10.6 ms, Total. 21.10 ms (0.0%)
[Performance] InitializeOnLoad SearchMonitor                                                                                       :        2 samples, Peak.   691 us (1.1x), Avg.   630 us, Total. 1.259 ms (0.0%)
[Performance] InitializeOnLoad ParameterControllerEditor                                                                           :        2 samples, Peak.  22.0 us (1.3x), Avg.  16.5 us, Total. 33.04 us (0.0%)
[Performance] InitializeOnLoad LayerSettingsWindow                                                                                 :        2 samples, Peak.  14.7 us (1.6x), Avg.  9.04 us, Total. 18.08 us (0.0%)
[Performance] InitializeOnLoad PackageManagerHookGUIDConverter.RegisterPackagesEventHandler                                        :        2 samples, Peak.   572 us (1.7x), Avg.   329 us, Total. 658.4 us (0.0%)
[Performance] InitializeOnLoad EditorDragAndDrop.RegisterEditorClient                                                              :        2 samples, Peak.   184 us (1.1x), Avg.   162 us, Total. 323.9 us (0.0%)
[Performance] InitializeOnLoad EditorEventCallbacks.InitializeFontAssetResourceChangeCallBacks                                     :        2 samples, Peak.   886 us (1.1x), Avg.   832 us, Total. 1.664 ms (0.0%)
[Performance] InitializeOnLoad SceneTemplateService.Init                                                                           :        2 samples, Peak.   903 us (1.2x), Avg.   775 us, Total. 1.549 ms (0.0%)
[Performance] InitializeOnLoad DiagnosticSwitchesConsoleMessage.Init                                                               :        2 samples, Peak.  2.44 ms (1.6x), Avg.  1.53 ms, Total. 3.065 ms (0.0%)
[Performance] InitializeOnLoad PackageManagerWindow.EditorInitializedInSafeMode                                                    :        2 samples, Peak.  19.6 ms (2.0x), Avg.  9.86 ms, Total. 19.73 ms (0.0%)
[Performance] InitializeOnLoad ToolShortcutContext.Init                                                                            :        2 samples, Peak.  90.9 us (1.0x), Avg.  87.9 us, Total. 175.7 us (0.0%)
[Performance] InitializeOnLoad MemoryProfilerCompilationGuard.InjectCompileGuard                                                   :        2 samples, Peak.   124 us (1.5x), Avg.  80.4 us, Total. 160.9 us (0.0%)
[Performance] InitializeOnLoad AssetPostprocessingInternal.RefreshCustomDependencies                                               :        2 samples, Peak.  2.42 ms (1.3x), Avg.  1.80 ms, Total. 3.596 ms (0.0%)
[Performance] InitializeOnLoad SysrootManager.Initialize                                                                           :        2 samples, Peak.   325 us (1.0x), Avg.   324 us, Total. 647.7 us (0.0%)
[Performance] InitializeOnLoad ScopedRegistryAddedPopup.SubscribeToRegistriesAdded                                                 :        2 samples, Peak.  5.53 ms (2.0x), Avg.  2.80 ms, Total. 5.597 ms (0.0%)
[Performance] InitializeOnLoad SceneVisibilityManager.Initialize                                                                   :        2 samples, Peak.  2.14 ms (1.6x), Avg.  1.36 ms, Total. 2.722 ms (0.0%)
[Performance] InitializeOnLoad EditorWindow.Initialize                                                                             :        2 samples, Peak.   151 us (1.0x), Avg.   149 us, Total. 297.4 us (0.0%)
[Performance] AssemblyReloadEvents.afterAssemblyReload: UnityEditor.SceneTemplate.SceneTemplateService.AfterAssemblyReload         :        2 samples, Peak.   760 us (1.6x), Avg.   487 us, Total. 973.4 us (0.0%)
[Performance] ProcessService.EditorAfterLoadAllAssemblies                                                                          :        2 samples, Peak.   232 us (1.1x), Avg.   203 us, Total. 406.5 us (0.0%)
[Performance] Application.ReadLicenseInfo                                                                                          :        1 samples, Peak.  13.0 ms (1.0x), Avg.  13.0 ms, Total. 13.00 ms (0.0%)
[Performance] Application.InitialRefresh                                                                                           :        1 samples, Peak.  11.4 s (1.0x), Avg.  11.4 s, Total. 11.42 s (1.3%)
[Performance] Compiling Scripts                                                                                                    :        1 samples, Peak.  7.14 s (1.0x), Avg.  7.14 s, Total. 7.143 s (0.8%)
[Performance] AssemblyReloadEvents.beforeAssemblyReload: UnityEditor.SceneTemplate.SceneTemplateService.BeforeAssemblyReload       :        1 samples, Peak.   334 us (1.0x), Avg.   334 us, Total. 333.5 us (0.0%)
[Performance] InitializeOnLoad BurstLoader                                                                                         :        1 samples, Peak.   243 ms (1.0x), Avg.   243 ms, Total. 243.4 ms (0.0%)
[Performance] InitializeOnLoad EditorToolManager                                                                                   :        2 samples, Peak.  2.01 ms (1.9x), Avg.  1.07 ms, Total. 2.132 ms (0.0%)
[Performance] InitializeOnLoad CopyStrippedAOTAssembliesHook                                                                       :        1 samples, Peak.  11.6 ms (1.0x), Avg.  11.6 ms, Total. 11.59 ms (0.0%)
[Performance] InitializeOnLoad GetIl2CppFolderHook                                                                                 :        1 samples, Peak.  1.95 ms (1.0x), Avg.  1.95 ms, Total. 1.954 ms (0.0%)
[Performance] InitializeOnLoad ShadowCasterGroup2DManager                                                                          :        1 samples, Peak.  71.5 us (1.0x), Avg.  71.5 us, Total. 71.54 us (0.0%)
[Performance] InitializeOnLoad ProbeGIBaking                                                                                       :        1 samples, Peak.  1.79 ms (1.0x), Avg.  1.79 ms, Total. 1.794 ms (0.0%)
[Performance] InitializeOnLoad FilterWindow                                                                                        :        1 samples, Peak.  32.2 us (1.0x), Avg.  32.2 us, Total. 32.21 us (0.0%)
[Performance] InitializeOnLoad RealtimeProbeSubdivisionDebug                                                                       :        1 samples, Peak.   126 us (1.0x), Avg.   126 us, Total. 126.3 us (0.0%)
[Performance] InitializeOnLoad NodeClassCache                                                                                      :        1 samples, Peak.  5.29 us (1.0x), Avg.  5.29 us, Total. 5.292 us (0.0%)
[Performance] InitializeOnLoad ShaderGraphMaterialsUpdater                                                                         :        2 samples, Peak.   254 us (1.7x), Avg.   153 us, Total. 305.9 us (0.0%)
[Performance] InitializeOnLoad Renderer2DAnalytics                                                                                 :        1 samples, Peak.  61.4 us (1.0x), Avg.  61.4 us, Total. 61.42 us (0.0%)
[Performance] InitializeOnLoad BackgroundWatcher                                                                                   :        1 samples, Peak.  81.6 us (1.0x), Avg.  81.6 us, Total. 81.62 us (0.0%)
[Performance] InitializeOnLoad UnityTestProtocolStarter                                                                            :        1 samples, Peak.   165 us (1.0x), Avg.   165 us, Total. 164.5 us (0.0%)
[Performance] InitializeOnLoad TestStarter                                                                                         :        1 samples, Peak.   475 us (1.0x), Avg.   475 us, Total. 474.9 us (0.0%)
[Performance] InitializeOnLoad RerunCallbackInitializer                                                                            :        1 samples, Peak.  1.86 ms (1.0x), Avg.  1.86 ms, Total. 1.860 ms (0.0%)
[Performance] InitializeOnLoad RiderScriptEditor                                                                                   :        1 samples, Peak.  50.9 ms (1.0x), Avg.  50.9 ms, Total. 50.88 ms (0.0%)
[Performance] InitializeOnLoad CallbackInitializer                                                                                 :        1 samples, Peak.   838 us (1.0x), Avg.   838 us, Total. 837.9 us (0.0%)
[Performance] InitializeOnLoad SpriteEditorWindow                                                                                  :        1 samples, Peak.   317 us (1.0x), Avg.   317 us, Total. 317.0 us (0.0%)
[Performance] InitializeOnLoad PlasticPlugin                                                                                       :        1 samples, Peak.  48.5 ms (1.0x), Avg.  48.5 ms, Total. 48.52 ms (0.0%)
[Performance] InitializeOnLoad ToolbarBootstrap                                                                                    :        1 samples, Peak.  39.6 ms (1.0x), Avg.  39.6 ms, Total. 39.60 ms (0.0%)
[Performance] InitializeOnLoad BackgroundImport                                                                                    :        1 samples, Peak.   117 us (1.0x), Avg.   117 us, Total. 117.1 us (0.0%)
[Performance] InitializeOnLoad McpEditorShutdownCleanup                                                                            :        1 samples, Peak.   553 us (1.0x), Avg.   553 us, Total. 552.7 us (0.0%)
[Performance] InitializeOnLoad ProjectAutoConnectMonitor                                                                           :        1 samples, Peak.  3.63 ms (1.0x), Avg.  3.63 ms, Total. 3.626 ms (0.0%)
[Performance] InitializeOnLoad EditorStateCache                                                                                    :        1 samples, Peak.  80.6 ms (1.0x), Avg.  80.6 ms, Total. 80.61 ms (0.0%)
[Performance] InitializeOnLoad StdioBridgeHost                                                                                     :        1 samples, Peak.   498 us (1.0x), Avg.   498 us, Total. 498.5 us (0.0%)
[Performance] InitializeOnLoad StdioBridgeReloadHandler                                                                            :        1 samples, Peak.   165 us (1.0x), Avg.   165 us, Total. 164.7 us (0.0%)
[Performance] InitializeOnLoad AssetGenJobManager                                                                                  :        1 samples, Peak.   529 us (1.0x), Avg.   529 us, Total. 529.0 us (0.0%)
[Performance] InitializeOnLoad LegacyServerSrcMigration                                                                            :        1 samples, Peak.  46.0 us (1.0x), Avg.  46.0 us, Total. 46.00 us (0.0%)
[Performance] InitializeOnLoad HttpAutoStartHandler                                                                                :        1 samples, Peak.  78.5 us (1.0x), Avg.  78.5 us, Total. 78.54 us (0.0%)
[Performance] InitializeOnLoad TransportCommandDispatcher                                                                          :        1 samples, Peak.   580 ms (1.0x), Avg.   580 ms, Total. 579.6 ms (0.1%)
[Performance] InitializeOnLoad PlayModeOptionsGuard                                                                                :        1 samples, Peak.   423 us (1.0x), Avg.   423 us, Total. 423.4 us (0.0%)
[Performance] InitializeOnLoad HttpBridgeReloadHandler                                                                             :        1 samples, Peak.   241 us (1.0x), Avg.   241 us, Total. 240.7 us (0.0%)
[Performance] InitializeOnLoad TestRunnerNoThrottle                                                                                :        1 samples, Peak.   485 us (1.0x), Avg.   485 us, Total. 485.5 us (0.0%)
[Performance] InitializeOnLoad StdIoVersionMigration                                                                               :        1 samples, Peak.  61.4 us (1.0x), Avg.  61.4 us, Total. 61.42 us (0.0%)
[Performance] InitializeOnLoad ProjectIdentityUtility                                                                              :        1 samples, Peak.   666 ns (1.0x), Avg.   666 ns, Total. 666.0 ns (0.0%)
[Performance] InitializeOnLoad SetupWindowService                                                                                  :        1 samples, Peak.  41.6 us (1.0x), Avg.  41.6 us, Total. 41.58 us (0.0%)
[Performance] InitializeOnLoad StartupConfigRewrite                                                                                :        1 samples, Peak.  58.8 us (1.0x), Avg.  58.8 us, Total. 58.83 us (0.0%)
[Performance] InitializeOnLoad VSUsageUtility                                                                                      :        1 samples, Peak.  8.29 ms (1.0x), Avg.  8.29 ms, Total. 8.290 ms (0.0%)
[Performance] InitializeOnLoad VisualStudioEditor                                                                                  :        1 samples, Peak.  4.48 ms (1.0x), Avg.  4.48 ms, Total. 4.480 ms (0.0%)
[Performance] InitializeOnLoad TestRunnerApiListener                                                                               :        1 samples, Peak.   291 us (1.0x), Avg.   291 us, Total. 290.9 us (0.0%)
[Performance] InitializeOnLoad VisualStudioIntegration                                                                             :        1 samples, Peak.   444 us (1.0x), Avg.   444 us, Total. 443.6 us (0.0%)
[Performance] InitializeOnLoad PrefabLayoutRebuilder                                                                               :        1 samples, Peak.   185 us (1.0x), Avg.   185 us, Total. 184.6 us (0.0%)
[Performance] InitializeOnLoad SpriteSkinCompositeStartup                                                                          :        1 samples, Peak.  9.11 ms (1.0x), Avg.  9.11 ms, Total. 9.114 ms (0.0%)
[Performance] InitializeOnLoad UnityAnalyticsStorage                                                                               :        1 samples, Peak.   267 us (1.0x), Avg.   267 us, Total. 267.3 us (0.0%)
[Performance] InitializeOnLoad BoneGizmoInitializer                                                                                :        1 samples, Peak.  1.87 ms (1.0x), Avg.  1.87 ms, Total. 1.873 ms (0.0%)
[Performance] InitializeOnLoad Analytics                                                                                           :        1 samples, Peak.   137 us (1.0x), Avg.   137 us, Total. 137.2 us (0.0%)
[Performance] InitializeOnLoad SceneDragAndDrop                                                                                    :        1 samples, Peak.   108 us (1.0x), Avg.   108 us, Total. 108.5 us (0.0%)
[Performance] InitializeOnLoad SpriteShapeUpdateCache                                                                              :        1 samples, Peak.   392 us (1.0x), Avg.   392 us, Total. 392.0 us (0.0%)
[Performance] InitializeOnLoad SpriteShapeUnityAnalyticsStorage                                                                    :        1 samples, Peak.  7.96 us (1.0x), Avg.  7.96 us, Total. 7.959 us (0.0%)
[Performance] InitializeOnLoad IKEditorManager.CreateInstance                                                                      :        1 samples, Peak.   915 us (1.0x), Avg.   915 us, Total. 915.4 us (0.0%)
[Performance] InitializeOnLoad $BurstDirectCallInitializer.Initialize                                                              :        7 samples, Peak.  14.9 ms (4.3x), Avg.  3.46 ms, Total. 24.25 ms (0.0%)
[Performance] InitializeOnLoad SceneViewGridManager.Initialize                                                                     :        1 samples, Peak.  2.58 ms (1.0x), Avg.  2.58 ms, Total. 2.580 ms (0.0%)
[Performance] InitializeOnLoad TilemapPrefabStageHelper.Initialize                                                                 :        1 samples, Peak.   731 us (1.0x), Avg.   731 us, Total. 731.2 us (0.0%)
[Performance] InitializeOnLoad SceneViewOpenTilePaletteHelper.Initialize                                                           :        1 samples, Peak.   499 us (1.0x), Avg.   499 us, Total. 498.8 us (0.0%)
[Performance] InitializeOnLoad TileDragAndDropManager.Initialize                                                                   :        1 samples, Peak.   288 us (1.0x), Avg.   288 us, Total. 288.5 us (0.0%)
[Performance] InitializeOnLoad VisualStudioEditor.LegacyVisualStudioCodePackageDisabler                                            :        1 samples, Peak.   647 us (1.0x), Avg.   647 us, Total. 647.2 us (0.0%)
[Performance] InitializeOnLoad MaterialReimporter.RegisterUpgraderReimport                                                         :        2 samples, Peak.   140 us (1.8x), Avg.  79.6 us, Total. 159.2 us (0.0%)
[Performance] InitializeOnLoad UnityReflect.OnLoad                                                                                 :        1 samples, Peak.   374 us (1.0x), Avg.   374 us, Total. 373.5 us (0.0%)
[Performance] InitializeOnLoad GetMenuItems.BuildCache                                                                             :        1 samples, Peak.  5.07 ms (1.0x), Avg.  5.07 ms, Total. 5.065 ms (0.0%)
[Performance] InitializeOnLoad ExecuteCode.OnDomainReload                                                                          :        1 samples, Peak.   291 us (1.0x), Avg.   291 us, Total. 291.1 us (0.0%)
[Performance] InitializeOnLoad McpLogRecord.RefreshFromPrefs                                                                       :        1 samples, Peak.  86.1 us (1.0x), Avg.  86.1 us, Total. 86.08 us (0.0%)
[Performance] InitializeOnLoad BackgroundImport.Setup                                                                              :        1 samples, Peak.   676 us (1.0x), Avg.   676 us, Total. 675.8 us (0.0%)
[Performance] InitializeOnLoad TestJobDataHolder.ResumeRunningJobs                                                                 :        1 samples, Peak.   578 us (1.0x), Avg.   578 us, Total. 577.7 us (0.0%)
[Performance] InitializeOnLoad AnalyticsReporter.RegisterCallbacks                                                                 :        1 samples, Peak.   152 us (1.0x), Avg.   152 us, Total. 152.2 us (0.0%)
[Performance] InitializeOnLoad DebugManagerWindowLifetimeAnalytic.SubscribeToDebugManagerOpenCloseWindows                          :        1 samples, Peak.   366 us (1.0x), Avg.   366 us, Total. 366.1 us (0.0%)
[Performance] InitializeOnLoad CoreRenderPipelinePreferences.InitPreferenceProviders                                               :        1 samples, Peak.  10.0 ms (1.0x), Avg.  10.0 ms, Total. 10.02 ms (0.0%)
[Performance] InitializeOnLoad VolumeGizmoDrawer.InitVolumeGizmoCallbacks                                                          :        1 samples, Peak.   253 us (1.0x), Avg.   253 us, Total. 252.8 us (0.0%)
[Performance] DidReloadScriptsTestRunnerWindow.CompilationCallback                                                                 :        1 samples, Peak.   136 us (1.0x), Avg.   136 us, Total. 135.8 us (0.0%)
[Performance] DidReloadScriptsTestListCache.ScriptReloaded                                                                         :        1 samples, Peak.   784 us (1.0x), Avg.   784 us, Total. 783.6 us (0.0%)
[Performance] DidReloadScriptsLookDev.OnEditorReload                                                                               :        1 samples, Peak.   141 us (1.0x), Avg.   141 us, Total. 141.0 us (0.0%)
[Performance] DidReloadScriptsDebugWindow.OnEditorReload                                                                           :        1 samples, Peak.  7.67 ms (1.0x), Avg.  7.67 ms, Total. 7.668 ms (0.0%)
[Performance] DidReloadScriptsVolumeComponentEditor.OnEditorReload                                                                 :        1 samples, Peak.  7.92 ms (1.0x), Avg.  7.92 ms, Total. 7.920 ms (0.0%)
[Performance] DidReloadScriptsAdvancedDropdownWindow.OnScriptReload                                                                :        1 samples, Peak.   149 us (1.0x), Avg.   149 us, Total. 148.9 us (0.0%)
[Performance] AssemblyReloadEvents.afterAssemblyReload: callback in MCPForUnity.Editor.Services.EditorStateCache                   :        1 samples, Peak.   347 us (1.0x), Avg.   347 us, Total. 347.1 us (0.0%)
[Performance] AssemblyReloadEvents.afterAssemblyReload: MCPForUnity.Editor.Services.StdioBridgeReloadHandler.OnAfterAssemblyReload :        1 samples, Peak.   624 us (1.0x), Avg.   624 us, Total. 623.5 us (0.0%)
[Performance] AssemblyReloadEvents.afterAssemblyReload: MCPForUnity.Editor.Services.HttpBridgeReloadHandler.OnAfterAssemblyReload  :        1 samples, Peak.   105 us (1.0x), Avg.   105 us, Total. 104.7 us (0.0%)
[Performance] AssemblyReloadEvents.afterAssemblyReload: UnityEditor.U2D.Animation.BoneGizmo.OnAfterAssemblyReload                  :        1 samples, Peak.   586 us (1.0x), Avg.   586 us, Total. 586.2 us (0.0%)
[Performance] AssemblyReloadEvents.afterAssemblyReload: MCPForUnity.Editor.Tools.UnityReflect.InvalidateCache                      :        1 samples, Peak.   317 us (1.0x), Avg.   317 us, Total. 316.7 us (0.0%)
[Performance] UniversalRenderPipelineGlobalSettingsPostprocessor.OnPostprocessAllAssets                                            :        8 samples, Peak.  1.88 ms (4.1x), Avg.   461 us, Total. 3.686 ms (0.0%)
[Performance] SyncVS.PostprocessSyncProject                                                                                        :        4 samples, Peak.  1.46 ms (3.1x), Avg.   474 us, Total. 1.896 ms (0.0%)
[Performance] Application.ImportPackagesAndSetTemplateWhenCreatingProject                                                          :        1 samples, Peak.  17.4 ms (1.0x), Avg.  17.4 ms, Total. 17.36 ms (0.0%)
[Performance] Application.SyncCurrentColorSpace                                                                                    :        1 samples, Peak.   111 ms (1.0x), Avg.   111 ms, Total. 111.1 ms (0.0%)
[Performance] Application.OnUsbDevicesChanged                                                                                      :        1 samples, Peak.   445 us (1.0x), Avg.   445 us, Total. 445.5 us (0.0%)
[Performance] Application.AssetInstanceCacheUpdate                                                                                 :        1 samples, Peak.   250 ns (1.0x), Avg.   250 ns, Total. 250.0 ns (0.0%)
[Performance] Application.UnityExtensions.Initialize                                                                               :        1 samples, Peak.  8.65 ms (1.0x), Avg.  8.65 ms, Total. 8.650 ms (0.0%)
[Performance] CodeEditorProjectSync.SyncEditorProject                                                                              :        1 samples, Peak.   142 ms (1.0x), Avg.   142 ms, Total. 141.9 ms (0.0%)
[Performance] Application.ExecuteStartups                                                                                          :        1 samples, Peak.  48.1 ms (1.0x), Avg.  48.1 ms, Total. 48.11 ms (0.0%)
[Performance] Menu.RegisterMenuInterface                                                                                           :       26 samples, Peak.  3.33 us (12.2x), Avg.   274 ns, Total. 7.126 us (0.0%)
[Performance] Gizmo.RebuildRenderers                                                                                               :        1 samples, Peak.  46.2 ms (1.0x), Avg.  46.2 ms, Total. 46.15 ms (0.0%)
[Performance] Gizmo.AddGizmoRenderers                                                                                              :      127 samples, Peak.  1.49 ms (70.6x), Avg.  21.1 us, Total. 2.675 ms (0.0%)
[Performance] Application.editorInitializingProject                                                                                :        1 samples, Peak.  13.8 ms (1.0x), Avg.  13.8 ms, Total. 13.77 ms (0.0%)
[Performance] Application.InitializeMenu                                                                                           :        1 samples, Peak.   800 ms (1.0x), Avg.   800 ms, Total. 800.5 ms (0.1%)
[Performance] Menu.RebuildAll                                                                                                      :        1 samples, Peak.   800 ms (1.0x), Avg.   800 ms, Total. 800.5 ms (0.1%)
[Performance] Menu.BuildRegisteredMenuInterfaces                                                                                   :        1 samples, Peak.   793 ms (1.0x), Avg.   793 ms, Total. 793.2 ms (0.1%)
[Performance] Menu.FilterMenuItem                                                                                                  :      746 samples, Peak.  73.1 ms (743.9x), Avg.  98.2 us, Total. 73.27 ms (0.0%)
[Performance] UpdateAllMenus                                                                                                       :        1 samples, Peak.   502 us (1.0x), Avg.   502 us, Total. 501.8 us (0.0%)
[Performance] EditorSceneManager.sceneClosing: UnityEditor.SceneVisibilityManager.EditorSceneManagerOnSceneClosing                 :        2 samples, Peak.   223 us (2.0x), Avg.   113 us, Total. 226.5 us (0.0%)
[Performance] GUIView.RepaintAll.PlayerLoopController                                                                              :        1 samples, Peak.  1.33 us (1.0x), Avg.  1.33 us, Total. 1.334 us (0.0%)
[Performance] EditorSceneManager.newSceneCreated: UnityEditor.SceneTemplate.SceneTemplateService.OnNewSceneCreated                 :        1 samples, Peak.   205 us (1.0x), Avg.   205 us, Total. 204.8 us (0.0%)
[Performance] EditorSceneManager.newSceneCreated: UnityEditor.SceneVisibilityManager.EditorSceneManagerOnNewSceneCreated           :        1 samples, Peak.   131 us (1.0x), Avg.   131 us, Total. 130.7 us (0.0%)
[Performance] EditorSceneManager.newSceneCreated: UnityEditor.SceneManagement.StageNavigationManager.OnNewSceneCreated             :        1 samples, Peak.  51.6 us (1.0x), Avg.  51.6 us, Total. 51.58 us (0.0%)
[Performance] Application.InvokeFinishedLoadingProject                                                                             :        1 samples, Peak.  17.1 ms (1.0x), Avg.  17.1 ms, Total. 17.06 ms (0.0%)
[Performance] ProcessService.OnProjectLoaded                                                                                       :        1 samples, Peak.  59.0 us (1.0x), Avg.  59.0 us, Total. 59.04 us (0.0%)
[Performance] VersionControl.Task.Wait                                                                                             :        1 samples, Peak.  9.92 us (1.0x), Avg.  9.92 us, Total. 9.917 us (0.0%)
[Performance] AssetDatabase.Refresh                                                                                                :        1 samples, Peak.   254 ms (1.0x), Avg.   254 ms, Total. 253.9 ms (0.0%)
[Performance] PaletteAssetModificationProcessor.OnWillSaveAssets                                                                   :        4 samples, Peak.  1.18 ms (3.9x), Avg.   303 us, Total. 1.212 ms (0.0%)
[Performance] StateMacroSavedEvent.OnWillSaveAssets                                                                                :        4 samples, Peak.   153 us (3.5x), Avg.  43.4 us, Total. 173.7 us (0.0%)
[Performance] FlowMacroSavedEvent.OnWillSaveAssets                                                                                 :        4 samples, Peak.  83.2 us (3.6x), Avg.  23.4 us, Total. 93.54 us (0.0%)
[Performance] AssetModificationProcessor.OnWillSaveAssets                                                                          :        4 samples, Peak.   147 us (3.9x), Avg.  37.7 us, Total. 150.7 us (0.0%)
[Performance] UnityCloudProjectLinkMonitor.OnWillSaveAssets                                                                        :        4 samples, Peak.   199 us (3.9x), Avg.  50.6 us, Total. 202.2 us (0.0%)
[Performance] BuilderAssetModificationProcessor.OnWillSaveAssets                                                                   :        4 samples, Peak.   265 us (3.9x), Avg.  67.9 us, Total. 271.8 us (0.0%)
[Performance] TerrainModificationProcessor.OnWillSaveAssets                                                                        :        4 samples, Peak.   403 us (3.9x), Avg.   103 us, Total. 411.0 us (0.0%)
[Performance] AssetDatabase.ImportAssets                                                                                           :       11 samples, Peak.  74.5 ms (5.1x), Avg.  14.7 ms, Total. 161.4 ms (0.0%)
[Performance] ShaderImporter.SourceAssetModified                                                                                   :        3 samples, Peak.   625 ns (1.6x), Avg.   403 ns, Total. 1.209 us (0.0%)
[Performance] ShaderIncludeImporter.SourceAssetModified                                                                            :        3 samples, Peak.  1.25 us (1.3x), Avg.   931 ns, Total. 2.792 us (0.0%)
[Performance] PSDImporterAssetPostProcessor.OnPreprocessAsset                                                                      :        5 samples, Peak.   209 us (4.5x), Avg.  46.7 us, Total. 233.6 us (0.0%)
[Performance] PresetManagerPostProcessor.OnPreprocessAsset                                                                         :        5 samples, Peak.   200 us (4.3x), Avg.  47.2 us, Total. 235.8 us (0.0%)
[Performance] CancelSplashScreenOnAssetChange.OnPreprocessAsset                                                                    :        5 samples, Peak.  88.3 us (4.6x), Avg.  19.0 us, Total. 94.96 us (0.0%)
[Performance] ShaderGraphAssetPostProcessor.OnPreprocessAsset                                                                      :        5 samples, Peak.   118 us (4.7x), Avg.  25.1 us, Total. 125.6 us (0.0%)
[Performance] SpritePostProcess.OnPreprocessAsset                                                                                  :        5 samples, Peak.  1.12 ms (4.9x), Avg.   232 us, Total. 1.158 ms (0.0%)
[Performance] TMPro_TexturePostProcessor.OnPostprocessAllAssets                                                                    :        6 samples, Peak.   259 us (2.8x), Avg.  90.8 us, Total. 545.0 us (0.0%)
[Performance] AssetPostprocessor.OnPostprocessAllAssets                                                                            :        6 samples, Peak.   489 us (3.0x), Avg.   165 us, Total. 990.2 us (0.0%)
[Performance] BuilderAssetPostprocessor.OnPostprocessAllAssets                                                                     :        6 samples, Peak.  2.60 ms (2.9x), Avg.   888 us, Total. 5.330 ms (0.0%)
[Performance] ArtifactBrowserPostProcessor.OnPostprocessAllAssets                                                                  :        6 samples, Peak.   321 us (3.0x), Avg.   108 us, Total. 650.5 us (0.0%)
[Performance] AssetEvents.OnPostprocessAllAssets                                                                                   :       12 samples, Peak.   141 us (4.5x), Avg.  31.1 us, Total. 373.2 us (0.0%)
[Performance] AudioMixerPostprocessor.OnPostprocessAllAssets                                                                       :        6 samples, Peak.   211 us (2.9x), Avg.  72.0 us, Total. 431.7 us (0.0%)
[Performance] StyleCatalogPostProcessor.OnPostprocessAllAssets                                                                     :        6 samples, Peak.  15.0 ms (3.0x), Avg.  5.00 ms, Total. 30.00 ms (0.0%)
[Performance] BuildCatalog                                                                                                         :        1 samples, Peak.  14.3 ms (1.0x), Avg.  14.3 ms, Total. 14.26 ms (0.0%)
[Performance] ModelImporterPostProcessor.OnPostprocessAllAssets                                                                    :        6 samples, Peak.   712 us (2.9x), Avg.   247 us, Total. 1.482 ms (0.0%)
[Performance] MaterialPostprocessor.OnPostprocessAllAssets                                                                         :       12 samples, Peak.   548 us (3.2x), Avg.   171 us, Total. 2.049 ms (0.0%)
[Performance] RetainedModeAssetPostprocessor.OnPostprocessAllAssets                                                                :        6 samples, Peak.  1.53 ms (3.0x), Avg.   516 us, Total. 3.093 ms (0.0%)
[Performance] AssetChangedListener.OnPostprocessAllAssets                                                                          :        6 samples, Peak.   904 us (2.6x), Avg.   354 us, Total. 2.122 ms (0.0%)
[Performance] PostProcessor.OnPostprocessAllAssets                                                                                 :        6 samples, Peak.   165 us (2.6x), Avg.  63.4 us, Total. 380.2 us (0.0%)
[Performance] ShaderGraphAssetPostProcessor.OnPostprocessAllAssets                                                                 :        6 samples, Peak.  1.06 ms (2.6x), Avg.   408 us, Total. 2.446 ms (0.0%)
[Performance] SpeedTreePostProcessor.OnPostprocessAllAssets                                                                        :        6 samples, Peak.   105 us (2.6x), Avg.  40.0 us, Total. 239.7 us (0.0%)
[Performance] TextAssetPostProcessor.OnPostprocessAllAssets                                                                        :        6 samples, Peak.   263 us (2.9x), Avg.  91.7 us, Total. 550.0 us (0.0%)
[Performance] AssetProcessor.OnPostprocessAllAssets                                                                                :       18 samples, Peak.   491 us (5.3x), Avg.  92.4 us, Total. 1.663 ms (0.0%)
[Performance] SpriteLibraryAssetPostprocessor.OnPostprocessAllAssets                                                               :        6 samples, Peak.   150 us (2.9x), Avg.  51.1 us, Total. 306.3 us (0.0%)
[Performance] PSDImporterAssetPostProcessor.OnPostprocessAllAssets                                                                 :        6 samples, Peak.  57.4 us (2.6x), Avg.  21.7 us, Total. 130.3 us (0.0%)
[Performance] PSDImportPostProcessor.OnPostprocessAllAssets                                                                        :        6 samples, Peak.  82.5 us (2.9x), Avg.  28.5 us, Total. 171.0 us (0.0%)
[Performance] SpriteEditorTexturePostprocessor.OnPostprocessAllAssets                                                              :        6 samples, Peak.   169 us (2.3x), Avg.  74.1 us, Total. 444.9 us (0.0%)
[Performance] SpriteShapeAssetPostProcessor.OnPostprocessAllAssets                                                                 :        6 samples, Peak.   381 us (1.8x), Avg.   209 us, Total. 1.252 ms (0.0%)
[Performance] EditorSceneManager.sceneOpening: UnityEditor.SceneVisibilityManager.EditorSceneManagerOnSceneOpening                 :        1 samples, Peak.  97.6 us (1.0x), Avg.  97.6 us, Total. 97.58 us (0.0%)
[Performance] Inspector.InitOrRebuild                                                                                              :        1 samples, Peak.   372 us (1.0x), Avg.   372 us, Total. 372.2 us (0.0%)
[Performance] EditorSceneManager.sceneOpened: UnityEditor.SceneTemplate.SceneTemplateService.OnSceneOpened                         :        1 samples, Peak.   163 us (1.0x), Avg.   163 us, Total. 162.5 us (0.0%)
[Performance] EditorSceneManager.sceneOpened: UnityEditor.SceneVisibilityManager.EditorSceneManagerOnSceneOpened                   :        1 samples, Peak.  76.1 us (1.0x), Avg.  76.1 us, Total. 76.12 us (0.0%)
[Performance] EditorSceneManager.sceneOpened: UnityEditor.SceneManagement.StageNavigationManager.OnSceneOpened                     :        1 samples, Peak.  34.2 us (1.0x), Avg.  34.2 us, Total. 34.21 us (0.0%)
[Performance] Application.Message                                                                                                  :       47 samples, Peak.  10.8 us (7.4x), Avg.  1.46 us, Total. 68.54 us (0.0%)
[Performance] Application.Idle                                                                                                     :       47 samples, Peak.  34.0 ms (1.2x), Avg.  29.0 ms, Total. 1.361 s (0.2%)
[Performance] GenerateAssemblyTypeInfos                                                                                            :        6 samples, Peak.   111 ms (2.9x), Avg.  38.3 ms, Total. 230.0 ms (0.0%)
[Performance] EditorApplication.quitting: Unity.Burst.Editor.BurstLoader.OnEditorApplicationQuitting                               :        1 samples, Peak.   105 us (1.0x), Avg.   105 us, Total. 104.7 us (0.0%)
[Performance] EditorApplication.quitting: MCPForUnity.Editor.Services.McpEditorShutdownCleanup.OnEditorQuitting                    :        1 samples, Peak.   836 us (1.0x), Avg.   836 us, Total. 835.5 us (0.0%)
[Performance] EditorApplication.quitting: MCPForUnity.Editor.Services.StdioBridgeReloadHandler.CancelRetries                       :        1 samples, Peak.  95.2 us (1.0x), Avg.  95.2 us, Total. 95.17 us (0.0%)
[Performance] EditorApplication.quitting: UnityEditor.Tilemaps.SceneViewGridManager.EditorQuitting                                 :        1 samples, Peak.   244 us (1.0x), Avg.   244 us, Total. 244.3 us (0.0%)
[Performance] EditorApplication.quitting: callback in UnityEditor.TextCore.Text.EditorEventCallbacks                               :        1 samples, Peak.  38.9 ms (1.0x), Avg.  38.9 ms, Total. 38.88 ms (0.0%)
[Performance] Killing ADB server                                                                                                   :        1 samples, Peak.   111 ms (1.0x), Avg.   111 ms, Total. 111.3 ms (0.0%)
[Performance] Application.Shutdown.PauseProfilerSession                                                                            :        1 samples, Peak.   116 us (1.0x), Avg.   116 us, Total. 115.8 us (0.0%)
[Performance] Application.Shutdown.PauseAssetImportWorkers                                                                         :        1 samples, Peak.   496 us (1.0x), Avg.   496 us, Total. 496.2 us (0.0%)
[Performance] Application.Shutdown.SaveAssets                                                                                      :        1 samples, Peak.  30.4 ms (1.0x), Avg.  30.4 ms, Total. 30.45 ms (0.0%)
[Performance] Application.Shutdown.CleanupRenderPipeline                                                                           :        1 samples, Peak.  15.4 us (1.0x), Avg.  15.4 us, Total. 15.37 us (0.0%)
[Performance] Application.Shutdown.StopPreloadManager                                                                              :        1 samples, Peak.  10.7 ms (1.0x), Avg.  10.7 ms, Total. 10.74 ms (0.0%)
[Performance] Application.Shutdown.DestroyWorld                                                                                    :        1 samples, Peak.  1.56 ms (1.0x), Avg.  1.56 ms, Total. 1.556 ms (0.0%)
[Performance] Application.Shutdown.CleanupAfterLoad                                                                                :        1 samples, Peak.  86.6 ms (1.0x), Avg.  86.6 ms, Total. 86.56 ms (0.0%)
[Performance] Application.Shutdown.Progress                                                                                        :        1 samples, Peak.  79.2 us (1.0x), Avg.  79.2 us, Total. 79.17 us (0.0%)
[Performance] Application.Shutdown.GICleanupManagers                                                                               :        1 samples, Peak.  2.47 ms (1.0x), Avg.  2.47 ms, Total. 2.470 ms (0.0%)
[Performance] Application.Shutdown.MenuCleanupClass                                                                                :        1 samples, Peak.   317 us (1.0x), Avg.   317 us, Total. 317.5 us (0.0%)
[Performance] Application.Shutdown.ADBSaveStateBeforeShutdown                                                                      :        1 samples, Peak.  77.1 us (1.0x), Avg.  77.1 us, Total. 77.13 us (0.0%)
[Performance] Application.Shutdown.RemoteShutdown                                                                                  :        1 samples, Peak.  1.42 us (1.0x), Avg.  1.42 us, Total. 1.416 us (0.0%)
[Performance] Application.Shutdown.CleanupVCProvider                                                                               :        1 samples, Peak.  27.7 us (1.0x), Avg.  27.7 us, Total. 27.75 us (0.0%)
[Performance] Application.Shutdown.InputShutdown                                                                                   :        1 samples, Peak.   361 us (1.0x), Avg.   361 us, Total. 361.4 us (0.0%)
[Performance] Application.Shutdown.GizmoManagerDestroy                                                                             :        1 samples, Peak.   701 us (1.0x), Avg.   701 us, Total. 700.7 us (0.0%)
[Performance] Application.Shutdown.ProfilerSession                                                                                 :        1 samples, Peak.   239 us (1.0x), Avg.   239 us, Total. 239.3 us (0.0%)
[Performance] Application.Shutdown.ReleaseGfxWindowOnAllGUIViews                                                                   :        1 samples, Peak.  1.50 us (1.0x), Avg.  1.50 us, Total. 1.500 us (0.0%)
[Performance] Application.Shutdown.CleanupEngine                                                                                   :        1 samples, Peak.   147 ms (1.0x), Avg.   147 ms, Total. 147.5 ms (0.0%)
[Performance] Application.Shutdown.CleanupAssetDatabase                                                                            :        1 samples, Peak.  9.78 ms (1.0x), Avg.  9.78 ms, Total. 9.785 ms (0.0%)
[Performance] Application.Shutdown.ScriptCompilationCleanUp                                                                        :        1 samples, Peak.  14.5 us (1.0x), Avg.  14.5 us, Total. 14.46 us (0.0%)
[Performance] Application.Shutdown.DestroyJobSystem                                                                                :        1 samples, Peak.   433 us (1.0x), Avg.   433 us, Total. 432.5 us (0.0%)
[Performance] Application.Shutdown.CleanupPersistentManager                                                                        :        1 samples, Peak.  2.58 ms (1.0x), Avg.  2.58 ms, Total. 2.581 ms (0.0%)
[Performance] Application.Shutdown.CleanupAsyncReadManager                                                                         :        1 samples, Peak.   263 us (1.0x), Avg.   263 us, Total. 263.2 us (0.0%)
[Performance] Application.Shutdown.CleanupMono                                                                                     :        1 samples, Peak.   138 ms (1.0x), Avg.   138 ms, Total. 137.9 ms (0.0%)
[Performance] Application.Shutdown.CleanupStdConverters                                                                            :        1 samples, Peak.  13.7 us (1.0x), Avg.  13.7 us, Total. 13.67 us (0.0%)
[Performance] Application.Shutdown.UnloadAllPlatformSupportModuleNativeDlls                                                        :        1 samples, Peak.  3.75 us (1.0x), Avg.  3.75 us, Total. 3.750 us (0.0%)
[Performance] Application.Shutdown.UnloadAllPlatformSupportNativeLibraries                                                         :        1 samples, Peak.   115 us (1.0x), Avg.   115 us, Total. 115.3 us (0.0%)
[Performance] Application.Shutdown.CleanupAutoDocumentation                                                                        :        1 samples, Peak.  1.63 ms (1.0x), Avg.  1.63 ms, Total. 1.627 ms (0.0%)
[Performance] Application.Shutdown.ShaderNameManagerDestroy                                                                        :        1 samples, Peak.  47.2 us (1.0x), Avg.  47.2 us, Total. 47.17 us (0.0%)
[Performance] Application.Shutdown.CleanupCacheServer                                                                              :        1 samples, Peak.   250 ns (1.0x), Avg.   250 ns, Total. 250.0 ns (0.0%)
[Performance] Application.Shutdown.Virtualization_Shutdown                                                                         :        1 samples, Peak.  1.67 us (1.0x), Avg.  1.67 us, Total. 1.666 us (0.0%)
[Performance] Application.Shutdown.DevConnections                                                                                  :        1 samples, Peak.  82.0 us (1.0x), Avg.  82.0 us, Total. 82.04 us (0.0%)
Exiting batchmode successfully now!
[Package Manager] Server::Kill -- Server was shutdown
