Unity Editor version:    2022.3.62f2 (7670c08855a9)
Branch:                  2022.3/respin/2022.3.62f2-4af31df585-v2
Build type:              Release
Batch mode:              YES
macOS version:           Version 26.5.2 (Build 25F84)
Darwin version:          25.5.0
Architecture:            arm64
Running under Rosetta:   NO
Available memory:        16384 MB
[Licensing::Module] Trying to connect to existing licensing client channel...
[Licensing::IpcConnector] Successfully connected to: "LicenseClient-ah" at "2026-09-05T22:56:07.145622Z"
[Licensing::Client] Code 10 while verifying Licensing Client signature (process Id: 45658, path: "/Applications/Unity/Hub/Editor/2022.3.62f2/Unity.app/Contents/Frameworks/UnityLicensingClient.app/Contents/MacOS/Unity.Licensing.Client")
[Licensing::Module] LicensingClient has failed validation; ignoring
[Licensing::Client] Handshaking with LicensingClient:
  Version:                 1.16.2+bdef8f5
  Session Id:              c0e5dcdf3a67417daf6c847c7983778f
  Correlation Id:          a00b2cf4d8bfd66897b8c1598441fc51
  External correlation Id: 8487985919856741758
  Machine Id:              QTbwZpmVHn8IER/kXaS7sHTplvE=
[Licensing::Module] Successfully connected to LicensingClient on channel: "LicenseClient-ah" (connect: 0.00s, validation: 0.01s, handshake: 0.34s)
[Licensing::IpcConnector] Successfully connected to: "LicenseClient-ah-notifications" at "2026-09-05T22:56:07.494716Z"
[Licensing::Module] Error: Access token is unavailable; failed to update
[Licensing::Client] Successfully updated license
[Licensing::Client] Successfully resolved entitlement details
[Licensing::Module] Serial number assigned to: "1375968193622-UnityPersXXXX"
Pro License: NO
[Licensing::Client] Successfully resolved entitlement details
Launching external process: /Applications/Unity/Hub/Editor/2022.3.62f2/Unity.app/Contents/Resources/PackageManager/Server/UnityPackageManager

COMMAND LINE ARGUMENTS:
/Applications/Unity/Hub/Editor/2022.3.62f2/Unity.app/Contents/MacOS/Unity
-projectPath
/Users/ah/GitHub/hybridclr/hybridclr_demo_shadow
-batchmode
-quit
-logFile
/Users/ah/GitHub/hybridclr/hybridclr_demo_shadow/_temp/UnityExec_20260905_155606.log
-executeMethod
AssemblyShadowDemo.Editor.M06Build.BuildFixtures
-buildTarget
StandaloneOSX
-shadowBaselineId
M06-Baseline-v8
-shadowM06BuildMode
Development
-shadowM06Generation
/Users/ah/GitHub/hybridclr/hybridclr_demo_shadow/_temp/AssemblyShadow/M06Generation-121a2a74c5f844b2b09b0f3e49e24eef/m06-generation.json
Successfully changed project path to: /Users/ah/GitHub/hybridclr/hybridclr_demo_shadow
/Users/ah/GitHub/hybridclr/hybridclr_demo_shadow
[UnityMemory] Configuration Parameters - Can be set up in boot.config
    "memorysetup-bucket-allocator-granularity=16"
    "memorysetup-bucket-allocator-bucket-count=8"
    "memorysetup-bucket-allocator-block-size=33554432"
    "memorysetup-bucket-allocator-block-count=8"
    "memorysetup-main-allocator-block-size=16777216"
    "memorysetup-thread-allocator-block-size=16777216"
    "memorysetup-gfx-main-allocator-block-size=16777216"
    "memorysetup-gfx-thread-allocator-block-size=16777216"
    "memorysetup-cache-allocator-block-size=4194304"
    "memorysetup-typetree-allocator-block-size=2097152"
    "memorysetup-profiler-bucket-allocator-granularity=16"
    "memorysetup-profiler-bucket-allocator-bucket-count=8"
    "memorysetup-profiler-bucket-allocator-block-size=33554432"
    "memorysetup-profiler-bucket-allocator-block-count=8"
    "memorysetup-profiler-allocator-block-size=16777216"
    "memorysetup-profiler-editor-allocator-block-size=1048576"
    "memorysetup-temp-allocator-size-main=16777216"
    "memorysetup-job-temp-allocator-block-size=2097152"
    "memorysetup-job-temp-allocator-block-size-background=1048576"
    "memorysetup-job-temp-allocator-reduction-small-platforms=262144"
    "memorysetup-allocator-temp-initial-block-size-main=262144"
    "memorysetup-allocator-temp-initial-block-size-worker=262144"
    "memorysetup-temp-allocator-size-background-worker=32768"
    "memorysetup-temp-allocator-size-job-worker=262144"
    "memorysetup-temp-allocator-size-preload-manager=33554432"
    "memorysetup-temp-allocator-size-nav-mesh-worker=65536"
    "memorysetup-temp-allocator-size-audio-worker=65536"
    "memorysetup-temp-allocator-size-cloud-worker=32768"
    "memorysetup-temp-allocator-size-gi-baking-worker=262144"
    "memorysetup-temp-allocator-size-gfx=262144"
Player connection [8416632192]  Target information:

Player connection [8416632192]  * "[IP] 192.168.1.54 [Port] 55505 [Flags] 2 [Guid] 2486890645 [EditorId] 2486890645 [Version] 1048832 [Id] OSXEditor(0,Mac) [Debug] 1 [PackageName] OSXEditor [ProjectName] Editor" 

Player connection [8416632192] Host joined multi-casting on [225.0.0.222:54997]...
Player connection [8416632192] Host joined alternative multi-casting on [225.0.0.222:34997]...
Input System module state changed to: Initialized.
[PhysX] Initialized MultithreadedTaskDispatcher with 10 workers.
[Package Manager] UpmClient::Connect -- Connected to IPC stream "Upm-72506" after 0.6 seconds.
[Package Manager] Restoring resolved packages state from cache
[Licensing::Client] Successfully resolved entitlement details
[Package Manager] Registered 62 packages:
  Packages from [https://packages.unity.com]:
    com.unity.collab-proxy@2.7.1 (location: /Users/ah/GitHub/hybridclr/hybridclr_demo_shadow/Library/PackageCache/com.unity.collab-proxy@2.7.1)
    com.unity.ide.rider@3.0.36 (location: /Users/ah/GitHub/hybridclr/hybridclr_demo_shadow/Library/PackageCache/com.unity.ide.rider@3.0.36)
    com.unity.ide.visualstudio@2.0.22 (location: /Users/ah/GitHub/hybridclr/hybridclr_demo_shadow/Library/PackageCache/com.unity.ide.visualstudio@2.0.22)
    com.unity.test-framework@1.1.33 (location: /Users/ah/GitHub/hybridclr/hybridclr_demo_shadow/Library/PackageCache/com.unity.test-framework@1.1.33)
    com.unity.textmeshpro@3.0.7 (location: /Users/ah/GitHub/hybridclr/hybridclr_demo_shadow/Library/PackageCache/com.unity.textmeshpro@3.0.7)
    com.unity.timeline@1.7.7 (location: /Users/ah/GitHub/hybridclr/hybridclr_demo_shadow/Library/PackageCache/com.unity.timeline@1.7.7)
    com.unity.visualscripting@1.9.4 (location: /Users/ah/GitHub/hybridclr/hybridclr_demo_shadow/Library/PackageCache/com.unity.visualscripting@1.9.4)
    com.unity.ext.nunit@1.0.6 (location: /Users/ah/GitHub/hybridclr/hybridclr_demo_shadow/Library/PackageCache/com.unity.ext.nunit@1.0.6)
    com.unity.mathematics@1.2.6 (location: /Users/ah/GitHub/hybridclr/hybridclr_demo_shadow/Library/PackageCache/com.unity.mathematics@1.2.6)
    com.unity.burst@1.8.21 (location: /Users/ah/GitHub/hybridclr/hybridclr_demo_shadow/Library/PackageCache/com.unity.burst@1.8.21)
    com.unity.2d.animation@9.2.0 (location: /Users/ah/GitHub/hybridclr/hybridclr_demo_shadow/Library/PackageCache/com.unity.2d.animation@9.2.0)
    com.unity.2d.pixel-perfect@5.1.0 (location: /Users/ah/GitHub/hybridclr/hybridclr_demo_shadow/Library/PackageCache/com.unity.2d.pixel-perfect@5.1.0)
    com.unity.2d.psdimporter@8.1.0 (location: /Users/ah/GitHub/hybridclr/hybridclr_demo_shadow/Library/PackageCache/com.unity.2d.psdimporter@8.1.0)
    com.unity.2d.spriteshape@9.1.0 (location: /Users/ah/GitHub/hybridclr/hybridclr_demo_shadow/Library/PackageCache/com.unity.2d.spriteshape@9.1.0)
    com.unity.2d.tilemap.extras@3.1.3 (location: /Users/ah/GitHub/hybridclr/hybridclr_demo_shadow/Library/PackageCache/com.unity.2d.tilemap.extras@3.1.3)
    com.unity.2d.aseprite@1.1.9 (location: /Users/ah/GitHub/hybridclr/hybridclr_demo_shadow/Library/PackageCache/com.unity.2d.aseprite@1.1.9)
    com.unity.nuget.newtonsoft-json@3.2.1 (location: /Users/ah/GitHub/hybridclr/hybridclr_demo_shadow/Library/PackageCache/com.unity.nuget.newtonsoft-json@3.2.1)
    com.unity.searcher@4.9.2 (location: /Users/ah/GitHub/hybridclr/hybridclr_demo_shadow/Library/PackageCache/com.unity.searcher@4.9.2)
    com.unity.2d.common@8.1.0 (location: /Users/ah/GitHub/hybridclr/hybridclr_demo_shadow/Library/PackageCache/com.unity.2d.common@8.1.0)
    com.unity.collections@1.2.4 (location: /Users/ah/GitHub/hybridclr/hybridclr_demo_shadow/Library/PackageCache/com.unity.collections@1.2.4)
  Built-in packages:
    com.unity.feature.2d@2.0.1 (location: /Users/ah/GitHub/hybridclr/hybridclr_demo_shadow/Library/PackageCache/com.unity.feature.2d@2.0.1)
    com.unity.render-pipelines.universal@14.0.12 (location: /Users/ah/GitHub/hybridclr/hybridclr_demo_shadow/Library/PackageCache/com.unity.render-pipelines.universal@14.0.12)
    com.unity.ugui@1.0.0 (location: /Users/ah/GitHub/hybridclr/hybridclr_demo_shadow/Library/PackageCache/com.unity.ugui@1.0.0)
    com.unity.modules.ai@1.0.0 (location: /Users/ah/GitHub/hybridclr/hybridclr_demo_shadow/Library/PackageCache/com.unity.modules.ai@1.0.0)
    com.unity.modules.androidjni@1.0.0 (location: /Users/ah/GitHub/hybridclr/hybridclr_demo_shadow/Library/PackageCache/com.unity.modules.androidjni@1.0.0)
    com.unity.modules.animation@1.0.0 (location: /Users/ah/GitHub/hybridclr/hybridclr_demo_shadow/Library/PackageCache/com.unity.modules.animation@1.0.0)
    com.unity.modules.assetbundle@1.0.0 (location: /Users/ah/GitHub/hybridclr/hybridclr_demo_shadow/Library/PackageCache/com.unity.modules.assetbundle@1.0.0)
    com.unity.modules.audio@1.0.0 (location: /Users/ah/GitHub/hybridclr/hybridclr_demo_shadow/Library/PackageCache/com.unity.modules.audio@1.0.0)
    com.unity.modules.cloth@1.0.0 (location: /Users/ah/GitHub/hybridclr/hybridclr_demo_shadow/Library/PackageCache/com.unity.modules.cloth@1.0.0)
    com.unity.modules.director@1.0.0 (location: /Users/ah/GitHub/hybridclr/hybridclr_demo_shadow/Library/PackageCache/com.unity.modules.director@1.0.0)
    com.unity.modules.imageconversion@1.0.0 (location: /Users/ah/GitHub/hybridclr/hybridclr_demo_shadow/Library/PackageCache/com.unity.modules.imageconversion@1.0.0)
    com.unity.modules.imgui@1.0.0 (location: /Users/ah/GitHub/hybridclr/hybridclr_demo_shadow/Library/PackageCache/com.unity.modules.imgui@1.0.0)
    com.unity.modules.jsonserialize@1.0.0 (location: /Users/ah/GitHub/hybridclr/hybridclr_demo_shadow/Library/PackageCache/com.unity.modules.jsonserialize@1.0.0)
    com.unity.modules.particlesystem@1.0.0 (location: /Users/ah/GitHub/hybridclr/hybridclr_demo_shadow/Library/PackageCache/com.unity.modules.particlesystem@1.0.0)
    com.unity.modules.physics@1.0.0 (location: /Users/ah/GitHub/hybridclr/hybridclr_demo_shadow/Library/PackageCache/com.unity.modules.physics@1.0.0)
    com.unity.modules.physics2d@1.0.0 (location: /Users/ah/GitHub/hybridclr/hybridclr_demo_shadow/Library/PackageCache/com.unity.modules.physics2d@1.0.0)
    com.unity.modules.screencapture@1.0.0 (location: /Users/ah/GitHub/hybridclr/hybridclr_demo_shadow/Library/PackageCache/com.unity.modules.screencapture@1.0.0)
    com.unity.modules.terrain@1.0.0 (location: /Users/ah/GitHub/hybridclr/hybridclr_demo_shadow/Library/PackageCache/com.unity.modules.terrain@1.0.0)
    com.unity.modules.terrainphysics@1.0.0 (location: /Users/ah/GitHub/hybridclr/hybridclr_demo_shadow/Library/PackageCache/com.unity.modules.terrainphysics@1.0.0)
    com.unity.modules.tilemap@1.0.0 (location: /Users/ah/GitHub/hybridclr/hybridclr_demo_shadow/Library/PackageCache/com.unity.modules.tilemap@1.0.0)
    com.unity.modules.ui@1.0.0 (location: /Users/ah/GitHub/hybridclr/hybridclr_demo_shadow/Library/PackageCache/com.unity.modules.ui@1.0.0)
    com.unity.modules.uielements@1.0.0 (location: /Users/ah/GitHub/hybridclr/hybridclr_demo_shadow/Library/PackageCache/com.unity.modules.uielements@1.0.0)
    com.unity.modules.umbra@1.0.0 (location: /Users/ah/GitHub/hybridclr/hybridclr_demo_shadow/Library/PackageCache/com.unity.modules.umbra@1.0.0)
    com.unity.modules.unityanalytics@1.0.0 (location: /Users/ah/GitHub/hybridclr/hybridclr_demo_shadow/Library/PackageCache/com.unity.modules.unityanalytics@1.0.0)
    com.unity.modules.unitywebrequest@1.0.0 (location: /Users/ah/GitHub/hybridclr/hybridclr_demo_shadow/Library/PackageCache/com.unity.modules.unitywebrequest@1.0.0)
    com.unity.modules.unitywebrequestassetbundle@1.0.0 (location: /Users/ah/GitHub/hybridclr/hybridclr_demo_shadow/Library/PackageCache/com.unity.modules.unitywebrequestassetbundle@1.0.0)
    com.unity.modules.unitywebrequestaudio@1.0.0 (location: /Users/ah/GitHub/hybridclr/hybridclr_demo_shadow/Library/PackageCache/com.unity.modules.unitywebrequestaudio@1.0.0)
    com.unity.modules.unitywebrequesttexture@1.0.0 (location: /Users/ah/GitHub/hybridclr/hybridclr_demo_shadow/Library/PackageCache/com.unity.modules.unitywebrequesttexture@1.0.0)
    com.unity.modules.unitywebrequestwww@1.0.0 (location: /Users/ah/GitHub/hybridclr/hybridclr_demo_shadow/Library/PackageCache/com.unity.modules.unitywebrequestwww@1.0.0)
    com.unity.modules.vehicles@1.0.0 (location: /Users/ah/GitHub/hybridclr/hybridclr_demo_shadow/Library/PackageCache/com.unity.modules.vehicles@1.0.0)
    com.unity.modules.video@1.0.0 (location: /Users/ah/GitHub/hybridclr/hybridclr_demo_shadow/Library/PackageCache/com.unity.modules.video@1.0.0)
    com.unity.modules.vr@1.0.0 (location: /Users/ah/GitHub/hybridclr/hybridclr_demo_shadow/Library/PackageCache/com.unity.modules.vr@1.0.0)
    com.unity.modules.wind@1.0.0 (location: /Users/ah/GitHub/hybridclr/hybridclr_demo_shadow/Library/PackageCache/com.unity.modules.wind@1.0.0)
    com.unity.modules.xr@1.0.0 (location: /Users/ah/GitHub/hybridclr/hybridclr_demo_shadow/Library/PackageCache/com.unity.modules.xr@1.0.0)
    com.unity.modules.subsystems@1.0.0 (location: /Users/ah/GitHub/hybridclr/hybridclr_demo_shadow/Library/PackageCache/com.unity.modules.subsystems@1.0.0)
    com.unity.render-pipelines.core@14.0.12 (location: /Users/ah/GitHub/hybridclr/hybridclr_demo_shadow/Library/PackageCache/com.unity.render-pipelines.core@14.0.12)
    com.unity.shadergraph@14.0.12 (location: /Users/ah/GitHub/hybridclr/hybridclr_demo_shadow/Library/PackageCache/com.unity.shadergraph@14.0.12)
    com.unity.render-pipelines.universal-config@14.0.10 (location: /Users/ah/GitHub/hybridclr/hybridclr_demo_shadow/Library/PackageCache/com.unity.render-pipelines.universal-config@14.0.10)
    com.unity.2d.sprite@1.0.0 (location: /Users/ah/GitHub/hybridclr/hybridclr_demo_shadow/Library/PackageCache/com.unity.2d.sprite@1.0.0)
    com.unity.2d.tilemap@1.0.0 (location: /Users/ah/GitHub/hybridclr/hybridclr_demo_shadow/Library/PackageCache/com.unity.2d.tilemap@1.0.0)
  Embedded packages:
    com.coplaydev.unity-mcp@file:/Users/ah/GitHub/hybridclr/hybridclr_demo_shadow/Packages/com.coplaydev.unity-mcp (location: /Users/ah/GitHub/hybridclr/hybridclr_demo_shadow/Packages/com.coplaydev.unity-mcp)
  Local packages:
    com.code-philosophy.hybridclr@file:/Users/ah/GitHub/hybridclr/hybridclr_unity (location: /Users/ah/GitHub/hybridclr/hybridclr_unity)
[Subsystems] No new subsystems found in resolved package list.
Package Manager log level set to [2]
[Package Manager] Done registering packages in 0.15 seconds
Targeting platform: StandaloneOSX
Refreshing native plugins compatible for Editor in 18.71 ms, found 7 plugins.
Preloading 0 native plugins for Editor in 0.00 ms.
Initialize engine version: 2022.3.62f2 (7670c08855a9)
[Subsystems] Discovering subsystems at path /Applications/Unity/Hub/Editor/2022.3.62f2/Unity.app/Contents/Resources/UnitySubsystems
[Subsystems] Discovering subsystems at path /Users/ah/GitHub/hybridclr/hybridclr_demo_shadow/Assets
GfxDevice: creating device client; threaded=0; jobified=0
 preferred device: Apple M4 (high power)
Metal devices available: 1
0: Apple M4 (high power)
Using device Apple M4 (high power)
Initializing Metal device caps: Apple M4
[Licensing::Client] Successfully resolved entitlement details
Initialize mono
Mono path[0] = '/Applications/Unity/Hub/Editor/2022.3.62f2/Unity.app/Contents/Managed'
Mono path[1] = '/Applications/Unity/Hub/Editor/2022.3.62f2/Unity.app/Contents/MonoBleedingEdge/lib/mono/unityjit-macos'
Mono config path = '/Applications/Unity/Hub/Editor/2022.3.62f2/Unity.app/Contents/MonoBleedingEdge/etc'
Using monoOptions --debugger-agent=transport=dt_socket,embedding=1,server=y,suspend=n,address=127.0.0.1:56506
Using cacheserver namespaces - metadata:defaultmetadata, artifacts:defaultartifacts
Using cacheserver namespaces - metadata:defaultmetadata, artifacts:defaultartifacts
ImportWorker Server TCP listen port: 0
Begin MonoManager ReloadAssembly
Registering precompiled unity dll's ...
Register platform support module: /Applications/Unity/Hub/Editor/2022.3.62f2/Unity.app/Contents/PlaybackEngines/MacStandaloneSupport/UnityEditor.OSXStandalone.Extensions.dll
[Licensing::Client] Successfully resolved entitlement details
Register platform support module: /Applications/Unity/Hub/Editor/2022.3.62f2/PlaybackEngines/AndroidPlayer/UnityEditor.Android.Extensions.dll
[Licensing::Client] Successfully resolved entitlement details
Register platform support module: /Applications/Unity/Hub/Editor/2022.3.62f2/PlaybackEngines/iOSSupport/UnityEditor.iOS.Extensions.dll
Registered in 0.027692 seconds.
- Loaded All Assemblies, in  0.327 seconds
[usbmuxd] Start listen thread
[usbmuxd] Listen thread started
[usbmuxd] Send listen message
Native extension for iOS target not found
Native extension for Android target not found
Android Extension - Scanning For ADB Devices 182 ms
Native extension for OSXStandalone target not found
Mono: successfully reloaded assembly
- Finished resetting the current domain, in  0.466 seconds
Domain Reload Profiling: 794ms
	BeginReloadAssembly (93ms)
		ExecutionOrderSort (0ms)
		DisableScriptedObjects (0ms)
		BackupInstance (0ms)
		ReleaseScriptingObjects (0ms)
		CreateAndSetChildDomain (1ms)
	RebuildCommonClasses (29ms)
	RebuildNativeTypeToScriptingClass (10ms)
	initialDomainReloadingComplete (65ms)
	LoadAllAssembliesAndSetupDomain (131ms)
		LoadAssemblies (93ms)
		RebuildTransferFunctionScriptingTraits (0ms)
		AnalyzeDomain (128ms)
			TypeCache.Refresh (126ms)
				TypeCache.ScanAssembly (113ms)
			ScanForSourceGeneratedMonoScriptInfo (0ms)
			ResolveRequiredComponents (1ms)
	FinalizeReload (467ms)
		ReleaseScriptCaches (0ms)
		RebuildScriptCaches (0ms)
		SetupLoadedEditorAssemblies (429ms)
			LogAssemblyErrors (0ms)
			InitializePlatformSupportModulesInManaged (317ms)
			SetLoadedEditorAssemblies (4ms)
			RefreshPlugins (0ms)
			BeforeProcessingInitializeOnLoad (2ms)
			ProcessInitializeOnLoadAttributes (76ms)
			ProcessInitializeOnLoadMethodAttributes (30ms)
			AfterProcessingInitializeOnLoad (0ms)
			EditorAssembliesLoaded (0ms)
		ExecutionOrderSort2 (0ms)
		AwakeInstancesAfterBackupRestoration (0ms)
[Licensing::Client] Successfully resolved entitlement details
Application.AssetDatabase Initial Refresh Start
[40m[32minfo[39m[22m[49m: Microsoft.Hosting.Lifetime[14]
      Now listening on: http://unix:/tmp/ilpp.sock-6bfb419590cbbc64989d39d95a4e287a
[40m[32minfo[39m[22m[49m: Microsoft.Hosting.Lifetime[0]
      Application started. Press Ctrl+C to shut down.
[40m[32minfo[39m[22m[49m: Microsoft.Hosting.Lifetime[0]
      Hosting environment: Production
[40m[32minfo[39m[22m[49m: Microsoft.Hosting.Lifetime[0]
      Content root path: /Users/ah/GitHub/hybridclr/hybridclr_demo_shadow/
[40m[32minfo[39m[22m[49m: Microsoft.AspNetCore.Hosting.Diagnostics[1]
      Request starting HTTP/2 POST http://ilpp/UnityILPP.PostProcessing/Ping application/grpc -
[40m[32minfo[39m[22m[49m: Microsoft.AspNetCore.Routing.EndpointMiddleware[0]
      Executing endpoint 'gRPC - /UnityILPP.PostProcessing/Ping'
[40m[32minfo[39m[22m[49m: Microsoft.AspNetCore.Routing.EndpointMiddleware[1]
      Executed endpoint 'gRPC - /UnityILPP.PostProcessing/Ping'
[40m[32minfo[39m[22m[49m: Microsoft.AspNetCore.Hosting.Diagnostics[2]
      Request finished HTTP/2 POST http://ilpp/UnityILPP.PostProcessing/Ping application/grpc - - 200 - application/grpc 43.7094ms
Starting: /Applications/Unity/Hub/Editor/2022.3.62f2/Unity.app/Contents/bee_backend --ipc --defer-dag-verification --dagfile="Library/Bee/200b0aE.dag" --continue-on-failure --profile="Library/Bee/backend1.traceevents" ScriptAssemblies
WorkingDir: /Users/ah/GitHub/hybridclr/hybridclr_demo_shadow
ExitCode: 4 Duration: 0s15ms
[             ] Require frontend run.  Library/Bee/200b0aE.dag couldn't be loaded
DisplayProgressbar: Compiling Scripts
Starting: /Applications/Unity/Hub/Editor/2022.3.62f2/Unity.app/Contents/Tools/netcorerun/netcorerun "/Applications/Unity/Hub/Editor/2022.3.62f2/Unity.app/Contents/Tools/BuildPipeline/ScriptCompilationBuildProgram.exe" "Library/Bee/200b0aE.dag.json" "Library/Bee/200b0aE-inputdata.json" "Library/Bee/buildprogram0.traceevents"
WorkingDir: /Users/ah/GitHub/hybridclr/hybridclr_demo_shadow
ExitCode: 0 Duration: 0s945ms
Starting: /Applications/Unity/Hub/Editor/2022.3.62f2/Unity.app/Contents/bee_backend --ipc --defer-dag-verification --dagfile="Library/Bee/200b0aE.dag" --continue-on-failure --dagfilejson="Library/Bee/200b0aE.dag.json" --profile="Library/Bee/backend2.traceevents" ScriptAssemblies
WorkingDir: /Users/ah/GitHub/hybridclr/hybridclr_demo_shadow
[40m[32minfo[39m[22m[49m: Microsoft.AspNetCore.Hosting.Diagnostics[1]
      Request starting HTTP/2 POST http://ilpp/UnityILPP.PostProcessing/ConfigurePostProcessors application/grpc -
[40m[32minfo[39m[22m[49m: Microsoft.AspNetCore.Routing.EndpointMiddleware[0]
      Executing endpoint 'gRPC - /UnityILPP.PostProcessing/ConfigurePostProcessors'
[40m[1m[33mwarn[39m[22m[49m: Unity.ILPP.Runner.PostProcessingAssemblyLoadContext[0]
      Assembly unityeditor.ios.extensions.xcode has duplicate hint path. Ignoring "/Applications/Unity/Hub/Editor/2022.3.62f2/Unity.app/Contents/PlaybackEngines/MacStandaloneSupport/UnityEditor.iOS.Extensions.Xcode.dll" in favor of "/Applications/Unity/Hub/Editor/2022.3.62f2/PlaybackEngines/iOSSupport/UnityEditor.iOS.Extensions.Xcode.dll"
[40m[1m[33mwarn[39m[22m[49m: Unity.ILPP.Runner.PostProcessingAssemblyLoadContext[0]
      Assembly system.componentmodel.composition has duplicate hint path. Ignoring "/Applications/Unity/Hub/Editor/2022.3.62f2/Unity.app/Contents/NetStandard/compat/2.1.0/shims/netfx/System.ComponentModel.Composition.dll" in favor of "/Applications/Unity/Hub/Editor/2022.3.62f2/Unity.app/Contents/UnityReferenceAssemblies/unity-4.8-api/System.ComponentModel.Composition.dll"
[40m[1m[33mwarn[39m[22m[49m: Unity.ILPP.Runner.PostProcessingAssemblyLoadContext[0]
      Assembly system.runtime.interopservices.windowsruntime has duplicate hint path. Ignoring "/Applications/Unity/Hub/Editor/2022.3.62f2/Unity.app/Contents/NetStandard/Extensions/2.0.0/System.Runtime.InteropServices.WindowsRuntime.dll" in favor of "/Applications/Unity/Hub/Editor/2022.3.62f2/Unity.app/Contents/UnityReferenceAssemblies/unity-4.8-api/Facades/System.Runtime.InteropServices.WindowsRuntime.dll"
[40m[32minfo[39m[22m[49m: Unity.ILPP.Runner.PostProcessingAssemblyLoadContext[0]
      Resolved Unity.Burst.Cecil, Version=0.11.4.0, Culture=neutral, PublicKeyToken=50cebf1cceb9d05e with Library/PackageCache/com.unity.burst@1.8.21/Unity.Burst.CodeGen/Unity.Burst.Cecil.dll
[40m[32minfo[39m[22m[49m: Microsoft.AspNetCore.Routing.EndpointMiddleware[1]
      Executed endpoint 'gRPC - /UnityILPP.PostProcessing/ConfigurePostProcessors'
[40m[32minfo[39m[22m[49m: Microsoft.AspNetCore.Hosting.Diagnostics[2]
      Request finished HTTP/2 POST http://ilpp/UnityILPP.PostProcessing/ConfigurePostProcessors application/grpc - - 200 - application/grpc 34.5522ms
[40m[32minfo[39m[22m[49m: Microsoft.AspNetCore.Hosting.Diagnostics[1]
      Request starting HTTP/2 POST http://ilpp/UnityILPP.PostProcessing/PostProcessAssembly application/grpc -
[40m[32minfo[39m[22m[49m: Microsoft.AspNetCore.Routing.EndpointMiddleware[0]
      Executing endpoint 'gRPC - /UnityILPP.PostProcessing/PostProcessAssembly'
[40m[32minfo[39m[22m[49m: Microsoft.AspNetCore.Hosting.Diagnostics[1]
      Request starting HTTP/2 POST http://ilpp/UnityILPP.PostProcessing/PostProcessAssembly application/grpc -
[40m[32minfo[39m[22m[49m: Microsoft.AspNetCore.Routing.EndpointMiddleware[0]
      Executing endpoint 'gRPC - /UnityILPP.PostProcessing/PostProcessAssembly'
[40m[32minfo[39m[22m[49m: Microsoft.AspNetCore.Hosting.Diagnostics[1]
      Request starting HTTP/2 POST http://ilpp/UnityILPP.PostProcessing/PostProcessAssembly application/grpc -
[40m[32minfo[39m[22m[49m: Microsoft.AspNetCore.Routing.EndpointMiddleware[0]
      Executing endpoint 'gRPC - /UnityILPP.PostProcessing/PostProcessAssembly'
[40m[32minfo[39m[22m[49m: Unity.ILPP.Runner.PostProcessingPipeline[0]
      Processing assembly Library/Bee/artifacts/200b0aE.dag/AssemblyShadowDemo.ContractsConsumer.dll, with 117 defines and 141 references
[40m[32minfo[39m[22m[49m: Unity.ILPP.Runner.PostProcessingPipeline[0]
      processors: HybridCLR.AssemblyShadow.CodeGen.ReflectionBindingsILPostProcessor, zzzUnity.Burst.CodeGen.BurstILPostProcessor
[40m[32minfo[39m[22m[49m: Unity.ILPP.Runner.PostProcessingPipeline[0]
      Processing assembly Library/Bee/artifacts/200b0aE.dag/HybridCLR.Runtime.dll, with 117 defines and 229 references
[40m[32minfo[39m[22m[49m: Unity.ILPP.Runner.PostProcessingPipeline[0]
      processors: HybridCLR.AssemblyShadow.CodeGen.ReflectionBindingsILPostProcessor, zzzUnity.Burst.CodeGen.BurstILPostProcessor
[40m[32minfo[39m[22m[49m: Unity.ILPP.Runner.PostProcessingPipeline[0]
      running HybridCLR.AssemblyShadow.CodeGen.ReflectionBindingsILPostProcessor
[40m[32minfo[39m[22m[49m: Unity.ILPP.Runner.PostProcessingPipeline[0]
      running HybridCLR.AssemblyShadow.CodeGen.ReflectionBindingsILPostProcessor
[40m[32minfo[39m[22m[49m: Unity.ILPP.Runner.PostProcessingPipeline[0]
      running zzzUnity.Burst.CodeGen.BurstILPostProcessor
[40m[32minfo[39m[22m[49m: Unity.ILPP.Runner.PostProcessingPipeline[0]
      running zzzUnity.Burst.CodeGen.BurstILPostProcessor
[40m[32minfo[39m[22m[49m: Unity.ILPP.Runner.PostProcessingPipeline[0]
      Processing assembly Library/Bee/artifacts/200b0aE.dag/AssemblyA.Implementation.Extensibility.dll, with 117 defines and 230 references
[40m[32minfo[39m[22m[49m: Unity.ILPP.Runner.PostProcessingPipeline[0]
      processors: HybridCLR.AssemblyShadow.CodeGen.ReflectionBindingsILPostProcessor, zzzUnity.Burst.CodeGen.BurstILPostProcessor
[40m[32minfo[39m[22m[49m: Unity.ILPP.Runner.PostProcessingPipeline[0]
      running HybridCLR.AssemblyShadow.CodeGen.ReflectionBindingsILPostProcessor
[40m[32minfo[39m[22m[49m: Unity.ILPP.Runner.PostProcessingPipeline[0]
      running zzzUnity.Burst.CodeGen.BurstILPostProcessor
[40m[32minfo[39m[22m[49m: Microsoft.AspNetCore.Routing.EndpointMiddleware[1]
      Executed endpoint 'gRPC - /UnityILPP.PostProcessing/PostProcessAssembly'
[40m[32minfo[39m[22m[49m: Microsoft.AspNetCore.Hosting.Diagnostics[2]
      Request finished HTTP/2 POST http://ilpp/UnityILPP.PostProcessing/PostProcessAssembly application/grpc - - 200 - application/grpc 23.1237ms
[40m[32minfo[39m[22m[49m: Microsoft.AspNetCore.Routing.EndpointMiddleware[1]
      Executed endpoint 'gRPC - /UnityILPP.PostProcessing/PostProcessAssembly'
[40m[32minfo[39m[22m[49m: Microsoft.AspNetCore.Hosting.Diagnostics[2]
      Request finished HTTP/2 POST http://ilpp/UnityILPP.PostProcessing/PostProcessAssembly application/grpc - - 200 - application/grpc 31.6067ms
[40m[32minfo[39m[22m[49m: Microsoft.AspNetCore.Routing.EndpointMiddleware[1]
      Executed endpoint 'gRPC - /UnityILPP.PostProcessing/PostProcessAssembly'
[40m[32minfo[39m[22m[49m: Microsoft.AspNetCore.Hosting.Diagnostics[2]
      Request finished HTTP/2 POST http://ilpp/UnityILPP.PostProcessing/PostProcessAssembly application/grpc - - 200 - application/grpc 43.7127ms
[40m[32minfo[39m[22m[49m: Microsoft.AspNetCore.Hosting.Diagnostics[1]
      Request starting HTTP/2 POST http://ilpp/UnityILPP.PostProcessing/PostProcessAssembly application/grpc -
[40m[32minfo[39m[22m[49m: Microsoft.AspNetCore.Routing.EndpointMiddleware[0]
      Executing endpoint 'gRPC - /UnityILPP.PostProcessing/PostProcessAssembly'
[40m[32minfo[39m[22m[49m: Unity.ILPP.Runner.PostProcessingPipeline[0]
      Processing assembly Library/Bee/artifacts/200b0aE.dag/Unity.RenderPipelines.Universal.2D.Internal.dll, with 117 defines and 229 references
[40m[32minfo[39m[22m[49m: Unity.ILPP.Runner.PostProcessingPipeline[0]
      processors: HybridCLR.AssemblyShadow.CodeGen.ReflectionBindingsILPostProcessor, zzzUnity.Burst.CodeGen.BurstILPostProcessor
[40m[32minfo[39m[22m[49m: Unity.ILPP.Runner.PostProcessingPipeline[0]
      running HybridCLR.AssemblyShadow.CodeGen.ReflectionBindingsILPostProcessor
[40m[32minfo[39m[22m[49m: Unity.ILPP.Runner.PostProcessingPipeline[0]
      running zzzUnity.Burst.CodeGen.BurstILPostProcessor
[40m[32minfo[39m[22m[49m: Microsoft.AspNetCore.Routing.EndpointMiddleware[1]
      Executed endpoint 'gRPC - /UnityILPP.PostProcessing/PostProcessAssembly'
[40m[32minfo[39m[22m[49m: Microsoft.AspNetCore.Hosting.Diagnostics[2]
      Request finished HTTP/2 POST http://ilpp/UnityILPP.PostProcessing/PostProcessAssembly application/grpc - - 200 - application/grpc 22.0285ms
[40m[32minfo[39m[22m[49m: Microsoft.AspNetCore.Hosting.Diagnostics[1]
      Request starting HTTP/2 POST http://ilpp/UnityILPP.PostProcessing/PostProcessAssembly application/grpc -
[40m[32minfo[39m[22m[49m: Microsoft.AspNetCore.Routing.EndpointMiddleware[0]
      Executing endpoint 'gRPC - /UnityILPP.PostProcessing/PostProcessAssembly'
[40m[32minfo[39m[22m[49m: Microsoft.AspNetCore.Hosting.Diagnostics[1]
      Request starting HTTP/2 POST http://ilpp/UnityILPP.PostProcessing/PostProcessAssembly application/grpc -
[40m[32minfo[39m[22m[49m: Microsoft.AspNetCore.Routing.EndpointMiddleware[0]
      Executing endpoint 'gRPC - /UnityILPP.PostProcessing/PostProcessAssembly'
[40m[32minfo[39m[22m[49m: Unity.ILPP.Runner.PostProcessingPipeline[0]
      Processing assembly Library/Bee/artifacts/200b0aE.dag/AssemblyShadowDemo.M06RuntimeTests.dll, with 117 defines and 219 references
[40m[32minfo[39m[22m[49m: Unity.ILPP.Runner.PostProcessingPipeline[0]
      processors: HybridCLR.AssemblyShadow.CodeGen.ReflectionBindingsILPostProcessor, zzzUnity.Burst.CodeGen.BurstILPostProcessor
[40m[32minfo[39m[22m[49m: Unity.ILPP.Runner.PostProcessingPipeline[0]
      running HybridCLR.AssemblyShadow.CodeGen.ReflectionBindingsILPostProcessor
[40m[32minfo[39m[22m[49m: Unity.ILPP.Runner.PostProcessingPipeline[0]
      running zzzUnity.Burst.CodeGen.BurstILPostProcessor
[40m[32minfo[39m[22m[49m: Microsoft.AspNetCore.Routing.EndpointMiddleware[1]
      Executed endpoint 'gRPC - /UnityILPP.PostProcessing/PostProcessAssembly'
[40m[32minfo[39m[22m[49m: Microsoft.AspNetCore.Hosting.Diagnostics[2]
      Request finished HTTP/2 POST http://ilpp/UnityILPP.PostProcessing/PostProcessAssembly application/grpc - - 200 - application/grpc 1.2497ms
[40m[32minfo[39m[22m[49m: Unity.ILPP.Runner.PostProcessingPipeline[0]
      Processing assembly Library/Bee/artifacts/200b0aE.dag/AssemblyA.Contracts.dll, with 117 defines and 140 references
[40m[32minfo[39m[22m[49m: Unity.ILPP.Runner.PostProcessingPipeline[0]
      processors: HybridCLR.AssemblyShadow.CodeGen.ReflectionBindingsILPostProcessor, zzzUnity.Burst.CodeGen.BurstILPostProcessor
[40m[32minfo[39m[22m[49m: Unity.ILPP.Runner.PostProcessingPipeline[0]
      running HybridCLR.AssemblyShadow.CodeGen.ReflectionBindingsILPostProcessor
[40m[32minfo[39m[22m[49m: Unity.ILPP.Runner.PostProcessingPipeline[0]
      running zzzUnity.Burst.CodeGen.BurstILPostProcessor
[40m[32minfo[39m[22m[49m: Microsoft.AspNetCore.Routing.EndpointMiddleware[1]
      Executed endpoint 'gRPC - /UnityILPP.PostProcessing/PostProcessAssembly'
[40m[32minfo[39m[22m[49m: Microsoft.AspNetCore.Hosting.Diagnostics[2]
      Request finished HTTP/2 POST http://ilpp/UnityILPP.PostProcessing/PostProcessAssembly application/grpc - - 200 - application/grpc 13.2353ms
[40m[32minfo[39m[22m[49m: Microsoft.AspNetCore.Hosting.Diagnostics[1]
      Request starting HTTP/2 POST http://ilpp/UnityILPP.PostProcessing/PostProcessAssembly application/grpc -
[40m[32minfo[39m[22m[49m: Microsoft.AspNetCore.Routing.EndpointMiddleware[0]
      Executing endpoint 'gRPC - /UnityILPP.PostProcessing/PostProcessAssembly'
[40m[32minfo[39m[22m[49m: Unity.ILPP.Runner.PostProcessingPipeline[0]
      Processing assembly Library/Bee/artifacts/200b0aE.dag/AssemblyA.Implementation.Internal.dll, with 117 defines and 231 references
[40m[32minfo[39m[22m[49m: Unity.ILPP.Runner.PostProcessingPipeline[0]
      processors: HybridCLR.AssemblyShadow.CodeGen.ReflectionBindingsILPostProcessor, zzzUnity.Burst.CodeGen.BurstILPostProcessor
[40m[32minfo[39m[22m[49m: Unity.ILPP.Runner.PostProcessingPipeline[0]
      running HybridCLR.AssemblyShadow.CodeGen.ReflectionBindingsILPostProcessor
[40m[32minfo[39m[22m[49m: Unity.ILPP.Runner.PostProcessingPipeline[0]
      running zzzUnity.Burst.CodeGen.BurstILPostProcessor
[40m[32minfo[39m[22m[49m: Microsoft.AspNetCore.Routing.EndpointMiddleware[1]
      Executed endpoint 'gRPC - /UnityILPP.PostProcessing/PostProcessAssembly'
[40m[32minfo[39m[22m[49m: Microsoft.AspNetCore.Hosting.Diagnostics[2]
      Request finished HTTP/2 POST http://ilpp/UnityILPP.PostProcessing/PostProcessAssembly application/grpc - - 200 - application/grpc 3.4986ms
[40m[32minfo[39m[22m[49m: Microsoft.AspNetCore.Hosting.Diagnostics[1]
      Request starting HTTP/2 POST http://ilpp/UnityILPP.PostProcessing/PostProcessAssembly application/grpc -
[40m[32minfo[39m[22m[49m: Microsoft.AspNetCore.Routing.EndpointMiddleware[0]
      Executing endpoint 'gRPC - /UnityILPP.PostProcessing/PostProcessAssembly'
[40m[32minfo[39m[22m[49m: Microsoft.AspNetCore.Hosting.Diagnostics[1]
      Request starting HTTP/2 POST http://ilpp/UnityILPP.PostProcessing/PostProcessAssembly application/grpc -
[40m[32minfo[39m[22m[49m: Microsoft.AspNetCore.Routing.EndpointMiddleware[0]
      Executing endpoint 'gRPC - /UnityILPP.PostProcessing/PostProcessAssembly'
[40m[32minfo[39m[22m[49m: Unity.ILPP.Runner.PostProcessingPipeline[0]
      Processing assembly Library/Bee/artifacts/200b0aE.dag/AssemblyShadowBaseline.Aot.dll, with 117 defines and 230 references
[40m[32minfo[39m[22m[49m: Unity.ILPP.Runner.PostProcessingPipeline[0]
      processors: HybridCLR.AssemblyShadow.CodeGen.ReflectionBindingsILPostProcessor, zzzUnity.Burst.CodeGen.BurstILPostProcessor
[40m[32minfo[39m[22m[49m: Unity.ILPP.Runner.PostProcessingPipeline[0]
      Processing assembly Library/Bee/artifacts/200b0aE.dag/Unity.InternalAPIEngineBridge.001.dll, with 117 defines and 229 references
[40m[32minfo[39m[22m[49m: Unity.ILPP.Runner.PostProcessingPipeline[0]
      processors: HybridCLR.AssemblyShadow.CodeGen.ReflectionBindingsILPostProcessor, zzzUnity.Burst.CodeGen.BurstILPostProcessor
[40m[32minfo[39m[22m[49m: Unity.ILPP.Runner.PostProcessingPipeline[0]
      running HybridCLR.AssemblyShadow.CodeGen.ReflectionBindingsILPostProcessor
[40m[32minfo[39m[22m[49m: Unity.ILPP.Runner.PostProcessingPipeline[0]
      running zzzUnity.Burst.CodeGen.BurstILPostProcessor
[40m[32minfo[39m[22m[49m: Unity.ILPP.Runner.PostProcessingPipeline[0]
      running HybridCLR.AssemblyShadow.CodeGen.ReflectionBindingsILPostProcessor
[40m[32minfo[39m[22m[49m: Unity.ILPP.Runner.PostProcessingPipeline[0]
      running zzzUnity.Burst.CodeGen.BurstILPostProcessor
[40m[32minfo[39m[22m[49m: Microsoft.AspNetCore.Routing.EndpointMiddleware[1]
      Executed endpoint 'gRPC - /UnityILPP.PostProcessing/PostProcessAssembly'
[40m[32minfo[39m[22m[49m: Microsoft.AspNetCore.Hosting.Diagnostics[2]
      Request finished HTTP/2 POST http://ilpp/UnityILPP.PostProcessing/PostProcessAssembly application/grpc - - 200 - application/grpc 10.9963ms
[40m[32minfo[39m[22m[49m: Microsoft.AspNetCore.Hosting.Diagnostics[1]
      Request starting HTTP/2 POST http://ilpp/UnityILPP.PostProcessing/PostProcessAssembly application/grpc -
[40m[32minfo[39m[22m[49m: Microsoft.AspNetCore.Routing.EndpointMiddleware[0]
      Executing endpoint 'gRPC - /UnityILPP.PostProcessing/PostProcessAssembly'
[40m[32minfo[39m[22m[49m: Microsoft.AspNetCore.Routing.EndpointMiddleware[1]
      Executed endpoint 'gRPC - /UnityILPP.PostProcessing/PostProcessAssembly'
[40m[32minfo[39m[22m[49m: Microsoft.AspNetCore.Hosting.Diagnostics[2]
      Request finished HTTP/2 POST http://ilpp/UnityILPP.PostProcessing/PostProcessAssembly application/grpc - - 200 - application/grpc 13.1593ms
[40m[32minfo[39m[22m[49m: Unity.ILPP.Runner.PostProcessingPipeline[0]
      Processing assembly Library/Bee/artifacts/200b0aE.dag/Unity.RenderPipelines.Universal.Config.Runtime.dll, with 117 defines and 230 references
[40m[32minfo[39m[22m[49m: Unity.ILPP.Runner.PostProcessingPipeline[0]
      processors: HybridCLR.AssemblyShadow.CodeGen.ReflectionBindingsILPostProcessor, zzzUnity.Burst.CodeGen.BurstILPostProcessor
[40m[32minfo[39m[22m[49m: Unity.ILPP.Runner.PostProcessingPipeline[0]
      running HybridCLR.AssemblyShadow.CodeGen.ReflectionBindingsILPostProcessor
[40m[32minfo[39m[22m[49m: Unity.ILPP.Runner.PostProcessingPipeline[0]
      running zzzUnity.Burst.CodeGen.BurstILPostProcessor
[40m[32minfo[39m[22m[49m: Microsoft.AspNetCore.Routing.EndpointMiddleware[1]
      Executed endpoint 'gRPC - /UnityILPP.PostProcessing/PostProcessAssembly'
[40m[32minfo[39m[22m[49m: Microsoft.AspNetCore.Hosting.Diagnostics[2]
      Request finished HTTP/2 POST http://ilpp/UnityILPP.PostProcessing/PostProcessAssembly application/grpc - - 200 - application/grpc 10.3380ms
[40m[32minfo[39m[22m[49m: Microsoft.AspNetCore.Hosting.Diagnostics[1]
      Request starting HTTP/2 POST http://ilpp/UnityILPP.PostProcessing/PostProcessAssembly application/grpc -
[40m[32minfo[39m[22m[49m: Microsoft.AspNetCore.Routing.EndpointMiddleware[0]
      Executing endpoint 'gRPC - /UnityILPP.PostProcessing/PostProcessAssembly'
[40m[32minfo[39m[22m[49m: Unity.ILPP.Runner.PostProcessingPipeline[0]
      Processing assembly Library/Bee/artifacts/200b0aE.dag/Unity.VisualScripting.State.dll, with 117 defines and 231 references
[40m[32minfo[39m[22m[49m: Unity.ILPP.Runner.PostProcessingPipeline[0]
      processors: HybridCLR.AssemblyShadow.CodeGen.ReflectionBindingsILPostProcessor, zzzUnity.Burst.CodeGen.BurstILPostProcessor
[40m[32minfo[39m[22m[49m: Unity.ILPP.Runner.PostProcessingPipeline[0]
      running HybridCLR.AssemblyShadow.CodeGen.ReflectionBindingsILPostProcessor
[40m[32minfo[39m[22m[49m: Unity.ILPP.Runner.PostProcessingPipeline[0]
      running zzzUnity.Burst.CodeGen.BurstILPostProcessor
[40m[32minfo[39m[22m[49m: Microsoft.AspNetCore.Routing.EndpointMiddleware[1]
      Executed endpoint 'gRPC - /UnityILPP.PostProcessing/PostProcessAssembly'
[40m[32minfo[39m[22m[49m: Microsoft.AspNetCore.Hosting.Diagnostics[2]
      Request finished HTTP/2 POST http://ilpp/UnityILPP.PostProcessing/PostProcessAssembly application/grpc - - 200 - application/grpc 14.2395ms
[40m[32minfo[39m[22m[49m: Microsoft.AspNetCore.Hosting.Diagnostics[1]
      Request starting HTTP/2 POST http://ilpp/UnityILPP.PostProcessing/PostProcessAssembly application/grpc -
[40m[32minfo[39m[22m[49m: Microsoft.AspNetCore.Routing.EndpointMiddleware[0]
      Executing endpoint 'gRPC - /UnityILPP.PostProcessing/PostProcessAssembly'
[40m[32minfo[39m[22m[49m: Microsoft.AspNetCore.Hosting.Diagnostics[1]
      Request starting HTTP/2 POST http://ilpp/UnityILPP.PostProcessing/PostProcessAssembly application/grpc -
[40m[32minfo[39m[22m[49m: Microsoft.AspNetCore.Routing.EndpointMiddleware[0]
      Executing endpoint 'gRPC - /UnityILPP.PostProcessing/PostProcessAssembly'
[40m[32minfo[39m[22m[49m: Microsoft.AspNetCore.Hosting.Diagnostics[1]
      Request starting HTTP/2 POST http://ilpp/UnityILPP.PostProcessing/PostProcessAssembly application/grpc -
[40m[32minfo[39m[22m[49m: Microsoft.AspNetCore.Routing.EndpointMiddleware[0]
      Executing endpoint 'gRPC - /UnityILPP.PostProcessing/PostProcessAssembly'
[40m[32minfo[39m[22m[49m: Unity.ILPP.Runner.PostProcessingPipeline[0]
      Processing assembly Library/Bee/artifacts/200b0aE.dag/Unity.VisualScripting.Core.dll, with 120 defines and 229 references
[40m[32minfo[39m[22m[49m: Unity.ILPP.Runner.PostProcessingPipeline[0]
      processors: HybridCLR.AssemblyShadow.CodeGen.ReflectionBindingsILPostProcessor, zzzUnity.Burst.CodeGen.BurstILPostProcessor
[40m[32minfo[39m[22m[49m: Unity.ILPP.Runner.PostProcessingPipeline[0]
      Processing assembly Library/Bee/artifacts/200b0aE.dag/Unity.2D.IK.Runtime.dll, with 117 defines and 230 references
[40m[32minfo[39m[22m[49m: Unity.ILPP.Runner.PostProcessingPipeline[0]
      processors: HybridCLR.AssemblyShadow.CodeGen.ReflectionBindingsILPostProcessor, zzzUnity.Burst.CodeGen.BurstILPostProcessor
[40m[32minfo[39m[22m[49m: Unity.ILPP.Runner.PostProcessingPipeline[0]
      running HybridCLR.AssemblyShadow.CodeGen.ReflectionBindingsILPostProcessor
[40m[32minfo[39m[22m[49m: Unity.ILPP.Runner.PostProcessingPipeline[0]
      running zzzUnity.Burst.CodeGen.BurstILPostProcessor
[40m[32minfo[39m[22m[49m: Unity.ILPP.Runner.PostProcessingPipeline[0]
      running HybridCLR.AssemblyShadow.CodeGen.ReflectionBindingsILPostProcessor
[40m[32minfo[39m[22m[49m: Unity.ILPP.Runner.PostProcessingPipeline[0]
      running zzzUnity.Burst.CodeGen.BurstILPostProcessor
[40m[32minfo[39m[22m[49m: Microsoft.AspNetCore.Routing.EndpointMiddleware[1]
      Executed endpoint 'gRPC - /UnityILPP.PostProcessing/PostProcessAssembly'
[40m[32minfo[39m[22m[49m: Microsoft.AspNetCore.Hosting.Diagnostics[2]
      Request finished HTTP/2 POST http://ilpp/UnityILPP.PostProcessing/PostProcessAssembly application/grpc - - 200 - application/grpc 21.8827ms
[40m[32minfo[39m[22m[49m: Microsoft.AspNetCore.Routing.EndpointMiddleware[1]
      Executed endpoint 'gRPC - /UnityILPP.PostProcessing/PostProcessAssembly'
[40m[32minfo[39m[22m[49m: Unity.ILPP.Runner.PostProcessingPipeline[0]
      Processing assembly Library/Bee/artifacts/200b0aE.dag/Assembly-CSharp.dll, with 117 defines and 275 references
[40m[32minfo[39m[22m[49m: Unity.ILPP.Runner.PostProcessingPipeline[0]
      processors: HybridCLR.AssemblyShadow.CodeGen.ReflectionBindingsILPostProcessor, zzzUnity.Burst.CodeGen.BurstILPostProcessor
[40m[32minfo[39m[22m[49m: Microsoft.AspNetCore.Hosting.Diagnostics[2]
      Request finished HTTP/2 POST http://ilpp/UnityILPP.PostProcessing/PostProcessAssembly application/grpc - - 200 - application/grpc 11.7187ms
[40m[32minfo[39m[22m[49m: Unity.ILPP.Runner.PostProcessingPipeline[0]
      running HybridCLR.AssemblyShadow.CodeGen.ReflectionBindingsILPostProcessor
[40m[32minfo[39m[22m[49m: Unity.ILPP.Runner.PostProcessingPipeline[0]
      running zzzUnity.Burst.CodeGen.BurstILPostProcessor
[40m[32minfo[39m[22m[49m: Microsoft.AspNetCore.Hosting.Diagnostics[1]
      Request starting HTTP/2 POST http://ilpp/UnityILPP.PostProcessing/PostProcessAssembly application/grpc -
[40m[32minfo[39m[22m[49m: Microsoft.AspNetCore.Routing.EndpointMiddleware[0]
      Executing endpoint 'gRPC - /UnityILPP.PostProcessing/PostProcessAssembly'
[40m[32minfo[39m[22m[49m: Microsoft.AspNetCore.Hosting.Diagnostics[1]
      Request starting HTTP/2 POST http://ilpp/UnityILPP.PostProcessing/PostProcessAssembly application/grpc -
[40m[32minfo[39m[22m[49m: Microsoft.AspNetCore.Routing.EndpointMiddleware[0]
      Executing endpoint 'gRPC - /UnityILPP.PostProcessing/PostProcessAssembly'
[40m[32minfo[39m[22m[49m: Unity.ILPP.Runner.PostProcessingPipeline[0]
      Processing assembly Library/Bee/artifacts/200b0aE.dag/Unity.RenderPipelines.Universal.Runtime.dll, with 122 defines and 235 references
[40m[32minfo[39m[22m[49m: Unity.ILPP.Runner.PostProcessingPipeline[0]
      processors: HybridCLR.AssemblyShadow.CodeGen.ReflectionBindingsILPostProcessor, zzzUnity.Burst.CodeGen.BurstILPostProcessor
[40m[32minfo[39m[22m[49m: Unity.ILPP.Runner.PostProcessingPipeline[0]
      running HybridCLR.AssemblyShadow.CodeGen.ReflectionBindingsILPostProcessor
[40m[32minfo[39m[22m[49m: Unity.ILPP.Runner.PostProcessingPipeline[0]
      running zzzUnity.Burst.CodeGen.BurstILPostProcessor
[40m[32minfo[39m[22m[49m: Unity.ILPP.Runner.PostProcessingPipeline[0]
      Processing assembly Library/Bee/artifacts/200b0aE.dag/Unity.Timeline.dll, with 118 defines and 229 references
[40m[32minfo[39m[22m[49m: Unity.ILPP.Runner.PostProcessingPipeline[0]
      processors: HybridCLR.AssemblyShadow.CodeGen.ReflectionBindingsILPostProcessor, zzzUnity.Burst.CodeGen.BurstILPostProcessor
[40m[32minfo[39m[22m[49m: Unity.ILPP.Runner.PostProcessingPipeline[0]
      running HybridCLR.AssemblyShadow.CodeGen.ReflectionBindingsILPostProcessor
[40m[32minfo[39m[22m[49m: Unity.ILPP.Runner.PostProcessingPipeline[0]
      running zzzUnity.Burst.CodeGen.BurstILPostProcessor
[40m[32minfo[39m[22m[49m: Microsoft.AspNetCore.Routing.EndpointMiddleware[1]
      Executed endpoint 'gRPC - /UnityILPP.PostProcessing/PostProcessAssembly'
[40m[32minfo[39m[22m[49m: Microsoft.AspNetCore.Hosting.Diagnostics[2]
      Request finished HTTP/2 POST http://ilpp/UnityILPP.PostProcessing/PostProcessAssembly application/grpc - - 200 - application/grpc 15.7077ms
[40m[32minfo[39m[22m[49m: Microsoft.AspNetCore.Hosting.Diagnostics[1]
      Request starting HTTP/2 POST http://ilpp/UnityILPP.PostProcessing/PostProcessAssembly application/grpc -
[40m[32minfo[39m[22m[49m: Microsoft.AspNetCore.Routing.EndpointMiddleware[0]
      Executing endpoint 'gRPC - /UnityILPP.PostProcessing/PostProcessAssembly'
[40m[32minfo[39m[22m[49m: Microsoft.AspNetCore.Hosting.Diagnostics[1]
      Request starting HTTP/2 POST http://ilpp/UnityILPP.PostProcessing/PostProcessAssembly application/grpc -
[40m[32minfo[39m[22m[49m: Microsoft.AspNetCore.Routing.EndpointMiddleware[0]
      Executing endpoint 'gRPC - /UnityILPP.PostProcessing/PostProcessAssembly'
[40m[32minfo[39m[22m[49m: Unity.ILPP.Runner.PostProcessingPipeline[0]
      Processing assembly Library/Bee/artifacts/200b0aE.dag/Unity.RenderPipelines.Core.Runtime.dll, with 119 defines and 229 references
[40m[32minfo[39m[22m[49m: Unity.ILPP.Runner.PostProcessingPipeline[0]
      processors: HybridCLR.AssemblyShadow.CodeGen.ReflectionBindingsILPostProcessor, zzzUnity.Burst.CodeGen.BurstILPostProcessor
[40m[32minfo[39m[22m[49m: Unity.ILPP.Runner.PostProcessingPipeline[0]
      running HybridCLR.AssemblyShadow.CodeGen.ReflectionBindingsILPostProcessor
[40m[32minfo[39m[22m[49m: Unity.ILPP.Runner.PostProcessingPipeline[0]
      running zzzUnity.Burst.CodeGen.BurstILPostProcessor
[40m[32minfo[39m[22m[49m: Microsoft.AspNetCore.Routing.EndpointMiddleware[1]
      Executed endpoint 'gRPC - /UnityILPP.PostProcessing/PostProcessAssembly'
[40m[32minfo[39m[22m[49m: Microsoft.AspNetCore.Hosting.Diagnostics[2]
      Request finished HTTP/2 POST http://ilpp/UnityILPP.PostProcessing/PostProcessAssembly application/grpc - - 200 - application/grpc 5.9505ms
[40m[32minfo[39m[22m[49m: Unity.ILPP.Runner.PostProcessingPipeline[0]
      Processing assembly Library/Bee/artifacts/200b0aE.dag/Unity.2D.SpriteShape.Runtime.dll, with 118 defines and 232 references
[40m[32minfo[39m[22m[49m: Unity.ILPP.Runner.PostProcessingPipeline[0]
      processors: HybridCLR.AssemblyShadow.CodeGen.ReflectionBindingsILPostProcessor, zzzUnity.Burst.CodeGen.BurstILPostProcessor
[40m[32minfo[39m[22m[49m: Unity.ILPP.Runner.PostProcessingPipeline[0]
      running HybridCLR.AssemblyShadow.CodeGen.ReflectionBindingsILPostProcessor
[40m[32minfo[39m[22m[49m: Unity.ILPP.Runner.PostProcessingPipeline[0]
      running zzzUnity.Burst.CodeGen.BurstILPostProcessor
[40m[32minfo[39m[22m[49m: Microsoft.AspNetCore.Hosting.Diagnostics[1]
      Request starting HTTP/2 POST http://ilpp/UnityILPP.PostProcessing/PostProcessAssembly application/grpc -
[40m[32minfo[39m[22m[49m: Microsoft.AspNetCore.Routing.EndpointMiddleware[0]
      Executing endpoint 'gRPC - /UnityILPP.PostProcessing/PostProcessAssembly'
[40m[32minfo[39m[22m[49m: Unity.ILPP.Runner.PostProcessingPipeline[0]
      Processing assembly Library/Bee/artifacts/200b0aE.dag/Unity.RenderPipelines.ShaderGraph.ShaderGraphLibrary.dll, with 117 defines and 229 references
[40m[32minfo[39m[22m[49m: Unity.ILPP.Runner.PostProcessingPipeline[0]
      processors: HybridCLR.AssemblyShadow.CodeGen.ReflectionBindingsILPostProcessor, zzzUnity.Burst.CodeGen.BurstILPostProcessor
[40m[32minfo[39m[22m[49m: Unity.ILPP.Runner.PostProcessingPipeline[0]
      running HybridCLR.AssemblyShadow.CodeGen.ReflectionBindingsILPostProcessor
[40m[32minfo[39m[22m[49m: Unity.ILPP.Runner.PostProcessingPipeline[0]
      running zzzUnity.Burst.CodeGen.BurstILPostProcessor
[40m[32minfo[39m[22m[49m: Microsoft.AspNetCore.Routing.EndpointMiddleware[1]
      Executed endpoint 'gRPC - /UnityILPP.PostProcessing/PostProcessAssembly'
[40m[32minfo[39m[22m[49m: Microsoft.AspNetCore.Hosting.Diagnostics[2]
      Request finished HTTP/2 POST http://ilpp/UnityILPP.PostProcessing/PostProcessAssembly application/grpc - - 200 - application/grpc 14.0006ms
[40m[32minfo[39m[22m[49m: Unity.ILPP.Runner.PostProcessingAssemblyLoadContext[0]
      Resolved Unity.Burst.Cecil.Rocks, Version=0.11.4.0, Culture=neutral, PublicKeyToken=50cebf1cceb9d05e with Library/PackageCache/com.unity.burst@1.8.21/Unity.Burst.CodeGen/Unity.Burst.Cecil.Rocks.dll
[40m[32minfo[39m[22m[49m: Microsoft.AspNetCore.Routing.EndpointMiddleware[1]
      Executed endpoint 'gRPC - /UnityILPP.PostProcessing/PostProcessAssembly'
[40m[32minfo[39m[22m[49m: Microsoft.AspNetCore.Hosting.Diagnostics[2]
      Request finished HTTP/2 POST http://ilpp/UnityILPP.PostProcessing/PostProcessAssembly application/grpc - - 200 - application/grpc 244.5157ms
[40m[32minfo[39m[22m[49m: Microsoft.AspNetCore.Hosting.Diagnostics[1]
      Request starting HTTP/2 POST http://ilpp/UnityILPP.PostProcessing/PostProcessAssembly application/grpc -
[40m[32minfo[39m[22m[49m: Microsoft.AspNetCore.Routing.EndpointMiddleware[0]
      Executing endpoint 'gRPC - /UnityILPP.PostProcessing/PostProcessAssembly'
[40m[32minfo[39m[22m[49m: Microsoft.AspNetCore.Hosting.Diagnostics[1]
      Request starting HTTP/2 POST http://ilpp/UnityILPP.PostProcessing/PostProcessAssembly application/grpc -
[40m[32minfo[39m[22m[49m: Microsoft.AspNetCore.Routing.EndpointMiddleware[0]
      Executing endpoint 'gRPC - /UnityILPP.PostProcessing/PostProcessAssembly'
[40m[32minfo[39m[22m[49m: Unity.ILPP.Runner.PostProcessingPipeline[0]
      Processing assembly Library/Bee/artifacts/200b0aE.dag/Unity.Mathematics.dll, with 117 defines and 229 references
[40m[32minfo[39m[22m[49m: Unity.ILPP.Runner.PostProcessingPipeline[0]
      processors: HybridCLR.AssemblyShadow.CodeGen.ReflectionBindingsILPostProcessor, zzzUnity.Burst.CodeGen.BurstILPostProcessor
[40m[32minfo[39m[22m[49m: Microsoft.AspNetCore.Hosting.Diagnostics[1]
      Request starting HTTP/2 POST http://ilpp/UnityILPP.PostProcessing/PostProcessAssembly application/grpc -
[40m[32minfo[39m[22m[49m: Microsoft.AspNetCore.Routing.EndpointMiddleware[0]
      Executing endpoint 'gRPC - /UnityILPP.PostProcessing/PostProcessAssembly'
[40m[32minfo[39m[22m[49m: Unity.ILPP.Runner.PostProcessingPipeline[0]
      Processing assembly Library/Bee/artifacts/200b0aE.dag/Unity.RenderPipeline.Universal.ShaderLibrary.dll, with 117 defines and 230 references
[40m[32minfo[39m[22m[49m: Unity.ILPP.Runner.PostProcessingPipeline[0]
      processors: HybridCLR.AssemblyShadow.CodeGen.ReflectionBindingsILPostProcessor, zzzUnity.Burst.CodeGen.BurstILPostProcessor
[40m[32minfo[39m[22m[49m: Unity.ILPP.Runner.PostProcessingPipeline[0]
      running HybridCLR.AssemblyShadow.CodeGen.ReflectionBindingsILPostProcessor
[40m[32minfo[39m[22m[49m: Unity.ILPP.Runner.PostProcessingPipeline[0]
      running zzzUnity.Burst.CodeGen.BurstILPostProcessor
[40m[32minfo[39m[22m[49m: Unity.ILPP.Runner.PostProcessingPipeline[0]
      running HybridCLR.AssemblyShadow.CodeGen.ReflectionBindingsILPostProcessor
[40m[32minfo[39m[22m[49m: Unity.ILPP.Runner.PostProcessingPipeline[0]
      running zzzUnity.Burst.CodeGen.BurstILPostProcessor
[40m[32minfo[39m[22m[49m: Microsoft.AspNetCore.Routing.EndpointMiddleware[1]
      Executed endpoint 'gRPC - /UnityILPP.PostProcessing/PostProcessAssembly'
[40m[32minfo[39m[22m[49m: Microsoft.AspNetCore.Hosting.Diagnostics[2]
      Request finished HTTP/2 POST http://ilpp/UnityILPP.PostProcessing/PostProcessAssembly application/grpc - - 200 - application/grpc 28.4085ms
[40m[32minfo[39m[22m[49m: Microsoft.AspNetCore.Routing.EndpointMiddleware[1]
      Executed endpoint 'gRPC - /UnityILPP.PostProcessing/PostProcessAssembly'
[40m[32minfo[39m[22m[49m: Microsoft.AspNetCore.Hosting.Diagnostics[2]
      Request finished HTTP/2 POST http://ilpp/UnityILPP.PostProcessing/PostProcessAssembly application/grpc - - 200 - application/grpc 46.5838ms
[40m[32minfo[39m[22m[49m: Microsoft.AspNetCore.Routing.EndpointMiddleware[1]
      Executed endpoint 'gRPC - /UnityILPP.PostProcessing/PostProcessAssembly'
[40m[32minfo[39m[22m[49m: Unity.ILPP.Runner.PostProcessingPipeline[0]
      Processing assembly Library/Bee/artifacts/200b0aE.dag/Unity.2D.PixelPerfect.dll, with 118 defines and 229 references
[40m[32minfo[39m[22m[49m: Microsoft.AspNetCore.Hosting.Diagnostics[2]
      Request finished HTTP/2 POST http://ilpp/UnityILPP.PostProcessing/PostProcessAssembly application/grpc - - 200 - application/grpc 231.4942ms
[40m[32minfo[39m[22m[49m: Unity.ILPP.Runner.PostProcessingPipeline[0]
      processors: HybridCLR.AssemblyShadow.CodeGen.ReflectionBindingsILPostProcessor, zzzUnity.Burst.CodeGen.BurstILPostProcessor
[40m[32minfo[39m[22m[49m: Unity.ILPP.Runner.PostProcessingPipeline[0]
      running HybridCLR.AssemblyShadow.CodeGen.ReflectionBindingsILPostProcessor
[40m[32minfo[39m[22m[49m: Unity.ILPP.Runner.PostProcessingPipeline[0]
      running zzzUnity.Burst.CodeGen.BurstILPostProcessor
[40m[32minfo[39m[22m[49m: Microsoft.AspNetCore.Routing.EndpointMiddleware[1]
      Executed endpoint 'gRPC - /UnityILPP.PostProcessing/PostProcessAssembly'
[40m[32minfo[39m[22m[49m: Microsoft.AspNetCore.Hosting.Diagnostics[2]
      Request finished HTTP/2 POST http://ilpp/UnityILPP.PostProcessing/PostProcessAssembly application/grpc - - 200 - application/grpc 17.2224ms
[40m[32minfo[39m[22m[49m: Microsoft.AspNetCore.Hosting.Diagnostics[1]
      Request starting HTTP/2 POST http://ilpp/UnityILPP.PostProcessing/PostProcessAssembly application/grpc -
[40m[32minfo[39m[22m[49m: Microsoft.AspNetCore.Routing.EndpointMiddleware[0]
      Executing endpoint 'gRPC - /UnityILPP.PostProcessing/PostProcessAssembly'
[40m[32minfo[39m[22m[49m: Unity.ILPP.Runner.PostProcessingPipeline[0]
      Processing assembly Library/Bee/artifacts/200b0aE.dag/AssemblyShadowBaseline.HotUpdate.dll, with 117 defines and 140 references
[40m[32minfo[39m[22m[49m: Unity.ILPP.Runner.PostProcessingPipeline[0]
      processors: HybridCLR.AssemblyShadow.CodeGen.ReflectionBindingsILPostProcessor, zzzUnity.Burst.CodeGen.BurstILPostProcessor
[40m[32minfo[39m[22m[49m: Unity.ILPP.Runner.PostProcessingPipeline[0]
      running HybridCLR.AssemblyShadow.CodeGen.ReflectionBindingsILPostProcessor
[40m[32minfo[39m[22m[49m: Unity.ILPP.Runner.PostProcessingPipeline[0]
      running zzzUnity.Burst.CodeGen.BurstILPostProcessor
[40m[32minfo[39m[22m[49m: Microsoft.AspNetCore.Routing.EndpointMiddleware[1]
      Executed endpoint 'gRPC - /UnityILPP.PostProcessing/PostProcessAssembly'
[40m[32minfo[39m[22m[49m: Microsoft.AspNetCore.Hosting.Diagnostics[2]
      Request finished HTTP/2 POST http://ilpp/UnityILPP.PostProcessing/PostProcessAssembly application/grpc - - 200 - application/grpc 3.9208ms
[40m[32minfo[39m[22m[49m: Microsoft.AspNetCore.Hosting.Diagnostics[1]
      Request starting HTTP/2 POST http://ilpp/UnityILPP.PostProcessing/PostProcessAssembly application/grpc -
[40m[32minfo[39m[22m[49m: Microsoft.AspNetCore.Routing.EndpointMiddleware[0]
      Executing endpoint 'gRPC - /UnityILPP.PostProcessing/PostProcessAssembly'
[40m[32minfo[39m[22m[49m: Unity.ILPP.Runner.PostProcessingPipeline[0]
      Processing assembly Library/Bee/artifacts/200b0aE.dag/AssemblyShadowDemo.Bootstrap.dll, with 117 defines and 232 references
[40m[32minfo[39m[22m[49m: Unity.ILPP.Runner.PostProcessingPipeline[0]
      processors: HybridCLR.AssemblyShadow.CodeGen.ReflectionBindingsILPostProcessor, zzzUnity.Burst.CodeGen.BurstILPostProcessor
[40m[32minfo[39m[22m[49m: Unity.ILPP.Runner.PostProcessingPipeline[0]
      running HybridCLR.AssemblyShadow.CodeGen.ReflectionBindingsILPostProcessor
[40m[32minfo[39m[22m[49m: Unity.ILPP.Runner.PostProcessingPipeline[0]
      running zzzUnity.Burst.CodeGen.BurstILPostProcessor
[40m[32minfo[39m[22m[49m: Microsoft.AspNetCore.Routing.EndpointMiddleware[1]
      Executed endpoint 'gRPC - /UnityILPP.PostProcessing/PostProcessAssembly'
[40m[32minfo[39m[22m[49m: Microsoft.AspNetCore.Hosting.Diagnostics[2]
      Request finished HTTP/2 POST http://ilpp/UnityILPP.PostProcessing/PostProcessAssembly application/grpc - - 200 - application/grpc 5.6927ms
[40m[32minfo[39m[22m[49m: Microsoft.AspNetCore.Hosting.Diagnostics[1]
      Request starting HTTP/2 POST http://ilpp/UnityILPP.PostProcessing/PostProcessAssembly application/grpc -
[40m[32minfo[39m[22m[49m: Microsoft.AspNetCore.Routing.EndpointMiddleware[0]
      Executing endpoint 'gRPC - /UnityILPP.PostProcessing/PostProcessAssembly'
[40m[32minfo[39m[22m[49m: Unity.ILPP.Runner.PostProcessingPipeline[0]
      Processing assembly Library/Bee/artifacts/200b0aE.dag/AssemblyShadowDemo.ExtensibilityConsumer.dll, with 117 defines and 231 references
[40m[32minfo[39m[22m[49m: Unity.ILPP.Runner.PostProcessingPipeline[0]
      processors: HybridCLR.AssemblyShadow.CodeGen.ReflectionBindingsILPostProcessor, zzzUnity.Burst.CodeGen.BurstILPostProcessor
[40m[32minfo[39m[22m[49m: Unity.ILPP.Runner.PostProcessingPipeline[0]
      running HybridCLR.AssemblyShadow.CodeGen.ReflectionBindingsILPostProcessor
[40m[32minfo[39m[22m[49m: Unity.ILPP.Runner.PostProcessingPipeline[0]
      running zzzUnity.Burst.CodeGen.BurstILPostProcessor
[40m[32minfo[39m[22m[49m: Microsoft.AspNetCore.Routing.EndpointMiddleware[1]
      Executed endpoint 'gRPC - /UnityILPP.PostProcessing/PostProcessAssembly'
[40m[32minfo[39m[22m[49m: Microsoft.AspNetCore.Hosting.Diagnostics[2]
      Request finished HTTP/2 POST http://ilpp/UnityILPP.PostProcessing/PostProcessAssembly application/grpc - - 200 - application/grpc 2.2568ms
[40m[32minfo[39m[22m[49m: Microsoft.AspNetCore.Hosting.Diagnostics[1]
      Request starting HTTP/2 POST http://ilpp/UnityILPP.PostProcessing/PostProcessAssembly application/grpc -
[40m[32minfo[39m[22m[49m: Microsoft.AspNetCore.Routing.EndpointMiddleware[0]
      Executing endpoint 'gRPC - /UnityILPP.PostProcessing/PostProcessAssembly'
[40m[32minfo[39m[22m[49m: Unity.ILPP.Runner.PostProcessingPipeline[0]
      Processing assembly Library/Bee/artifacts/200b0aE.dag/Unity.2D.Common.Runtime.dll, with 117 defines and 230 references
[40m[32minfo[39m[22m[49m: Unity.ILPP.Runner.PostProcessingPipeline[0]
      processors: HybridCLR.AssemblyShadow.CodeGen.ReflectionBindingsILPostProcessor, zzzUnity.Burst.CodeGen.BurstILPostProcessor
[40m[32minfo[39m[22m[49m: Unity.ILPP.Runner.PostProcessingPipeline[0]
      running HybridCLR.AssemblyShadow.CodeGen.ReflectionBindingsILPostProcessor
[40m[32minfo[39m[22m[49m: Unity.ILPP.Runner.PostProcessingPipeline[0]
      running zzzUnity.Burst.CodeGen.BurstILPostProcessor
[40m[32minfo[39m[22m[49m: Microsoft.AspNetCore.Routing.EndpointMiddleware[1]
      Executed endpoint 'gRPC - /UnityILPP.PostProcessing/PostProcessAssembly'
[40m[32minfo[39m[22m[49m: Microsoft.AspNetCore.Hosting.Diagnostics[2]
      Request finished HTTP/2 POST http://ilpp/UnityILPP.PostProcessing/PostProcessAssembly application/grpc - - 200 - application/grpc 1.2609ms
[40m[32minfo[39m[22m[49m: Microsoft.AspNetCore.Hosting.Diagnostics[1]
      Request starting HTTP/2 POST http://ilpp/UnityILPP.PostProcessing/PostProcessAssembly application/grpc -
[40m[32minfo[39m[22m[49m: Microsoft.AspNetCore.Routing.EndpointMiddleware[0]
      Executing endpoint 'gRPC - /UnityILPP.PostProcessing/PostProcessAssembly'
[40m[32minfo[39m[22m[49m: Microsoft.AspNetCore.Routing.EndpointMiddleware[1]
      Executed endpoint 'gRPC - /UnityILPP.PostProcessing/PostProcessAssembly'
[40m[32minfo[39m[22m[49m: Microsoft.AspNetCore.Hosting.Diagnostics[2]
      Request finished HTTP/2 POST http://ilpp/UnityILPP.PostProcessing/PostProcessAssembly application/grpc - - 200 - application/grpc 409.0813ms
[40m[32minfo[39m[22m[49m: Unity.ILPP.Runner.PostProcessingPipeline[0]
      Processing assembly Library/Bee/artifacts/200b0aE.dag/Unity.2D.Animation.Runtime.dll, with 117 defines and 234 references
[40m[32minfo[39m[22m[49m: Unity.ILPP.Runner.PostProcessingPipeline[0]
      processors: HybridCLR.AssemblyShadow.CodeGen.ReflectionBindingsILPostProcessor, zzzUnity.Burst.CodeGen.BurstILPostProcessor
[40m[32minfo[39m[22m[49m: Unity.ILPP.Runner.PostProcessingPipeline[0]
      running HybridCLR.AssemblyShadow.CodeGen.ReflectionBindingsILPostProcessor
[40m[32minfo[39m[22m[49m: Unity.ILPP.Runner.PostProcessingPipeline[0]
      running zzzUnity.Burst.CodeGen.BurstILPostProcessor
[40m[32minfo[39m[22m[49m: Microsoft.AspNetCore.Routing.EndpointMiddleware[1]
      Executed endpoint 'gRPC - /UnityILPP.PostProcessing/PostProcessAssembly'
[40m[32minfo[39m[22m[49m: Microsoft.AspNetCore.Hosting.Diagnostics[2]
      Request finished HTTP/2 POST http://ilpp/UnityILPP.PostProcessing/PostProcessAssembly application/grpc - - 200 - application/grpc 82.1826ms
[40m[32minfo[39m[22m[49m: Microsoft.AspNetCore.Hosting.Diagnostics[1]
      Request starting HTTP/2 POST http://ilpp/UnityILPP.PostProcessing/PostProcessAssembly application/grpc -
[40m[32minfo[39m[22m[49m: Microsoft.AspNetCore.Routing.EndpointMiddleware[0]
      Executing endpoint 'gRPC - /UnityILPP.PostProcessing/PostProcessAssembly'
[40m[32minfo[39m[22m[49m: Microsoft.AspNetCore.Hosting.Diagnostics[1]
      Request starting HTTP/2 POST http://ilpp/UnityILPP.PostProcessing/PostProcessAssembly application/grpc -
[40m[32minfo[39m[22m[49m: Microsoft.AspNetCore.Routing.EndpointMiddleware[0]
      Executing endpoint 'gRPC - /UnityILPP.PostProcessing/PostProcessAssembly'
[40m[32minfo[39m[22m[49m: Microsoft.AspNetCore.Hosting.Diagnostics[1]
      Request starting HTTP/2 POST http://ilpp/UnityILPP.PostProcessing/PostProcessAssembly application/grpc -
[40m[32minfo[39m[22m[49m: Microsoft.AspNetCore.Routing.EndpointMiddleware[0]
      Executing endpoint 'gRPC - /UnityILPP.PostProcessing/PostProcessAssembly'
[40m[32minfo[39m[22m[49m: Microsoft.AspNetCore.Hosting.Diagnostics[1]
      Request starting HTTP/2 POST http://ilpp/UnityILPP.PostProcessing/PostProcessAssembly application/grpc -
[40m[32minfo[39m[22m[49m: Microsoft.AspNetCore.Hosting.Diagnostics[1]
      Request starting HTTP/2 POST http://ilpp/UnityILPP.PostProcessing/PostProcessAssembly application/grpc -
[40m[32minfo[39m[22m[49m: Microsoft.AspNetCore.Routing.EndpointMiddleware[0]
      Executing endpoint 'gRPC - /UnityILPP.PostProcessing/PostProcessAssembly'
[40m[32minfo[39m[22m[49m: Microsoft.AspNetCore.Routing.EndpointMiddleware[0]
      Executing endpoint 'gRPC - /UnityILPP.PostProcessing/PostProcessAssembly'
[40m[32minfo[39m[22m[49m: Unity.ILPP.Runner.PostProcessingPipeline[0]
      Processing assembly Library/Bee/artifacts/200b0aE.dag/Unity.RenderPipelines.Universal.Shaders.dll, with 117 defines and 229 references
[40m[32minfo[39m[22m[49m: Unity.ILPP.Runner.PostProcessingPipeline[0]
      processors: HybridCLR.AssemblyShadow.CodeGen.ReflectionBindingsILPostProcessor, zzzUnity.Burst.CodeGen.BurstILPostProcessor
[40m[32minfo[39m[22m[49m: Unity.ILPP.Runner.PostProcessingPipeline[0]
      Processing assembly Library/Bee/artifacts/200b0aE.dag/Unity.RenderPipelines.Core.ShaderLibrary.dll, with 117 defines and 229 references
[40m[32minfo[39m[22m[49m: Unity.ILPP.Runner.PostProcessingPipeline[0]
      processors: HybridCLR.AssemblyShadow.CodeGen.ReflectionBindingsILPostProcessor, zzzUnity.Burst.CodeGen.BurstILPostProcessor
[40m[32minfo[39m[22m[49m: Unity.ILPP.Runner.PostProcessingPipeline[0]
      Processing assembly Library/Bee/artifacts/200b0aE.dag/Unity.2D.Tilemap.Extras.dll, with 117 defines and 229 references
[40m[32minfo[39m[22m[49m: Unity.ILPP.Runner.PostProcessingPipeline[0]
      processors: HybridCLR.AssemblyShadow.CodeGen.ReflectionBindingsILPostProcessor, zzzUnity.Burst.CodeGen.BurstILPostProcessor
[40m[32minfo[39m[22m[49m: Unity.ILPP.Runner.PostProcessingPipeline[0]
      Processing assembly Library/Bee/artifacts/200b0aE.dag/Unity.TextMeshPro.dll, with 118 defines and 229 references
[40m[32minfo[39m[22m[49m: Unity.ILPP.Runner.PostProcessingPipeline[0]
      processors: HybridCLR.AssemblyShadow.CodeGen.ReflectionBindingsILPostProcessor, zzzUnity.Burst.CodeGen.BurstILPostProcessor
[40m[32minfo[39m[22m[49m: Unity.ILPP.Runner.PostProcessingPipeline[0]
      running HybridCLR.AssemblyShadow.CodeGen.ReflectionBindingsILPostProcessor
[40m[32minfo[39m[22m[49m: Unity.ILPP.Runner.PostProcessingPipeline[0]
      running zzzUnity.Burst.CodeGen.BurstILPostProcessor
[40m[32minfo[39m[22m[49m: Unity.ILPP.Runner.PostProcessingPipeline[0]
      running HybridCLR.AssemblyShadow.CodeGen.ReflectionBindingsILPostProcessor
[40m[32minfo[39m[22m[49m: Unity.ILPP.Runner.PostProcessingPipeline[0]
      running zzzUnity.Burst.CodeGen.BurstILPostProcessor
[40m[32minfo[39m[22m[49m: Unity.ILPP.Runner.PostProcessingPipeline[0]
      running HybridCLR.AssemblyShadow.CodeGen.ReflectionBindingsILPostProcessor
[40m[32minfo[39m[22m[49m: Unity.ILPP.Runner.PostProcessingPipeline[0]
      running zzzUnity.Burst.CodeGen.BurstILPostProcessor
[40m[32minfo[39m[22m[49m: Microsoft.AspNetCore.Routing.EndpointMiddleware[1]
      Executed endpoint 'gRPC - /UnityILPP.PostProcessing/PostProcessAssembly'
[40m[32minfo[39m[22m[49m: Microsoft.AspNetCore.Hosting.Diagnostics[2]
      Request finished HTTP/2 POST http://ilpp/UnityILPP.PostProcessing/PostProcessAssembly application/grpc - - 200 - application/grpc 21.2130ms
[40m[32minfo[39m[22m[49m: Microsoft.AspNetCore.Routing.EndpointMiddleware[1]
      Executed endpoint 'gRPC - /UnityILPP.PostProcessing/PostProcessAssembly'
[40m[32minfo[39m[22m[49m: Microsoft.AspNetCore.Hosting.Diagnostics[2]
      Request finished HTTP/2 POST http://ilpp/UnityILPP.PostProcessing/PostProcessAssembly application/grpc - - 200 - application/grpc 8.0705ms
[40m[32minfo[39m[22m[49m: Unity.ILPP.Runner.PostProcessingPipeline[0]
      running HybridCLR.AssemblyShadow.CodeGen.ReflectionBindingsILPostProcessor
[40m[32minfo[39m[22m[49m: Unity.ILPP.Runner.PostProcessingPipeline[0]
      running zzzUnity.Burst.CodeGen.BurstILPostProcessor
[40m[32minfo[39m[22m[49m: Microsoft.AspNetCore.Hosting.Diagnostics[1]
      Request starting HTTP/2 POST http://ilpp/UnityILPP.PostProcessing/PostProcessAssembly application/grpc -
[40m[32minfo[39m[22m[49m: Microsoft.AspNetCore.Routing.EndpointMiddleware[0]
      Executing endpoint 'gRPC - /UnityILPP.PostProcessing/PostProcessAssembly'
[40m[32minfo[39m[22m[49m: Microsoft.AspNetCore.Routing.EndpointMiddleware[1]
      Executed endpoint 'gRPC - /UnityILPP.PostProcessing/PostProcessAssembly'
[40m[32minfo[39m[22m[49m: Microsoft.AspNetCore.Hosting.Diagnostics[2]
      Request finished HTTP/2 POST http://ilpp/UnityILPP.PostProcessing/PostProcessAssembly application/grpc - - 200 - application/grpc 21.4626ms
[40m[32minfo[39m[22m[49m: Unity.ILPP.Runner.PostProcessingPipeline[0]
      Processing assembly Library/Bee/artifacts/200b0aE.dag/Unity.Collections.dll, with 117 defines and 231 references
[40m[32minfo[39m[22m[49m: Unity.ILPP.Runner.PostProcessingPipeline[0]
      processors: HybridCLR.AssemblyShadow.CodeGen.ReflectionBindingsILPostProcessor, zzzUnity.Burst.CodeGen.BurstILPostProcessor
[40m[32minfo[39m[22m[49m: Unity.ILPP.Runner.PostProcessingPipeline[0]
      running HybridCLR.AssemblyShadow.CodeGen.ReflectionBindingsILPostProcessor
[40m[32minfo[39m[22m[49m: Unity.ILPP.Runner.PostProcessingPipeline[0]
      running zzzUnity.Burst.CodeGen.BurstILPostProcessor
[40m[32minfo[39m[22m[49m: Microsoft.AspNetCore.Hosting.Diagnostics[1]
      Request starting HTTP/2 POST http://ilpp/UnityILPP.PostProcessing/PostProcessAssembly application/grpc -
[40m[32minfo[39m[22m[49m: Microsoft.AspNetCore.Routing.EndpointMiddleware[0]
      Executing endpoint 'gRPC - /UnityILPP.PostProcessing/PostProcessAssembly'
[40m[32minfo[39m[22m[49m: Microsoft.AspNetCore.Routing.EndpointMiddleware[1]
      Executed endpoint 'gRPC - /UnityILPP.PostProcessing/PostProcessAssembly'
[40m[32minfo[39m[22m[49m: Microsoft.AspNetCore.Hosting.Diagnostics[2]
      Request finished HTTP/2 POST http://ilpp/UnityILPP.PostProcessing/PostProcessAssembly application/grpc - - 200 - application/grpc 10.7732ms
[40m[32minfo[39m[22m[49m: Unity.ILPP.Runner.PostProcessingPipeline[0]
      Processing assembly Library/Bee/artifacts/200b0aE.dag/Unity.VisualScripting.Flow.dll, with 122 defines and 230 references
[40m[32minfo[39m[22m[49m: Unity.ILPP.Runner.PostProcessingPipeline[0]
      processors: HybridCLR.AssemblyShadow.CodeGen.ReflectionBindingsILPostProcessor, zzzUnity.Burst.CodeGen.BurstILPostProcessor
[40m[32minfo[39m[22m[49m: Unity.ILPP.Runner.PostProcessingPipeline[0]
      running HybridCLR.AssemblyShadow.CodeGen.ReflectionBindingsILPostProcessor
[40m[32minfo[39m[22m[49m: Unity.ILPP.Runner.PostProcessingPipeline[0]
      running zzzUnity.Burst.CodeGen.BurstILPostProcessor
[40m[32minfo[39m[22m[49m: Microsoft.AspNetCore.Routing.EndpointMiddleware[1]
      Executed endpoint 'gRPC - /UnityILPP.PostProcessing/PostProcessAssembly'
[40m[32minfo[39m[22m[49m: Microsoft.AspNetCore.Hosting.Diagnostics[2]
      Request finished HTTP/2 POST http://ilpp/UnityILPP.PostProcessing/PostProcessAssembly application/grpc - - 200 - application/grpc 2.7564ms
[40m[32minfo[39m[22m[49m: Unity.ILPP.Runner.PostProcessingPipeline[0]
      Processing assembly Library/Bee/artifacts/200b0aE.dag/Unity.Burst.dll, with 117 defines and 218 references
[40m[32minfo[39m[22m[49m: Unity.ILPP.Runner.PostProcessingPipeline[0]
      processors: HybridCLR.AssemblyShadow.CodeGen.ReflectionBindingsILPostProcessor, zzzUnity.Burst.CodeGen.BurstILPostProcessor
[40m[32minfo[39m[22m[49m: Unity.ILPP.Runner.PostProcessingPipeline[0]
      running HybridCLR.AssemblyShadow.CodeGen.ReflectionBindingsILPostProcessor
[40m[32minfo[39m[22m[49m: Unity.ILPP.Runner.PostProcessingPipeline[0]
      running zzzUnity.Burst.CodeGen.BurstILPostProcessor
[40m[32minfo[39m[22m[49m: Microsoft.AspNetCore.Routing.EndpointMiddleware[1]
      Executed endpoint 'gRPC - /UnityILPP.PostProcessing/PostProcessAssembly'
[40m[32minfo[39m[22m[49m: Microsoft.AspNetCore.Hosting.Diagnostics[2]
      Request finished HTTP/2 POST http://ilpp/UnityILPP.PostProcessing/PostProcessAssembly application/grpc - - 200 - application/grpc 20.1360ms
[40m[32minfo[39m[22m[49m: Microsoft.AspNetCore.Hosting.Diagnostics[1]
      Request starting HTTP/2 POST http://ilpp/UnityILPP.PostProcessing/PostProcessAssembly application/grpc -
[40m[32minfo[39m[22m[49m: Microsoft.AspNetCore.Routing.EndpointMiddleware[0]
      Executing endpoint 'gRPC - /UnityILPP.PostProcessing/PostProcessAssembly'
[40m[32minfo[39m[22m[49m: Unity.ILPP.Runner.PostProcessingPipeline[0]
      Processing assembly Library/Bee/artifacts/200b0aE.dag/MCPForUnity.Runtime.dll, with 117 defines and 218 references
[40m[32minfo[39m[22m[49m: Unity.ILPP.Runner.PostProcessingPipeline[0]
      processors: HybridCLR.AssemblyShadow.CodeGen.ReflectionBindingsILPostProcessor, zzzUnity.Burst.CodeGen.BurstILPostProcessor
[40m[32minfo[39m[22m[49m: Unity.ILPP.Runner.PostProcessingPipeline[0]
      running HybridCLR.AssemblyShadow.CodeGen.ReflectionBindingsILPostProcessor
[40m[32minfo[39m[22m[49m: Unity.ILPP.Runner.PostProcessingPipeline[0]
      running zzzUnity.Burst.CodeGen.BurstILPostProcessor
[40m[32minfo[39m[22m[49m: Microsoft.AspNetCore.Routing.EndpointMiddleware[1]
      Executed endpoint 'gRPC - /UnityILPP.PostProcessing/PostProcessAssembly'
[40m[32minfo[39m[22m[49m: Microsoft.AspNetCore.Hosting.Diagnostics[2]
      Request finished HTTP/2 POST http://ilpp/UnityILPP.PostProcessing/PostProcessAssembly application/grpc - - 200 - application/grpc 7.1949ms
[40m[32minfo[39m[22m[49m: Microsoft.AspNetCore.Hosting.Diagnostics[1]
      Request starting HTTP/2 POST http://ilpp/UnityILPP.PostProcessing/PostProcessAssembly application/grpc -
[40m[32minfo[39m[22m[49m: Microsoft.AspNetCore.Routing.EndpointMiddleware[0]
      Executing endpoint 'gRPC - /UnityILPP.PostProcessing/PostProcessAssembly'
[40m[32minfo[39m[22m[49m: Unity.ILPP.Runner.PostProcessingPipeline[0]
      Processing assembly Library/Bee/artifacts/200b0aE.dag/UnityEngine.UI.dll, with 122 defines and 227 references
[40m[32minfo[39m[22m[49m: Unity.ILPP.Runner.PostProcessingPipeline[0]
      processors: HybridCLR.AssemblyShadow.CodeGen.ReflectionBindingsILPostProcessor, zzzUnity.Burst.CodeGen.BurstILPostProcessor
[40m[32minfo[39m[22m[49m: Unity.ILPP.Runner.PostProcessingPipeline[0]
      running HybridCLR.AssemblyShadow.CodeGen.ReflectionBindingsILPostProcessor
[40m[32minfo[39m[22m[49m: Unity.ILPP.Runner.PostProcessingPipeline[0]
      running zzzUnity.Burst.CodeGen.BurstILPostProcessor
[40m[32minfo[39m[22m[49m: Microsoft.AspNetCore.Routing.EndpointMiddleware[1]
      Executed endpoint 'gRPC - /UnityILPP.PostProcessing/PostProcessAssembly'
[40m[32minfo[39m[22m[49m: Microsoft.AspNetCore.Hosting.Diagnostics[2]
      Request finished HTTP/2 POST http://ilpp/UnityILPP.PostProcessing/PostProcessAssembly application/grpc - - 200 - application/grpc 9.1522ms
[40m[32minfo[39m[22m[49m: Microsoft.AspNetCore.Routing.EndpointMiddleware[1]
      Executed endpoint 'gRPC - /UnityILPP.PostProcessing/PostProcessAssembly'
[40m[32minfo[39m[22m[49m: Microsoft.AspNetCore.Hosting.Diagnostics[2]
      Request finished HTTP/2 POST http://ilpp/UnityILPP.PostProcessing/PostProcessAssembly application/grpc - - 200 - application/grpc 136.2996ms
[40m[32minfo[39m[22m[49m: Microsoft.AspNetCore.Hosting.Diagnostics[1]
      Request starting HTTP/2 POST http://ilpp/UnityILPP.PostProcessing/PostProcessAssembly application/grpc -
[40m[32minfo[39m[22m[49m: Microsoft.AspNetCore.Routing.EndpointMiddleware[0]
      Executing endpoint 'gRPC - /UnityILPP.PostProcessing/PostProcessAssembly'
[40m[32minfo[39m[22m[49m: Unity.ILPP.Runner.PostProcessingPipeline[0]
      Processing assembly Library/Bee/artifacts/200b0aE.dag/Unity.2D.Aseprite.Common.dll, with 115 defines and 239 references
[40m[32minfo[39m[22m[49m: Unity.ILPP.Runner.PostProcessingPipeline[0]
      processors: HybridCLR.AssemblyShadow.CodeGen.ReflectionBindingsILPostProcessor, zzzUnity.Burst.CodeGen.BurstILPostProcessor
[40m[32minfo[39m[22m[49m: Unity.ILPP.Runner.PostProcessingPipeline[0]
      running HybridCLR.AssemblyShadow.CodeGen.ReflectionBindingsILPostProcessor
[40m[32minfo[39m[22m[49m: Unity.ILPP.Runner.PostProcessingPipeline[0]
      running zzzUnity.Burst.CodeGen.BurstILPostProcessor
[40m[32minfo[39m[22m[49m: Microsoft.AspNetCore.Routing.EndpointMiddleware[1]
      Executed endpoint 'gRPC - /UnityILPP.PostProcessing/PostProcessAssembly'
[40m[32minfo[39m[22m[49m: Microsoft.AspNetCore.Hosting.Diagnostics[2]
      Request finished HTTP/2 POST http://ilpp/UnityILPP.PostProcessing/PostProcessAssembly application/grpc - - 200 - application/grpc 23.3966ms
[40m[32minfo[39m[22m[49m: Microsoft.AspNetCore.Hosting.Diagnostics[1]
      Request starting HTTP/2 POST http://ilpp/UnityILPP.PostProcessing/PostProcessAssembly application/grpc -
[40m[32minfo[39m[22m[49m: Microsoft.AspNetCore.Routing.EndpointMiddleware[0]
      Executing endpoint 'gRPC - /UnityILPP.PostProcessing/PostProcessAssembly'
[40m[32minfo[39m[22m[49m: Unity.ILPP.Runner.PostProcessingPipeline[0]
      Processing assembly Library/Bee/artifacts/200b0aE.dag/Unity.2D.PixelPerfect.Editor.dll, with 117 defines and 239 references
[40m[32minfo[39m[22m[49m: Unity.ILPP.Runner.PostProcessingPipeline[0]
      processors: HybridCLR.AssemblyShadow.CodeGen.ReflectionBindingsILPostProcessor, zzzUnity.Burst.CodeGen.BurstILPostProcessor
[40m[32minfo[39m[22m[49m: Unity.ILPP.Runner.PostProcessingPipeline[0]
      running HybridCLR.AssemblyShadow.CodeGen.ReflectionBindingsILPostProcessor
[40m[32minfo[39m[22m[49m: Unity.ILPP.Runner.PostProcessingPipeline[0]
      running zzzUnity.Burst.CodeGen.BurstILPostProcessor
[40m[32minfo[39m[22m[49m: Microsoft.AspNetCore.Routing.EndpointMiddleware[1]
      Executed endpoint 'gRPC - /UnityILPP.PostProcessing/PostProcessAssembly'
[40m[32minfo[39m[22m[49m: Microsoft.AspNetCore.Hosting.Diagnostics[2]
      Request finished HTTP/2 POST http://ilpp/UnityILPP.PostProcessing/PostProcessAssembly application/grpc - - 200 - application/grpc 17.8144ms
[40m[32minfo[39m[22m[49m: Microsoft.AspNetCore.Hosting.Diagnostics[1]
      Request starting HTTP/2 POST http://ilpp/UnityILPP.PostProcessing/PostProcessAssembly application/grpc -
[40m[32minfo[39m[22m[49m: Microsoft.AspNetCore.Routing.EndpointMiddleware[0]
      Executing endpoint 'gRPC - /UnityILPP.PostProcessing/PostProcessAssembly'
[40m[32minfo[39m[22m[49m: Unity.ILPP.Runner.PostProcessingPipeline[0]
      Processing assembly Library/Bee/artifacts/200b0aE.dag/AssemblyShadowDemo.EditorTests.dll, with 115 defines and 234 references
[40m[32minfo[39m[22m[49m: Unity.ILPP.Runner.PostProcessingPipeline[0]
      processors: HybridCLR.AssemblyShadow.CodeGen.ReflectionBindingsILPostProcessor, zzzUnity.Burst.CodeGen.BurstILPostProcessor
[40m[32minfo[39m[22m[49m: Unity.ILPP.Runner.PostProcessingPipeline[0]
      running HybridCLR.AssemblyShadow.CodeGen.ReflectionBindingsILPostProcessor
[40m[32minfo[39m[22m[49m: Unity.ILPP.Runner.PostProcessingPipeline[0]
      running zzzUnity.Burst.CodeGen.BurstILPostProcessor
[40m[32minfo[39m[22m[49m: Microsoft.AspNetCore.Routing.EndpointMiddleware[1]
      Executed endpoint 'gRPC - /UnityILPP.PostProcessing/PostProcessAssembly'
[40m[32minfo[39m[22m[49m: Microsoft.AspNetCore.Hosting.Diagnostics[2]
      Request finished HTTP/2 POST http://ilpp/UnityILPP.PostProcessing/PostProcessAssembly application/grpc - - 200 - application/grpc 21.2590ms
[40m[32minfo[39m[22m[49m: Microsoft.AspNetCore.Hosting.Diagnostics[1]
      Request starting HTTP/2 POST http://ilpp/UnityILPP.PostProcessing/PostProcessAssembly application/grpc -
[40m[32minfo[39m[22m[49m: Microsoft.AspNetCore.Routing.EndpointMiddleware[0]
      Executing endpoint 'gRPC - /UnityILPP.PostProcessing/PostProcessAssembly'
[40m[32minfo[39m[22m[49m: Microsoft.AspNetCore.Hosting.Diagnostics[1]
      Request starting HTTP/2 POST http://ilpp/UnityILPP.PostProcessing/PostProcessAssembly application/grpc -
[40m[32minfo[39m[22m[49m: Microsoft.AspNetCore.Routing.EndpointMiddleware[0]
      Executing endpoint 'gRPC - /UnityILPP.PostProcessing/PostProcessAssembly'
[40m[32minfo[39m[22m[49m: Microsoft.AspNetCore.Hosting.Diagnostics[1]
      Request starting HTTP/2 POST http://ilpp/UnityILPP.PostProcessing/PostProcessAssembly application/grpc -
[40m[32minfo[39m[22m[49m: Microsoft.AspNetCore.Routing.EndpointMiddleware[0]
      Executing endpoint 'gRPC - /UnityILPP.PostProcessing/PostProcessAssembly'
[40m[32minfo[39m[22m[49m: Unity.ILPP.Runner.PostProcessingPipeline[0]
      Processing assembly Library/Bee/artifacts/200b0aE.dag/Unity.HybridCLR.AssemblyShadow.CodeGen.Tests.dll, with 115 defines and 227 references
[40m[32minfo[39m[22m[49m: Unity.ILPP.Runner.PostProcessingPipeline[0]
      processors: HybridCLR.AssemblyShadow.CodeGen.ReflectionBindingsILPostProcessor, zzzUnity.Burst.CodeGen.BurstILPostProcessor
[40m[32minfo[39m[22m[49m: Unity.ILPP.Runner.PostProcessingPipeline[0]
      running HybridCLR.AssemblyShadow.CodeGen.ReflectionBindingsILPostProcessor
[40m[32minfo[39m[22m[49m: Unity.ILPP.Runner.PostProcessingPipeline[0]
      running zzzUnity.Burst.CodeGen.BurstILPostProcessor
[40m[32minfo[39m[22m[49m: Unity.ILPP.Runner.PostProcessingPipeline[0]
      Processing assembly Library/Bee/artifacts/200b0aE.dag/Unity.VisualScripting.SettingsProvider.Editor.dll, with 115 defines and 241 references
[40m[32minfo[39m[22m[49m: Unity.ILPP.Runner.PostProcessingPipeline[0]
      processors: HybridCLR.AssemblyShadow.CodeGen.ReflectionBindingsILPostProcessor, zzzUnity.Burst.CodeGen.BurstILPostProcessor
[40m[32minfo[39m[22m[49m: Unity.ILPP.Runner.PostProcessingPipeline[0]
      Processing assembly Library/Bee/artifacts/200b0aE.dag/Unity.TextMeshPro.Editor.dll, with 115 defines and 237 references
[40m[32minfo[39m[22m[49m: Unity.ILPP.Runner.PostProcessingPipeline[0]
      processors: HybridCLR.AssemblyShadow.CodeGen.ReflectionBindingsILPostProcessor, zzzUnity.Burst.CodeGen.BurstILPostProcessor
[40m[32minfo[39m[22m[49m: Unity.ILPP.Runner.PostProcessingPipeline[0]
      running HybridCLR.AssemblyShadow.CodeGen.ReflectionBindingsILPostProcessor
[40m[32minfo[39m[22m[49m: Unity.ILPP.Runner.PostProcessingPipeline[0]
      running zzzUnity.Burst.CodeGen.BurstILPostProcessor
[40m[32minfo[39m[22m[49m: Unity.ILPP.Runner.PostProcessingPipeline[0]
      running HybridCLR.AssemblyShadow.CodeGen.ReflectionBindingsILPostProcessor
[40m[32minfo[39m[22m[49m: Unity.ILPP.Runner.PostProcessingPipeline[0]
      running zzzUnity.Burst.CodeGen.BurstILPostProcessor
[40m[32minfo[39m[22m[49m: Microsoft.AspNetCore.Routing.EndpointMiddleware[1]
      Executed endpoint 'gRPC - /UnityILPP.PostProcessing/PostProcessAssembly'
[40m[32minfo[39m[22m[49m: Microsoft.AspNetCore.Hosting.Diagnostics[2]
      Request finished HTTP/2 POST http://ilpp/UnityILPP.PostProcessing/PostProcessAssembly application/grpc - - 200 - application/grpc 5.2692ms
[40m[32minfo[39m[22m[49m: Microsoft.AspNetCore.Routing.EndpointMiddleware[1]
      Executed endpoint 'gRPC - /UnityILPP.PostProcessing/PostProcessAssembly'
[40m[32minfo[39m[22m[49m: Microsoft.AspNetCore.Hosting.Diagnostics[2]
      Request finished HTTP/2 POST http://ilpp/UnityILPP.PostProcessing/PostProcessAssembly application/grpc - - 200 - application/grpc 14.2382ms
[40m[32minfo[39m[22m[49m: Microsoft.AspNetCore.Routing.EndpointMiddleware[1]
      Executed endpoint 'gRPC - /UnityILPP.PostProcessing/PostProcessAssembly'
[40m[32minfo[39m[22m[49m: Microsoft.AspNetCore.Hosting.Diagnostics[2]
      Request finished HTTP/2 POST http://ilpp/UnityILPP.PostProcessing/PostProcessAssembly application/grpc - - 200 - application/grpc 12.6502ms
[40m[32minfo[39m[22m[49m: Microsoft.AspNetCore.Hosting.Diagnostics[1]
      Request starting HTTP/2 POST http://ilpp/UnityILPP.PostProcessing/PostProcessAssembly application/grpc -
[40m[32minfo[39m[22m[49m: Microsoft.AspNetCore.Hosting.Diagnostics[1]
      Request starting HTTP/2 POST http://ilpp/UnityILPP.PostProcessing/PostProcessAssembly application/grpc -
[40m[32minfo[39m[22m[49m: Microsoft.AspNetCore.Routing.EndpointMiddleware[0]
      Executing endpoint 'gRPC - /UnityILPP.PostProcessing/PostProcessAssembly'
[40m[32minfo[39m[22m[49m: Microsoft.AspNetCore.Routing.EndpointMiddleware[0]
      Executing endpoint 'gRPC - /UnityILPP.PostProcessing/PostProcessAssembly'
[40m[32minfo[39m[22m[49m: Unity.ILPP.Runner.PostProcessingPipeline[0]
      Processing assembly Library/Bee/artifacts/200b0aE.dag/Unity.InternalAPIEditorBridge.001.dll, with 115 defines and 237 references
[40m[32minfo[39m[22m[49m: Unity.ILPP.Runner.PostProcessingPipeline[0]
      processors: HybridCLR.AssemblyShadow.CodeGen.ReflectionBindingsILPostProcessor, zzzUnity.Burst.CodeGen.BurstILPostProcessor
[40m[32minfo[39m[22m[49m: Unity.ILPP.Runner.PostProcessingPipeline[0]
      running HybridCLR.AssemblyShadow.CodeGen.ReflectionBindingsILPostProcessor
[40m[32minfo[39m[22m[49m: Unity.ILPP.Runner.PostProcessingPipeline[0]
      running zzzUnity.Burst.CodeGen.BurstILPostProcessor
[40m[32minfo[39m[22m[49m: Microsoft.AspNetCore.Hosting.Diagnostics[1]
      Request starting HTTP/2 POST http://ilpp/UnityILPP.PostProcessing/PostProcessAssembly application/grpc -
[40m[32minfo[39m[22m[49m: Microsoft.AspNetCore.Routing.EndpointMiddleware[0]
      Executing endpoint 'gRPC - /UnityILPP.PostProcessing/PostProcessAssembly'
[40m[32minfo[39m[22m[49m: Microsoft.AspNetCore.Routing.EndpointMiddleware[1]
      Executed endpoint 'gRPC - /UnityILPP.PostProcessing/PostProcessAssembly'
[40m[32minfo[39m[22m[49m: Microsoft.AspNetCore.Hosting.Diagnostics[2]
      Request finished HTTP/2 POST http://ilpp/UnityILPP.PostProcessing/PostProcessAssembly application/grpc - - 200 - application/grpc 15.7763ms
[40m[32minfo[39m[22m[49m: Unity.ILPP.Runner.PostProcessingPipeline[0]
      Processing assembly Library/Bee/artifacts/200b0aE.dag/Unity.2D.IK.Editor.dll, with 115 defines and 242 references
[40m[32minfo[39m[22m[49m: Unity.ILPP.Runner.PostProcessingPipeline[0]
      processors: HybridCLR.AssemblyShadow.CodeGen.ReflectionBindingsILPostProcessor, zzzUnity.Burst.CodeGen.BurstILPostProcessor
[40m[32minfo[39m[22m[49m: Unity.ILPP.Runner.PostProcessingPipeline[0]
      running HybridCLR.AssemblyShadow.CodeGen.ReflectionBindingsILPostProcessor
[40m[32minfo[39m[22m[49m: Unity.ILPP.Runner.PostProcessingPipeline[0]
      running zzzUnity.Burst.CodeGen.BurstILPostProcessor
[40m[32minfo[39m[22m[49m: Microsoft.AspNetCore.Hosting.Diagnostics[1]
      Request starting HTTP/2 POST http://ilpp/UnityILPP.PostProcessing/PostProcessAssembly application/grpc -
[40m[32minfo[39m[22m[49m: Microsoft.AspNetCore.Routing.EndpointMiddleware[0]
      Executing endpoint 'gRPC - /UnityILPP.PostProcessing/PostProcessAssembly'
[40m[32minfo[39m[22m[49m: Unity.ILPP.Runner.PostProcessingPipeline[0]
      Processing assembly Library/Bee/artifacts/200b0aE.dag/Unity.Burst.Editor.dll, with 115 defines and 237 references
[40m[32minfo[39m[22m[49m: Unity.ILPP.Runner.PostProcessingPipeline[0]
      processors: HybridCLR.AssemblyShadow.CodeGen.ReflectionBindingsILPostProcessor, zzzUnity.Burst.CodeGen.BurstILPostProcessor
[40m[32minfo[39m[22m[49m: Unity.ILPP.Runner.PostProcessingPipeline[0]
      running HybridCLR.AssemblyShadow.CodeGen.ReflectionBindingsILPostProcessor
[40m[32minfo[39m[22m[49m: Unity.ILPP.Runner.PostProcessingPipeline[0]
      running zzzUnity.Burst.CodeGen.BurstILPostProcessor
[40m[32minfo[39m[22m[49m: Microsoft.AspNetCore.Routing.EndpointMiddleware[1]
      Executed endpoint 'gRPC - /UnityILPP.PostProcessing/PostProcessAssembly'
[40m[32minfo[39m[22m[49m: Microsoft.AspNetCore.Hosting.Diagnostics[2]
      Request finished HTTP/2 POST http://ilpp/UnityILPP.PostProcessing/PostProcessAssembly application/grpc - - 200 - application/grpc 26.5168ms
[40m[32minfo[39m[22m[49m: Unity.ILPP.Runner.PostProcessingPipeline[0]
      Processing assembly Library/Bee/artifacts/200b0aE.dag/HybridCLR.AssemblyShadow.Editor.Tests.dll, with 115 defines and 229 references
[40m[32minfo[39m[22m[49m: Unity.ILPP.Runner.PostProcessingPipeline[0]
      processors: HybridCLR.AssemblyShadow.CodeGen.ReflectionBindingsILPostProcessor, zzzUnity.Burst.CodeGen.BurstILPostProcessor
[40m[32minfo[39m[22m[49m: Unity.ILPP.Runner.PostProcessingPipeline[0]
      running HybridCLR.AssemblyShadow.CodeGen.ReflectionBindingsILPostProcessor
[40m[32minfo[39m[22m[49m: Unity.ILPP.Runner.PostProcessingPipeline[0]
      running zzzUnity.Burst.CodeGen.BurstILPostProcessor
[40m[32minfo[39m[22m[49m: Microsoft.AspNetCore.Hosting.Diagnostics[1]
      Request starting HTTP/2 POST http://ilpp/UnityILPP.PostProcessing/PostProcessAssembly application/grpc -
[40m[32minfo[39m[22m[49m: Microsoft.AspNetCore.Routing.EndpointMiddleware[0]
      Executing endpoint 'gRPC - /UnityILPP.PostProcessing/PostProcessAssembly'
[40m[32minfo[39m[22m[49m: Microsoft.AspNetCore.Routing.EndpointMiddleware[1]
      Executed endpoint 'gRPC - /UnityILPP.PostProcessing/PostProcessAssembly'
[40m[32minfo[39m[22m[49m: Microsoft.AspNetCore.Hosting.Diagnostics[2]
      Request finished HTTP/2 POST http://ilpp/UnityILPP.PostProcessing/PostProcessAssembly application/grpc - - 200 - application/grpc 17.7958ms
[40m[32minfo[39m[22m[49m: Unity.ILPP.Runner.PostProcessingPipeline[0]
      Processing assembly Library/Bee/artifacts/200b0aE.dag/Unity.VisualScripting.Shared.Editor.dll, with 115 defines and 242 references
[40m[32minfo[39m[22m[49m: Unity.ILPP.Runner.PostProcessingPipeline[0]
      processors: HybridCLR.AssemblyShadow.CodeGen.ReflectionBindingsILPostProcessor, zzzUnity.Burst.CodeGen.BurstILPostProcessor
[40m[32minfo[39m[22m[49m: Unity.ILPP.Runner.PostProcessingPipeline[0]
      running HybridCLR.AssemblyShadow.CodeGen.ReflectionBindingsILPostProcessor
[40m[32minfo[39m[22m[49m: Unity.ILPP.Runner.PostProcessingPipeline[0]
      running zzzUnity.Burst.CodeGen.BurstILPostProcessor
[40m[32minfo[39m[22m[49m: Microsoft.AspNetCore.Routing.EndpointMiddleware[1]
      Executed endpoint 'gRPC - /UnityILPP.PostProcessing/PostProcessAssembly'
[40m[32minfo[39m[22m[49m: Microsoft.AspNetCore.Hosting.Diagnostics[2]
      Request finished HTTP/2 POST http://ilpp/UnityILPP.PostProcessing/PostProcessAssembly application/grpc - - 200 - application/grpc 29.6246ms
[40m[32minfo[39m[22m[49m: Microsoft.AspNetCore.Routing.EndpointMiddleware[1]
      Executed endpoint 'gRPC - /UnityILPP.PostProcessing/PostProcessAssembly'
[40m[32minfo[39m[22m[49m: Microsoft.AspNetCore.Hosting.Diagnostics[2]
      Request finished HTTP/2 POST http://ilpp/UnityILPP.PostProcessing/PostProcessAssembly application/grpc - - 200 - application/grpc 71.1096ms
[40m[32minfo[39m[22m[49m: Microsoft.AspNetCore.Hosting.Diagnostics[1]
      Request starting HTTP/2 POST http://ilpp/UnityILPP.PostProcessing/PostProcessAssembly application/grpc -
[40m[32minfo[39m[22m[49m: Microsoft.AspNetCore.Routing.EndpointMiddleware[0]
      Executing endpoint 'gRPC - /UnityILPP.PostProcessing/PostProcessAssembly'
[40m[32minfo[39m[22m[49m: Unity.ILPP.Runner.PostProcessingPipeline[0]
      Processing assembly Library/Bee/artifacts/200b0aE.dag/MCPForUnity.Editor.dll, with 115 defines and 226 references
[40m[32minfo[39m[22m[49m: Unity.ILPP.Runner.PostProcessingPipeline[0]
      processors: HybridCLR.AssemblyShadow.CodeGen.ReflectionBindingsILPostProcessor, zzzUnity.Burst.CodeGen.BurstILPostProcessor
[40m[32minfo[39m[22m[49m: Unity.ILPP.Runner.PostProcessingPipeline[0]
      running HybridCLR.AssemblyShadow.CodeGen.ReflectionBindingsILPostProcessor
[40m[32minfo[39m[22m[49m: Unity.ILPP.Runner.PostProcessingPipeline[0]
      running zzzUnity.Burst.CodeGen.BurstILPostProcessor
[40m[32minfo[39m[22m[49m: Microsoft.AspNetCore.Routing.EndpointMiddleware[1]
      Executed endpoint 'gRPC - /UnityILPP.PostProcessing/PostProcessAssembly'
[40m[32minfo[39m[22m[49m: Microsoft.AspNetCore.Hosting.Diagnostics[2]
      Request finished HTTP/2 POST http://ilpp/UnityILPP.PostProcessing/PostProcessAssembly application/grpc - - 200 - application/grpc 5.1366ms
[40m[32minfo[39m[22m[49m: Microsoft.AspNetCore.Hosting.Diagnostics[1]
      Request starting HTTP/2 POST http://ilpp/UnityILPP.PostProcessing/PostProcessAssembly application/grpc -
[40m[32minfo[39m[22m[49m: Microsoft.AspNetCore.Routing.EndpointMiddleware[0]
      Executing endpoint 'gRPC - /UnityILPP.PostProcessing/PostProcessAssembly'
[40m[32minfo[39m[22m[49m: Unity.ILPP.Runner.PostProcessingPipeline[0]
      Processing assembly Library/Bee/artifacts/200b0aE.dag/AssemblyShadowDemo.Editor.dll, with 115 defines and 245 references
[40m[32minfo[39m[22m[49m: Unity.ILPP.Runner.PostProcessingPipeline[0]
      processors: HybridCLR.AssemblyShadow.CodeGen.ReflectionBindingsILPostProcessor, zzzUnity.Burst.CodeGen.BurstILPostProcessor
[40m[32minfo[39m[22m[49m: Unity.ILPP.Runner.PostProcessingPipeline[0]
      running HybridCLR.AssemblyShadow.CodeGen.ReflectionBindingsILPostProcessor
[40m[32minfo[39m[22m[49m: Unity.ILPP.Runner.PostProcessingPipeline[0]
      running zzzUnity.Burst.CodeGen.BurstILPostProcessor
[40m[32minfo[39m[22m[49m: Microsoft.AspNetCore.Routing.EndpointMiddleware[1]
      Executed endpoint 'gRPC - /UnityILPP.PostProcessing/PostProcessAssembly'
[40m[32minfo[39m[22m[49m: Microsoft.AspNetCore.Hosting.Diagnostics[2]
      Request finished HTTP/2 POST http://ilpp/UnityILPP.PostProcessing/PostProcessAssembly application/grpc - - 200 - application/grpc 3.4554ms
[40m[32minfo[39m[22m[49m: Microsoft.AspNetCore.Hosting.Diagnostics[1]
      Request starting HTTP/2 POST http://ilpp/UnityILPP.PostProcessing/PostProcessAssembly application/grpc -
[40m[32minfo[39m[22m[49m: Microsoft.AspNetCore.Routing.EndpointMiddleware[0]
      Executing endpoint 'gRPC - /UnityILPP.PostProcessing/PostProcessAssembly'
[40m[32minfo[39m[22m[49m: Unity.ILPP.Runner.PostProcessingPipeline[0]
      Processing assembly Library/Bee/artifacts/200b0aE.dag/Unity.2D.Tilemap.Extras.Editor.dll, with 115 defines and 238 references
[40m[32minfo[39m[22m[49m: Unity.ILPP.Runner.PostProcessingPipeline[0]
      processors: HybridCLR.AssemblyShadow.CodeGen.ReflectionBindingsILPostProcessor, zzzUnity.Burst.CodeGen.BurstILPostProcessor
[40m[32minfo[39m[22m[49m: Unity.ILPP.Runner.PostProcessingPipeline[0]
      running HybridCLR.AssemblyShadow.CodeGen.ReflectionBindingsILPostProcessor
[40m[32minfo[39m[22m[49m: Unity.ILPP.Runner.PostProcessingPipeline[0]
      running zzzUnity.Burst.CodeGen.BurstILPostProcessor
[40m[32minfo[39m[22m[49m: Microsoft.AspNetCore.Routing.EndpointMiddleware[1]
      Executed endpoint 'gRPC - /UnityILPP.PostProcessing/PostProcessAssembly'
[40m[32minfo[39m[22m[49m: Microsoft.AspNetCore.Hosting.Diagnostics[2]
      Request finished HTTP/2 POST http://ilpp/UnityILPP.PostProcessing/PostProcessAssembly application/grpc - - 200 - application/grpc 3.5678ms
[40m[32minfo[39m[22m[49m: Microsoft.AspNetCore.Hosting.Diagnostics[1]
      Request starting HTTP/2 POST http://ilpp/UnityILPP.PostProcessing/PostProcessAssembly application/grpc -
[40m[32minfo[39m[22m[49m: Microsoft.AspNetCore.Routing.EndpointMiddleware[0]
      Executing endpoint 'gRPC - /UnityILPP.PostProcessing/PostProcessAssembly'
[40m[32minfo[39m[22m[49m: Microsoft.AspNetCore.Hosting.Diagnostics[1]
      Request starting HTTP/2 POST http://ilpp/UnityILPP.PostProcessing/PostProcessAssembly application/grpc -
[40m[32minfo[39m[22m[49m: Microsoft.AspNetCore.Routing.EndpointMiddleware[0]
      Executing endpoint 'gRPC - /UnityILPP.PostProcessing/PostProcessAssembly'
[40m[32minfo[39m[22m[49m: Unity.ILPP.Runner.PostProcessingPipeline[0]
      Processing assembly Library/Bee/artifacts/200b0aE.dag/Unity.2D.Aseprite.Editor.dll, with 116 defines and 242 references
[40m[32minfo[39m[22m[49m: Unity.ILPP.Runner.PostProcessingPipeline[0]
      processors: HybridCLR.AssemblyShadow.CodeGen.ReflectionBindingsILPostProcessor, zzzUnity.Burst.CodeGen.BurstILPostProcessor
[40m[32minfo[39m[22m[49m: Unity.ILPP.Runner.PostProcessingPipeline[0]
      running HybridCLR.AssemblyShadow.CodeGen.ReflectionBindingsILPostProcessor
[40m[32minfo[39m[22m[49m: Unity.ILPP.Runner.PostProcessingPipeline[0]
      running zzzUnity.Burst.CodeGen.BurstILPostProcessor
[40m[32minfo[39m[22m[49m: Unity.ILPP.Runner.PostProcessingPipeline[0]
      Processing assembly Library/Bee/artifacts/200b0aE.dag/HybridCLR.Editor.dll, with 115 defines and 238 references
[40m[32minfo[39m[22m[49m: Unity.ILPP.Runner.PostProcessingPipeline[0]
      processors: HybridCLR.AssemblyShadow.CodeGen.ReflectionBindingsILPostProcessor, zzzUnity.Burst.CodeGen.BurstILPostProcessor
[40m[32minfo[39m[22m[49m: Unity.ILPP.Runner.PostProcessingPipeline[0]
      running HybridCLR.AssemblyShadow.CodeGen.ReflectionBindingsILPostProcessor
[40m[32minfo[39m[22m[49m: Unity.ILPP.Runner.PostProcessingPipeline[0]
      running zzzUnity.Burst.CodeGen.BurstILPostProcessor
[40m[32minfo[39m[22m[49m: Microsoft.AspNetCore.Routing.EndpointMiddleware[1]
      Executed endpoint 'gRPC - /UnityILPP.PostProcessing/PostProcessAssembly'
[40m[32minfo[39m[22m[49m: Microsoft.AspNetCore.Hosting.Diagnostics[2]
      Request finished HTTP/2 POST http://ilpp/UnityILPP.PostProcessing/PostProcessAssembly application/grpc - - 200 - application/grpc 7.3154ms
[40m[32minfo[39m[22m[49m: Microsoft.AspNetCore.Routing.EndpointMiddleware[1]
      Executed endpoint 'gRPC - /UnityILPP.PostProcessing/PostProcessAssembly'
[40m[32minfo[39m[22m[49m: Microsoft.AspNetCore.Hosting.Diagnostics[2]
      Request finished HTTP/2 POST http://ilpp/UnityILPP.PostProcessing/PostProcessAssembly application/grpc - - 200 - application/grpc 67.2412ms
[40m[32minfo[39m[22m[49m: Microsoft.AspNetCore.Hosting.Diagnostics[1]
      Request starting HTTP/2 POST http://ilpp/UnityILPP.PostProcessing/PostProcessAssembly application/grpc -
[40m[32minfo[39m[22m[49m: Microsoft.AspNetCore.Routing.EndpointMiddleware[0]
      Executing endpoint 'gRPC - /UnityILPP.PostProcessing/PostProcessAssembly'
[40m[32minfo[39m[22m[49m: Microsoft.AspNetCore.Hosting.Diagnostics[1]
      Request starting HTTP/2 POST http://ilpp/UnityILPP.PostProcessing/PostProcessAssembly application/grpc -
[40m[32minfo[39m[22m[49m: Microsoft.AspNetCore.Routing.EndpointMiddleware[0]
      Executing endpoint 'gRPC - /UnityILPP.PostProcessing/PostProcessAssembly'
[40m[32minfo[39m[22m[49m: Unity.ILPP.Runner.PostProcessingPipeline[0]
      Processing assembly Library/Bee/artifacts/200b0aE.dag/Unity.Searcher.Editor.dll, with 115 defines and 236 references
[40m[32minfo[39m[22m[49m: Unity.ILPP.Runner.PostProcessingPipeline[0]
      processors: HybridCLR.AssemblyShadow.CodeGen.ReflectionBindingsILPostProcessor, zzzUnity.Burst.CodeGen.BurstILPostProcessor
[40m[32minfo[39m[22m[49m: Unity.ILPP.Runner.PostProcessingPipeline[0]
      running HybridCLR.AssemblyShadow.CodeGen.ReflectionBindingsILPostProcessor
[40m[32minfo[39m[22m[49m: Unity.ILPP.Runner.PostProcessingPipeline[0]
      running zzzUnity.Burst.CodeGen.BurstILPostProcessor
[40m[32minfo[39m[22m[49m: Microsoft.AspNetCore.Routing.EndpointMiddleware[1]
      Executed endpoint 'gRPC - /UnityILPP.PostProcessing/PostProcessAssembly'
[40m[32minfo[39m[22m[49m: Microsoft.AspNetCore.Hosting.Diagnostics[2]
      Request finished HTTP/2 POST http://ilpp/UnityILPP.PostProcessing/PostProcessAssembly application/grpc - - 200 - application/grpc 13.0350ms
[40m[32minfo[39m[22m[49m: Unity.ILPP.Runner.PostProcessingPipeline[0]
      Processing assembly Library/Bee/artifacts/200b0aE.dag/PPv2URPConverters.dll, with 115 defines and 240 references
[40m[32minfo[39m[22m[49m: Unity.ILPP.Runner.PostProcessingPipeline[0]
      processors: HybridCLR.AssemblyShadow.CodeGen.ReflectionBindingsILPostProcessor, zzzUnity.Burst.CodeGen.BurstILPostProcessor
[40m[32minfo[39m[22m[49m: Unity.ILPP.Runner.PostProcessingPipeline[0]
      running HybridCLR.AssemblyShadow.CodeGen.ReflectionBindingsILPostProcessor
[40m[32minfo[39m[22m[49m: Unity.ILPP.Runner.PostProcessingPipeline[0]
      running zzzUnity.Burst.CodeGen.BurstILPostProcessor
[40m[32minfo[39m[22m[49m: Microsoft.AspNetCore.Routing.EndpointMiddleware[1]
      Executed endpoint 'gRPC - /UnityILPP.PostProcessing/PostProcessAssembly'
[40m[32minfo[39m[22m[49m: Microsoft.AspNetCore.Hosting.Diagnostics[2]
      Request finished HTTP/2 POST http://ilpp/UnityILPP.PostProcessing/PostProcessAssembly application/grpc - - 200 - application/grpc 6.5076ms
[40m[32minfo[39m[22m[49m: Microsoft.AspNetCore.Hosting.Diagnostics[1]
      Request starting HTTP/2 POST http://ilpp/UnityILPP.PostProcessing/PostProcessAssembly application/grpc -
[40m[32minfo[39m[22m[49m: Microsoft.AspNetCore.Routing.EndpointMiddleware[0]
      Executing endpoint 'gRPC - /UnityILPP.PostProcessing/PostProcessAssembly'
[40m[32minfo[39m[22m[49m: Unity.ILPP.Runner.PostProcessingPipeline[0]
      Processing assembly Library/Bee/artifacts/200b0aE.dag/UnityEditor.UI.dll, with 118 defines and 235 references
[40m[32minfo[39m[22m[49m: Unity.ILPP.Runner.PostProcessingPipeline[0]
      processors: HybridCLR.AssemblyShadow.CodeGen.ReflectionBindingsILPostProcessor, zzzUnity.Burst.CodeGen.BurstILPostProcessor
[40m[32minfo[39m[22m[49m: Unity.ILPP.Runner.PostProcessingPipeline[0]
      running HybridCLR.AssemblyShadow.CodeGen.ReflectionBindingsILPostProcessor
[40m[32minfo[39m[22m[49m: Unity.ILPP.Runner.PostProcessingPipeline[0]
      running zzzUnity.Burst.CodeGen.BurstILPostProcessor
[40m[32minfo[39m[22m[49m: Microsoft.AspNetCore.Hosting.Diagnostics[1]
      Request starting HTTP/2 POST http://ilpp/UnityILPP.PostProcessing/PostProcessAssembly application/grpc -
[40m[32minfo[39m[22m[49m: Microsoft.AspNetCore.Routing.EndpointMiddleware[0]
      Executing endpoint 'gRPC - /UnityILPP.PostProcessing/PostProcessAssembly'
[40m[32minfo[39m[22m[49m: Microsoft.AspNetCore.Routing.EndpointMiddleware[1]
      Executed endpoint 'gRPC - /UnityILPP.PostProcessing/PostProcessAssembly'
[40m[32minfo[39m[22m[49m: Microsoft.AspNetCore.Hosting.Diagnostics[2]
      Request finished HTTP/2 POST http://ilpp/UnityILPP.PostProcessing/PostProcessAssembly application/grpc - - 200 - application/grpc 14.4315ms
[40m[32minfo[39m[22m[49m: Unity.ILPP.Runner.PostProcessingPipeline[0]
      Processing assembly Library/Bee/artifacts/200b0aE.dag/AssemblyShadowBaseline.Editor.dll, with 115 defines and 239 references
[40m[32minfo[39m[22m[49m: Unity.ILPP.Runner.PostProcessingPipeline[0]
      processors: HybridCLR.AssemblyShadow.CodeGen.ReflectionBindingsILPostProcessor, zzzUnity.Burst.CodeGen.BurstILPostProcessor
[40m[32minfo[39m[22m[49m: Unity.ILPP.Runner.PostProcessingPipeline[0]
      running HybridCLR.AssemblyShadow.CodeGen.ReflectionBindingsILPostProcessor
[40m[32minfo[39m[22m[49m: Unity.ILPP.Runner.PostProcessingPipeline[0]
      running zzzUnity.Burst.CodeGen.BurstILPostProcessor
[40m[32minfo[39m[22m[49m: Microsoft.AspNetCore.Routing.EndpointMiddleware[1]
      Executed endpoint 'gRPC - /UnityILPP.PostProcessing/PostProcessAssembly'
[40m[32minfo[39m[22m[49m: Microsoft.AspNetCore.Hosting.Diagnostics[2]
      Request finished HTTP/2 POST http://ilpp/UnityILPP.PostProcessing/PostProcessAssembly application/grpc - - 200 - application/grpc 3.7936ms
[40m[32minfo[39m[22m[49m: Microsoft.AspNetCore.Hosting.Diagnostics[1]
      Request starting HTTP/2 POST http://ilpp/UnityILPP.PostProcessing/PostProcessAssembly application/grpc -
[40m[32minfo[39m[22m[49m: Microsoft.AspNetCore.Routing.EndpointMiddleware[0]
      Executing endpoint 'gRPC - /UnityILPP.PostProcessing/PostProcessAssembly'
[40m[32minfo[39m[22m[49m: Microsoft.AspNetCore.Hosting.Diagnostics[1]
      Request starting HTTP/2 POST http://ilpp/UnityILPP.PostProcessing/PostProcessAssembly application/grpc -
[40m[32minfo[39m[22m[49m: Microsoft.AspNetCore.Routing.EndpointMiddleware[0]
      Executing endpoint 'gRPC - /UnityILPP.PostProcessing/PostProcessAssembly'
[40m[32minfo[39m[22m[49m: Unity.ILPP.Runner.PostProcessingPipeline[0]
      Processing assembly Library/Bee/artifacts/200b0aE.dag/Unity.2D.Tilemap.Editor.dll, with 115 defines and 236 references
[40m[32minfo[39m[22m[49m: Unity.ILPP.Runner.PostProcessingPipeline[0]
      processors: HybridCLR.AssemblyShadow.CodeGen.ReflectionBindingsILPostProcessor, zzzUnity.Burst.CodeGen.BurstILPostProcessor
[40m[32minfo[39m[22m[49m: Unity.ILPP.Runner.PostProcessingPipeline[0]
      running HybridCLR.AssemblyShadow.CodeGen.ReflectionBindingsILPostProcessor
[40m[32minfo[39m[22m[49m: Unity.ILPP.Runner.PostProcessingPipeline[0]
      running zzzUnity.Burst.CodeGen.BurstILPostProcessor
[40m[32minfo[39m[22m[49m: Microsoft.AspNetCore.Routing.EndpointMiddleware[1]
      Executed endpoint 'gRPC - /UnityILPP.PostProcessing/PostProcessAssembly'
[40m[32minfo[39m[22m[49m: Microsoft.AspNetCore.Hosting.Diagnostics[2]
      Request finished HTTP/2 POST http://ilpp/UnityILPP.PostProcessing/PostProcessAssembly application/grpc - - 200 - application/grpc 10.0160ms
[40m[32minfo[39m[22m[49m: Unity.ILPP.Runner.PostProcessingPipeline[0]
      Processing assembly Library/Bee/artifacts/200b0aE.dag/Unity.Collections.BurstCompatibilityGen.dll, with 115 defines and 238 references
[40m[32minfo[39m[22m[49m: Unity.ILPP.Runner.PostProcessingPipeline[0]
      processors: HybridCLR.AssemblyShadow.CodeGen.ReflectionBindingsILPostProcessor, zzzUnity.Burst.CodeGen.BurstILPostProcessor
[40m[32minfo[39m[22m[49m: Unity.ILPP.Runner.PostProcessingPipeline[0]
      running HybridCLR.AssemblyShadow.CodeGen.ReflectionBindingsILPostProcessor
[40m[32minfo[39m[22m[49m: Unity.ILPP.Runner.PostProcessingPipeline[0]
      running zzzUnity.Burst.CodeGen.BurstILPostProcessor
[40m[32minfo[39m[22m[49m: Microsoft.AspNetCore.Hosting.Diagnostics[1]
      Request starting HTTP/2 POST http://ilpp/UnityILPP.PostProcessing/PostProcessAssembly application/grpc -
[40m[32minfo[39m[22m[49m: Microsoft.AspNetCore.Routing.EndpointMiddleware[0]
      Executing endpoint 'gRPC - /UnityILPP.PostProcessing/PostProcessAssembly'
[40m[32minfo[39m[22m[49m: Microsoft.AspNetCore.Hosting.Diagnostics[1]
      Request starting HTTP/2 POST http://ilpp/UnityILPP.PostProcessing/PostProcessAssembly application/grpc -
[40m[32minfo[39m[22m[49m: Microsoft.AspNetCore.Routing.EndpointMiddleware[0]
      Executing endpoint 'gRPC - /UnityILPP.PostProcessing/PostProcessAssembly'
[40m[32minfo[39m[22m[49m: Microsoft.AspNetCore.Routing.EndpointMiddleware[1]
      Executed endpoint 'gRPC - /UnityILPP.PostProcessing/PostProcessAssembly'
[40m[32minfo[39m[22m[49m: Microsoft.AspNetCore.Hosting.Diagnostics[2]
      Request finished HTTP/2 POST http://ilpp/UnityILPP.PostProcessing/PostProcessAssembly application/grpc - - 200 - application/grpc 21.1721ms
[40m[32minfo[39m[22m[49m: Unity.ILPP.Runner.PostProcessingPipeline[0]
      Processing assembly Library/Bee/artifacts/200b0aE.dag/Unity.ShaderGraph.Editor.dll, with 115 defines and 240 references
[40m[32minfo[39m[22m[49m: Unity.ILPP.Runner.PostProcessingPipeline[0]
      processors: HybridCLR.AssemblyShadow.CodeGen.ReflectionBindingsILPostProcessor, zzzUnity.Burst.CodeGen.BurstILPostProcessor
[40m[32minfo[39m[22m[49m: Unity.ILPP.Runner.PostProcessingPipeline[0]
      running HybridCLR.AssemblyShadow.CodeGen.ReflectionBindingsILPostProcessor
[40m[32minfo[39m[22m[49m: Unity.ILPP.Runner.PostProcessingPipeline[0]
      running zzzUnity.Burst.CodeGen.BurstILPostProcessor
[40m[32minfo[39m[22m[49m: Microsoft.AspNetCore.Routing.EndpointMiddleware[1]
      Executed endpoint 'gRPC - /UnityILPP.PostProcessing/PostProcessAssembly'
[40m[32minfo[39m[22m[49m: Microsoft.AspNetCore.Hosting.Diagnostics[2]
      Request finished HTTP/2 POST http://ilpp/UnityILPP.PostProcessing/PostProcessAssembly application/grpc - - 200 - application/grpc 27.3300ms
[40m[32minfo[39m[22m[49m: Unity.ILPP.Runner.PostProcessingPipeline[0]
      Processing assembly Library/Bee/artifacts/200b0aE.dag/Unity.VisualScripting.Flow.Editor.dll, with 115 defines and 239 references
[40m[32minfo[39m[22m[49m: Unity.ILPP.Runner.PostProcessingPipeline[0]
      processors: HybridCLR.AssemblyShadow.CodeGen.ReflectionBindingsILPostProcessor, zzzUnity.Burst.CodeGen.BurstILPostProcessor
[40m[32minfo[39m[22m[49m: Unity.ILPP.Runner.PostProcessingPipeline[0]
      running HybridCLR.AssemblyShadow.CodeGen.ReflectionBindingsILPostProcessor
[40m[32minfo[39m[22m[49m: Unity.ILPP.Runner.PostProcessingPipeline[0]
      running zzzUnity.Burst.CodeGen.BurstILPostProcessor
[40m[32minfo[39m[22m[49m: Microsoft.AspNetCore.Routing.EndpointMiddleware[1]
      Executed endpoint 'gRPC - /UnityILPP.PostProcessing/PostProcessAssembly'
[40m[32minfo[39m[22m[49m: Microsoft.AspNetCore.Hosting.Diagnostics[2]
      Request finished HTTP/2 POST http://ilpp/UnityILPP.PostProcessing/PostProcessAssembly application/grpc - - 200 - application/grpc 33.7429ms
[40m[32minfo[39m[22m[49m: Microsoft.AspNetCore.Hosting.Diagnostics[1]
      Request starting HTTP/2 POST http://ilpp/UnityILPP.PostProcessing/PostProcessAssembly application/grpc -
[40m[32minfo[39m[22m[49m: Microsoft.AspNetCore.Routing.EndpointMiddleware[0]
      Executing endpoint 'gRPC - /UnityILPP.PostProcessing/PostProcessAssembly'
[40m[32minfo[39m[22m[49m: Microsoft.AspNetCore.Hosting.Diagnostics[1]
      Request starting HTTP/2 POST http://ilpp/UnityILPP.PostProcessing/PostProcessAssembly application/grpc -
[40m[32minfo[39m[22m[49m: Microsoft.AspNetCore.Routing.EndpointMiddleware[0]
      Executing endpoint 'gRPC - /UnityILPP.PostProcessing/PostProcessAssembly'
[40m[32minfo[39m[22m[49m: Unity.ILPP.Runner.PostProcessingPipeline[0]
      Processing assembly Library/Bee/artifacts/200b0aE.dag/Unity.2D.SpriteShape.Editor.dll, with 115 defines and 241 references
[40m[32minfo[39m[22m[49m: Unity.ILPP.Runner.PostProcessingPipeline[0]
      processors: HybridCLR.AssemblyShadow.CodeGen.ReflectionBindingsILPostProcessor, zzzUnity.Burst.CodeGen.BurstILPostProcessor
[40m[32minfo[39m[22m[49m: Unity.ILPP.Runner.PostProcessingPipeline[0]
      running HybridCLR.AssemblyShadow.CodeGen.ReflectionBindingsILPostProcessor
[40m[32minfo[39m[22m[49m: Unity.ILPP.Runner.PostProcessingPipeline[0]
      running zzzUnity.Burst.CodeGen.BurstILPostProcessor
[40m[32minfo[39m[22m[49m: Microsoft.AspNetCore.Routing.EndpointMiddleware[1]
      Executed endpoint 'gRPC - /UnityILPP.PostProcessing/PostProcessAssembly'
[40m[32minfo[39m[22m[49m: Microsoft.AspNetCore.Hosting.Diagnostics[2]
      Request finished HTTP/2 POST http://ilpp/UnityILPP.PostProcessing/PostProcessAssembly application/grpc - - 200 - application/grpc 38.7565ms
[40m[32minfo[39m[22m[49m: Microsoft.AspNetCore.Hosting.Diagnostics[1]
      Request starting HTTP/2 POST http://ilpp/UnityILPP.PostProcessing/PostProcessAssembly application/grpc -
[40m[32minfo[39m[22m[49m: Unity.ILPP.Runner.PostProcessingPipeline[0]
      Processing assembly Library/Bee/artifacts/200b0aE.dag/PsdPlugin.dll, with 115 defines and 237 references
[40m[32minfo[39m[22m[49m: Microsoft.AspNetCore.Routing.EndpointMiddleware[0]
      Executing endpoint 'gRPC - /UnityILPP.PostProcessing/PostProcessAssembly'
[40m[32minfo[39m[22m[49m: Unity.ILPP.Runner.PostProcessingPipeline[0]
      processors: HybridCLR.AssemblyShadow.CodeGen.ReflectionBindingsILPostProcessor, zzzUnity.Burst.CodeGen.BurstILPostProcessor
[40m[32minfo[39m[22m[49m: Unity.ILPP.Runner.PostProcessingPipeline[0]
      running HybridCLR.AssemblyShadow.CodeGen.ReflectionBindingsILPostProcessor
[40m[32minfo[39m[22m[49m: Unity.ILPP.Runner.PostProcessingPipeline[0]
      running zzzUnity.Burst.CodeGen.BurstILPostProcessor
[40m[32minfo[39m[22m[49m: Microsoft.AspNetCore.Hosting.Diagnostics[1]
      Request starting HTTP/2 POST http://ilpp/UnityILPP.PostProcessing/PostProcessAssembly application/grpc -
[40m[32minfo[39m[22m[49m: Microsoft.AspNetCore.Routing.EndpointMiddleware[0]
      Executing endpoint 'gRPC - /UnityILPP.PostProcessing/PostProcessAssembly'
[40m[32minfo[39m[22m[49m: Microsoft.AspNetCore.Routing.EndpointMiddleware[1]
      Executed endpoint 'gRPC - /UnityILPP.PostProcessing/PostProcessAssembly'
[40m[32minfo[39m[22m[49m: Microsoft.AspNetCore.Hosting.Diagnostics[2]
      Request finished HTTP/2 POST http://ilpp/UnityILPP.PostProcessing/PostProcessAssembly application/grpc - - 200 - application/grpc 57.8344ms
[40m[32minfo[39m[22m[49m: Unity.ILPP.Runner.PostProcessingPipeline[0]
      Processing assembly Library/Bee/artifacts/200b0aE.dag/Unity.2D.Sprite.Editor.dll, with 115 defines and 236 references
[40m[32minfo[39m[22m[49m: Unity.ILPP.Runner.PostProcessingPipeline[0]
      processors: HybridCLR.AssemblyShadow.CodeGen.ReflectionBindingsILPostProcessor, zzzUnity.Burst.CodeGen.BurstILPostProcessor
[40m[32minfo[39m[22m[49m: Unity.ILPP.Runner.PostProcessingPipeline[0]
      running HybridCLR.AssemblyShadow.CodeGen.ReflectionBindingsILPostProcessor
[40m[32minfo[39m[22m[49m: Unity.ILPP.Runner.PostProcessingPipeline[0]
      running zzzUnity.Burst.CodeGen.BurstILPostProcessor
[40m[32minfo[39m[22m[49m: Microsoft.AspNetCore.Routing.EndpointMiddleware[1]
      Executed endpoint 'gRPC - /UnityILPP.PostProcessing/PostProcessAssembly'
[40m[32minfo[39m[22m[49m: Microsoft.AspNetCore.Hosting.Diagnostics[2]
      Request finished HTTP/2 POST http://ilpp/UnityILPP.PostProcessing/PostProcessAssembly application/grpc - - 200 - application/grpc 31.7401ms
[40m[32minfo[39m[22m[49m: Unity.ILPP.Runner.PostProcessingPipeline[0]
      Processing assembly Library/Bee/artifacts/200b0aE.dag/Unity.2D.Common.Editor.dll, with 115 defines and 240 references
[40m[32minfo[39m[22m[49m: Unity.ILPP.Runner.PostProcessingPipeline[0]
      processors: HybridCLR.AssemblyShadow.CodeGen.ReflectionBindingsILPostProcessor, zzzUnity.Burst.CodeGen.BurstILPostProcessor
[40m[32minfo[39m[22m[49m: Unity.ILPP.Runner.PostProcessingPipeline[0]
      running HybridCLR.AssemblyShadow.CodeGen.ReflectionBindingsILPostProcessor
[40m[32minfo[39m[22m[49m: Unity.ILPP.Runner.PostProcessingPipeline[0]
      running zzzUnity.Burst.CodeGen.BurstILPostProcessor
[40m[32minfo[39m[22m[49m: Microsoft.AspNetCore.Hosting.Diagnostics[1]
      Request starting HTTP/2 POST http://ilpp/UnityILPP.PostProcessing/PostProcessAssembly application/grpc -
[40m[32minfo[39m[22m[49m: Microsoft.AspNetCore.Routing.EndpointMiddleware[0]
      Executing endpoint 'gRPC - /UnityILPP.PostProcessing/PostProcessAssembly'
[40m[32minfo[39m[22m[49m: Microsoft.AspNetCore.Routing.EndpointMiddleware[1]
      Executed endpoint 'gRPC - /UnityILPP.PostProcessing/PostProcessAssembly'
[40m[32minfo[39m[22m[49m: Microsoft.AspNetCore.Hosting.Diagnostics[1]
      Request starting HTTP/2 POST http://ilpp/UnityILPP.PostProcessing/PostProcessAssembly application/grpc -
[40m[32minfo[39m[22m[49m: Microsoft.AspNetCore.Routing.EndpointMiddleware[0]
      Executing endpoint 'gRPC - /UnityILPP.PostProcessing/PostProcessAssembly'
[40m[32minfo[39m[22m[49m: Microsoft.AspNetCore.Hosting.Diagnostics[2]
      Request finished HTTP/2 POST http://ilpp/UnityILPP.PostProcessing/PostProcessAssembly application/grpc - - 200 - application/grpc 64.6327ms
[40m[32minfo[39m[22m[49m: Unity.ILPP.Runner.PostProcessingPipeline[0]
      Processing assembly Library/Bee/artifacts/200b0aE.dag/Unity.RenderPipelines.Core.Editor.dll, with 116 defines and 238 references
[40m[32minfo[39m[22m[49m: Unity.ILPP.Runner.PostProcessingPipeline[0]
      processors: HybridCLR.AssemblyShadow.CodeGen.ReflectionBindingsILPostProcessor, zzzUnity.Burst.CodeGen.BurstILPostProcessor
[40m[32minfo[39m[22m[49m: Unity.ILPP.Runner.PostProcessingPipeline[0]
      running HybridCLR.AssemblyShadow.CodeGen.ReflectionBindingsILPostProcessor
[40m[32minfo[39m[22m[49m: Unity.ILPP.Runner.PostProcessingPipeline[0]
      running zzzUnity.Burst.CodeGen.BurstILPostProcessor
[40m[32minfo[39m[22m[49m: Unity.ILPP.Runner.PostProcessingPipeline[0]
      Processing assembly Library/Bee/artifacts/200b0aE.dag/Unity.CollabProxy.Editor.dll, with 115 defines and 237 references
[40m[32minfo[39m[22m[49m: Unity.ILPP.Runner.PostProcessingPipeline[0]
      processors: HybridCLR.AssemblyShadow.CodeGen.ReflectionBindingsILPostProcessor, zzzUnity.Burst.CodeGen.BurstILPostProcessor
[40m[32minfo[39m[22m[49m: Unity.ILPP.Runner.PostProcessingPipeline[0]
      running HybridCLR.AssemblyShadow.CodeGen.ReflectionBindingsILPostProcessor
[40m[32minfo[39m[22m[49m: Unity.ILPP.Runner.PostProcessingPipeline[0]
      running zzzUnity.Burst.CodeGen.BurstILPostProcessor
[40m[32minfo[39m[22m[49m: Microsoft.AspNetCore.Routing.EndpointMiddleware[1]
      Executed endpoint 'gRPC - /UnityILPP.PostProcessing/PostProcessAssembly'
[40m[32minfo[39m[22m[49m: Microsoft.AspNetCore.Hosting.Diagnostics[2]
      Request finished HTTP/2 POST http://ilpp/UnityILPP.PostProcessing/PostProcessAssembly application/grpc - - 200 - application/grpc 34.1538ms
[40m[32minfo[39m[22m[49m: Microsoft.AspNetCore.Hosting.Diagnostics[1]
      Request starting HTTP/2 POST http://ilpp/UnityILPP.PostProcessing/PostProcessAssembly application/grpc -
[40m[32minfo[39m[22m[49m: Microsoft.AspNetCore.Routing.EndpointMiddleware[0]
      Executing endpoint 'gRPC - /UnityILPP.PostProcessing/PostProcessAssembly'
[40m[32minfo[39m[22m[49m: Unity.ILPP.Runner.PostProcessingPipeline[0]
      Processing assembly Library/Bee/artifacts/200b0aE.dag/Unity.RenderPipelines.Universal.Editor.dll, with 116 defines and 242 references
[40m[32minfo[39m[22m[49m: Unity.ILPP.Runner.PostProcessingPipeline[0]
      processors: HybridCLR.AssemblyShadow.CodeGen.ReflectionBindingsILPostProcessor, zzzUnity.Burst.CodeGen.BurstILPostProcessor
[40m[32minfo[39m[22m[49m: Unity.ILPP.Runner.PostProcessingPipeline[0]
      running HybridCLR.AssemblyShadow.CodeGen.ReflectionBindingsILPostProcessor
[40m[32minfo[39m[22m[49m: Unity.ILPP.Runner.PostProcessingPipeline[0]
      running zzzUnity.Burst.CodeGen.BurstILPostProcessor
[40m[32minfo[39m[22m[49m: Microsoft.AspNetCore.Hosting.Diagnostics[1]
      Request starting HTTP/2 POST http://ilpp/UnityILPP.PostProcessing/PostProcessAssembly application/grpc -
[40m[32minfo[39m[22m[49m: Microsoft.AspNetCore.Hosting.Diagnostics[1]
      Request starting HTTP/2 POST http://ilpp/UnityILPP.PostProcessing/PostProcessAssembly application/grpc -
[40m[32minfo[39m[22m[49m: Microsoft.AspNetCore.Routing.EndpointMiddleware[0]
      Executing endpoint 'gRPC - /UnityILPP.PostProcessing/PostProcessAssembly'
[40m[32minfo[39m[22m[49m: Microsoft.AspNetCore.Routing.EndpointMiddleware[0]
      Executing endpoint 'gRPC - /UnityILPP.PostProcessing/PostProcessAssembly'
[40m[32minfo[39m[22m[49m: Microsoft.AspNetCore.Routing.EndpointMiddleware[1]
      Executed endpoint 'gRPC - /UnityILPP.PostProcessing/PostProcessAssembly'
[40m[32minfo[39m[22m[49m: Microsoft.AspNetCore.Hosting.Diagnostics[2]
      Request finished HTTP/2 POST http://ilpp/UnityILPP.PostProcessing/PostProcessAssembly application/grpc - - 200 - application/grpc 15.3080ms
[40m[32minfo[39m[22m[49m: Microsoft.AspNetCore.Hosting.Diagnostics[1]
      Request starting HTTP/2 POST http://ilpp/UnityILPP.PostProcessing/PostProcessAssembly application/grpc -
[40m[32minfo[39m[22m[49m: Microsoft.AspNetCore.Routing.EndpointMiddleware[0]
      Executing endpoint 'gRPC - /UnityILPP.PostProcessing/PostProcessAssembly'
[40m[32minfo[39m[22m[49m: Microsoft.AspNetCore.Routing.EndpointMiddleware[1]
      Executed endpoint 'gRPC - /UnityILPP.PostProcessing/PostProcessAssembly'
[40m[32minfo[39m[22m[49m: Microsoft.AspNetCore.Hosting.Diagnostics[2]
      Request finished HTTP/2 POST http://ilpp/UnityILPP.PostProcessing/PostProcessAssembly application/grpc - - 200 - application/grpc 74.4215ms
[40m[32minfo[39m[22m[49m: Unity.ILPP.Runner.PostProcessingPipeline[0]
      Processing assembly Library/Bee/artifacts/200b0aE.dag/Unity.PlasticSCM.Editor.dll, with 115 defines and 226 references
[40m[32minfo[39m[22m[49m: Unity.ILPP.Runner.PostProcessingPipeline[0]
      processors: HybridCLR.AssemblyShadow.CodeGen.ReflectionBindingsILPostProcessor, zzzUnity.Burst.CodeGen.BurstILPostProcessor
[40m[32minfo[39m[22m[49m: Unity.ILPP.Runner.PostProcessingPipeline[0]
      Processing assembly Library/Bee/artifacts/200b0aE.dag/MCPForUnityTests.EditMode.dll, with 115 defines and 227 references
[40m[32minfo[39m[22m[49m: Unity.ILPP.Runner.PostProcessingPipeline[0]
      processors: HybridCLR.AssemblyShadow.CodeGen.ReflectionBindingsILPostProcessor, zzzUnity.Burst.CodeGen.BurstILPostProcessor
[40m[32minfo[39m[22m[49m: Unity.ILPP.Runner.PostProcessingPipeline[0]
      running HybridCLR.AssemblyShadow.CodeGen.ReflectionBindingsILPostProcessor
[40m[32minfo[39m[22m[49m: Unity.ILPP.Runner.PostProcessingPipeline[0]
      running zzzUnity.Burst.CodeGen.BurstILPostProcessor
[40m[32minfo[39m[22m[49m: Unity.ILPP.Runner.PostProcessingPipeline[0]
      running HybridCLR.AssemblyShadow.CodeGen.ReflectionBindingsILPostProcessor
[40m[32minfo[39m[22m[49m: Unity.ILPP.Runner.PostProcessingPipeline[0]
      running zzzUnity.Burst.CodeGen.BurstILPostProcessor
[40m[32minfo[39m[22m[49m: Microsoft.AspNetCore.Routing.EndpointMiddleware[1]
      Executed endpoint 'gRPC - /UnityILPP.PostProcessing/PostProcessAssembly'
[40m[32minfo[39m[22m[49m: Microsoft.AspNetCore.Routing.EndpointMiddleware[1]
      Executed endpoint 'gRPC - /UnityILPP.PostProcessing/PostProcessAssembly'
[40m[32minfo[39m[22m[49m: Microsoft.AspNetCore.Hosting.Diagnostics[2]
      Request finished HTTP/2 POST http://ilpp/UnityILPP.PostProcessing/PostProcessAssembly application/grpc - - 200 - application/grpc 16.8209ms
[40m[32minfo[39m[22m[49m: Microsoft.AspNetCore.Hosting.Diagnostics[2]
      Request finished HTTP/2 POST http://ilpp/UnityILPP.PostProcessing/PostProcessAssembly application/grpc - - 200 - application/grpc 21.7410ms
[40m[32minfo[39m[22m[49m: Unity.ILPP.Runner.PostProcessingPipeline[0]
      Processing assembly Library/Bee/artifacts/200b0aE.dag/Unity.VisualScripting.Core.Editor.dll, with 115 defines and 237 references
[40m[32minfo[39m[22m[49m: Unity.ILPP.Runner.PostProcessingPipeline[0]
      processors: HybridCLR.AssemblyShadow.CodeGen.ReflectionBindingsILPostProcessor, zzzUnity.Burst.CodeGen.BurstILPostProcessor
[40m[32minfo[39m[22m[49m: Unity.ILPP.Runner.PostProcessingPipeline[0]
      running HybridCLR.AssemblyShadow.CodeGen.ReflectionBindingsILPostProcessor
[40m[32minfo[39m[22m[49m: Unity.ILPP.Runner.PostProcessingPipeline[0]
      running zzzUnity.Burst.CodeGen.BurstILPostProcessor
[40m[32minfo[39m[22m[49m: Microsoft.AspNetCore.Routing.EndpointMiddleware[1]
      Executed endpoint 'gRPC - /UnityILPP.PostProcessing/PostProcessAssembly'
[40m[32minfo[39m[22m[49m: Microsoft.AspNetCore.Hosting.Diagnostics[2]
      Request finished HTTP/2 POST http://ilpp/UnityILPP.PostProcessing/PostProcessAssembly application/grpc - - 200 - application/grpc 42.3697ms
[40m[32minfo[39m[22m[49m: Microsoft.AspNetCore.Hosting.Diagnostics[1]
      Request starting HTTP/2 POST http://ilpp/UnityILPP.PostProcessing/PostProcessAssembly application/grpc -
[40m[32minfo[39m[22m[49m: Microsoft.AspNetCore.Routing.EndpointMiddleware[0]
      Executing endpoint 'gRPC - /UnityILPP.PostProcessing/PostProcessAssembly'
[40m[32minfo[39m[22m[49m: Unity.ILPP.Runner.PostProcessingPipeline[0]
      Processing assembly Library/Bee/artifacts/200b0aE.dag/Unity.2D.Animation.Editor.dll, with 115 defines and 245 references
[40m[32minfo[39m[22m[49m: Unity.ILPP.Runner.PostProcessingPipeline[0]
      processors: HybridCLR.AssemblyShadow.CodeGen.ReflectionBindingsILPostProcessor, zzzUnity.Burst.CodeGen.BurstILPostProcessor
[40m[32minfo[39m[22m[49m: Unity.ILPP.Runner.PostProcessingPipeline[0]
      running HybridCLR.AssemblyShadow.CodeGen.ReflectionBindingsILPostProcessor
[40m[32minfo[39m[22m[49m: Unity.ILPP.Runner.PostProcessingPipeline[0]
      running zzzUnity.Burst.CodeGen.BurstILPostProcessor
[40m[32minfo[39m[22m[49m: Microsoft.AspNetCore.Hosting.Diagnostics[1]
      Request starting HTTP/2 POST http://ilpp/UnityILPP.PostProcessing/PostProcessAssembly application/grpc -
[40m[32minfo[39m[22m[49m: Microsoft.AspNetCore.Routing.EndpointMiddleware[0]
      Executing endpoint 'gRPC - /UnityILPP.PostProcessing/PostProcessAssembly'
[40m[32minfo[39m[22m[49m: Microsoft.AspNetCore.Hosting.Diagnostics[1]
      Request starting HTTP/2 POST http://ilpp/UnityILPP.PostProcessing/PostProcessAssembly application/grpc -
[40m[32minfo[39m[22m[49m: Microsoft.AspNetCore.Routing.EndpointMiddleware[0]
      Executing endpoint 'gRPC - /UnityILPP.PostProcessing/PostProcessAssembly'
[40m[32minfo[39m[22m[49m: Unity.ILPP.Runner.PostProcessingPipeline[0]
      Processing assembly Library/Bee/artifacts/200b0aE.dag/Unity.Mathematics.Editor.dll, with 115 defines and 237 references
[40m[32minfo[39m[22m[49m: Unity.ILPP.Runner.PostProcessingPipeline[0]
      processors: HybridCLR.AssemblyShadow.CodeGen.ReflectionBindingsILPostProcessor, zzzUnity.Burst.CodeGen.BurstILPostProcessor
[40m[32minfo[39m[22m[49m: Unity.ILPP.Runner.PostProcessingPipeline[0]
      running HybridCLR.AssemblyShadow.CodeGen.ReflectionBindingsILPostProcessor
[40m[32minfo[39m[22m[49m: Unity.ILPP.Runner.PostProcessingPipeline[0]
      running zzzUnity.Burst.CodeGen.BurstILPostProcessor
[40m[32minfo[39m[22m[49m: Unity.ILPP.Runner.PostProcessingPipeline[0]
      Processing assembly Library/Bee/artifacts/200b0aE.dag/Unity.VisualScripting.State.Editor.dll, with 115 defines and 241 references
[40m[32minfo[39m[22m[49m: Unity.ILPP.Runner.PostProcessingPipeline[0]
      processors: HybridCLR.AssemblyShadow.CodeGen.ReflectionBindingsILPostProcessor, zzzUnity.Burst.CodeGen.BurstILPostProcessor
[40m[32minfo[39m[22m[49m: Unity.ILPP.Runner.PostProcessingPipeline[0]
      running HybridCLR.AssemblyShadow.CodeGen.ReflectionBindingsILPostProcessor
[40m[32minfo[39m[22m[49m: Unity.ILPP.Runner.PostProcessingPipeline[0]
      running zzzUnity.Burst.CodeGen.BurstILPostProcessor
[40m[32minfo[39m[22m[49m: Microsoft.AspNetCore.Routing.EndpointMiddleware[1]
      Executed endpoint 'gRPC - /UnityILPP.PostProcessing/PostProcessAssembly'
[40m[32minfo[39m[22m[49m: Microsoft.AspNetCore.Hosting.Diagnostics[2]
      Request finished HTTP/2 POST http://ilpp/UnityILPP.PostProcessing/PostProcessAssembly application/grpc - - 200 - application/grpc 23.5615ms
[40m[32minfo[39m[22m[49m: Microsoft.AspNetCore.Routing.EndpointMiddleware[1]
      Executed endpoint 'gRPC - /UnityILPP.PostProcessing/PostProcessAssembly'
[40m[32minfo[39m[22m[49m: Microsoft.AspNetCore.Hosting.Diagnostics[2]
      Request finished HTTP/2 POST http://ilpp/UnityILPP.PostProcessing/PostProcessAssembly application/grpc - - 200 - application/grpc 11.8200ms
[40m[32minfo[39m[22m[49m: Microsoft.AspNetCore.Hosting.Diagnostics[1]
      Request starting HTTP/2 POST http://ilpp/UnityILPP.PostProcessing/PostProcessAssembly application/grpc -
[40m[32minfo[39m[22m[49m: Microsoft.AspNetCore.Routing.EndpointMiddleware[0]
      Executing endpoint 'gRPC - /UnityILPP.PostProcessing/PostProcessAssembly'
[40m[32minfo[39m[22m[49m: Unity.ILPP.Runner.PostProcessingPipeline[0]
      Processing assembly Library/Bee/artifacts/200b0aE.dag/Unity.2D.Common.Path.Editor.dll, with 115 defines and 236 references
[40m[32minfo[39m[22m[49m: Unity.ILPP.Runner.PostProcessingPipeline[0]
      processors: HybridCLR.AssemblyShadow.CodeGen.ReflectionBindingsILPostProcessor, zzzUnity.Burst.CodeGen.BurstILPostProcessor
[40m[32minfo[39m[22m[49m: Unity.ILPP.Runner.PostProcessingPipeline[0]
      running HybridCLR.AssemblyShadow.CodeGen.ReflectionBindingsILPostProcessor
[40m[32minfo[39m[22m[49m: Unity.ILPP.Runner.PostProcessingPipeline[0]
      running zzzUnity.Burst.CodeGen.BurstILPostProcessor
[40m[32minfo[39m[22m[49m: Microsoft.AspNetCore.Routing.EndpointMiddleware[1]
      Executed endpoint 'gRPC - /UnityILPP.PostProcessing/PostProcessAssembly'
[40m[32minfo[39m[22m[49m: Microsoft.AspNetCore.Hosting.Diagnostics[2]
      Request finished HTTP/2 POST http://ilpp/UnityILPP.PostProcessing/PostProcessAssembly application/grpc - - 200 - application/grpc 13.7747ms
[40m[32minfo[39m[22m[49m: Microsoft.AspNetCore.Hosting.Diagnostics[1]
      Request starting HTTP/2 POST http://ilpp/UnityILPP.PostProcessing/PostProcessAssembly application/grpc -
[40m[32minfo[39m[22m[49m: Microsoft.AspNetCore.Routing.EndpointMiddleware[0]
      Executing endpoint 'gRPC - /UnityILPP.PostProcessing/PostProcessAssembly'
[40m[32minfo[39m[22m[49m: Microsoft.AspNetCore.Hosting.Diagnostics[1]
      Request starting HTTP/2 POST http://ilpp/UnityILPP.PostProcessing/PostProcessAssembly application/grpc -
[40m[32minfo[39m[22m[49m: Microsoft.AspNetCore.Routing.EndpointMiddleware[0]
      Executing endpoint 'gRPC - /UnityILPP.PostProcessing/PostProcessAssembly'
[40m[32minfo[39m[22m[49m: Unity.ILPP.Runner.PostProcessingPipeline[0]
      Processing assembly Library/Bee/artifacts/200b0aE.dag/Unity.2D.Psdimporter.Editor.dll, with 115 defines and 245 references
[40m[32minfo[39m[22m[49m: Unity.ILPP.Runner.PostProcessingPipeline[0]
      processors: HybridCLR.AssemblyShadow.CodeGen.ReflectionBindingsILPostProcessor, zzzUnity.Burst.CodeGen.BurstILPostProcessor
[40m[32minfo[39m[22m[49m: Unity.ILPP.Runner.PostProcessingPipeline[0]
      running HybridCLR.AssemblyShadow.CodeGen.ReflectionBindingsILPostProcessor
[40m[32minfo[39m[22m[49m: Unity.ILPP.Runner.PostProcessingPipeline[0]
      running zzzUnity.Burst.CodeGen.BurstILPostProcessor
[40m[32minfo[39m[22m[49m: Microsoft.AspNetCore.Hosting.Diagnostics[1]
      Request starting HTTP/2 POST http://ilpp/UnityILPP.PostProcessing/PostProcessAssembly application/grpc -
[40m[32minfo[39m[22m[49m: Microsoft.AspNetCore.Routing.EndpointMiddleware[0]
      Executing endpoint 'gRPC - /UnityILPP.PostProcessing/PostProcessAssembly'
[40m[32minfo[39m[22m[49m: Microsoft.AspNetCore.Routing.EndpointMiddleware[1]
      Executed endpoint 'gRPC - /UnityILPP.PostProcessing/PostProcessAssembly'
[40m[32minfo[39m[22m[49m: Microsoft.AspNetCore.Hosting.Diagnostics[2]
      Request finished HTTP/2 POST http://ilpp/UnityILPP.PostProcessing/PostProcessAssembly application/grpc - - 200 - application/grpc 39.0203ms
[40m[32minfo[39m[22m[49m: Microsoft.AspNetCore.Hosting.Diagnostics[1]
      Request starting HTTP/2 POST http://ilpp/UnityILPP.PostProcessing/PostProcessAssembly application/grpc -
[40m[32minfo[39m[22m[49m: Microsoft.AspNetCore.Routing.EndpointMiddleware[0]
      Executing endpoint 'gRPC - /UnityILPP.PostProcessing/PostProcessAssembly'
[40m[32minfo[39m[22m[49m: Unity.ILPP.Runner.PostProcessingPipeline[0]
      Processing assembly Library/Bee/artifacts/200b0aE.dag/Unity.ShaderGraph.Utilities.dll, with 115 defines and 236 references
[40m[32minfo[39m[22m[49m: Unity.ILPP.Runner.PostProcessingPipeline[0]
      processors: HybridCLR.AssemblyShadow.CodeGen.ReflectionBindingsILPostProcessor, zzzUnity.Burst.CodeGen.BurstILPostProcessor
[40m[32minfo[39m[22m[49m: Unity.ILPP.Runner.PostProcessingPipeline[0]
      Processing assembly Library/Bee/artifacts/200b0aE.dag/Unity.Collections.DocCodeSamples.dll, with 115 defines and 237 references
[40m[32minfo[39m[22m[49m: Unity.ILPP.Runner.PostProcessingPipeline[0]
      processors: HybridCLR.AssemblyShadow.CodeGen.ReflectionBindingsILPostProcessor, zzzUnity.Burst.CodeGen.BurstILPostProcessor
[40m[32minfo[39m[22m[49m: Unity.ILPP.Runner.PostProcessingPipeline[0]
      running HybridCLR.AssemblyShadow.CodeGen.ReflectionBindingsILPostProcessor
[40m[32minfo[39m[22m[49m: Unity.ILPP.Runner.PostProcessingPipeline[0]
      running HybridCLR.AssemblyShadow.CodeGen.ReflectionBindingsILPostProcessor
[40m[32minfo[39m[22m[49m: Unity.ILPP.Runner.PostProcessingPipeline[0]
      running zzzUnity.Burst.CodeGen.BurstILPostProcessor
[40m[32minfo[39m[22m[49m: Unity.ILPP.Runner.PostProcessingPipeline[0]
      running zzzUnity.Burst.CodeGen.BurstILPostProcessor
[40m[32minfo[39m[22m[49m: Microsoft.AspNetCore.Routing.EndpointMiddleware[1]
      Executed endpoint 'gRPC - /UnityILPP.PostProcessing/PostProcessAssembly'
[40m[32minfo[39m[22m[49m: Microsoft.AspNetCore.Routing.EndpointMiddleware[1]
      Executed endpoint 'gRPC - /UnityILPP.PostProcessing/PostProcessAssembly'
[40m[32minfo[39m[22m[49m: Microsoft.AspNetCore.Hosting.Diagnostics[2]
      Request finished HTTP/2 POST http://ilpp/UnityILPP.PostProcessing/PostProcessAssembly application/grpc - - 200 - application/grpc 16.1615ms
[40m[32minfo[39m[22m[49m: Microsoft.AspNetCore.Hosting.Diagnostics[2]
      Request finished HTTP/2 POST http://ilpp/UnityILPP.PostProcessing/PostProcessAssembly application/grpc - - 200 - application/grpc 35.6770ms
[40m[32minfo[39m[22m[49m: Unity.ILPP.Runner.PostProcessingPipeline[0]
      Processing assembly Library/Bee/artifacts/200b0aE.dag/Unity.Timeline.Editor.dll, with 116 defines and 237 references
[40m[32minfo[39m[22m[49m: Unity.ILPP.Runner.PostProcessingPipeline[0]
      processors: HybridCLR.AssemblyShadow.CodeGen.ReflectionBindingsILPostProcessor, zzzUnity.Burst.CodeGen.BurstILPostProcessor
[40m[32minfo[39m[22m[49m: Unity.ILPP.Runner.PostProcessingPipeline[0]
      running HybridCLR.AssemblyShadow.CodeGen.ReflectionBindingsILPostProcessor
[40m[32minfo[39m[22m[49m: Unity.ILPP.Runner.PostProcessingPipeline[0]
      running zzzUnity.Burst.CodeGen.BurstILPostProcessor
[40m[32minfo[39m[22m[49m: Microsoft.AspNetCore.Routing.EndpointMiddleware[1]
      Executed endpoint 'gRPC - /UnityILPP.PostProcessing/PostProcessAssembly'
[40m[32minfo[39m[22m[49m: Microsoft.AspNetCore.Hosting.Diagnostics[2]
      Request finished HTTP/2 POST http://ilpp/UnityILPP.PostProcessing/PostProcessAssembly application/grpc - - 200 - application/grpc 4.2482ms
[40m[32minfo[39m[22m[49m: Microsoft.AspNetCore.Routing.EndpointMiddleware[1]
      Executed endpoint 'gRPC - /UnityILPP.PostProcessing/PostProcessAssembly'
[40m[32minfo[39m[22m[49m: Microsoft.AspNetCore.Hosting.Diagnostics[2]
      Request finished HTTP/2 POST http://ilpp/UnityILPP.PostProcessing/PostProcessAssembly application/grpc - - 200 - application/grpc 212.9958ms
ExitCode: 0 Duration: 5s521ms
Finished compiling graph: 920 nodes, 14534 flattened edges (11744 ToBuild, 168 ToUse), maximum node priority 1001
[  8/917    0s] WriteText Library/Bee/artifacts/200b0aE.dag/UnityEngine.TestRunner.rsp2
[  9/917    0s] WriteText Library/Bee/artifacts/200b0aE.dag/UnityEngine.TestRunner.UnityAdditionalFile.txt
[101/917    0s] WriteText Library/Bee/artifacts/200b0aE.dag/UnityEngine.UI.UnityAdditionalFile.txt
[104/917    0s] WriteText Library/Bee/artifacts/200b0aE.dag/UnityEngine.UI.rsp2
[106/917    0s] WriteText Library/Bee/artifacts/200b0aE.dag/UnityEngine.TestRunner.rsp
[107/917    0s] WriteText Library/Bee/artifacts/200b0aE.dag/UnityEngine.TestRunner.dll.mvfrm.rsp
[108/917    0s] WriteText Library/Bee/artifacts/200b0aE.dag/UnityEditor.TestRunner.UnityAdditionalFile.txt
[109/917    0s] WriteText Library/Bee/artifacts/200b0aE.dag/UnityEditor.TestRunner.rsp2
[110/917    0s] WriteText Library/Bee/artifacts/200b0aE.dag/UnityEngine.UI.dll.mvfrm.rsp
[111/917    0s] WriteText Library/Bee/artifacts/200b0aE.dag/UnityEngine.UI.rsp
[112/917    0s] WriteText Library/Bee/artifacts/200b0aE.dag/UnityEditor.TestRunner.dll.mvfrm.rsp
[114/917    0s] WriteText Library/Bee/artifacts/200b0aE.dag/UnityEditor.UI.rsp2
[115/917    0s] WriteText Library/Bee/artifacts/200b0aE.dag/UnityEditor.UI.UnityAdditionalFile.txt
[116/917    0s] WriteText Library/Bee/artifacts/200b0aE.dag/UnityEditor.TestRunner.rsp
[117/917    0s] WriteText Library/Bee/artifacts/200b0aE.dag/Unity.Burst.rsp2
[118/917    0s] WriteText Library/Bee/artifacts/200b0aE.dag/UnityEditor.UI.dll.mvfrm.rsp
[119/917    0s] WriteText Library/Bee/artifacts/200b0aE.dag/UnityEditor.UI.rsp
[121/917    0s] WriteText Library/Bee/artifacts/200b0aE.dag/Unity.Burst.UnityAdditionalFile.txt
[122/917    0s] WriteText Library/Bee/artifacts/200b0aE.dag/Unity.Burst.dll.mvfrm.rsp
[126/917    0s] WriteText Library/Bee/artifacts/200b0aE.dag/Unity.Burst.rsp
[127/917    0s] WriteText Library/Bee/artifacts/200b0aE.dag/Unity.HybridCLR.AssemblyShadow.CodeGen.UnityAdditionalFile.txt
[128/917    0s] WriteText Library/Bee/artifacts/200b0aE.dag/Unity.HybridCLR.AssemblyShadow.CodeGen.rsp2
[129/917    0s] WriteText Library/Bee/artifacts/200b0aE.dag/Unity.Burst.CodeGen.UnityAdditionalFile.txt
[131/917    0s] WriteText Library/Bee/artifacts/200b0aE.dag/Unity.HybridCLR.AssemblyShadow.CodeGen.dll.mvfrm.rsp
[132/917    0s] WriteText Library/Bee/artifacts/200b0aE.dag/Unity.Burst.CodeGen.rsp2
[133/917    0s] WriteText Library/Bee/artifacts/200b0aE.dag/Unity.HybridCLR.AssemblyShadow.CodeGen.rsp
[134/917    0s] WriteText Library/Bee/artifacts/200b0aE.dag/Unity.Mathematics.UnityAdditionalFile.txt
[135/917    0s] WriteText Library/Bee/artifacts/200b0aE.dag/Unity.Mathematics.rsp2
[136/917    0s] WriteText Library/Bee/artifacts/200b0aE.dag/Unity.Mathematics.dll.mvfrm.rsp
[137/917    0s] WriteText Library/Bee/artifacts/200b0aE.dag/Unity.RenderPipelines.Core.Runtime.UnityAdditionalFile.txt
[138/917    0s] WriteText Library/Bee/artifacts/200b0aE.dag/Unity.Burst.CodeGen.rsp
[139/917    0s] WriteText Library/Bee/artifacts/200b0aE.dag/Unity.Burst.CodeGen.dll.mvfrm.rsp
[140/917    0s] WriteText Library/Bee/artifacts/200b0aE.dag/Unity.VisualScripting.Core.UnityAdditionalFile.txt
[141/917    0s] WriteText Library/Bee/artifacts/200b0aE.dag/Unity.VisualScripting.Core.rsp2
[142/917    0s] WriteText Library/Bee/artifacts/200b0aE.dag/Unity.RenderPipelines.Core.Runtime.rsp2
[143/917    0s] WriteText Library/Bee/artifacts/200b0aE.dag/Unity.Mathematics.rsp
[144/917    0s] WriteText Library/Bee/artifacts/200b0aE.dag/Unity.RenderPipelines.Core.Runtime.rsp
[145/917    0s] WriteText Library/Bee/artifacts/200b0aE.dag/Unity.2D.Sprite.Editor.UnityAdditionalFile.txt
[146/917    0s] WriteText Library/Bee/artifacts/200b0aE.dag/Unity.2D.Sprite.Editor.rsp2
[147/917    0s] WriteText Library/Bee/artifacts/200b0aE.dag/Unity.2D.Common.Runtime.UnityAdditionalFile.txt
[148/917    0s] WriteText Library/Bee/artifacts/200b0aE.dag/Unity.RenderPipelines.Core.Runtime.dll.mvfrm.rsp
[149/917    0s] WriteText Library/Bee/artifacts/200b0aE.dag/Unity.VisualScripting.Core.dll.mvfrm.rsp
[150/917    0s] WriteText Library/Bee/artifacts/200b0aE.dag/Unity.2D.Common.Runtime.rsp2
[151/917    0s] WriteText Library/Bee/artifacts/200b0aE.dag/Unity.VisualScripting.Flow.UnityAdditionalFile.txt
[152/917    0s] WriteText Library/Bee/artifacts/200b0aE.dag/Unity.InternalAPIEngineBridge.001.rsp2
[153/917    0s] WriteText Library/Bee/artifacts/200b0aE.dag/Unity.VisualScripting.Core.rsp
[154/917    0s] WriteText Library/Bee/artifacts/200b0aE.dag/Unity.2D.Sprite.Editor.dll.mvfrm.rsp
[155/917    0s] WriteText Library/Bee/artifacts/200b0aE.dag/Unity.InternalAPIEngineBridge.001.UnityAdditionalFile.txt
[156/917    0s] WriteText Library/Bee/artifacts/200b0aE.dag/Unity.2D.Sprite.Editor.rsp
[157/917    0s] WriteText Library/Bee/artifacts/200b0aE.dag/Unity.2D.Common.Runtime.dll.mvfrm.rsp
[158/917    0s] WriteText Library/Bee/artifacts/200b0aE.dag/Unity.Collections.rsp2
[159/917    0s] WriteText Library/Bee/artifacts/200b0aE.dag/Unity.VisualScripting.Core.Editor.UnityAdditionalFile.txt
[160/917    0s] WriteText Library/Bee/artifacts/200b0aE.dag/Unity.2D.Common.Runtime.rsp
[161/917    0s] WriteText Library/Bee/artifacts/200b0aE.dag/Unity.VisualScripting.Core.Editor.rsp2
[162/917    0s] WriteText Library/Bee/artifacts/200b0aE.dag/Unity.RenderPipeline.Universal.ShaderLibrary.rsp2
[163/917    0s] WriteText Library/Bee/artifacts/200b0aE.dag/Unity.Collections.UnityAdditionalFile.txt
[164/917    0s] WriteText Library/Bee/artifacts/200b0aE.dag/Unity.VisualScripting.Flow.rsp2
[165/917    0s] WriteText Library/Bee/artifacts/200b0aE.dag/Unity.RenderPipelines.Universal.2D.Internal.UnityAdditionalFile.txt
[166/917    0s] WriteText Library/Bee/artifacts/200b0aE.dag/Unity.RenderPipelines.Universal.Config.Runtime.UnityAdditionalFile.txt
[167/917    0s] WriteText Library/Bee/artifacts/200b0aE.dag/Unity.RenderPipeline.Universal.ShaderLibrary.UnityAdditionalFile.txt
[168/917    0s] WriteText Library/Bee/artifacts/200b0aE.dag/Unity.RenderPipelines.Universal.2D.Internal.rsp2
[169/917    0s] WriteText Library/Bee/artifacts/200b0aE.dag/Unity.RenderPipelines.Core.Editor.rsp2
[170/917    0s] WriteText Library/Bee/artifacts/200b0aE.dag/Unity.RenderPipelines.Universal.Config.Runtime.rsp2
[171/917    0s] WriteText Library/Bee/artifacts/200b0aE.dag/Unity.RenderPipelines.Core.Editor.UnityAdditionalFile.txt
[172/917    0s] WriteText Library/Bee/artifacts/200b0aE.dag/Unity.Collections.dll.mvfrm.rsp
[173/917    0s] WriteText Library/Bee/artifacts/200b0aE.dag/Unity.InternalAPIEngineBridge.001.rsp
[174/917    0s] WriteText Library/Bee/artifacts/200b0aE.dag/Unity.VisualScripting.Flow.dll.mvfrm.rsp
[175/917    0s] WriteText Library/Bee/artifacts/200b0aE.dag/Unity.Collections.rsp
[176/917    0s] WriteText Library/Bee/artifacts/200b0aE.dag/Unity.RenderPipelines.Universal.2D.Internal.dll.mvfrm.rsp
[177/917    0s] WriteText Library/Bee/artifacts/200b0aE.dag/Unity.RenderPipeline.Universal.ShaderLibrary.dll.mvfrm.rsp
[178/917    0s] WriteText Library/Bee/artifacts/200b0aE.dag/Unity.RenderPipelines.Universal.Config.Runtime.dll.mvfrm.rsp
[179/917    0s] WriteText Library/Bee/artifacts/200b0aE.dag/Unity.InternalAPIEngineBridge.001.dll.mvfrm.rsp
[180/917    0s] WriteText Library/Bee/artifacts/200b0aE.dag/Unity.VisualScripting.Flow.rsp
[181/917    0s] WriteText Library/Bee/artifacts/200b0aE.dag/Unity.VisualScripting.Core.Editor.dll.mvfrm.rsp
[182/917    0s] WriteText Library/Bee/artifacts/200b0aE.dag/Unity.RenderPipeline.Universal.ShaderLibrary.rsp
[183/917    0s] WriteText Library/Bee/artifacts/200b0aE.dag/Unity.Searcher.Editor.UnityAdditionalFile.txt
[184/917    0s] WriteText Library/Bee/artifacts/200b0aE.dag/Unity.InternalAPIEditorBridge.001.UnityAdditionalFile.txt
[185/917    0s] WriteText Library/Bee/artifacts/200b0aE.dag/Unity.RenderPipelines.Universal.2D.Internal.rsp
[186/917    0s] WriteText Library/Bee/artifacts/200b0aE.dag/Unity.RenderPipelines.Universal.Config.Runtime.rsp
[187/917    0s] WriteText Library/Bee/artifacts/200b0aE.dag/Unity.Searcher.Editor.rsp2
[188/917    0s] WriteText Library/Bee/artifacts/200b0aE.dag/Unity.ShaderGraph.Utilities.UnityAdditionalFile.txt
[189/917    0s] WriteText Library/Bee/artifacts/200b0aE.dag/Unity.RenderPipelines.Core.Editor.dll.mvfrm.rsp
[190/917    0s] WriteText Library/Bee/artifacts/200b0aE.dag/Unity.InternalAPIEditorBridge.001.rsp2
[191/917    0s] WriteText Library/Bee/artifacts/200b0aE.dag/Unity.2D.Common.Editor.UnityAdditionalFile.txt
[192/917    0s] WriteText Library/Bee/artifacts/200b0aE.dag/Unity.VisualScripting.Core.Editor.rsp
[193/917    0s] WriteText Library/Bee/artifacts/200b0aE.dag/Unity.RenderPipelines.Core.Editor.rsp
[194/917    0s] WriteText Library/Bee/artifacts/200b0aE.dag/Unity.ShaderGraph.Utilities.rsp2
[195/917    0s] WriteText Library/Bee/artifacts/200b0aE.dag/Unity.RenderPipelines.Universal.Runtime.UnityAdditionalFile.txt
[196/917    0s] WriteText Library/Bee/artifacts/200b0aE.dag/Unity.RenderPipelines.Universal.Runtime.rsp2
[197/917    0s] WriteText Library/Bee/artifacts/200b0aE.dag/Unity.2D.Common.Editor.rsp2
[198/917    0s] WriteText Library/Bee/artifacts/200b0aE.dag/Unity.Searcher.Editor.dll.mvfrm.rsp
[199/917    0s] WriteText Library/Bee/artifacts/200b0aE.dag/Unity.Searcher.Editor.rsp
[200/917    0s] WriteText Library/Bee/artifacts/200b0aE.dag/Unity.InternalAPIEditorBridge.001.dll.mvfrm.rsp
[201/917    0s] WriteText Library/Bee/artifacts/200b0aE.dag/HybridCLR.Runtime.UnityAdditionalFile.txt
[202/917    0s] WriteText Library/Bee/artifacts/200b0aE.dag/Unity.VisualScripting.State.rsp2
[203/917    0s] WriteText Library/Bee/artifacts/200b0aE.dag/Unity.ShaderGraph.Utilities.dll.mvfrm.rsp
[204/917    0s] WriteText Library/Bee/artifacts/200b0aE.dag/HybridCLR.Runtime.rsp2
[205/917    0s] WriteText Library/Bee/artifacts/200b0aE.dag/Unity.ShaderGraph.Utilities.rsp
[206/917    0s] WriteText Library/Bee/artifacts/200b0aE.dag/Unity.VisualScripting.Flow.Editor.UnityAdditionalFile.txt
[207/917    0s] WriteText Library/Bee/artifacts/200b0aE.dag/Unity.VisualScripting.Flow.Editor.rsp2
[208/917    0s] WriteText Library/Bee/artifacts/200b0aE.dag/Unity.VisualScripting.State.UnityAdditionalFile.txt
[209/917    0s] WriteText Library/Bee/artifacts/200b0aE.dag/Unity.2D.Animation.Runtime.rsp2
[210/917    0s] WriteText Library/Bee/artifacts/200b0aE.dag/Unity.2D.Animation.Runtime.UnityAdditionalFile.txt
[211/917    0s] WriteText Library/Bee/artifacts/200b0aE.dag/Unity.InternalAPIEditorBridge.001.rsp
[212/917    0s] WriteText Library/Bee/artifacts/200b0aE.dag/AssemblyA.Contracts.rsp2
[213/917    0s] WriteText Library/Bee/artifacts/200b0aE.dag/AssemblyA.Contracts.UnityAdditionalFile.txt
[214/917    0s] WriteText Library/Bee/artifacts/200b0aE.dag/Unity.RenderPipelines.Universal.Runtime.dll.mvfrm.rsp
[215/917    0s] WriteText Library/Bee/artifacts/200b0aE.dag/Unity.Mathematics.Editor.rsp2
[216/917    0s] WriteText Library/Bee/artifacts/200b0aE.dag/Unity.Burst.Editor.rsp2
[217/917    0s] WriteText Library/Bee/artifacts/200b0aE.dag/Unity.2D.Common.Editor.dll.mvfrm.rsp
[218/917    0s] WriteText Library/Bee/artifacts/200b0aE.dag/Unity.Mathematics.Editor.UnityAdditionalFile.txt
[219/917    0s] WriteText Library/Bee/artifacts/200b0aE.dag/Unity.ShaderGraph.Editor.rsp2
[220/917    0s] WriteText Library/Bee/artifacts/200b0aE.dag/Unity.ShaderGraph.Editor.UnityAdditionalFile.txt
[221/917    0s] WriteText Library/Bee/artifacts/200b0aE.dag/Unity.Burst.Editor.UnityAdditionalFile.txt
[222/917    0s] WriteText Library/Bee/artifacts/200b0aE.dag/Unity.VisualScripting.State.dll.mvfrm.rsp
[223/917    0s] WriteText Library/Bee/artifacts/200b0aE.dag/Unity.RenderPipelines.Universal.Runtime.rsp
[224/917    0s] WriteText Library/Bee/artifacts/200b0aE.dag/Unity.2D.Animation.Runtime.dll.mvfrm.rsp
[225/917    0s] WriteText Library/Bee/artifacts/200b0aE.dag/Unity.VisualScripting.Flow.Editor.dll.mvfrm.rsp
[226/917    0s] WriteText Library/Bee/artifacts/200b0aE.dag/Unity.2D.Animation.Runtime.rsp
[227/917    0s] WriteText Library/Bee/artifacts/200b0aE.dag/Unity.2D.Common.Editor.rsp
[228/917    0s] WriteText Library/Bee/artifacts/200b0aE.dag/Unity.VisualScripting.State.rsp
[229/917    0s] WriteText Library/Bee/artifacts/200b0aE.dag/Unity.Burst.Editor.dll.mvfrm.rsp
[230/917    0s] WriteText Library/Bee/artifacts/200b0aE.dag/Unity.ShaderGraph.Editor.dll.mvfrm.rsp
[231/917    0s] WriteText Library/Bee/artifacts/200b0aE.dag/Unity.VisualScripting.Flow.Editor.rsp
[232/917    0s] WriteText Library/Bee/artifacts/200b0aE.dag/Unity.Mathematics.Editor.dll.mvfrm.rsp
[233/917    0s] WriteText Library/Bee/artifacts/200b0aE.dag/AssemblyA.Contracts.dll.mvfrm.rsp
[234/917    0s] WriteText Library/Bee/artifacts/200b0aE.dag/HybridCLR.Runtime.dll.mvfrm.rsp
[235/917    0s] WriteText Library/Bee/artifacts/200b0aE.dag/AssemblyA.Contracts.rsp
[236/917    0s] WriteText Library/Bee/artifacts/200b0aE.dag/HybridCLR.Runtime.rsp
[237/917    0s] WriteText Library/Bee/artifacts/200b0aE.dag/Unity.Mathematics.Editor.rsp
[238/917    0s] WriteText Library/Bee/artifacts/200b0aE.dag/Unity.Burst.Editor.rsp
[239/917    0s] WriteText Library/Bee/artifacts/200b0aE.dag/Unity.ShaderGraph.Editor.rsp
[240/917    0s] WriteText Library/Bee/artifacts/200b0aE.dag/Unity.2D.Animation.Editor.rsp2
[241/917    0s] WriteText Library/Bee/artifacts/200b0aE.dag/Unity.RenderPipelines.Universal.Editor.rsp2
[242/917    0s] WriteText Library/Bee/artifacts/200b0aE.dag/HybridCLR.Editor.UnityAdditionalFile.txt
[243/917    0s] WriteText Library/Bee/artifacts/200b0aE.dag/Unity.2D.Animation.Editor.UnityAdditionalFile.txt
[244/917    0s] WriteText Library/Bee/artifacts/200b0aE.dag/HybridCLR.Editor.rsp2
[245/917    0s] WriteText Library/Bee/artifacts/200b0aE.dag/Unity.2D.Aseprite.Common.rsp2
[246/917    0s] WriteText Library/Bee/artifacts/200b0aE.dag/Unity.2D.Aseprite.Common.UnityAdditionalFile.txt
[247/917    0s] WriteText Library/Bee/artifacts/200b0aE.dag/Unity.RenderPipelines.Universal.Editor.UnityAdditionalFile.txt
[248/917    0s] WriteText Library/Bee/artifacts/200b0aE.dag/Unity.2D.SpriteShape.Runtime.rsp2
[249/917    0s] WriteText Library/Bee/artifacts/200b0aE.dag/Unity.2D.Tilemap.Editor.UnityAdditionalFile.txt
[250/917    0s] WriteText Library/Bee/artifacts/200b0aE.dag/Unity.2D.IK.Runtime.UnityAdditionalFile.txt
[251/917    0s] WriteText Library/Bee/artifacts/200b0aE.dag/Unity.2D.SpriteShape.Runtime.UnityAdditionalFile.txt
[252/917    0s] WriteText Library/Bee/artifacts/200b0aE.dag/Unity.2D.Tilemap.Extras.UnityAdditionalFile.txt
[253/917    0s] WriteText Library/Bee/artifacts/200b0aE.dag/Unity.2D.PixelPerfect.UnityAdditionalFile.txt
[254/917    0s] WriteText Library/Bee/artifacts/200b0aE.dag/Unity.2D.Tilemap.Extras.rsp2
[255/917    0s] WriteText Library/Bee/artifacts/200b0aE.dag/Unity.2D.IK.Runtime.rsp2
[256/917    0s] WriteText Library/Bee/artifacts/200b0aE.dag/Unity.2D.Common.Path.Editor.rsp2
[257/917    0s] WriteText Library/Bee/artifacts/200b0aE.dag/Unity.2D.Tilemap.Editor.rsp2
[258/917    0s] WriteText Library/Bee/artifacts/200b0aE.dag/Unity.2D.PixelPerfect.rsp2
[259/917    0s] WriteText Library/Bee/artifacts/200b0aE.dag/Unity.Timeline.UnityAdditionalFile.txt
[260/917    0s] WriteText Library/Bee/artifacts/200b0aE.dag/Unity.VisualScripting.State.Editor.UnityAdditionalFile.txt
[261/917    0s] WriteText Library/Bee/artifacts/200b0aE.dag/Unity.TextMeshPro.UnityAdditionalFile.txt
[262/917    0s] WriteText Library/Bee/artifacts/200b0aE.dag/Unity.VisualScripting.State.Editor.rsp2
[263/917    0s] WriteText Library/Bee/artifacts/200b0aE.dag/Unity.2D.Common.Path.Editor.UnityAdditionalFile.txt
[264/917    0s] WriteText Library/Bee/artifacts/200b0aE.dag/Unity.2D.Animation.Editor.dll.mvfrm.rsp
[265/917    0s] WriteText Library/Bee/artifacts/200b0aE.dag/AssemblyA.Implementation.Extensibility.rsp2
[266/917    0s] WriteText Library/Bee/artifacts/200b0aE.dag/AssemblyA.Implementation.Extensibility.UnityAdditionalFile.txt
[267/917    0s] WriteText Library/Bee/artifacts/200b0aE.dag/Unity.TextMeshPro.rsp2
[268/917    0s] WriteText Library/Bee/artifacts/200b0aE.dag/Unity.Timeline.rsp2
[269/917    0s] WriteText Library/Bee/artifacts/200b0aE.dag/Unity.2D.Tilemap.Editor.dll.mvfrm.rsp
[270/917    0s] WriteText Library/Bee/artifacts/200b0aE.dag/Unity.2D.Tilemap.Extras.dll.mvfrm.rsp
[271/917    0s] WriteText Library/Bee/artifacts/200b0aE.dag/Unity.2D.IK.Runtime.dll.mvfrm.rsp
[272/917    0s] WriteText Library/Bee/artifacts/200b0aE.dag/Unity.Timeline.dll.mvfrm.rsp
[273/917    0s] WriteText Library/Bee/artifacts/200b0aE.dag/Unity.RenderPipelines.Universal.Editor.dll.mvfrm.rsp
[274/917    0s] WriteText Library/Bee/artifacts/200b0aE.dag/Unity.VisualScripting.State.Editor.dll.mvfrm.rsp
[275/917    0s] WriteText Library/Bee/artifacts/200b0aE.dag/Unity.TextMeshPro.dll.mvfrm.rsp
[276/917    0s] WriteText Library/Bee/artifacts/200b0aE.dag/Unity.RenderPipelines.Universal.Editor.rsp
[277/917    0s] WriteText Library/Bee/artifacts/200b0aE.dag/Unity.2D.Aseprite.Common.dll.mvfrm.rsp
[278/917    0s] WriteText Library/Bee/artifacts/200b0aE.dag/Unity.2D.Animation.Editor.rsp
[279/917    0s] WriteText Library/Bee/artifacts/200b0aE.dag/Unity.2D.PixelPerfect.dll.mvfrm.rsp
[280/917    0s] WriteText Library/Bee/artifacts/200b0aE.dag/Unity.2D.Common.Path.Editor.dll.mvfrm.rsp
[281/917    0s] WriteText Library/Bee/artifacts/200b0aE.dag/Unity.2D.IK.Runtime.rsp
[282/917    0s] WriteText Library/Bee/artifacts/200b0aE.dag/Unity.VisualScripting.State.Editor.rsp
[283/917    0s] WriteText Library/Bee/artifacts/200b0aE.dag/Unity.Timeline.rsp
[284/917    0s] WriteText Library/Bee/artifacts/200b0aE.dag/Unity.2D.Tilemap.Extras.rsp
[285/917    0s] WriteText Library/Bee/artifacts/200b0aE.dag/Unity.2D.SpriteShape.Runtime.dll.mvfrm.rsp
[286/917    0s] WriteText Library/Bee/artifacts/200b0aE.dag/Unity.TextMeshPro.rsp
[287/917    0s] WriteText Library/Bee/artifacts/200b0aE.dag/Unity.2D.Tilemap.Editor.rsp
[288/917    0s] WriteText Library/Bee/artifacts/200b0aE.dag/Unity.2D.Aseprite.Common.rsp
[289/917    0s] WriteText Library/Bee/artifacts/200b0aE.dag/Unity.2D.PixelPerfect.rsp
[290/917    0s] WriteText Library/Bee/artifacts/200b0aE.dag/Unity.2D.SpriteShape.Runtime.rsp
[291/917    0s] WriteText Library/Bee/artifacts/200b0aE.dag/AssemblyShadowBaseline.Aot.UnityAdditionalFile.txt
[292/917    0s] WriteText Library/Bee/artifacts/200b0aE.dag/AssemblyShadowBaseline.Aot.rsp2
[293/917    0s] WriteText Library/Bee/artifacts/200b0aE.dag/HybridCLR.Editor.dll.mvfrm.rsp
[294/917    0s] WriteText Library/Bee/artifacts/200b0aE.dag/AssemblyA.Implementation.Extensibility.dll.mvfrm.rsp
[295/917    0s] WriteText Library/Bee/artifacts/200b0aE.dag/PsdPlugin.UnityAdditionalFile.txt
[296/917    0s] WriteText Library/Bee/artifacts/200b0aE.dag/PsdPlugin.rsp2
[297/917    0s] WriteText Library/Bee/artifacts/200b0aE.dag/MCPForUnity.Runtime.UnityAdditionalFile.txt
[298/917    0s] WriteText Library/Bee/artifacts/200b0aE.dag/Unity.2D.Common.Path.Editor.rsp
[299/917    0s] WriteText Library/Bee/artifacts/200b0aE.dag/Unity.PlasticSCM.Editor.rsp2
[300/917    0s] WriteText Library/Bee/artifacts/200b0aE.dag/Unity.PlasticSCM.Editor.UnityAdditionalFile.txt
[301/917    0s] WriteText Library/Bee/artifacts/200b0aE.dag/AssemblyShadowBaseline.Aot.dll.mvfrm.rsp
[302/917    0s] WriteText Library/Bee/artifacts/200b0aE.dag/MCPForUnity.Runtime.rsp2
[303/917    0s] WriteText Library/Bee/artifacts/200b0aE.dag/AssemblyShadowBaseline.Aot.rsp
[304/917    0s] WriteText Library/Bee/artifacts/200b0aE.dag/Unity.Rider.Editor.rsp2
[305/917    0s] WriteText Library/Bee/artifacts/200b0aE.dag/Unity.VisualStudio.Editor.rsp2
[306/917    0s] WriteText Library/Bee/artifacts/200b0aE.dag/AssemblyA.Implementation.Extensibility.rsp
[307/917    0s] WriteText Library/Bee/artifacts/200b0aE.dag/HybridCLR.Editor.rsp
[308/917    0s] WriteText Library/Bee/artifacts/200b0aE.dag/Unity.VisualStudio.Editor.UnityAdditionalFile.txt
[309/917    0s] WriteText Library/Bee/artifacts/200b0aE.dag/Unity.Rider.Editor.UnityAdditionalFile.txt
[310/917    0s] WriteText Library/Bee/artifacts/200b0aE.dag/MCPForUnity.Runtime.dll.mvfrm.rsp
[311/917    0s] WriteText Library/Bee/artifacts/200b0aE.dag/AssemblyA.Implementation.Internal.UnityAdditionalFile.txt
[312/917    0s] WriteText Library/Bee/artifacts/200b0aE.dag/Unity.2D.Tilemap.Extras.Editor.UnityAdditionalFile.txt
[313/917    0s] WriteText Library/Bee/artifacts/200b0aE.dag/Unity.RenderPipelines.ShaderGraph.ShaderGraphLibrary.rsp2
[314/917    0s] WriteText Library/Bee/artifacts/200b0aE.dag/AssemblyA.Implementation.Internal.rsp2
[315/917    0s] WriteText Library/Bee/artifacts/200b0aE.dag/PsdPlugin.rsp
[316/917    0s] WriteText Library/Bee/artifacts/200b0aE.dag/Unity.RenderPipelines.Universal.Shaders.UnityAdditionalFile.txt
[317/917    0s] WriteText Library/Bee/artifacts/200b0aE.dag/PsdPlugin.dll.mvfrm.rsp
[318/917    0s] WriteText Library/Bee/artifacts/200b0aE.dag/Unity.RenderPipelines.Core.ShaderLibrary.rsp2
[319/917    0s] WriteText Library/Bee/artifacts/200b0aE.dag/Unity.2D.SpriteShape.Editor.rsp2
[320/917    0s] WriteText Library/Bee/artifacts/200b0aE.dag/Unity.2D.SpriteShape.Editor.UnityAdditionalFile.txt
[321/917    0s] WriteText Library/Bee/artifacts/200b0aE.dag/Unity.PlasticSCM.Editor.dll.mvfrm.rsp
[322/917    0s] WriteText Library/Bee/artifacts/200b0aE.dag/Unity.2D.Tilemap.Extras.Editor.rsp2
[323/917    0s] WriteText Library/Bee/artifacts/200b0aE.dag/AssemblyShadowDemo.ExtensibilityConsumer.UnityAdditionalFile.txt
[324/917    0s] WriteText Library/Bee/artifacts/200b0aE.dag/Unity.TextMeshPro.Editor.UnityAdditionalFile.txt
[325/917    0s] WriteText Library/Bee/artifacts/200b0aE.dag/Unity.TextMeshPro.Editor.rsp2
[326/917    0s] WriteText Library/Bee/artifacts/200b0aE.dag/AssemblyShadowDemo.ExtensibilityConsumer.rsp2
[327/917    0s] WriteText Library/Bee/artifacts/200b0aE.dag/Unity.RenderPipelines.Universal.Shaders.rsp2
[328/917    0s] WriteText Library/Bee/artifacts/200b0aE.dag/Unity.Timeline.Editor.UnityAdditionalFile.txt
[329/917    0s] WriteText Library/Bee/artifacts/200b0aE.dag/AssemblyShadowDemo.ContractsConsumer.rsp2
[330/917    0s] WriteText Library/Bee/artifacts/200b0aE.dag/Unity.Timeline.Editor.rsp2
[331/917    0s] WriteText Library/Bee/artifacts/200b0aE.dag/Unity.2D.Psdimporter.Editor.rsp2
[332/917    0s] WriteText Library/Bee/artifacts/200b0aE.dag/Unity.2D.Psdimporter.Editor.UnityAdditionalFile.txt
[333/917    0s] WriteText Library/Bee/artifacts/200b0aE.dag/AssemblyShadowDemo.ContractsConsumer.UnityAdditionalFile.txt
[334/917    0s] WriteText Library/Bee/artifacts/200b0aE.dag/Unity.RenderPipelines.Core.ShaderLibrary.UnityAdditionalFile.txt
[335/917    0s] WriteText Library/Bee/artifacts/200b0aE.dag/Unity.2D.PixelPerfect.Editor.rsp2
[336/917    0s] WriteText Library/Bee/artifacts/200b0aE.dag/Unity.2D.IK.Editor.UnityAdditionalFile.txt
[337/917    0s] WriteText Library/Bee/artifacts/200b0aE.dag/Unity.VisualScripting.SettingsProvider.Editor.rsp2
[338/917    0s] WriteText Library/Bee/artifacts/200b0aE.dag/Unity.2D.PixelPerfect.Editor.UnityAdditionalFile.txt
[339/917    0s] WriteText Library/Bee/artifacts/200b0aE.dag/Unity.2D.IK.Editor.rsp2
[340/917    0s] WriteText Library/Bee/artifacts/200b0aE.dag/Unity.VisualScripting.SettingsProvider.Editor.UnityAdditionalFile.txt
[341/917    0s] WriteText Library/Bee/artifacts/200b0aE.dag/Unity.VisualScripting.Shared.Editor.rsp2
[342/917    0s] WriteText Library/Bee/artifacts/200b0aE.dag/Unity.2D.Aseprite.Editor.UnityAdditionalFile.txt
[343/917    0s] WriteText Library/Bee/artifacts/200b0aE.dag/Unity.PlasticSCM.Editor.rsp
[344/917    0s] WriteText Library/Bee/artifacts/200b0aE.dag/Unity.VisualScripting.Shared.Editor.UnityAdditionalFile.txt
[345/917    0s] WriteText Library/Bee/artifacts/200b0aE.dag/Unity.VisualStudio.Editor.dll.mvfrm.rsp
[346/917    0s] WriteText Library/Bee/artifacts/200b0aE.dag/Unity.RenderPipelines.ShaderGraph.ShaderGraphLibrary.UnityAdditionalFile.txt
[347/917    0s] WriteText Library/Bee/artifacts/200b0aE.dag/Unity.Rider.Editor.dll.mvfrm.rsp
[348/917    0s] WriteText Library/Bee/artifacts/200b0aE.dag/Unity.2D.Aseprite.Editor.rsp2
[349/917    0s] WriteText Library/Bee/artifacts/200b0aE.dag/AssemblyShadowBaseline.Editor.rsp2
[350/917    0s] WriteText Library/Bee/artifacts/200b0aE.dag/MCPForUnity.Runtime.rsp
[351/917    0s] WriteText Library/Bee/artifacts/200b0aE.dag/AssemblyShadowBaseline.Editor.UnityAdditionalFile.txt
[352/917    0s] WriteText Library/Bee/artifacts/200b0aE.dag/Unity.2D.Aseprite.Editor.dll.mvfrm.rsp
[353/917    0s] WriteText Library/Bee/artifacts/200b0aE.dag/Unity.2D.IK.Editor.dll.mvfrm.rsp
[354/917    0s] WriteText Library/Bee/artifacts/200b0aE.dag/Unity.Timeline.Editor.dll.mvfrm.rsp
[355/917    0s] WriteText Library/Bee/artifacts/200b0aE.dag/Unity.VisualScripting.SettingsProvider.Editor.dll.mvfrm.rsp
[356/917    0s] WriteText Library/Bee/artifacts/200b0aE.dag/Unity.VisualScripting.Shared.Editor.dll.mvfrm.rsp
[357/917    0s] WriteText Library/Bee/artifacts/200b0aE.dag/Unity.RenderPipelines.Core.ShaderLibrary.dll.mvfrm.rsp
[358/917    0s] WriteText Library/Bee/artifacts/200b0aE.dag/Unity.TextMeshPro.Editor.dll.mvfrm.rsp
[359/917    0s] WriteText Library/Bee/artifacts/200b0aE.dag/Unity.2D.SpriteShape.Editor.dll.mvfrm.rsp
[360/917    0s] WriteText Library/Bee/artifacts/200b0aE.dag/Unity.2D.PixelPerfect.Editor.dll.mvfrm.rsp
[361/917    0s] WriteText Library/Bee/artifacts/200b0aE.dag/Unity.2D.Tilemap.Extras.Editor.dll.mvfrm.rsp
[362/917    0s] WriteText Library/Bee/artifacts/200b0aE.dag/MCPForUnity.Editor.rsp2
[363/917    0s] WriteText Library/Bee/artifacts/200b0aE.dag/Unity.RenderPipelines.Universal.Shaders.dll.mvfrm.rsp
[364/917    0s] WriteText Library/Bee/artifacts/200b0aE.dag/Unity.RenderPipelines.ShaderGraph.ShaderGraphLibrary.dll.mvfrm.rsp
[365/917    0s] WriteText Library/Bee/artifacts/200b0aE.dag/AssemblyShadowDemo.ExtensibilityConsumer.dll.mvfrm.rsp
[366/917    0s] WriteText Library/Bee/artifacts/200b0aE.dag/Unity.2D.Psdimporter.Editor.dll.mvfrm.rsp
[367/917    0s] WriteText Library/Bee/artifacts/200b0aE.dag/MCPForUnity.Editor.UnityAdditionalFile.txt
[368/917    0s] WriteText Library/Bee/artifacts/200b0aE.dag/AssemblyShadowDemo.ContractsConsumer.dll.mvfrm.rsp
[369/917    0s] WriteText Library/Bee/artifacts/200b0aE.dag/Unity.Rider.Editor.rsp
[370/917    0s] WriteText Library/Bee/artifacts/200b0aE.dag/Unity.RenderPipelines.Universal.Shaders.rsp
[371/917    0s] WriteText Library/Bee/artifacts/200b0aE.dag/Unity.RenderPipelines.ShaderGraph.ShaderGraphLibrary.rsp
[372/917    0s] WriteText Library/Bee/artifacts/200b0aE.dag/AssemblyA.Implementation.Internal.dll.mvfrm.rsp
[373/917    0s] WriteText Library/Bee/artifacts/200b0aE.dag/Unity.VisualStudio.Editor.rsp
[374/917    0s] WriteText Library/Bee/artifacts/200b0aE.dag/Unity.RenderPipelines.Core.ShaderLibrary.rsp
[375/917    0s] WriteText Library/Bee/artifacts/200b0aE.dag/Unity.VisualScripting.SettingsProvider.Editor.rsp
[376/917    0s] WriteText Library/Bee/artifacts/200b0aE.dag/Unity.2D.Aseprite.Editor.rsp
[377/917    0s] WriteText Library/Bee/artifacts/200b0aE.dag/AssemblyShadowBaseline.Editor.dll.mvfrm.rsp
[378/917    0s] WriteText Library/Bee/artifacts/200b0aE.dag/Unity.VisualScripting.Shared.Editor.rsp
[379/917    0s] WriteText Library/Bee/artifacts/200b0aE.dag/Unity.2D.IK.Editor.rsp
[380/917    0s] WriteText Library/Bee/artifacts/200b0aE.dag/Unity.Timeline.Editor.rsp
[381/917    0s] WriteText Library/Bee/artifacts/200b0aE.dag/Unity.2D.Tilemap.Extras.Editor.rsp
[382/917    0s] WriteText Library/Bee/artifacts/200b0aE.dag/Unity.2D.Psdimporter.Editor.rsp
[383/917    0s] WriteText Library/Bee/artifacts/200b0aE.dag/Unity.2D.PixelPerfect.Editor.rsp
[384/917    0s] WriteText Library/Bee/artifacts/200b0aE.dag/Unity.TextMeshPro.Editor.rsp
[385/917    0s] WriteText Library/Bee/artifacts/200b0aE.dag/Unity.2D.SpriteShape.Editor.rsp
[386/917    0s] WriteText Library/Bee/artifacts/200b0aE.dag/AssemblyShadowDemo.ExtensibilityConsumer.rsp
[387/917    0s] WriteText Library/Bee/artifacts/200b0aE.dag/MCPForUnity.Editor.dll.mvfrm.rsp
[388/917    0s] WriteText Library/Bee/artifacts/200b0aE.dag/AssemblyA.Implementation.Internal.rsp
[389/917    0s] WriteText Library/Bee/artifacts/200b0aE.dag/AssemblyShadowBaseline.Editor.rsp
[390/917    0s] WriteText Library/Bee/artifacts/200b0aE.dag/AssemblyShadowDemo.ContractsConsumer.rsp
[391/917    0s] WriteText Library/Bee/artifacts/200b0aE.dag/PPv2URPConverters.UnityAdditionalFile.txt
[392/917    0s] WriteText Library/Bee/artifacts/200b0aE.dag/AssemblyShadowDemo.Bootstrap.rsp2
[393/917    0s] WriteText Library/Bee/artifacts/200b0aE.dag/AssemblyShadowDemo.Editor.rsp2
[394/917    0s] WriteText Library/Bee/artifacts/200b0aE.dag/PPv2URPConverters.rsp2
[395/917    0s] WriteText Library/Bee/artifacts/200b0aE.dag/AssemblyShadowDemo.Editor.UnityAdditionalFile.txt
[396/917    0s] WriteText Library/Bee/artifacts/200b0aE.dag/MCPForUnity.Editor.rsp
[397/917    0s] WriteText Library/Bee/artifacts/200b0aE.dag/AssemblyShadowDemo.Bootstrap.dll.mvfrm.rsp
[398/917    0s] WriteText Library/Bee/artifacts/200b0aE.dag/PPv2URPConverters.dll.mvfrm.rsp
[399/917    0s] WriteText Library/Bee/artifacts/200b0aE.dag/AssemblyShadowDemo.Bootstrap.UnityAdditionalFile.txt
[400/917    0s] WriteText Library/Bee/artifacts/200b0aE.dag/AssemblyShadowDemo.Editor.rsp
[401/917    0s] WriteText Library/Bee/artifacts/200b0aE.dag/AssemblyShadowDemo.Bootstrap.rsp
[402/917    0s] WriteText Library/Bee/artifacts/200b0aE.dag/AssemblyShadowBaseline.HotUpdate.dll.mvfrm.rsp
[403/917    0s] WriteText Library/Bee/artifacts/200b0aE.dag/AssemblyShadowDemo.Editor.dll.mvfrm.rsp
[404/917    0s] WriteText Library/Bee/artifacts/200b0aE.dag/PPv2URPConverters.rsp
[405/917    0s] WriteText Library/Bee/artifacts/200b0aE.dag/Assembly-CSharp.dll.mvfrm.rsp
[406/917    0s] WriteText Library/Bee/artifacts/200b0aE.dag/AssemblyShadowDemo.EditorTests.dll.mvfrm.rsp
[407/917    0s] WriteText Library/Bee/artifacts/200b0aE.dag/AssemblyShadowBaseline.HotUpdate.rsp2
[408/917    0s] WriteText Library/Bee/artifacts/200b0aE.dag/Unity.CollabProxy.Editor.dll.mvfrm.rsp
[409/917    0s] WriteText Library/Bee/artifacts/200b0aE.dag/AssemblyShadowBaseline.HotUpdate.UnityAdditionalFile.txt
[410/917    0s] WriteText Library/Bee/artifacts/200b0aE.dag/Unity.HybridCLR.AssemblyShadow.CodeGen.Tests.dll.mvfrm.rsp
[411/917    0s] WriteText Library/Bee/artifacts/200b0aE.dag/Assembly-CSharp.UnityAdditionalFile.txt
[412/917    0s] WriteText Library/Bee/artifacts/200b0aE.dag/AssemblyShadowDemo.M06RuntimeTests.rsp2
[413/917    0s] WriteText Library/Bee/artifacts/200b0aE.dag/AssemblyShadowDemo.M06RuntimeTests.dll.mvfrm.rsp
[414/917    0s] WriteText Library/Bee/artifacts/200b0aE.dag/HybridCLR.AssemblyShadow.Editor.Tests.dll.mvfrm.rsp
[415/917    0s] WriteText Library/Bee/artifacts/200b0aE.dag/Unity.Collections.DocCodeSamples.dll.mvfrm.rsp
[416/917    0s] WriteText Library/Bee/artifacts/200b0aE.dag/Assembly-CSharp.rsp2
[417/917    0s] WriteText Library/Bee/artifacts/200b0aE.dag/AssemblyShadowDemo.M06RuntimeTests.UnityAdditionalFile.txt
[418/917    0s] WriteText Library/Bee/artifacts/200b0aE.dag/Unity.Collections.BurstCompatibilityGen.dll.mvfrm.rsp
[419/917    0s] WriteText Library/Bee/artifacts/200b0aE.dag/Unity.Collections.BurstCompatibilityGen.UnityAdditionalFile.txt
[420/917    0s] WriteText Library/Bee/artifacts/200b0aE.dag/MCPForUnityTests.EditMode.rsp2
[421/917    0s] WriteText Library/Bee/artifacts/200b0aE.dag/MCPForUnityTests.EditMode.dll.mvfrm.rsp
[422/917    0s] WriteText Library/Bee/artifacts/200b0aE.dag/Unity.Collections.DocCodeSamples.rsp2
[423/917    0s] WriteText Library/Bee/artifacts/200b0aE.dag/Unity.Collections.BurstCompatibilityGen.rsp2
[424/917    0s] WriteText Library/Bee/artifacts/200b0aE.dag/Unity.Collections.DocCodeSamples.UnityAdditionalFile.txt
[425/917    0s] WriteText Library/Bee/artifacts/200b0aE.dag/Unity.HybridCLR.AssemblyShadow.CodeGen.Tests.UnityAdditionalFile.txt
[426/917    0s] WriteText Library/Bee/artifacts/200b0aE.dag/HybridCLR.AssemblyShadow.Editor.Tests.UnityAdditionalFile.txt
[427/917    0s] WriteText Library/Bee/artifacts/200b0aE.dag/AssemblyShadowDemo.EditorTests.rsp2
[428/917    0s] WriteText Library/Bee/artifacts/200b0aE.dag/AssemblyShadowDemo.EditorTests.UnityAdditionalFile.txt
[429/917    0s] WriteText Library/Bee/artifacts/200b0aE.dag/Unity.CollabProxy.Editor.rsp2
[430/917    0s] WriteText Library/Bee/artifacts/200b0aE.dag/AssemblyShadowBaseline.HotUpdate.rsp
[431/917    0s] WriteText Library/Bee/artifacts/200b0aE.dag/MCPForUnityTests.EditMode.UnityAdditionalFile.txt
[432/917    0s] WriteText Library/Bee/artifacts/200b0aE.dag/Unity.HybridCLR.AssemblyShadow.CodeGen.Tests.rsp2
[433/917    0s] WriteText Library/Bee/artifacts/200b0aE.dag/Unity.CollabProxy.Editor.UnityAdditionalFile.txt
[434/917    0s] WriteText Library/Bee/artifacts/200b0aE.dag/HybridCLR.AssemblyShadow.Editor.Tests.rsp2
[435/917    0s] WriteText Library/Bee/artifacts/200b0aE.dag/AssemblyShadowDemo.M06RuntimeTests.rsp
[436/917    0s] WriteText Library/Bee/artifacts/200b0aE.dag/Unity.Collections.DocCodeSamples.rsp
[437/917    0s] WriteText Library/Bee/artifacts/200b0aE.dag/Assembly-CSharp.rsp
[438/917    0s] WriteText Library/Bee/artifacts/200b0aE.dag/HybridCLR.AssemblyShadow.Editor.Tests.rsp
[439/917    0s] WriteText Library/Bee/artifacts/200b0aE.dag/AssemblyShadowDemo.EditorTests.rsp
[440/917    0s] WriteText Library/Bee/artifacts/200b0aE.dag/MCPForUnityTests.EditMode.rsp
[441/917    0s] WriteText Library/Bee/artifacts/200b0aE.dag/Unity.Collections.BurstCompatibilityGen.rsp
[442/917    0s] WriteText Library/Bee/artifacts/200b0aE.dag/Unity.CollabProxy.Editor.rsp
[443/917    0s] WriteText Library/Bee/artifacts/200b0aE.dag/Unity.HybridCLR.AssemblyShadow.CodeGen.Tests.rsp
[444/917    0s] MovedFromExtractorCombine Library/Bee/artifacts/200b0aE.dag/Unity.HybridCLR.AssemblyShadow.CodeGen.dll.mvfrm
[445/917    0s] MovedFromExtractorCombine Library/Bee/artifacts/200b0aE.dag/AssemblyA.Contracts.dll.mvfrm
[446/917    0s] MovedFromExtractorCombine Library/Bee/artifacts/200b0aE.dag/UnityEngine.TestRunner.dll.mvfrm
[447/917    0s] MovedFromExtractorCombine Library/Bee/artifacts/200b0aE.dag/UnityEngine.UI.dll.mvfrm
[448/917    0s] MovedFromExtractorCombine Library/Bee/artifacts/200b0aE.dag/AssemblyShadowDemo.ContractsConsumer.dll.mvfrm
[449/917    0s] MovedFromExtractorCombine Library/Bee/artifacts/200b0aE.dag/AssemblyShadowBaseline.HotUpdate.dll.mvfrm
[449/917    0s] Csc Library/Bee/artifacts/200b0aE.dag/Unity.HybridCLR.AssemblyShadow.CodeGen.dll (+2 others) [CacheHit 68ae4ee840e57f749b1d90842884a6bd00000000000000000000000000000003]
[450/917   1788648974s] Csc Library/Bee/artifacts/200b0aE.dag/Unity.HybridCLR.AssemblyShadow.CodeGen.dll (+2 others)
[452/917    0s] Csc Library/Bee/artifacts/200b0aE.dag/UnityEngine.UI.dll (+2 others) [CacheHit 7684a5405e9c9bd9622ee16e9ee6cf6c00000000000000000000000000000003]
[454/917   1788648974s] Csc Library/Bee/artifacts/200b0aE.dag/UnityEngine.UI.dll (+2 others)
[453/917    0s] Csc Library/Bee/artifacts/200b0aE.dag/UnityEngine.TestRunner.dll (+2 others) [CacheHit 152427c8cbc239b2eb48c0855047653600000000000000000000000000000003]
[456/917   1788648974s] Csc Library/Bee/artifacts/200b0aE.dag/UnityEngine.TestRunner.dll (+2 others)
[460/917    0s] MovedFromExtractor Library/Bee/artifacts/mvdfrm/UnityEngine.UI.ref.dll_79746E5030301F94.mvfrm
[461/917    0s] MovedFromExtractor Library/Bee/artifacts/mvdfrm/UnityEngine.TestRunner.ref.dll_AA3B5DF2776E59D2.mvfrm
[462/917    0s] MovedFromExtractorCombine Library/Bee/artifacts/200b0aE.dag/UnityEditor.TestRunner.dll.mvfrm
[459/917    0s] Csc Library/Bee/artifacts/200b0aE.dag/UnityEditor.TestRunner.dll (+2 others) [CacheHit a98f0d02757fee671cdd0cfc1c39b04200000000000000000000000000000003]
[463/917   1788648974s] Csc Library/Bee/artifacts/200b0aE.dag/UnityEditor.TestRunner.dll (+2 others)
[467/917    0s] MovedFromExtractor Library/Bee/artifacts/mvdfrm/UnityEditor.TestRunner.ref.dll_DE1D13444BAAFBE7.mvfrm
[468/917    0s] MovedFromExtractorCombine Library/Bee/artifacts/200b0aE.dag/UnityEditor.UI.dll.mvfrm
[464/917    0s] Csc Library/Bee/artifacts/200b0aE.dag/UnityEditor.UI.dll (+2 others) [CacheHit 03bc2d037dfae4e90894c797d4f0469a00000000000000000000000000000003]
[469/917   1788648974s] Csc Library/Bee/artifacts/200b0aE.dag/UnityEditor.UI.dll (+2 others)
[471/917    0s] MovedFromExtractor Library/Bee/artifacts/mvdfrm/UnityEditor.UI.ref.dll_BD0E97F52A0DF729.mvfrm
[472/917    0s] MovedFromExtractorCombine Library/Bee/artifacts/200b0aE.dag/Unity.VisualScripting.Core.dll.mvfrm
[473/917    0s] MovedFromExtractorCombine Library/Bee/artifacts/200b0aE.dag/Unity.RenderPipelines.Universal.2D.Internal.dll.mvfrm
[474/917    0s] MovedFromExtractorCombine Library/Bee/artifacts/200b0aE.dag/Unity.Mathematics.dll.mvfrm
[475/917    0s] MovedFromExtractorCombine Library/Bee/artifacts/200b0aE.dag/Unity.RenderPipelines.Core.Runtime.dll.mvfrm
[476/917    0s] MovedFromExtractorCombine Library/Bee/artifacts/200b0aE.dag/Unity.Burst.dll.mvfrm
[477/917    0s] MovedFromExtractorCombine Library/Bee/artifacts/200b0aE.dag/Unity.InternalAPIEngineBridge.001.dll.mvfrm
[478/917    0s] MovedFromExtractorCombine Library/Bee/artifacts/200b0aE.dag/Unity.2D.Sprite.Editor.dll.mvfrm
[473/917    0s] Csc Library/Bee/artifacts/200b0aE.dag/Unity.VisualScripting.Core.dll (+2 others) [CacheHit 89279a8ff28b1dfdaf6ac460972e18b900000000000000000000000000000003]
[479/917   1788648974s] Csc Library/Bee/artifacts/200b0aE.dag/Unity.VisualScripting.Core.dll (+2 others)
[474/917    0s] Csc Library/Bee/artifacts/200b0aE.dag/Unity.RenderPipelines.Universal.2D.Internal.dll (+2 others) [CacheHit e6136e20948b3a530411fc489335daeb00000000000000000000000000000003]
[481/917   1788648974s] Csc Library/Bee/artifacts/200b0aE.dag/Unity.RenderPipelines.Universal.2D.Internal.dll (+2 others)
[475/917    0s] Csc Library/Bee/artifacts/200b0aE.dag/Unity.Burst.dll (+2 others) [CacheHit 317a839ed0ae91b941d0f81aa03bcc6a00000000000000000000000000000003]
[483/917   1788648974s] Csc Library/Bee/artifacts/200b0aE.dag/Unity.Burst.dll (+2 others)
[476/917    0s] Csc Library/Bee/artifacts/200b0aE.dag/Unity.InternalAPIEngineBridge.001.dll (+2 others) [CacheHit 986b44d156a1ac953733aa8ca591efff00000000000000000000000000000003]
[485/917   1788648974s] Csc Library/Bee/artifacts/200b0aE.dag/Unity.InternalAPIEngineBridge.001.dll (+2 others)
[477/917    0s] Csc Library/Bee/artifacts/200b0aE.dag/Unity.Mathematics.dll (+2 others) [CacheHit a14f0e9f2c61165df74b3cc9402744d400000000000000000000000000000003]
[487/917   1788648974s] Csc Library/Bee/artifacts/200b0aE.dag/Unity.Mathematics.dll (+2 others)
[478/917    0s] Csc Library/Bee/artifacts/200b0aE.dag/Unity.RenderPipelines.Core.Runtime.dll (+2 others) [CacheHit 46547e572d08a79428db212271a1446800000000000000000000000000000003]
[489/917   1788648974s] Csc Library/Bee/artifacts/200b0aE.dag/Unity.RenderPipelines.Core.Runtime.dll (+2 others)
[479/917    0s] Csc Library/Bee/artifacts/200b0aE.dag/Unity.2D.Sprite.Editor.dll (+2 others) [CacheHit 25f4a65f9076734431293eb7eedfaeb500000000000000000000000000000003]
[491/917   1788648974s] Csc Library/Bee/artifacts/200b0aE.dag/Unity.2D.Sprite.Editor.dll (+2 others)
[493/917    0s] MovedFromExtractorCombine Library/Bee/artifacts/200b0aE.dag/Unity.Searcher.Editor.dll.mvfrm
[494/917    0s] MovedFromExtractorCombine Library/Bee/artifacts/200b0aE.dag/Unity.ShaderGraph.Utilities.dll.mvfrm
[482/917    0s] Csc Library/Bee/artifacts/200b0aE.dag/Unity.ShaderGraph.Utilities.dll (+2 others) [CacheHit b6ebf50696d252dd5672bbd8d0ebce5300000000000000000000000000000003]
[495/917   1788648974s] Csc Library/Bee/artifacts/200b0aE.dag/Unity.ShaderGraph.Utilities.dll (+2 others)
[483/917    0s] Csc Library/Bee/artifacts/200b0aE.dag/Unity.Searcher.Editor.dll (+2 others) [CacheHit 6d17f06c4b5577cbe262f9e715f09a4600000000000000000000000000000003]
[497/917   1788648974s] Csc Library/Bee/artifacts/200b0aE.dag/Unity.Searcher.Editor.dll (+2 others)
[499/917    0s] MovedFromExtractor Library/Bee/artifacts/mvdfrm/Unity.Mathematics.ref.dll_4EAD86AD4C1B715A.mvfrm
[500/917    0s] MovedFromExtractor Library/Bee/artifacts/mvdfrm/Unity.Burst.ref.dll_A43E80D48102A6F4.mvfrm
[501/917    0s] MovedFromExtractor Library/Bee/artifacts/mvdfrm/Unity.VisualScripting.Core.ref.dll_4EC1FE8B3807FE28.mvfrm
[502/917    0s] MovedFromExtractor Library/Bee/artifacts/mvdfrm/Unity.2D.Sprite.Editor.ref.dll_A298F0F0964CDA5C.mvfrm
[503/917    0s] MovedFromExtractor Library/Bee/artifacts/mvdfrm/Unity.RenderPipelines.Core.Runtime.ref.dll_AA9CC9DBDD612E3E.mvfrm
[504/917    0s] MovedFromExtractorCombine Library/Bee/artifacts/200b0aE.dag/Unity.Burst.CodeGen.dll.mvfrm
[505/917    0s] MovedFromExtractorCombine Library/Bee/artifacts/200b0aE.dag/Unity.VisualScripting.Flow.dll.mvfrm
[506/917    0s] MovedFromExtractorCombine Library/Bee/artifacts/200b0aE.dag/Unity.2D.Common.Runtime.dll.mvfrm
[492/917    0s] Csc Library/Bee/artifacts/200b0aE.dag/Unity.Burst.CodeGen.dll (+2 others) [CacheHit bedea03b0b26a675e2c100d5efbf064900000000000000000000000000000003]
[507/917   1788648974s] Csc Library/Bee/artifacts/200b0aE.dag/Unity.Burst.CodeGen.dll (+2 others)
[493/917    0s] Csc Library/Bee/artifacts/200b0aE.dag/Unity.VisualScripting.Flow.dll (+2 others) [CacheHit 2b19f4fb301d88692c799572cf65986e00000000000000000000000000000003]
[509/917   1788648974s] Csc Library/Bee/artifacts/200b0aE.dag/Unity.VisualScripting.Flow.dll (+2 others)
[494/917    0s] Csc Library/Bee/artifacts/200b0aE.dag/Unity.2D.Common.Runtime.dll (+2 others) [CacheHit c127416eac5cfa19c5dffcce57c11f8100000000000000000000000000000003]
[511/917   1788648974s] Csc Library/Bee/artifacts/200b0aE.dag/Unity.2D.Common.Runtime.dll (+2 others)
[513/917    0s] MovedFromExtractorCombine Library/Bee/artifacts/200b0aE.dag/Unity.Collections.dll.mvfrm
[514/917    0s] MovedFromExtractorCombine Library/Bee/artifacts/200b0aE.dag/Unity.RenderPipeline.Universal.ShaderLibrary.dll.mvfrm
[497/917    0s] Csc Library/Bee/artifacts/200b0aE.dag/Unity.Collections.dll (+2 others) [CacheHit ef672c277fa6635f0958965f56899fcb00000000000000000000000000000003]
[515/917   1788648974s] Csc Library/Bee/artifacts/200b0aE.dag/Unity.Collections.dll (+2 others)
[498/917    0s] Csc Library/Bee/artifacts/200b0aE.dag/Unity.RenderPipeline.Universal.ShaderLibrary.dll (+2 others) [CacheHit 41a1c668793ab0294ab56a40be487e2700000000000000000000000000000003]
[517/917   1788648974s] Csc Library/Bee/artifacts/200b0aE.dag/Unity.RenderPipeline.Universal.ShaderLibrary.dll (+2 others)
[519/917    0s] MovedFromExtractor Library/Bee/artifacts/mvdfrm/Unity.RenderPipelines.Universal.2D.Internal.ref.dll_CF295410B44EF737.mvfrm
[520/917    0s] MovedFromExtractor Library/Bee/artifacts/mvdfrm/Unity.InternalAPIEngineBridge.001.ref.dll_C5B5631EE4DDD44F.mvfrm
[521/917    0s] MovedFromExtractorCombine Library/Bee/artifacts/200b0aE.dag/Unity.RenderPipelines.Universal.Config.Runtime.dll.mvfrm
[502/917    0s] Csc Library/Bee/artifacts/200b0aE.dag/Unity.RenderPipelines.Universal.Config.Runtime.dll (+2 others) [CacheHit df01468f8fc15f4682fd2190812222cb00000000000000000000000000000003]
[522/917   1788648975s] Csc Library/Bee/artifacts/200b0aE.dag/Unity.RenderPipelines.Universal.Config.Runtime.dll (+2 others)
[524/917    0s] MovedFromExtractorCombine Library/Bee/artifacts/200b0aE.dag/Unity.RenderPipelines.Core.Editor.dll.mvfrm
[525/917    0s] MovedFromExtractor Library/Bee/artifacts/mvdfrm/Unity.HybridCLR.AssemblyShadow.CodeGen.ref.dll_147C9E675980719E.mvfrm
[526/917    0s] Csc Library/Bee/artifacts/200b0aE.dag/AssemblyShadowBaseline.HotUpdate.dll (+2 others)
[527/917    0s] MovedFromExtractorCombine Library/Bee/artifacts/200b0aE.dag/Unity.InternalAPIEditorBridge.001.dll.mvfrm
[507/917    0s] Csc Library/Bee/artifacts/200b0aE.dag/Unity.InternalAPIEditorBridge.001.dll (+2 others) [CacheHit ab1b45e8ca213a7a845d2f55443654da00000000000000000000000000000003]
[528/917   1788648975s] Csc Library/Bee/artifacts/200b0aE.dag/Unity.InternalAPIEditorBridge.001.dll (+2 others)
[508/917    0s] Csc Library/Bee/artifacts/200b0aE.dag/Unity.RenderPipelines.Core.Editor.dll (+2 others) [CacheHit 3f3cf3b0504eddf7b675a7c038a8e6a700000000000000000000000000000003]
[530/917   1788648975s] Csc Library/Bee/artifacts/200b0aE.dag/Unity.RenderPipelines.Core.Editor.dll (+2 others)
[532/917    0s] MovedFromExtractor Library/Bee/artifacts/mvdfrm/Unity.2D.Common.Runtime.ref.dll_1DF7BBC55D029A75.mvfrm
[533/917    0s] MovedFromExtractor Library/Bee/artifacts/mvdfrm/Unity.RenderPipeline.Universal.ShaderLibrary.ref.dll_8B099D8C97AF393F.mvfrm
[534/917    0s] MovedFromExtractorCombine Library/Bee/artifacts/200b0aE.dag/Unity.VisualScripting.Core.Editor.dll.mvfrm
[535/917    0s] ILPP-Configuration Library/ilpp-configuration.nevergeneratedoutput
[536/917    0s] MovedFromExtractor Library/Bee/artifacts/mvdfrm/Unity.RenderPipelines.Universal.Config.Runtime.ref.dll_E30EE1A78470D274.mvfrm
[537/917    0s] MovedFromExtractor Library/Bee/artifacts/mvdfrm/Unity.Collections.ref.dll_CB2B1FA2A63FF8D9.mvfrm
[538/917    0s] MovedFromExtractor Library/Bee/artifacts/mvdfrm/Unity.VisualScripting.Flow.ref.dll_95D2DEE1BA1172D7.mvfrm
[539/917    0s] MovedFromExtractor Library/Bee/artifacts/mvdfrm/Unity.Searcher.Editor.ref.dll_188082AF4C893B1A.mvfrm
[540/917    0s] MovedFromExtractorCombine Library/Bee/artifacts/200b0aE.dag/Unity.2D.Common.Editor.dll.mvfrm
[541/917    0s] MovedFromExtractor Library/Bee/artifacts/mvdfrm/Unity.ShaderGraph.Utilities.ref.dll_9587680413563429.mvfrm
[542/917    0s] MovedFromExtractor Library/Bee/artifacts/mvdfrm/Unity.RenderPipelines.Core.Editor.ref.dll_57B051C6BAF6DF9D.mvfrm
[520/917    0s] Csc Library/Bee/artifacts/200b0aE.dag/Unity.VisualScripting.Core.Editor.dll (+2 others) [CacheHit 66dbb1d7e3f61f91c2204becc6e188f800000000000000000000000000000003]
[543/917   1788648975s] Csc Library/Bee/artifacts/200b0aE.dag/Unity.VisualScripting.Core.Editor.dll (+2 others)
[521/917    0s] Csc Library/Bee/artifacts/200b0aE.dag/Unity.2D.Common.Editor.dll (+2 others) [CacheHit 62270eeb51fae92b9f853eb59de797c100000000000000000000000000000003]
[545/917   1788648975s] Csc Library/Bee/artifacts/200b0aE.dag/Unity.2D.Common.Editor.dll (+2 others)
[547/917    0s] MovedFromExtractorCombine Library/Bee/artifacts/200b0aE.dag/Unity.RenderPipelines.Universal.Runtime.dll.mvfrm
[548/917    0s] MovedFromExtractorCombine Library/Bee/artifacts/200b0aE.dag/Unity.Burst.Editor.dll.mvfrm
[549/917    0s] MovedFromExtractorCombine Library/Bee/artifacts/200b0aE.dag/Unity.VisualScripting.State.dll.mvfrm
[550/917    0s] MovedFromExtractorCombine Library/Bee/artifacts/200b0aE.dag/Unity.2D.Animation.Runtime.dll.mvfrm
[526/917    0s] Csc Library/Bee/artifacts/200b0aE.dag/Unity.RenderPipelines.Universal.Runtime.dll (+2 others) [CacheHit e09799d23191d62b2fffdae814b7936a00000000000000000000000000000003]
[551/917   1788648975s] Csc Library/Bee/artifacts/200b0aE.dag/Unity.RenderPipelines.Universal.Runtime.dll (+2 others)
[527/917    0s] Csc Library/Bee/artifacts/200b0aE.dag/Unity.VisualScripting.State.dll (+2 others) [CacheHit 3968153c28ef7943cce607be391d314400000000000000000000000000000003]
[553/917   1788648975s] Csc Library/Bee/artifacts/200b0aE.dag/Unity.VisualScripting.State.dll (+2 others)
[528/917    0s] Csc Library/Bee/artifacts/200b0aE.dag/Unity.Burst.Editor.dll (+2 others) [CacheHit 6b5be6e934abff4cac288513a57f5b9100000000000000000000000000000003]
[555/917   1788648975s] Csc Library/Bee/artifacts/200b0aE.dag/Unity.Burst.Editor.dll (+2 others)
[529/917    0s] Csc Library/Bee/artifacts/200b0aE.dag/Unity.2D.Animation.Runtime.dll (+2 others) [CacheHit 62876e88245eff985dfcad08a61f796700000000000000000000000000000003]
[557/917   1788648975s] Csc Library/Bee/artifacts/200b0aE.dag/Unity.2D.Animation.Runtime.dll (+2 others)
[559/917    0s] MovedFromExtractorCombine Library/Bee/artifacts/200b0aE.dag/HybridCLR.Runtime.dll.mvfrm
[560/917    0s] MovedFromExtractorCombine Library/Bee/artifacts/200b0aE.dag/Unity.Mathematics.Editor.dll.mvfrm
[561/917    0s] MovedFromExtractorCombine Library/Bee/artifacts/200b0aE.dag/Unity.ShaderGraph.Editor.dll.mvfrm
[533/917    0s] Csc Library/Bee/artifacts/200b0aE.dag/HybridCLR.Runtime.dll (+2 others) [CacheHit 7efc21a48ffad84811ec1e28494674a800000000000000000000000000000003]
[562/917   1788648975s] Csc Library/Bee/artifacts/200b0aE.dag/HybridCLR.Runtime.dll (+2 others)
[534/917    0s] Csc Library/Bee/artifacts/200b0aE.dag/Unity.Mathematics.Editor.dll (+2 others) [CacheHit 51bd008a42c343dee994be6f86f5471700000000000000000000000000000003]
[564/917   1788648975s] Csc Library/Bee/artifacts/200b0aE.dag/Unity.Mathematics.Editor.dll (+2 others)
[566/917    0s] MovedFromExtractor Library/Bee/artifacts/mvdfrm/Unity.InternalAPIEditorBridge.001.ref.dll_D33AAA747FCEED0A.mvfrm
[567/917    0s] MovedFromExtractor Library/Bee/artifacts/mvdfrm/Unity.VisualScripting.Core.Editor.ref.dll_FE8D1F6CE20A2409.mvfrm
[568/917    0s] MovedFromExtractor Library/Bee/artifacts/mvdfrm/Unity.Burst.Editor.ref.dll_EA1A6D1CB62C8BFD.mvfrm
[569/917    0s] MovedFromExtractor Library/Bee/artifacts/mvdfrm/Unity.2D.Animation.Runtime.ref.dll_DEAB70CB54ED1324.mvfrm
[570/917    0s] MovedFromExtractor Library/Bee/artifacts/mvdfrm/Unity.2D.Common.Editor.ref.dll_8237F4420D536756.mvfrm
[571/917    0s] MovedFromExtractor Library/Bee/artifacts/mvdfrm/Unity.RenderPipelines.Universal.Runtime.ref.dll_C4A720C3D568CE76.mvfrm
[541/917    0s] Csc Library/Bee/artifacts/200b0aE.dag/Unity.ShaderGraph.Editor.dll (+2 others) [CacheHit 77cd52078847e4a4b306b161d6b5b57700000000000000000000000000000003]
[572/917   1788648975s] Csc Library/Bee/artifacts/200b0aE.dag/Unity.ShaderGraph.Editor.dll (+2 others)
[574/917    0s] MovedFromExtractorCombine Library/Bee/artifacts/200b0aE.dag/Unity.VisualScripting.Flow.Editor.dll.mvfrm
[575/917    0s] MovedFromExtractor Library/Bee/artifacts/mvdfrm/Unity.Mathematics.Editor.ref.dll_4A3A50F3774BA9F7.mvfrm
[576/917    0s] MovedFromExtractorCombine Library/Bee/artifacts/200b0aE.dag/Unity.2D.IK.Runtime.dll.mvfrm
[577/917    0s] MovedFromExtractor Library/Bee/artifacts/mvdfrm/Unity.VisualScripting.State.ref.dll_697AC546F729FDEE.mvfrm
[578/917    0s] MovedFromExtractorCombine Library/Bee/artifacts/200b0aE.dag/Unity.Timeline.dll.mvfrm
[579/917    0s] MovedFromExtractorCombine Library/Bee/artifacts/200b0aE.dag/Unity.2D.Animation.Editor.dll.mvfrm
[580/917    0s] MovedFromExtractorCombine Library/Bee/artifacts/200b0aE.dag/Unity.2D.Aseprite.Common.dll.mvfrm
[549/917    0s] Csc Library/Bee/artifacts/200b0aE.dag/Unity.VisualScripting.Flow.Editor.dll (+2 others) [CacheHit d8d1ede3cbce9a93bfb7a5354208f7b300000000000000000000000000000003]
[581/917   1788648975s] Csc Library/Bee/artifacts/200b0aE.dag/Unity.VisualScripting.Flow.Editor.dll (+2 others)
[583/917    0s] MovedFromExtractorCombine Library/Bee/artifacts/200b0aE.dag/Unity.2D.PixelPerfect.dll.mvfrm
[551/917    0s] Csc Library/Bee/artifacts/200b0aE.dag/Unity.2D.PixelPerfect.dll (+2 others) [CacheHit 5c1dc2088b7b6d2f6ef4d968174887e400000000000000000000000000000003]
[584/917   1788648975s] Csc Library/Bee/artifacts/200b0aE.dag/Unity.2D.PixelPerfect.dll (+2 others)
[552/917    0s] Csc Library/Bee/artifacts/200b0aE.dag/Unity.2D.Aseprite.Common.dll (+2 others) [CacheHit 03bd966c553e3c07dd8320e42db7b37500000000000000000000000000000003]
[586/917   1788648975s] Csc Library/Bee/artifacts/200b0aE.dag/Unity.2D.Aseprite.Common.dll (+2 others)
[553/917    0s] Csc Library/Bee/artifacts/200b0aE.dag/Unity.Timeline.dll (+2 others) [CacheHit 585754b9b128e75944cfba5d9316384100000000000000000000000000000003]
[588/917   1788648975s] Csc Library/Bee/artifacts/200b0aE.dag/Unity.Timeline.dll (+2 others)
[554/917    0s] Csc Library/Bee/artifacts/200b0aE.dag/Unity.2D.Animation.Editor.dll (+2 others) [CacheHit daee4989a6672d22f6cafe502af232bb00000000000000000000000000000003]
[590/917   1788648975s] Csc Library/Bee/artifacts/200b0aE.dag/Unity.2D.Animation.Editor.dll (+2 others)
[592/917    0s] MovedFromExtractorCombine Library/Bee/artifacts/200b0aE.dag/Unity.2D.Common.Path.Editor.dll.mvfrm
[593/917    0s] MovedFromExtractorCombine Library/Bee/artifacts/200b0aE.dag/Unity.TextMeshPro.dll.mvfrm
[594/917    0s] MovedFromExtractorCombine Library/Bee/artifacts/200b0aE.dag/Unity.2D.Tilemap.Extras.dll.mvfrm
[558/917    0s] Csc Library/Bee/artifacts/200b0aE.dag/Unity.2D.IK.Runtime.dll (+2 others) [CacheHit 5d9141d6080513a4e0bf84cc956852ae00000000000000000000000000000003]
[595/917   1788648975s] Csc Library/Bee/artifacts/200b0aE.dag/Unity.2D.IK.Runtime.dll (+2 others)
[559/917    0s] Csc Library/Bee/artifacts/200b0aE.dag/Unity.TextMeshPro.dll (+2 others) [CacheHit 59de1a516b23bf2aeb442fa45b54f0ff00000000000000000000000000000003]
[597/917   1788648975s] Csc Library/Bee/artifacts/200b0aE.dag/Unity.TextMeshPro.dll (+2 others)
[560/917    0s] Csc Library/Bee/artifacts/200b0aE.dag/Unity.2D.Tilemap.Extras.dll (+2 others) [CacheHit 25006c45c89e4c5c1245df51d1ba566e00000000000000000000000000000003]
[599/917   1788648975s] Csc Library/Bee/artifacts/200b0aE.dag/Unity.2D.Tilemap.Extras.dll (+2 others)
[561/917    0s] Csc Library/Bee/artifacts/200b0aE.dag/Unity.2D.Common.Path.Editor.dll (+2 others) [CacheHit 581aeaec3ebc41fc4b680bd65806eadd00000000000000000000000000000003]
[601/917   1788648975s] Csc Library/Bee/artifacts/200b0aE.dag/Unity.2D.Common.Path.Editor.dll (+2 others)
[603/917    0s] MovedFromExtractorCombine Library/Bee/artifacts/200b0aE.dag/Unity.2D.Tilemap.Editor.dll.mvfrm
[604/917    0s] MovedFromExtractor Library/Bee/artifacts/mvdfrm/Unity.ShaderGraph.Editor.ref.dll_BF69964832659484.mvfrm
[605/917    0s] MovedFromExtractorCombine Library/Bee/artifacts/200b0aE.dag/Unity.2D.SpriteShape.Runtime.dll.mvfrm
[565/917    0s] Csc Library/Bee/artifacts/200b0aE.dag/Unity.2D.SpriteShape.Runtime.dll (+2 others) [CacheHit 33613e5d14a34fd938f566104efcf62a00000000000000000000000000000003]
[606/917   1788648975s] Csc Library/Bee/artifacts/200b0aE.dag/Unity.2D.SpriteShape.Runtime.dll (+2 others)
[566/917    0s] Csc Library/Bee/artifacts/200b0aE.dag/Unity.2D.Tilemap.Editor.dll (+2 others) [CacheHit 7d6a334af387db2556e95dab23e59e0200000000000000000000000000000003]
[608/917   1788648975s] Csc Library/Bee/artifacts/200b0aE.dag/Unity.2D.Tilemap.Editor.dll (+2 others)
[610/917    0s] MovedFromExtractorCombine Library/Bee/artifacts/200b0aE.dag/HybridCLR.Editor.dll.mvfrm
[611/917    0s] MovedFromExtractorCombine Library/Bee/artifacts/200b0aE.dag/AssemblyA.Implementation.Extensibility.dll.mvfrm
[612/917    0s] MovedFromExtractorCombine Library/Bee/artifacts/200b0aE.dag/PsdPlugin.dll.mvfrm
[613/917    0s] MovedFromExtractorCombine Library/Bee/artifacts/200b0aE.dag/AssemblyShadowBaseline.Aot.dll.mvfrm
[614/917    0s] MovedFromExtractor Library/Bee/artifacts/mvdfrm/Unity.VisualScripting.Flow.Editor.ref.dll_7BBE081BF0E8AF4A.mvfrm
[615/917    0s] MovedFromExtractorCombine Library/Bee/artifacts/200b0aE.dag/Unity.RenderPipelines.Universal.Editor.dll.mvfrm
[573/917    0s] Csc Library/Bee/artifacts/200b0aE.dag/PsdPlugin.dll (+2 others) [CacheHit c61a04f0ca07d3d739f5d001feb22c1b00000000000000000000000000000003]
[616/917   1788648975s] Csc Library/Bee/artifacts/200b0aE.dag/PsdPlugin.dll (+2 others)
[574/917    0s] Csc Library/Bee/artifacts/200b0aE.dag/HybridCLR.Editor.dll (+2 others) [CacheHit 71386789a3eba13b02366892a167cc0300000000000000000000000000000003]
[618/917   1788648975s] Csc Library/Bee/artifacts/200b0aE.dag/HybridCLR.Editor.dll (+2 others)
[575/917    0s] Csc Library/Bee/artifacts/200b0aE.dag/Unity.RenderPipelines.Universal.Editor.dll (+2 others) [CacheHit e39f8e51ca4d864c74bb5a39af8c4c6500000000000000000000000000000003]
[620/917   1788648975s] Csc Library/Bee/artifacts/200b0aE.dag/Unity.RenderPipelines.Universal.Editor.dll (+2 others)
[622/917    0s] MovedFromExtractor Library/Bee/artifacts/mvdfrm/Unity.2D.Animation.Editor.ref.dll_5A2087A6EAF2CE17.mvfrm
[623/917    0s] MovedFromExtractorCombine Library/Bee/artifacts/200b0aE.dag/Unity.VisualScripting.State.Editor.dll.mvfrm
[624/917    0s] MovedFromExtractor Library/Bee/artifacts/mvdfrm/Unity.2D.SpriteShape.Runtime.ref.dll_23B941DDE597517C.mvfrm
[579/917    0s] Csc Library/Bee/artifacts/200b0aE.dag/Unity.VisualScripting.State.Editor.dll (+2 others) [CacheHit e7ebedf00024334a83c76b4a5e4ae7b800000000000000000000000000000003]
[625/917   1788648975s] Csc Library/Bee/artifacts/200b0aE.dag/Unity.VisualScripting.State.Editor.dll (+2 others)
[627/917    0s] MovedFromExtractor Library/Bee/artifacts/mvdfrm/Unity.2D.Tilemap.Editor.ref.dll_E9EA3AB45900FF1D.mvfrm
[628/917    0s] MovedFromExtractor Library/Bee/artifacts/mvdfrm/Unity.2D.Common.Path.Editor.ref.dll_91802D938EA41213.mvfrm
[629/917    0s] MovedFromExtractor Library/Bee/artifacts/mvdfrm/Unity.2D.Tilemap.Extras.ref.dll_DD9C61FBB7D63C03.mvfrm
[630/917    0s] MovedFromExtractor Library/Bee/artifacts/mvdfrm/Unity.TextMeshPro.ref.dll_EA61D4CF7C90DCE7.mvfrm
[631/917    0s] MovedFromExtractor Library/Bee/artifacts/mvdfrm/Unity.RenderPipelines.Universal.Editor.ref.dll_7BE565C70AE586E5.mvfrm
[632/917    0s] MovedFromExtractor Library/Bee/artifacts/mvdfrm/Unity.2D.IK.Runtime.ref.dll_3971D385965D884C.mvfrm
[633/917    0s] MovedFromExtractor Library/Bee/artifacts/mvdfrm/Unity.2D.Aseprite.Common.ref.dll_3F93312DF16ABE8A.mvfrm
[634/917    0s] MovedFromExtractor Library/Bee/artifacts/mvdfrm/Unity.VisualScripting.State.Editor.ref.dll_BC6ADFF987BC82A3.mvfrm
[635/917    0s] MovedFromExtractor Library/Bee/artifacts/mvdfrm/Unity.Timeline.ref.dll_D292A1F7EB1601C3.mvfrm
[636/917    0s] Csc Library/Bee/artifacts/200b0aE.dag/AssemblyShadowBaseline.Aot.dll (+2 others)
[637/917    0s] MovedFromExtractorCombine Library/Bee/artifacts/200b0aE.dag/MCPForUnity.Runtime.dll.mvfrm
[591/917    0s] Csc Library/Bee/artifacts/200b0aE.dag/MCPForUnity.Runtime.dll (+2 others) [CacheHit 5db1f34f220043e2d6ae73ece1330ea900000000000000000000000000000003]
[638/917   1788648975s] Csc Library/Bee/artifacts/200b0aE.dag/MCPForUnity.Runtime.dll (+2 others)
[640/917    0s] MovedFromExtractor Library/Bee/artifacts/mvdfrm/Unity.2D.PixelPerfect.ref.dll_8E9298DC6B12ED57.mvfrm
[641/917    0s] MovedFromExtractorCombine Library/Bee/artifacts/200b0aE.dag/Unity.PlasticSCM.Editor.dll.mvfrm
[642/917    0s] MovedFromExtractorCombine Library/Bee/artifacts/200b0aE.dag/Unity.Rider.Editor.dll.mvfrm
[643/917    0s] MovedFromExtractorCombine Library/Bee/artifacts/200b0aE.dag/Unity.VisualStudio.Editor.dll.mvfrm
[644/917    0s] MovedFromExtractorCombine Library/Bee/artifacts/200b0aE.dag/Unity.2D.Aseprite.Editor.dll.mvfrm
[645/917    0s] MovedFromExtractorCombine Library/Bee/artifacts/200b0aE.dag/Unity.VisualScripting.Shared.Editor.dll.mvfrm
[646/917    0s] MovedFromExtractorCombine Library/Bee/artifacts/200b0aE.dag/Unity.Timeline.Editor.dll.mvfrm
[647/917    0s] MovedFromExtractorCombine Library/Bee/artifacts/200b0aE.dag/Unity.2D.IK.Editor.dll.mvfrm
[648/917    0s] MovedFromExtractorCombine Library/Bee/artifacts/200b0aE.dag/Unity.TextMeshPro.Editor.dll.mvfrm
[649/917    0s] MovedFromExtractorCombine Library/Bee/artifacts/200b0aE.dag/Unity.2D.PixelPerfect.Editor.dll.mvfrm
[602/917    0s] Csc Library/Bee/artifacts/200b0aE.dag/Unity.PlasticSCM.Editor.dll (+2 others) [CacheHit 20db1f856155fba992b8fb2068b9ccb200000000000000000000000000000003]
[650/917   1788648975s] Csc Library/Bee/artifacts/200b0aE.dag/Unity.PlasticSCM.Editor.dll (+2 others)
[603/917    0s] Csc Library/Bee/artifacts/200b0aE.dag/Unity.VisualStudio.Editor.dll (+2 others) [CacheHit c4e7a9a683293832b0c59b0edeb80b0700000000000000000000000000000003]
[652/917   1788648975s] Csc Library/Bee/artifacts/200b0aE.dag/Unity.VisualStudio.Editor.dll (+2 others)
[604/917    0s] Csc Library/Bee/artifacts/200b0aE.dag/Unity.Rider.Editor.dll (+2 others) [CacheHit dafcd6a21adfd67be224d1ed40d4fbfe00000000000000000000000000000003]
[654/917   1788648975s] Csc Library/Bee/artifacts/200b0aE.dag/Unity.Rider.Editor.dll (+2 others)
[656/917    0s] MovedFromExtractorCombine Library/Bee/artifacts/200b0aE.dag/Unity.2D.SpriteShape.Editor.dll.mvfrm
[657/917    0s] MovedFromExtractorCombine Library/Bee/artifacts/200b0aE.dag/Unity.2D.Tilemap.Extras.Editor.dll.mvfrm
[607/917    0s] Csc Library/Bee/artifacts/200b0aE.dag/Unity.2D.Tilemap.Extras.Editor.dll (+2 others) [CacheHit 92cd5572b7efbb673abd652a171ba8c000000000000000000000000000000003]
[658/917   1788648975s] Csc Library/Bee/artifacts/200b0aE.dag/Unity.2D.Tilemap.Extras.Editor.dll (+2 others)
[608/917    0s] Csc Library/Bee/artifacts/200b0aE.dag/Unity.2D.SpriteShape.Editor.dll (+2 others) [CacheHit ec4be67dbf7953e376b5d2e0bd6e4aa500000000000000000000000000000003]
[660/917   1788648975s] Csc Library/Bee/artifacts/200b0aE.dag/Unity.2D.SpriteShape.Editor.dll (+2 others)
[662/917    0s] MovedFromExtractorCombine Library/Bee/artifacts/200b0aE.dag/Unity.2D.Psdimporter.Editor.dll.mvfrm
[663/917    0s] MovedFromExtractorCombine Library/Bee/artifacts/200b0aE.dag/Unity.VisualScripting.SettingsProvider.Editor.dll.mvfrm
[664/917    0s] MovedFromExtractorCombine Library/Bee/artifacts/200b0aE.dag/Unity.RenderPipelines.Core.ShaderLibrary.dll.mvfrm
[665/917    0s] MovedFromExtractorCombine Library/Bee/artifacts/200b0aE.dag/Unity.RenderPipelines.Universal.Shaders.dll.mvfrm
[666/917    0s] MovedFromExtractorCombine Library/Bee/artifacts/200b0aE.dag/Unity.RenderPipelines.ShaderGraph.ShaderGraphLibrary.dll.mvfrm
[614/917    0s] Csc Library/Bee/artifacts/200b0aE.dag/Unity.2D.PixelPerfect.Editor.dll (+2 others) [CacheHit ae4edd11d9bd843c3e7216a3699b9c7100000000000000000000000000000003]
[667/917   1788648976s] Csc Library/Bee/artifacts/200b0aE.dag/Unity.2D.PixelPerfect.Editor.dll (+2 others)
[615/917    0s] Csc Library/Bee/artifacts/200b0aE.dag/Unity.VisualScripting.SettingsProvider.Editor.dll (+2 others) [CacheHit e3015902eb24e763d9ea8b6442fee41a00000000000000000000000000000003]
[669/917   1788648976s] Csc Library/Bee/artifacts/200b0aE.dag/Unity.VisualScripting.SettingsProvider.Editor.dll (+2 others)
[616/917    0s] Csc Library/Bee/artifacts/200b0aE.dag/Unity.RenderPipelines.Core.ShaderLibrary.dll (+2 others) [CacheHit ca54c2661a477f5f879ecf83efbd84f400000000000000000000000000000003]
[671/917   1788648976s] Csc Library/Bee/artifacts/200b0aE.dag/Unity.RenderPipelines.Core.ShaderLibrary.dll (+2 others)
[617/917    0s] Csc Library/Bee/artifacts/200b0aE.dag/Unity.2D.Psdimporter.Editor.dll (+2 others) [CacheHit 1745ab0893f93401d9d95535f430292800000000000000000000000000000003]
[673/917   1788648976s] Csc Library/Bee/artifacts/200b0aE.dag/Unity.2D.Psdimporter.Editor.dll (+2 others)
[618/917    0s] Csc Library/Bee/artifacts/200b0aE.dag/Unity.RenderPipelines.Universal.Shaders.dll (+2 others) [CacheHit 92d88ef40785498933d9a4bcfec4303300000000000000000000000000000003]
[675/917   1788648976s] Csc Library/Bee/artifacts/200b0aE.dag/Unity.RenderPipelines.Universal.Shaders.dll (+2 others)
[619/917    0s] Csc Library/Bee/artifacts/200b0aE.dag/Unity.RenderPipelines.ShaderGraph.ShaderGraphLibrary.dll (+2 others) [CacheHit de1e7fb53ee7df4d11ef118d5fb0468300000000000000000000000000000003]
[677/917   1788648976s] Csc Library/Bee/artifacts/200b0aE.dag/Unity.RenderPipelines.ShaderGraph.ShaderGraphLibrary.dll (+2 others)
[620/917    0s] Csc Library/Bee/artifacts/200b0aE.dag/Unity.TextMeshPro.Editor.dll (+2 others) [CacheHit 03b4e575177ce09b6807f846a7ec400200000000000000000000000000000003]
[679/917   1788648976s] Csc Library/Bee/artifacts/200b0aE.dag/Unity.TextMeshPro.Editor.dll (+2 others)
[621/917    0s] Csc Library/Bee/artifacts/200b0aE.dag/Unity.2D.IK.Editor.dll (+2 others) [CacheHit 7297e945d15a58d2c4c6f62e422716cb00000000000000000000000000000003]
[681/917   1788648976s] Csc Library/Bee/artifacts/200b0aE.dag/Unity.2D.IK.Editor.dll (+2 others)
[622/917    0s] Csc Library/Bee/artifacts/200b0aE.dag/Unity.VisualScripting.Shared.Editor.dll (+2 others) [CacheHit d8d4249fffb3d3132773fedf94d5596100000000000000000000000000000003]
[683/917   1788648976s] Csc Library/Bee/artifacts/200b0aE.dag/Unity.VisualScripting.Shared.Editor.dll (+2 others)
[623/917    0s] Csc Library/Bee/artifacts/200b0aE.dag/Unity.2D.Aseprite.Editor.dll (+2 others) [CacheHit 478d826ec92cb05828c6d6a97755ef8c00000000000000000000000000000003]
[685/917   1788648976s] Csc Library/Bee/artifacts/200b0aE.dag/Unity.2D.Aseprite.Editor.dll (+2 others)
[687/917    0s] MovedFromExtractorCombine Library/Bee/artifacts/200b0aE.dag/AssemblyA.Implementation.Internal.dll.mvfrm
[688/917    0s] MovedFromExtractorCombine Library/Bee/artifacts/200b0aE.dag/AssemblyShadowDemo.ExtensibilityConsumer.dll.mvfrm
[626/917    0s] Csc Library/Bee/artifacts/200b0aE.dag/Unity.Timeline.Editor.dll (+2 others) [CacheHit 4d5ec65d498b718b43dfd61c9dc55d1d00000000000000000000000000000003]
[689/917   1788648976s] Csc Library/Bee/artifacts/200b0aE.dag/Unity.Timeline.Editor.dll (+2 others)
[691/917    0s] MovedFromExtractorCombine Library/Bee/artifacts/200b0aE.dag/MCPForUnity.Editor.dll.mvfrm
[692/917    0s] MovedFromExtractorCombine Library/Bee/artifacts/200b0aE.dag/AssemblyShadowBaseline.Editor.dll.mvfrm
[693/917    0s] MovedFromExtractorCombine Library/Bee/artifacts/200b0aE.dag/PPv2URPConverters.dll.mvfrm
[694/917    2s] Csc Library/Bee/artifacts/200b0aE.dag/AssemblyA.Contracts.dll (+2 others)
[695/917    0s] MovedFromExtractor Library/Bee/artifacts/mvdfrm/Unity.PlasticSCM.Editor.ref.dll_CBF917C274624EE2.mvfrm
[632/917    0s] Csc Library/Bee/artifacts/200b0aE.dag/MCPForUnity.Editor.dll (+2 others) [CacheHit 6c1c4a96128fbaebbcf7e9750047130700000000000000000000000000000003]
[696/917   1788648976s] Csc Library/Bee/artifacts/200b0aE.dag/MCPForUnity.Editor.dll (+2 others)
[698/917    0s] MovedFromExtractor Library/Bee/artifacts/mvdfrm/Unity.VisualScripting.Shared.Editor.ref.dll_CBD4E358CB8CDF43.mvfrm
[699/917    0s] MovedFromExtractor Library/Bee/artifacts/mvdfrm/Unity.2D.Aseprite.Editor.ref.dll_3C7C2928F291E90C.mvfrm
[700/917    0s] MovedFromExtractor Library/Bee/artifacts/mvdfrm/Unity.TextMeshPro.Editor.ref.dll_C5B7873C632B963A.mvfrm
[701/917    0s] MovedFromExtractor Library/Bee/artifacts/mvdfrm/Unity.2D.IK.Editor.ref.dll_FD249531A54E376F.mvfrm
[702/917    0s] MovedFromExtractor Library/Bee/artifacts/mvdfrm/Unity.Timeline.Editor.ref.dll_1305DD42619CF31E.mvfrm
[703/917    0s] MovedFromExtractor Library/Bee/artifacts/mvdfrm/Unity.RenderPipelines.ShaderGraph.ShaderGraphLibrary.ref.dll_4AD9CE269414E4CC.mvfrm
[704/917    0s] MovedFromExtractor Library/Bee/artifacts/mvdfrm/Unity.RenderPipelines.Universal.Shaders.ref.dll_050F300D13D769AC.mvfrm
[705/917    0s] MovedFromExtractor Library/Bee/artifacts/mvdfrm/Unity.2D.Psdimporter.Editor.ref.dll_47CE2970C8879D28.mvfrm
[706/917    0s] MovedFromExtractor Library/Bee/artifacts/mvdfrm/Unity.RenderPipelines.Core.ShaderLibrary.ref.dll_8EDD8A7C38E993CC.mvfrm
[707/917    0s] MovedFromExtractor Library/Bee/artifacts/mvdfrm/Unity.VisualScripting.SettingsProvider.Editor.ref.dll_AD2FFB7646FD92B4.mvfrm
[708/917    0s] MovedFromExtractor Library/Bee/artifacts/mvdfrm/Unity.2D.PixelPerfect.Editor.ref.dll_B6E543B7064A5CCA.mvfrm
[644/917    0s] Csc Library/Bee/artifacts/200b0aE.dag/PPv2URPConverters.dll (+2 others) [CacheHit b6798820dd891b1969928761080b531200000000000000000000000000000003]
[709/917   1788648976s] Csc Library/Bee/artifacts/200b0aE.dag/PPv2URPConverters.dll (+2 others)
[711/917    0s] MovedFromExtractor Library/Bee/artifacts/mvdfrm/Unity.2D.SpriteShape.Editor.ref.dll_AB52260E0554293F.mvfrm
[712/917    0s] Csc Library/Bee/artifacts/200b0aE.dag/AssemblyShadowDemo.ContractsConsumer.dll (+2 others)
[713/917    0s] Csc Library/Bee/artifacts/200b0aE.dag/AssemblyShadowBaseline.Editor.dll (+2 others)
[714/917    0s] MovedFromExtractor Library/Bee/artifacts/mvdfrm/Unity.2D.Tilemap.Extras.Editor.ref.dll_258B0455F8F51CDE.mvfrm
[715/917    0s] MovedFromExtractorCombine Library/Bee/artifacts/200b0aE.dag/AssemblyShadowDemo.Editor.dll.mvfrm
[716/917    0s] MovedFromExtractorCombine Library/Bee/artifacts/200b0aE.dag/AssemblyShadowDemo.Bootstrap.dll.mvfrm
[717/917    0s] MovedFromExtractorCombine Library/Bee/artifacts/200b0aE.dag/AssemblyShadowDemo.M06RuntimeTests.dll.mvfrm
[718/917    0s] Csc Library/Bee/artifacts/200b0aE.dag/AssemblyA.Implementation.Extensibility.dll (+2 others)
[719/917    0s] MovedFromExtractor Library/Bee/artifacts/mvdfrm/Unity.Rider.Editor.ref.dll_A276D0F1D4D046E3.mvfrm
[720/917    0s] MovedFromExtractorCombine Library/Bee/artifacts/200b0aE.dag/Unity.CollabProxy.Editor.dll.mvfrm
[721/917    0s] MovedFromExtractorCombine Library/Bee/artifacts/200b0aE.dag/Unity.HybridCLR.AssemblyShadow.CodeGen.Tests.dll.mvfrm
[722/917    0s] MovedFromExtractor Library/Bee/artifacts/mvdfrm/Unity.VisualStudio.Editor.ref.dll_F37C0F1BA2EC04B9.mvfrm
[723/917    0s] MovedFromExtractorCombine Library/Bee/artifacts/200b0aE.dag/Unity.Collections.BurstCompatibilityGen.dll.mvfrm
[724/917    0s] MovedFromExtractorCombine Library/Bee/artifacts/200b0aE.dag/Unity.Collections.DocCodeSamples.dll.mvfrm
[725/917    0s] MovedFromExtractorCombine Library/Bee/artifacts/200b0aE.dag/MCPForUnityTests.EditMode.dll.mvfrm
[660/917    0s] Csc Library/Bee/artifacts/200b0aE.dag/Unity.Collections.BurstCompatibilityGen.dll (+2 others) [CacheHit 80575c75f75f7ea851a20d854d9d3a2600000000000000000000000000000003]
[726/917   1788648976s] Csc Library/Bee/artifacts/200b0aE.dag/Unity.Collections.BurstCompatibilityGen.dll (+2 others)
[661/917    0s] Csc Library/Bee/artifacts/200b0aE.dag/Unity.Collections.DocCodeSamples.dll (+2 others) [CacheHit af79beaf268c2ec20c44d8ceb1cec62a00000000000000000000000000000003]
[728/917   1788648976s] Csc Library/Bee/artifacts/200b0aE.dag/Unity.Collections.DocCodeSamples.dll (+2 others)
[662/917    0s] Csc Library/Bee/artifacts/200b0aE.dag/Unity.CollabProxy.Editor.dll (+2 others) [CacheHit a9d6e4bfff296e64c179b06494a6e17200000000000000000000000000000003]
[662/917    0s] Csc Library/Bee/artifacts/200b0aE.dag/MCPForUnityTests.EditMode.dll (+2 others) [CacheHit e4022dc2cba34d507d6f00c84b96d03200000000000000000000000000000003]
[730/917   1788648976s] Csc Library/Bee/artifacts/200b0aE.dag/Unity.CollabProxy.Editor.dll (+2 others)
[732/917   1788648976s] Csc Library/Bee/artifacts/200b0aE.dag/MCPForUnityTests.EditMode.dll (+2 others)
[664/917    0s] Csc Library/Bee/artifacts/200b0aE.dag/Unity.HybridCLR.AssemblyShadow.CodeGen.Tests.dll (+2 others) [CacheHit cc37e8a8632bf9c3a6143a4bfd04091000000000000000000000000000000003]
[734/917   1788648976s] Csc Library/Bee/artifacts/200b0aE.dag/Unity.HybridCLR.AssemblyShadow.CodeGen.Tests.dll (+2 others)
[736/917    0s] MovedFromExtractorCombine Library/Bee/artifacts/200b0aE.dag/AssemblyShadowDemo.EditorTests.dll.mvfrm
[737/917    0s] MovedFromExtractorCombine Library/Bee/artifacts/200b0aE.dag/HybridCLR.AssemblyShadow.Editor.Tests.dll.mvfrm
[667/917    0s] Csc Library/Bee/artifacts/200b0aE.dag/HybridCLR.AssemblyShadow.Editor.Tests.dll (+2 others) [CacheHit 841bf38c7c1ee1ba48896be8c183434600000000000000000000000000000003]
[738/917   1788648976s] Csc Library/Bee/artifacts/200b0aE.dag/HybridCLR.AssemblyShadow.Editor.Tests.dll (+2 others)
[740/917    0s] MovedFromExtractorCombine Library/Bee/artifacts/200b0aE.dag/Assembly-CSharp.dll.mvfrm
[741/917    0s] Csc Library/Bee/artifacts/200b0aE.dag/AssemblyShadowDemo.M06RuntimeTests.dll (+2 others)
[742/917    0s] Csc Library/Bee/artifacts/200b0aE.dag/AssemblyA.Implementation.Internal.dll (+2 others)
[743/917    0s] ILPostProcess Library/Bee/artifacts/200b0aE.dag/post-processed/HybridCLR.Runtime.dll (+pdb)
Processing assembly Library/Bee/artifacts/200b0aE.dag/HybridCLR.Runtime.dll, with 117 defines and 229 references
processors: HybridCLR.AssemblyShadow.CodeGen.ReflectionBindingsILPostProcessor, zzzUnity.Burst.CodeGen.BurstILPostProcessor
running HybridCLR.AssemblyShadow.CodeGen.ReflectionBindingsILPostProcessor
running zzzUnity.Burst.CodeGen.BurstILPostProcessor
[744/917    0s] ILPostProcess Library/Bee/artifacts/200b0aE.dag/post-processed/AssemblyShadowDemo.ContractsConsumer.dll (+pdb)
Processing assembly Library/Bee/artifacts/200b0aE.dag/AssemblyShadowDemo.ContractsConsumer.dll, with 117 defines and 141 references
processors: HybridCLR.AssemblyShadow.CodeGen.ReflectionBindingsILPostProcessor, zzzUnity.Burst.CodeGen.BurstILPostProcessor
running HybridCLR.AssemblyShadow.CodeGen.ReflectionBindingsILPostProcessor
running zzzUnity.Burst.CodeGen.BurstILPostProcessor
[745/917    0s] ILPostProcess Library/Bee/artifacts/200b0aE.dag/post-processed/AssemblyA.Implementation.Extensibility.dll (+pdb)
Processing assembly Library/Bee/artifacts/200b0aE.dag/AssemblyA.Implementation.Extensibility.dll, with 117 defines and 230 references
processors: HybridCLR.AssemblyShadow.CodeGen.ReflectionBindingsILPostProcessor, zzzUnity.Burst.CodeGen.BurstILPostProcessor
running HybridCLR.AssemblyShadow.CodeGen.ReflectionBindingsILPostProcessor
running zzzUnity.Burst.CodeGen.BurstILPostProcessor
[746/917    0s] ILPostProcess Library/Bee/artifacts/200b0aE.dag/post-processed/Unity.RenderPipelines.Universal.2D.Internal.dll (+pdb)
Processing assembly Library/Bee/artifacts/200b0aE.dag/Unity.RenderPipelines.Universal.2D.Internal.dll, with 117 defines and 229 references
processors: HybridCLR.AssemblyShadow.CodeGen.ReflectionBindingsILPostProcessor, zzzUnity.Burst.CodeGen.BurstILPostProcessor
running HybridCLR.AssemblyShadow.CodeGen.ReflectionBindingsILPostProcessor
running zzzUnity.Burst.CodeGen.BurstILPostProcessor
[747/917    0s] Csc Library/Bee/artifacts/200b0aE.dag/AssemblyShadowDemo.ExtensibilityConsumer.dll (+2 others)
[748/917    0s] Csc Library/Bee/artifacts/200b0aE.dag/Assembly-CSharp.dll (+2 others)
[749/917    0s] ILPostProcess Library/Bee/artifacts/200b0aE.dag/post-processed/AssemblyShadowDemo.M06RuntimeTests.dll (+pdb)
Processing assembly Library/Bee/artifacts/200b0aE.dag/AssemblyShadowDemo.M06RuntimeTests.dll, with 117 defines and 219 references
processors: HybridCLR.AssemblyShadow.CodeGen.ReflectionBindingsILPostProcessor, zzzUnity.Burst.CodeGen.BurstILPostProcessor
running HybridCLR.AssemblyShadow.CodeGen.ReflectionBindingsILPostProcessor
running zzzUnity.Burst.CodeGen.BurstILPostProcessor
[750/917    0s] ILPostProcess Library/Bee/artifacts/200b0aE.dag/post-processed/AssemblyA.Contracts.dll (+pdb)
Processing assembly Library/Bee/artifacts/200b0aE.dag/AssemblyA.Contracts.dll, with 117 defines and 140 references
processors: HybridCLR.AssemblyShadow.CodeGen.ReflectionBindingsILPostProcessor, zzzUnity.Burst.CodeGen.BurstILPostProcessor
running HybridCLR.AssemblyShadow.CodeGen.ReflectionBindingsILPostProcessor
running zzzUnity.Burst.CodeGen.BurstILPostProcessor
[751/917    0s] ILPostProcess Library/Bee/artifacts/200b0aE.dag/post-processed/AssemblyA.Implementation.Internal.dll (+pdb)
Processing assembly Library/Bee/artifacts/200b0aE.dag/AssemblyA.Implementation.Internal.dll, with 117 defines and 231 references
processors: HybridCLR.AssemblyShadow.CodeGen.ReflectionBindingsILPostProcessor, zzzUnity.Burst.CodeGen.BurstILPostProcessor
running HybridCLR.AssemblyShadow.CodeGen.ReflectionBindingsILPostProcessor
running zzzUnity.Burst.CodeGen.BurstILPostProcessor
[752/917    0s] ILPostProcess Library/Bee/artifacts/200b0aE.dag/post-processed/AssemblyShadowBaseline.Aot.dll (+pdb)
Processing assembly Library/Bee/artifacts/200b0aE.dag/AssemblyShadowBaseline.Aot.dll, with 117 defines and 230 references
processors: HybridCLR.AssemblyShadow.CodeGen.ReflectionBindingsILPostProcessor, zzzUnity.Burst.CodeGen.BurstILPostProcessor
running HybridCLR.AssemblyShadow.CodeGen.ReflectionBindingsILPostProcessor
running zzzUnity.Burst.CodeGen.BurstILPostProcessor
[753/917    0s] ILPostProcess Library/Bee/artifacts/200b0aE.dag/post-processed/Unity.InternalAPIEngineBridge.001.dll (+pdb)
Processing assembly Library/Bee/artifacts/200b0aE.dag/Unity.InternalAPIEngineBridge.001.dll, with 117 defines and 229 references
processors: HybridCLR.AssemblyShadow.CodeGen.ReflectionBindingsILPostProcessor, zzzUnity.Burst.CodeGen.BurstILPostProcessor
running HybridCLR.AssemblyShadow.CodeGen.ReflectionBindingsILPostProcessor
running zzzUnity.Burst.CodeGen.BurstILPostProcessor
[754/917    0s] ILPostProcess Library/Bee/artifacts/200b0aE.dag/post-processed/Unity.RenderPipelines.Universal.Config.Runtime.dll (+pdb)
Processing assembly Library/Bee/artifacts/200b0aE.dag/Unity.RenderPipelines.Universal.Config.Runtime.dll, with 117 defines and 230 references
processors: HybridCLR.AssemblyShadow.CodeGen.ReflectionBindingsILPostProcessor, zzzUnity.Burst.CodeGen.BurstILPostProcessor
running HybridCLR.AssemblyShadow.CodeGen.ReflectionBindingsILPostProcessor
running zzzUnity.Burst.CodeGen.BurstILPostProcessor
[755/917    0s] ILPostProcess Library/Bee/artifacts/200b0aE.dag/post-processed/Unity.VisualScripting.State.dll (+pdb)
Processing assembly Library/Bee/artifacts/200b0aE.dag/Unity.VisualScripting.State.dll, with 117 defines and 231 references
processors: HybridCLR.AssemblyShadow.CodeGen.ReflectionBindingsILPostProcessor, zzzUnity.Burst.CodeGen.BurstILPostProcessor
running HybridCLR.AssemblyShadow.CodeGen.ReflectionBindingsILPostProcessor
running zzzUnity.Burst.CodeGen.BurstILPostProcessor
[756/917    0s] ILPostProcess Library/Bee/artifacts/200b0aE.dag/post-processed/Unity.2D.IK.Runtime.dll (+pdb)
Processing assembly Library/Bee/artifacts/200b0aE.dag/Unity.2D.IK.Runtime.dll, with 117 defines and 230 references
processors: HybridCLR.AssemblyShadow.CodeGen.ReflectionBindingsILPostProcessor, zzzUnity.Burst.CodeGen.BurstILPostProcessor
running HybridCLR.AssemblyShadow.CodeGen.ReflectionBindingsILPostProcessor
running zzzUnity.Burst.CodeGen.BurstILPostProcessor
[757/917    0s] ILPostProcess Library/Bee/artifacts/200b0aE.dag/post-processed/Unity.VisualScripting.Core.dll (+pdb)
Processing assembly Library/Bee/artifacts/200b0aE.dag/Unity.VisualScripting.Core.dll, with 120 defines and 229 references
processors: HybridCLR.AssemblyShadow.CodeGen.ReflectionBindingsILPostProcessor, zzzUnity.Burst.CodeGen.BurstILPostProcessor
running HybridCLR.AssemblyShadow.CodeGen.ReflectionBindingsILPostProcessor
running zzzUnity.Burst.CodeGen.BurstILPostProcessor
[758/917    0s] ILPostProcess Library/Bee/artifacts/200b0aE.dag/post-processed/Unity.Timeline.dll (+pdb)
Processing assembly Library/Bee/artifacts/200b0aE.dag/Unity.Timeline.dll, with 118 defines and 229 references
processors: HybridCLR.AssemblyShadow.CodeGen.ReflectionBindingsILPostProcessor, zzzUnity.Burst.CodeGen.BurstILPostProcessor
running HybridCLR.AssemblyShadow.CodeGen.ReflectionBindingsILPostProcessor
running zzzUnity.Burst.CodeGen.BurstILPostProcessor
[759/917    0s] ILPostProcess Library/Bee/artifacts/200b0aE.dag/post-processed/Unity.RenderPipelines.Core.Runtime.dll (+pdb)
Processing assembly Library/Bee/artifacts/200b0aE.dag/Unity.RenderPipelines.Core.Runtime.dll, with 119 defines and 229 references
processors: HybridCLR.AssemblyShadow.CodeGen.ReflectionBindingsILPostProcessor, zzzUnity.Burst.CodeGen.BurstILPostProcessor
running HybridCLR.AssemblyShadow.CodeGen.ReflectionBindingsILPostProcessor
running zzzUnity.Burst.CodeGen.BurstILPostProcessor
[760/917    0s] ILPostProcess Library/Bee/artifacts/200b0aE.dag/post-processed/Unity.RenderPipelines.ShaderGraph.ShaderGraphLibrary.dll (+pdb)
Processing assembly Library/Bee/artifacts/200b0aE.dag/Unity.RenderPipelines.ShaderGraph.ShaderGraphLibrary.dll, with 117 defines and 229 references
processors: HybridCLR.AssemblyShadow.CodeGen.ReflectionBindingsILPostProcessor, zzzUnity.Burst.CodeGen.BurstILPostProcessor
running HybridCLR.AssemblyShadow.CodeGen.ReflectionBindingsILPostProcessor
running zzzUnity.Burst.CodeGen.BurstILPostProcessor
[761/917    0s] Csc Library/Bee/artifacts/200b0aE.dag/AssemblyShadowDemo.Bootstrap.dll (+2 others)
Assets/AssemblyShadowDemo/Bootstrap/ShadowBootstrap.cs(59,31): warning CS0618: 'RuntimeApi.GetAssemblyShadowPrototypeDiagnostics()' is obsolete: 'Assembly Shadow Prototype was retired; use GetDiagnosticsJson.'
Assets/AssemblyShadowDemo/Bootstrap/ShadowBootstrap.cs(92,61): warning CS0618: 'RuntimeApi.GetAssemblyShadowPrototypeDiagnostics()' is obsolete: 'Assembly Shadow Prototype was retired; use GetDiagnosticsJson.'
Assets/AssemblyShadowDemo/Bootstrap/ShadowBootstrap.cs(133,35): warning CS0618: 'RuntimeApi.LoadAssemblyShadowPrototype(byte[], byte[])' is obsolete: 'Assembly Shadow Prototype was retired; use ConfigureCandidates/BeginTransaction/StageAssembly.'
Assets/AssemblyShadowDemo/Bootstrap/ShadowBootstrap.cs(137,25): warning CS0618: 'RuntimeApi.ActivateAssemblyShadowPrototype(string)' is obsolete: 'Assembly Shadow Prototype was retired; use CommitTransaction.'
Assets/AssemblyShadowDemo/Bootstrap/ShadowBootstrap.cs(290,51): warning CS0618: 'RuntimeApi.SetAssemblyShadowPrototypePhase(string)' is obsolete: 'Assembly Shadow Prototype was retired; use generalized diagnostics.'
Assets/AssemblyShadowDemo/Bootstrap/ShadowBootstrap.cs(291,108): warning CS0618: 'RuntimeApi.InspectAssemblyShadowPrototypeObject(object)' is obsolete: 'Assembly Shadow Prototype was retired; use generalized diagnostics.'
Assets/AssemblyShadowDemo/Bootstrap/ShadowBootstrap.cs(292,114): warning CS0618: 'RuntimeApi.InspectAssemblyShadowPrototypeAssembly(Assembly)' is obsolete: 'Assembly Shadow Prototype was retired; use generalized diagnostics.'
[762/917    0s] ILPostProcess Library/Bee/artifacts/200b0aE.dag/post-processed/Assembly-CSharp.dll (+pdb)
Processing assembly Library/Bee/artifacts/200b0aE.dag/Assembly-CSharp.dll, with 117 defines and 275 references
processors: HybridCLR.AssemblyShadow.CodeGen.ReflectionBindingsILPostProcessor, zzzUnity.Burst.CodeGen.BurstILPostProcessor
running HybridCLR.AssemblyShadow.CodeGen.ReflectionBindingsILPostProcessor
running zzzUnity.Burst.CodeGen.BurstILPostProcessor
[763/917    0s] ILPostProcess Library/Bee/artifacts/200b0aE.dag/post-processed/Unity.RenderPipelines.Universal.Runtime.dll (+pdb)
Processing assembly Library/Bee/artifacts/200b0aE.dag/Unity.RenderPipelines.Universal.Runtime.dll, with 122 defines and 235 references
processors: HybridCLR.AssemblyShadow.CodeGen.ReflectionBindingsILPostProcessor, zzzUnity.Burst.CodeGen.BurstILPostProcessor
running HybridCLR.AssemblyShadow.CodeGen.ReflectionBindingsILPostProcessor
running zzzUnity.Burst.CodeGen.BurstILPostProcessor
[764/917    0s] ILPostProcess Library/Bee/artifacts/200b0aE.dag/post-processed/Unity.Mathematics.dll (+pdb)
Processing assembly Library/Bee/artifacts/200b0aE.dag/Unity.Mathematics.dll, with 117 defines and 229 references
processors: HybridCLR.AssemblyShadow.CodeGen.ReflectionBindingsILPostProcessor, zzzUnity.Burst.CodeGen.BurstILPostProcessor
running HybridCLR.AssemblyShadow.CodeGen.ReflectionBindingsILPostProcessor
running zzzUnity.Burst.CodeGen.BurstILPostProcessor
[765/917    0s] ILPostProcess Library/Bee/artifacts/200b0aE.dag/post-processed/Unity.RenderPipeline.Universal.ShaderLibrary.dll (+pdb)
Processing assembly Library/Bee/artifacts/200b0aE.dag/Unity.RenderPipeline.Universal.ShaderLibrary.dll, with 117 defines and 230 references
processors: HybridCLR.AssemblyShadow.CodeGen.ReflectionBindingsILPostProcessor, zzzUnity.Burst.CodeGen.BurstILPostProcessor
running HybridCLR.AssemblyShadow.CodeGen.ReflectionBindingsILPostProcessor
running zzzUnity.Burst.CodeGen.BurstILPostProcessor
[766/917    0s] ILPostProcess Library/Bee/artifacts/200b0aE.dag/post-processed/Unity.2D.PixelPerfect.dll (+pdb)
Processing assembly Library/Bee/artifacts/200b0aE.dag/Unity.2D.PixelPerfect.dll, with 118 defines and 229 references
processors: HybridCLR.AssemblyShadow.CodeGen.ReflectionBindingsILPostProcessor, zzzUnity.Burst.CodeGen.BurstILPostProcessor
running HybridCLR.AssemblyShadow.CodeGen.ReflectionBindingsILPostProcessor
running zzzUnity.Burst.CodeGen.BurstILPostProcessor
[767/917    0s] ILPostProcess Library/Bee/artifacts/200b0aE.dag/post-processed/AssemblyShadowBaseline.HotUpdate.dll (+pdb)
Processing assembly Library/Bee/artifacts/200b0aE.dag/AssemblyShadowBaseline.HotUpdate.dll, with 117 defines and 140 references
processors: HybridCLR.AssemblyShadow.CodeGen.ReflectionBindingsILPostProcessor, zzzUnity.Burst.CodeGen.BurstILPostProcessor
running HybridCLR.AssemblyShadow.CodeGen.ReflectionBindingsILPostProcessor
running zzzUnity.Burst.CodeGen.BurstILPostProcessor
[768/917    0s] Csc Library/Bee/artifacts/200b0aE.dag/AssemblyShadowDemo.Editor.dll (+2 others)
[769/917    0s] ILPostProcess Library/Bee/artifacts/200b0aE.dag/post-processed/AssemblyShadowDemo.Bootstrap.dll (+pdb)
Processing assembly Library/Bee/artifacts/200b0aE.dag/AssemblyShadowDemo.Bootstrap.dll, with 117 defines and 232 references
processors: HybridCLR.AssemblyShadow.CodeGen.ReflectionBindingsILPostProcessor, zzzUnity.Burst.CodeGen.BurstILPostProcessor
running HybridCLR.AssemblyShadow.CodeGen.ReflectionBindingsILPostProcessor
running zzzUnity.Burst.CodeGen.BurstILPostProcessor
[770/917    0s] ILPostProcess Library/Bee/artifacts/200b0aE.dag/post-processed/AssemblyShadowDemo.ExtensibilityConsumer.dll (+pdb)
Processing assembly Library/Bee/artifacts/200b0aE.dag/AssemblyShadowDemo.ExtensibilityConsumer.dll, with 117 defines and 231 references
processors: HybridCLR.AssemblyShadow.CodeGen.ReflectionBindingsILPostProcessor, zzzUnity.Burst.CodeGen.BurstILPostProcessor
running HybridCLR.AssemblyShadow.CodeGen.ReflectionBindingsILPostProcessor
running zzzUnity.Burst.CodeGen.BurstILPostProcessor
[771/917    0s] ILPostProcess Library/Bee/artifacts/200b0aE.dag/post-processed/Unity.2D.Common.Runtime.dll (+pdb)
Processing assembly Library/Bee/artifacts/200b0aE.dag/Unity.2D.Common.Runtime.dll, with 117 defines and 230 references
processors: HybridCLR.AssemblyShadow.CodeGen.ReflectionBindingsILPostProcessor, zzzUnity.Burst.CodeGen.BurstILPostProcessor
running HybridCLR.AssemblyShadow.CodeGen.ReflectionBindingsILPostProcessor
running zzzUnity.Burst.CodeGen.BurstILPostProcessor
[772/917    0s] ILPostProcess Library/Bee/artifacts/200b0aE.dag/post-processed/Unity.2D.SpriteShape.Runtime.dll (+pdb)
Processing assembly Library/Bee/artifacts/200b0aE.dag/Unity.2D.SpriteShape.Runtime.dll, with 118 defines and 232 references
processors: HybridCLR.AssemblyShadow.CodeGen.ReflectionBindingsILPostProcessor, zzzUnity.Burst.CodeGen.BurstILPostProcessor
running HybridCLR.AssemblyShadow.CodeGen.ReflectionBindingsILPostProcessor
running zzzUnity.Burst.CodeGen.BurstILPostProcessor
[773/917    0s] ILPostProcess Library/Bee/artifacts/200b0aE.dag/post-processed/Unity.2D.Animation.Runtime.dll (+pdb)
Processing assembly Library/Bee/artifacts/200b0aE.dag/Unity.2D.Animation.Runtime.dll, with 117 defines and 234 references
processors: HybridCLR.AssemblyShadow.CodeGen.ReflectionBindingsILPostProcessor, zzzUnity.Burst.CodeGen.BurstILPostProcessor
running HybridCLR.AssemblyShadow.CodeGen.ReflectionBindingsILPostProcessor
running zzzUnity.Burst.CodeGen.BurstILPostProcessor
[774/917    0s] ILPostProcess Library/Bee/artifacts/200b0aE.dag/post-processed/Unity.2D.Tilemap.Extras.dll (+pdb)
Processing assembly Library/Bee/artifacts/200b0aE.dag/Unity.2D.Tilemap.Extras.dll, with 117 defines and 229 references
processors: HybridCLR.AssemblyShadow.CodeGen.ReflectionBindingsILPostProcessor, zzzUnity.Burst.CodeGen.BurstILPostProcessor
running HybridCLR.AssemblyShadow.CodeGen.ReflectionBindingsILPostProcessor
running zzzUnity.Burst.CodeGen.BurstILPostProcessor
[775/917    0s] ILPostProcess Library/Bee/artifacts/200b0aE.dag/post-processed/Unity.RenderPipelines.Universal.Shaders.dll (+pdb)
Processing assembly Library/Bee/artifacts/200b0aE.dag/Unity.RenderPipelines.Universal.Shaders.dll, with 117 defines and 229 references
processors: HybridCLR.AssemblyShadow.CodeGen.ReflectionBindingsILPostProcessor, zzzUnity.Burst.CodeGen.BurstILPostProcessor
running HybridCLR.AssemblyShadow.CodeGen.ReflectionBindingsILPostProcessor
running zzzUnity.Burst.CodeGen.BurstILPostProcessor
[776/917    0s] ILPostProcess Library/Bee/artifacts/200b0aE.dag/post-processed/Unity.TextMeshPro.dll (+pdb)
Processing assembly Library/Bee/artifacts/200b0aE.dag/Unity.TextMeshPro.dll, with 118 defines and 229 references
processors: HybridCLR.AssemblyShadow.CodeGen.ReflectionBindingsILPostProcessor, zzzUnity.Burst.CodeGen.BurstILPostProcessor
running HybridCLR.AssemblyShadow.CodeGen.ReflectionBindingsILPostProcessor
running zzzUnity.Burst.CodeGen.BurstILPostProcessor
[777/917    0s] ILPostProcess Library/Bee/artifacts/200b0aE.dag/post-processed/Unity.VisualScripting.Flow.dll (+pdb)
Processing assembly Library/Bee/artifacts/200b0aE.dag/Unity.VisualScripting.Flow.dll, with 122 defines and 230 references
processors: HybridCLR.AssemblyShadow.CodeGen.ReflectionBindingsILPostProcessor, zzzUnity.Burst.CodeGen.BurstILPostProcessor
running HybridCLR.AssemblyShadow.CodeGen.ReflectionBindingsILPostProcessor
running zzzUnity.Burst.CodeGen.BurstILPostProcessor
[778/917    0s] ILPostProcess Library/Bee/artifacts/200b0aE.dag/post-processed/Unity.Burst.dll (+pdb)
Processing assembly Library/Bee/artifacts/200b0aE.dag/Unity.Burst.dll, with 117 defines and 218 references
processors: HybridCLR.AssemblyShadow.CodeGen.ReflectionBindingsILPostProcessor, zzzUnity.Burst.CodeGen.BurstILPostProcessor
running HybridCLR.AssemblyShadow.CodeGen.ReflectionBindingsILPostProcessor
running zzzUnity.Burst.CodeGen.BurstILPostProcessor
[779/917    0s] ILPostProcess Library/Bee/artifacts/200b0aE.dag/post-processed/MCPForUnity.Runtime.dll (+pdb)
Processing assembly Library/Bee/artifacts/200b0aE.dag/MCPForUnity.Runtime.dll, with 117 defines and 218 references
processors: HybridCLR.AssemblyShadow.CodeGen.ReflectionBindingsILPostProcessor, zzzUnity.Burst.CodeGen.BurstILPostProcessor
running HybridCLR.AssemblyShadow.CodeGen.ReflectionBindingsILPostProcessor
running zzzUnity.Burst.CodeGen.BurstILPostProcessor
[780/917    0s] Csc Library/Bee/artifacts/200b0aE.dag/AssemblyShadowDemo.EditorTests.dll (+2 others)
[781/917    0s] ILPostProcess Library/Bee/artifacts/200b0aE.dag/post-processed/UnityEngine.UI.dll (+pdb)
Processing assembly Library/Bee/artifacts/200b0aE.dag/UnityEngine.UI.dll, with 122 defines and 227 references
processors: HybridCLR.AssemblyShadow.CodeGen.ReflectionBindingsILPostProcessor, zzzUnity.Burst.CodeGen.BurstILPostProcessor
running HybridCLR.AssemblyShadow.CodeGen.ReflectionBindingsILPostProcessor
running zzzUnity.Burst.CodeGen.BurstILPostProcessor
[782/917    0s] ILPostProcess Library/Bee/artifacts/200b0aE.dag/post-processed/Unity.RenderPipelines.Core.ShaderLibrary.dll (+pdb)
Processing assembly Library/Bee/artifacts/200b0aE.dag/Unity.RenderPipelines.Core.ShaderLibrary.dll, with 117 defines and 229 references
processors: HybridCLR.AssemblyShadow.CodeGen.ReflectionBindingsILPostProcessor, zzzUnity.Burst.CodeGen.BurstILPostProcessor
running HybridCLR.AssemblyShadow.CodeGen.ReflectionBindingsILPostProcessor
running zzzUnity.Burst.CodeGen.BurstILPostProcessor
[783/917    0s] ILPostProcess Library/Bee/artifacts/200b0aE.dag/post-processed/Unity.Collections.dll (+pdb)
Processing assembly Library/Bee/artifacts/200b0aE.dag/Unity.Collections.dll, with 117 defines and 231 references
processors: HybridCLR.AssemblyShadow.CodeGen.ReflectionBindingsILPostProcessor, zzzUnity.Burst.CodeGen.BurstILPostProcessor
running HybridCLR.AssemblyShadow.CodeGen.ReflectionBindingsILPostProcessor
running zzzUnity.Burst.CodeGen.BurstILPostProcessor
[784/917    0s] ILPostProcess Library/Bee/artifacts/200b0aE.dag/post-processed/Unity.2D.Aseprite.Common.dll (+pdb)
Processing assembly Library/Bee/artifacts/200b0aE.dag/Unity.2D.Aseprite.Common.dll, with 115 defines and 239 references
processors: HybridCLR.AssemblyShadow.CodeGen.ReflectionBindingsILPostProcessor, zzzUnity.Burst.CodeGen.BurstILPostProcessor
running HybridCLR.AssemblyShadow.CodeGen.ReflectionBindingsILPostProcessor
running zzzUnity.Burst.CodeGen.BurstILPostProcessor
[785/917    0s] ILPostProcess Library/Bee/artifacts/200b0aE.dag/post-processed/Unity.2D.PixelPerfect.Editor.dll (+pdb)
Processing assembly Library/Bee/artifacts/200b0aE.dag/Unity.2D.PixelPerfect.Editor.dll, with 117 defines and 239 references
processors: HybridCLR.AssemblyShadow.CodeGen.ReflectionBindingsILPostProcessor, zzzUnity.Burst.CodeGen.BurstILPostProcessor
running HybridCLR.AssemblyShadow.CodeGen.ReflectionBindingsILPostProcessor
running zzzUnity.Burst.CodeGen.BurstILPostProcessor
[786/917    0s] ILPostProcess Library/Bee/artifacts/200b0aE.dag/post-processed/AssemblyShadowDemo.EditorTests.dll (+pdb)
Processing assembly Library/Bee/artifacts/200b0aE.dag/AssemblyShadowDemo.EditorTests.dll, with 115 defines and 234 references
processors: HybridCLR.AssemblyShadow.CodeGen.ReflectionBindingsILPostProcessor, zzzUnity.Burst.CodeGen.BurstILPostProcessor
running HybridCLR.AssemblyShadow.CodeGen.ReflectionBindingsILPostProcessor
running zzzUnity.Burst.CodeGen.BurstILPostProcessor
[787/917    0s] ILPostProcess Library/Bee/artifacts/200b0aE.dag/post-processed/Unity.VisualScripting.SettingsProvider.Editor.dll (+pdb)
Processing assembly Library/Bee/artifacts/200b0aE.dag/Unity.VisualScripting.SettingsProvider.Editor.dll, with 115 defines and 241 references
processors: HybridCLR.AssemblyShadow.CodeGen.ReflectionBindingsILPostProcessor, zzzUnity.Burst.CodeGen.BurstILPostProcessor
running HybridCLR.AssemblyShadow.CodeGen.ReflectionBindingsILPostProcessor
running zzzUnity.Burst.CodeGen.BurstILPostProcessor
[788/917    0s] ILPostProcess Library/Bee/artifacts/200b0aE.dag/post-processed/Unity.HybridCLR.AssemblyShadow.CodeGen.Tests.dll (+pdb)
Processing assembly Library/Bee/artifacts/200b0aE.dag/Unity.HybridCLR.AssemblyShadow.CodeGen.Tests.dll, with 115 defines and 227 references
processors: HybridCLR.AssemblyShadow.CodeGen.ReflectionBindingsILPostProcessor, zzzUnity.Burst.CodeGen.BurstILPostProcessor
running HybridCLR.AssemblyShadow.CodeGen.ReflectionBindingsILPostProcessor
running zzzUnity.Burst.CodeGen.BurstILPostProcessor
[789/917    0s] ILPostProcess Library/Bee/artifacts/200b0aE.dag/post-processed/Unity.TextMeshPro.Editor.dll (+pdb)
Processing assembly Library/Bee/artifacts/200b0aE.dag/Unity.TextMeshPro.Editor.dll, with 115 defines and 237 references
processors: HybridCLR.AssemblyShadow.CodeGen.ReflectionBindingsILPostProcessor, zzzUnity.Burst.CodeGen.BurstILPostProcessor
running HybridCLR.AssemblyShadow.CodeGen.ReflectionBindingsILPostProcessor
running zzzUnity.Burst.CodeGen.BurstILPostProcessor
[790/917    0s] ILPostProcess Library/Bee/artifacts/200b0aE.dag/post-processed/Unity.InternalAPIEditorBridge.001.dll (+pdb)
Processing assembly Library/Bee/artifacts/200b0aE.dag/Unity.InternalAPIEditorBridge.001.dll, with 115 defines and 237 references
processors: HybridCLR.AssemblyShadow.CodeGen.ReflectionBindingsILPostProcessor, zzzUnity.Burst.CodeGen.BurstILPostProcessor
running HybridCLR.AssemblyShadow.CodeGen.ReflectionBindingsILPostProcessor
running zzzUnity.Burst.CodeGen.BurstILPostProcessor
[791/917    0s] ILPostProcess Library/Bee/artifacts/200b0aE.dag/post-processed/Unity.2D.IK.Editor.dll (+pdb)
Processing assembly Library/Bee/artifacts/200b0aE.dag/Unity.2D.IK.Editor.dll, with 115 defines and 242 references
processors: HybridCLR.AssemblyShadow.CodeGen.ReflectionBindingsILPostProcessor, zzzUnity.Burst.CodeGen.BurstILPostProcessor
running HybridCLR.AssemblyShadow.CodeGen.ReflectionBindingsILPostProcessor
running zzzUnity.Burst.CodeGen.BurstILPostProcessor
[792/917    0s] ILPostProcess Library/Bee/artifacts/200b0aE.dag/post-processed/HybridCLR.AssemblyShadow.Editor.Tests.dll (+pdb)
Processing assembly Library/Bee/artifacts/200b0aE.dag/HybridCLR.AssemblyShadow.Editor.Tests.dll, with 115 defines and 229 references
processors: HybridCLR.AssemblyShadow.CodeGen.ReflectionBindingsILPostProcessor, zzzUnity.Burst.CodeGen.BurstILPostProcessor
running HybridCLR.AssemblyShadow.CodeGen.ReflectionBindingsILPostProcessor
running zzzUnity.Burst.CodeGen.BurstILPostProcessor
[793/917    0s] ILPostProcess Library/Bee/artifacts/200b0aE.dag/post-processed/Unity.VisualScripting.Shared.Editor.dll (+pdb)
Processing assembly Library/Bee/artifacts/200b0aE.dag/Unity.VisualScripting.Shared.Editor.dll, with 115 defines and 242 references
processors: HybridCLR.AssemblyShadow.CodeGen.ReflectionBindingsILPostProcessor, zzzUnity.Burst.CodeGen.BurstILPostProcessor
running HybridCLR.AssemblyShadow.CodeGen.ReflectionBindingsILPostProcessor
running zzzUnity.Burst.CodeGen.BurstILPostProcessor
[794/917    0s] ILPostProcess Library/Bee/artifacts/200b0aE.dag/post-processed/Unity.Burst.Editor.dll (+pdb)
Processing assembly Library/Bee/artifacts/200b0aE.dag/Unity.Burst.Editor.dll, with 115 defines and 237 references
processors: HybridCLR.AssemblyShadow.CodeGen.ReflectionBindingsILPostProcessor, zzzUnity.Burst.CodeGen.BurstILPostProcessor
running HybridCLR.AssemblyShadow.CodeGen.ReflectionBindingsILPostProcessor
running zzzUnity.Burst.CodeGen.BurstILPostProcessor
[795/917    0s] ILPostProcess Library/Bee/artifacts/200b0aE.dag/post-processed/MCPForUnity.Editor.dll (+pdb)
Processing assembly Library/Bee/artifacts/200b0aE.dag/MCPForUnity.Editor.dll, with 115 defines and 226 references
processors: HybridCLR.AssemblyShadow.CodeGen.ReflectionBindingsILPostProcessor, zzzUnity.Burst.CodeGen.BurstILPostProcessor
running HybridCLR.AssemblyShadow.CodeGen.ReflectionBindingsILPostProcessor
running zzzUnity.Burst.CodeGen.BurstILPostProcessor
[796/917    0s] ILPostProcess Library/Bee/artifacts/200b0aE.dag/post-processed/AssemblyShadowDemo.Editor.dll (+pdb)
Processing assembly Library/Bee/artifacts/200b0aE.dag/AssemblyShadowDemo.Editor.dll, with 115 defines and 245 references
processors: HybridCLR.AssemblyShadow.CodeGen.ReflectionBindingsILPostProcessor, zzzUnity.Burst.CodeGen.BurstILPostProcessor
running HybridCLR.AssemblyShadow.CodeGen.ReflectionBindingsILPostProcessor
running zzzUnity.Burst.CodeGen.BurstILPostProcessor
[797/917    0s] ILPostProcess Library/Bee/artifacts/200b0aE.dag/post-processed/Unity.2D.Tilemap.Extras.Editor.dll (+pdb)
Processing assembly Library/Bee/artifacts/200b0aE.dag/Unity.2D.Tilemap.Extras.Editor.dll, with 115 defines and 238 references
processors: HybridCLR.AssemblyShadow.CodeGen.ReflectionBindingsILPostProcessor, zzzUnity.Burst.CodeGen.BurstILPostProcessor
running HybridCLR.AssemblyShadow.CodeGen.ReflectionBindingsILPostProcessor
running zzzUnity.Burst.CodeGen.BurstILPostProcessor
[798/917    0s] ILPostProcess Library/Bee/artifacts/200b0aE.dag/post-processed/HybridCLR.Editor.dll (+pdb)
Processing assembly Library/Bee/artifacts/200b0aE.dag/HybridCLR.Editor.dll, with 115 defines and 238 references
processors: HybridCLR.AssemblyShadow.CodeGen.ReflectionBindingsILPostProcessor, zzzUnity.Burst.CodeGen.BurstILPostProcessor
running HybridCLR.AssemblyShadow.CodeGen.ReflectionBindingsILPostProcessor
running zzzUnity.Burst.CodeGen.BurstILPostProcessor
[799/917    0s] ILPostProcess Library/Bee/artifacts/200b0aE.dag/post-processed/Unity.2D.Aseprite.Editor.dll (+pdb)
Processing assembly Library/Bee/artifacts/200b0aE.dag/Unity.2D.Aseprite.Editor.dll, with 116 defines and 242 references
processors: HybridCLR.AssemblyShadow.CodeGen.ReflectionBindingsILPostProcessor, zzzUnity.Burst.CodeGen.BurstILPostProcessor
running HybridCLR.AssemblyShadow.CodeGen.ReflectionBindingsILPostProcessor
running zzzUnity.Burst.CodeGen.BurstILPostProcessor
[800/917    0s] ILPostProcess Library/Bee/artifacts/200b0aE.dag/post-processed/Unity.Searcher.Editor.dll (+pdb)
Processing assembly Library/Bee/artifacts/200b0aE.dag/Unity.Searcher.Editor.dll, with 115 defines and 236 references
processors: HybridCLR.AssemblyShadow.CodeGen.ReflectionBindingsILPostProcessor, zzzUnity.Burst.CodeGen.BurstILPostProcessor
running HybridCLR.AssemblyShadow.CodeGen.ReflectionBindingsILPostProcessor
running zzzUnity.Burst.CodeGen.BurstILPostProcessor
[801/917    0s] ILPostProcess Library/Bee/artifacts/200b0aE.dag/post-processed/PPv2URPConverters.dll (+pdb)
Processing assembly Library/Bee/artifacts/200b0aE.dag/PPv2URPConverters.dll, with 115 defines and 240 references
processors: HybridCLR.AssemblyShadow.CodeGen.ReflectionBindingsILPostProcessor, zzzUnity.Burst.CodeGen.BurstILPostProcessor
running HybridCLR.AssemblyShadow.CodeGen.ReflectionBindingsILPostProcessor
running zzzUnity.Burst.CodeGen.BurstILPostProcessor
[802/917    0s] ILPostProcess Library/Bee/artifacts/200b0aE.dag/post-processed/UnityEditor.UI.dll (+pdb)
Processing assembly Library/Bee/artifacts/200b0aE.dag/UnityEditor.UI.dll, with 118 defines and 235 references
processors: HybridCLR.AssemblyShadow.CodeGen.ReflectionBindingsILPostProcessor, zzzUnity.Burst.CodeGen.BurstILPostProcessor
running HybridCLR.AssemblyShadow.CodeGen.ReflectionBindingsILPostProcessor
running zzzUnity.Burst.CodeGen.BurstILPostProcessor
[803/917    0s] ILPostProcess Library/Bee/artifacts/200b0aE.dag/post-processed/AssemblyShadowBaseline.Editor.dll (+pdb)
Processing assembly Library/Bee/artifacts/200b0aE.dag/AssemblyShadowBaseline.Editor.dll, with 115 defines and 239 references
processors: HybridCLR.AssemblyShadow.CodeGen.ReflectionBindingsILPostProcessor, zzzUnity.Burst.CodeGen.BurstILPostProcessor
running HybridCLR.AssemblyShadow.CodeGen.ReflectionBindingsILPostProcessor
running zzzUnity.Burst.CodeGen.BurstILPostProcessor
[804/917    0s] ILPostProcess Library/Bee/artifacts/200b0aE.dag/post-processed/Unity.2D.Tilemap.Editor.dll (+pdb)
Processing assembly Library/Bee/artifacts/200b0aE.dag/Unity.2D.Tilemap.Editor.dll, with 115 defines and 236 references
processors: HybridCLR.AssemblyShadow.CodeGen.ReflectionBindingsILPostProcessor, zzzUnity.Burst.CodeGen.BurstILPostProcessor
running HybridCLR.AssemblyShadow.CodeGen.ReflectionBindingsILPostProcessor
running zzzUnity.Burst.CodeGen.BurstILPostProcessor
[805/917    0s] ILPostProcess Library/Bee/artifacts/200b0aE.dag/post-processed/Unity.ShaderGraph.Editor.dll (+pdb)
Processing assembly Library/Bee/artifacts/200b0aE.dag/Unity.ShaderGraph.Editor.dll, with 115 defines and 240 references
processors: HybridCLR.AssemblyShadow.CodeGen.ReflectionBindingsILPostProcessor, zzzUnity.Burst.CodeGen.BurstILPostProcessor
running HybridCLR.AssemblyShadow.CodeGen.ReflectionBindingsILPostProcessor
running zzzUnity.Burst.CodeGen.BurstILPostProcessor
[806/917    0s] ILPostProcess Library/Bee/artifacts/200b0aE.dag/post-processed/Unity.Collections.BurstCompatibilityGen.dll (+pdb)
Processing assembly Library/Bee/artifacts/200b0aE.dag/Unity.Collections.BurstCompatibilityGen.dll, with 115 defines and 238 references
processors: HybridCLR.AssemblyShadow.CodeGen.ReflectionBindingsILPostProcessor, zzzUnity.Burst.CodeGen.BurstILPostProcessor
running HybridCLR.AssemblyShadow.CodeGen.ReflectionBindingsILPostProcessor
running zzzUnity.Burst.CodeGen.BurstILPostProcessor
[807/917    0s] ILPostProcess Library/Bee/artifacts/200b0aE.dag/post-processed/Unity.VisualScripting.Flow.Editor.dll (+pdb)
Processing assembly Library/Bee/artifacts/200b0aE.dag/Unity.VisualScripting.Flow.Editor.dll, with 115 defines and 239 references
processors: HybridCLR.AssemblyShadow.CodeGen.ReflectionBindingsILPostProcessor, zzzUnity.Burst.CodeGen.BurstILPostProcessor
running HybridCLR.AssemblyShadow.CodeGen.ReflectionBindingsILPostProcessor
running zzzUnity.Burst.CodeGen.BurstILPostProcessor
[808/917    0s] ILPostProcess Library/Bee/artifacts/200b0aE.dag/post-processed/Unity.2D.SpriteShape.Editor.dll (+pdb)
Processing assembly Library/Bee/artifacts/200b0aE.dag/Unity.2D.SpriteShape.Editor.dll, with 115 defines and 241 references
processors: HybridCLR.AssemblyShadow.CodeGen.ReflectionBindingsILPostProcessor, zzzUnity.Burst.CodeGen.BurstILPostProcessor
running HybridCLR.AssemblyShadow.CodeGen.ReflectionBindingsILPostProcessor
running zzzUnity.Burst.CodeGen.BurstILPostProcessor
[809/917    0s] ILPostProcess Library/Bee/artifacts/200b0aE.dag/post-processed/PsdPlugin.dll (+pdb)
Processing assembly Library/Bee/artifacts/200b0aE.dag/PsdPlugin.dll, with 115 defines and 237 references
processors: HybridCLR.AssemblyShadow.CodeGen.ReflectionBindingsILPostProcessor, zzzUnity.Burst.CodeGen.BurstILPostProcessor
running HybridCLR.AssemblyShadow.CodeGen.ReflectionBindingsILPostProcessor
running zzzUnity.Burst.CodeGen.BurstILPostProcessor
[810/917    0s] ILPostProcess Library/Bee/artifacts/200b0aE.dag/post-processed/Unity.2D.Sprite.Editor.dll (+pdb)
Processing assembly Library/Bee/artifacts/200b0aE.dag/Unity.2D.Sprite.Editor.dll, with 115 defines and 236 references
processors: HybridCLR.AssemblyShadow.CodeGen.ReflectionBindingsILPostProcessor, zzzUnity.Burst.CodeGen.BurstILPostProcessor
running HybridCLR.AssemblyShadow.CodeGen.ReflectionBindingsILPostProcessor
running zzzUnity.Burst.CodeGen.BurstILPostProcessor
[811/917    0s] ILPostProcess Library/Bee/artifacts/200b0aE.dag/post-processed/Unity.2D.Common.Editor.dll (+pdb)
Processing assembly Library/Bee/artifacts/200b0aE.dag/Unity.2D.Common.Editor.dll, with 115 defines and 240 references
processors: HybridCLR.AssemblyShadow.CodeGen.ReflectionBindingsILPostProcessor, zzzUnity.Burst.CodeGen.BurstILPostProcessor
running HybridCLR.AssemblyShadow.CodeGen.ReflectionBindingsILPostProcessor
running zzzUnity.Burst.CodeGen.BurstILPostProcessor
[812/917    0s] ILPostProcess Library/Bee/artifacts/200b0aE.dag/post-processed/Unity.CollabProxy.Editor.dll (+pdb)
Processing assembly Library/Bee/artifacts/200b0aE.dag/Unity.CollabProxy.Editor.dll, with 115 defines and 237 references
processors: HybridCLR.AssemblyShadow.CodeGen.ReflectionBindingsILPostProcessor, zzzUnity.Burst.CodeGen.BurstILPostProcessor
running HybridCLR.AssemblyShadow.CodeGen.ReflectionBindingsILPostProcessor
running zzzUnity.Burst.CodeGen.BurstILPostProcessor
[813/917    0s] ILPostProcess Library/Bee/artifacts/200b0aE.dag/post-processed/Unity.RenderPipelines.Universal.Editor.dll (+pdb)
Processing assembly Library/Bee/artifacts/200b0aE.dag/Unity.RenderPipelines.Universal.Editor.dll, with 116 defines and 242 references
processors: HybridCLR.AssemblyShadow.CodeGen.ReflectionBindingsILPostProcessor, zzzUnity.Burst.CodeGen.BurstILPostProcessor
running HybridCLR.AssemblyShadow.CodeGen.ReflectionBindingsILPostProcessor
running zzzUnity.Burst.CodeGen.BurstILPostProcessor
[814/917    0s] ILPostProcess Library/Bee/artifacts/200b0aE.dag/post-processed/Unity.RenderPipelines.Core.Editor.dll (+pdb)
Processing assembly Library/Bee/artifacts/200b0aE.dag/Unity.RenderPipelines.Core.Editor.dll, with 116 defines and 238 references
processors: HybridCLR.AssemblyShadow.CodeGen.ReflectionBindingsILPostProcessor, zzzUnity.Burst.CodeGen.BurstILPostProcessor
running HybridCLR.AssemblyShadow.CodeGen.ReflectionBindingsILPostProcessor
running zzzUnity.Burst.CodeGen.BurstILPostProcessor
[815/917    0s] ILPostProcess Library/Bee/artifacts/200b0aE.dag/post-processed/MCPForUnityTests.EditMode.dll (+pdb)
Processing assembly Library/Bee/artifacts/200b0aE.dag/MCPForUnityTests.EditMode.dll, with 115 defines and 227 references
processors: HybridCLR.AssemblyShadow.CodeGen.ReflectionBindingsILPostProcessor, zzzUnity.Burst.CodeGen.BurstILPostProcessor
running HybridCLR.AssemblyShadow.CodeGen.ReflectionBindingsILPostProcessor
running zzzUnity.Burst.CodeGen.BurstILPostProcessor
[816/917    0s] ILPostProcess Library/Bee/artifacts/200b0aE.dag/post-processed/Unity.PlasticSCM.Editor.dll (+pdb)
Processing assembly Library/Bee/artifacts/200b0aE.dag/Unity.PlasticSCM.Editor.dll, with 115 defines and 226 references
processors: HybridCLR.AssemblyShadow.CodeGen.ReflectionBindingsILPostProcessor, zzzUnity.Burst.CodeGen.BurstILPostProcessor
running HybridCLR.AssemblyShadow.CodeGen.ReflectionBindingsILPostProcessor
running zzzUnity.Burst.CodeGen.BurstILPostProcessor
[818/917    0s] ILPostProcess Library/Bee/artifacts/200b0aE.dag/post-processed/Unity.VisualScripting.Core.Editor.dll (+pdb)
Processing assembly Library/Bee/artifacts/200b0aE.dag/Unity.VisualScripting.Core.Editor.dll, with 115 defines and 237 references
processors: HybridCLR.AssemblyShadow.CodeGen.ReflectionBindingsILPostProcessor, zzzUnity.Burst.CodeGen.BurstILPostProcessor
running HybridCLR.AssemblyShadow.CodeGen.ReflectionBindingsILPostProcessor
running zzzUnity.Burst.CodeGen.BurstILPostProcessor
[964/917    0s] ILPostProcess Library/Bee/artifacts/200b0aE.dag/post-processed/Unity.Mathematics.Editor.dll (+pdb)
Processing assembly Library/Bee/artifacts/200b0aE.dag/Unity.Mathematics.Editor.dll, with 115 defines and 237 references
processors: HybridCLR.AssemblyShadow.CodeGen.ReflectionBindingsILPostProcessor, zzzUnity.Burst.CodeGen.BurstILPostProcessor
running HybridCLR.AssemblyShadow.CodeGen.ReflectionBindingsILPostProcessor
running zzzUnity.Burst.CodeGen.BurstILPostProcessor
[967/917    0s] ILPostProcess Library/Bee/artifacts/200b0aE.dag/post-processed/Unity.VisualScripting.State.Editor.dll (+pdb)
Processing assembly Library/Bee/artifacts/200b0aE.dag/Unity.VisualScripting.State.Editor.dll, with 115 defines and 241 references
processors: HybridCLR.AssemblyShadow.CodeGen.ReflectionBindingsILPostProcessor, zzzUnity.Burst.CodeGen.BurstILPostProcessor
running HybridCLR.AssemblyShadow.CodeGen.ReflectionBindingsILPostProcessor
running zzzUnity.Burst.CodeGen.BurstILPostProcessor
[970/917    0s] ILPostProcess Library/Bee/artifacts/200b0aE.dag/post-processed/Unity.2D.Common.Path.Editor.dll (+pdb)
Processing assembly Library/Bee/artifacts/200b0aE.dag/Unity.2D.Common.Path.Editor.dll, with 115 defines and 236 references
processors: HybridCLR.AssemblyShadow.CodeGen.ReflectionBindingsILPostProcessor, zzzUnity.Burst.CodeGen.BurstILPostProcessor
running HybridCLR.AssemblyShadow.CodeGen.ReflectionBindingsILPostProcessor
running zzzUnity.Burst.CodeGen.BurstILPostProcessor
[973/917    0s] ILPostProcess Library/Bee/artifacts/200b0aE.dag/post-processed/Unity.2D.Psdimporter.Editor.dll (+pdb)
Processing assembly Library/Bee/artifacts/200b0aE.dag/Unity.2D.Psdimporter.Editor.dll, with 115 defines and 245 references
processors: HybridCLR.AssemblyShadow.CodeGen.ReflectionBindingsILPostProcessor, zzzUnity.Burst.CodeGen.BurstILPostProcessor
running HybridCLR.AssemblyShadow.CodeGen.ReflectionBindingsILPostProcessor
running zzzUnity.Burst.CodeGen.BurstILPostProcessor
[976/917    0s] ILPostProcess Library/Bee/artifacts/200b0aE.dag/post-processed/Unity.Collections.DocCodeSamples.dll (+pdb)
Processing assembly Library/Bee/artifacts/200b0aE.dag/Unity.Collections.DocCodeSamples.dll, with 115 defines and 237 references
processors: HybridCLR.AssemblyShadow.CodeGen.ReflectionBindingsILPostProcessor, zzzUnity.Burst.CodeGen.BurstILPostProcessor
running HybridCLR.AssemblyShadow.CodeGen.ReflectionBindingsILPostProcessor
running zzzUnity.Burst.CodeGen.BurstILPostProcessor
[977/917    0s] ILPostProcess Library/Bee/artifacts/200b0aE.dag/post-processed/Unity.ShaderGraph.Utilities.dll (+pdb)
Processing assembly Library/Bee/artifacts/200b0aE.dag/Unity.ShaderGraph.Utilities.dll, with 115 defines and 236 references
processors: HybridCLR.AssemblyShadow.CodeGen.ReflectionBindingsILPostProcessor, zzzUnity.Burst.CodeGen.BurstILPostProcessor
running HybridCLR.AssemblyShadow.CodeGen.ReflectionBindingsILPostProcessor
running zzzUnity.Burst.CodeGen.BurstILPostProcessor
[978/917    0s] ILPostProcess Library/Bee/artifacts/200b0aE.dag/post-processed/Unity.Timeline.Editor.dll (+pdb)
Processing assembly Library/Bee/artifacts/200b0aE.dag/Unity.Timeline.Editor.dll, with 116 defines and 237 references
processors: HybridCLR.AssemblyShadow.CodeGen.ReflectionBindingsILPostProcessor, zzzUnity.Burst.CodeGen.BurstILPostProcessor
running HybridCLR.AssemblyShadow.CodeGen.ReflectionBindingsILPostProcessor
running zzzUnity.Burst.CodeGen.BurstILPostProcessor
[985/917    0s] ILPostProcess Library/Bee/artifacts/200b0aE.dag/post-processed/Unity.2D.Animation.Editor.dll (+pdb)
Processing assembly Library/Bee/artifacts/200b0aE.dag/Unity.2D.Animation.Editor.dll, with 115 defines and 245 references
processors: HybridCLR.AssemblyShadow.CodeGen.ReflectionBindingsILPostProcessor, zzzUnity.Burst.CodeGen.BurstILPostProcessor
running HybridCLR.AssemblyShadow.CodeGen.ReflectionBindingsILPostProcessor
running zzzUnity.Burst.CodeGen.BurstILPostProcessor
*** Tundra build success (5.51 seconds), 570 items updated, 917 evaluated
Assets/AssemblyShadowDemo/Bootstrap/ShadowBootstrap.cs(59,31): warning CS0618: 'RuntimeApi.GetAssemblyShadowPrototypeDiagnostics()' is obsolete: 'Assembly Shadow Prototype was retired; use GetDiagnosticsJson.'
Assets/AssemblyShadowDemo/Bootstrap/ShadowBootstrap.cs(92,61): warning CS0618: 'RuntimeApi.GetAssemblyShadowPrototypeDiagnostics()' is obsolete: 'Assembly Shadow Prototype was retired; use GetDiagnosticsJson.'
Assets/AssemblyShadowDemo/Bootstrap/ShadowBootstrap.cs(133,35): warning CS0618: 'RuntimeApi.LoadAssemblyShadowPrototype(byte[], byte[])' is obsolete: 'Assembly Shadow Prototype was retired; use ConfigureCandidates/BeginTransaction/StageAssembly.'
Assets/AssemblyShadowDemo/Bootstrap/ShadowBootstrap.cs(137,25): warning CS0618: 'RuntimeApi.ActivateAssemblyShadowPrototype(string)' is obsolete: 'Assembly Shadow Prototype was retired; use CommitTransaction.'
Assets/AssemblyShadowDemo/Bootstrap/ShadowBootstrap.cs(290,51): warning CS0618: 'RuntimeApi.SetAssemblyShadowPrototypePhase(string)' is obsolete: 'Assembly Shadow Prototype was retired; use generalized diagnostics.'
Assets/AssemblyShadowDemo/Bootstrap/ShadowBootstrap.cs(291,108): warning CS0618: 'RuntimeApi.InspectAssemblyShadowPrototypeObject(object)' is obsolete: 'Assembly Shadow Prototype was retired; use generalized diagnostics.'
Assets/AssemblyShadowDemo/Bootstrap/ShadowBootstrap.cs(292,114): warning CS0618: 'RuntimeApi.InspectAssemblyShadowPrototypeAssembly(Assembly)' is obsolete: 'Assembly Shadow Prototype was retired; use generalized diagnostics.'
Assets/AssemblyShadowDemo/Bootstrap/ShadowBootstrap.cs(133,35): warning CS0618: 'RuntimeApi.LoadAssemblyShadowPrototype(byte[], byte[])' is obsolete: 'Assembly Shadow Prototype was retired; use ConfigureCandidates/BeginTransaction/StageAssembly.'
Assets/AssemblyShadowDemo/Bootstrap/ShadowBootstrap.cs(137,25): warning CS0618: 'RuntimeApi.ActivateAssemblyShadowPrototype(string)' is obsolete: 'Assembly Shadow Prototype was retired; use CommitTransaction.'
Assets/AssemblyShadowDemo/Bootstrap/ShadowBootstrap.cs(290,51): warning CS0618: 'RuntimeApi.SetAssemblyShadowPrototypePhase(string)' is obsolete: 'Assembly Shadow Prototype was retired; use generalized diagnostics.'
Assets/AssemblyShadowDemo/Bootstrap/ShadowBootstrap.cs(291,108): warning CS0618: 'RuntimeApi.InspectAssemblyShadowPrototypeObject(object)' is obsolete: 'Assembly Shadow Prototype was retired; use generalized diagnostics.'
Assets/AssemblyShadowDemo/Bootstrap/ShadowBootstrap.cs(292,114): warning CS0618: 'RuntimeApi.InspectAssemblyShadowPrototypeAssembly(Assembly)' is obsolete: 'Assembly Shadow Prototype was retired; use generalized diagnostics.'
Assets/AssemblyShadowDemo/Bootstrap/ShadowBootstrap.cs(133,35): warning CS0618: 'RuntimeApi.LoadAssemblyShadowPrototype(byte[], byte[])' is obsolete: 'Assembly Shadow Prototype was retired; use ConfigureCandidates/BeginTransaction/StageAssembly.'
Assets/AssemblyShadowDemo/Bootstrap/ShadowBootstrap.cs(137,25): warning CS0618: 'RuntimeApi.ActivateAssemblyShadowPrototype(string)' is obsolete: 'Assembly Shadow Prototype was retired; use CommitTransaction.'
Assets/AssemblyShadowDemo/Bootstrap/ShadowBootstrap.cs(290,51): warning CS0618: 'RuntimeApi.SetAssemblyShadowPrototypePhase(string)' is obsolete: 'Assembly Shadow Prototype was retired; use generalized diagnostics.'
Assets/AssemblyShadowDemo/Bootstrap/ShadowBootstrap.cs(291,108): warning CS0618: 'RuntimeApi.InspectAssemblyShadowPrototypeObject(object)' is obsolete: 'Assembly Shadow Prototype was retired; use generalized diagnostics.'
Assets/AssemblyShadowDemo/Bootstrap/ShadowBootstrap.cs(292,114): warning CS0618: 'RuntimeApi.InspectAssemblyShadowPrototypeAssembly(Assembly)' is obsolete: 'Assembly Shadow Prototype was retired; use generalized diagnostics.'
AssetDatabase: script compilation time: 7.280766s
Total cache size 268234544
Total cache size after purge 268234544
Begin MonoManager ReloadAssembly
Symbol file LoadedFromMemory is not a mono symbol file
- Loaded All Assemblies, in  0.556 seconds
Refreshing native plugins compatible for Editor in 2.27 ms, found 7 plugins.
Preloading 0 native plugins for Editor in 0.00 ms.
Refreshing native plugins compatible for Editor in 2.46 ms, found 7 plugins.
Native extension for iOS target not found
Native extension for Android target not found
Native extension for OSXStandalone target not found
Fallback handler could not load library /Applications/Unity/Hub/Editor/2022.3.62f2/Unity.app/Contents/Frameworks/MonoBleedingEdge/lib/pthread
Mono: successfully reloaded assembly
- Finished resetting the current domain, in  1.494 seconds
Domain Reload Profiling: 2050ms
	BeginReloadAssembly (79ms)
		ExecutionOrderSort (0ms)
		DisableScriptedObjects (4ms)
		BackupInstance (0ms)
		ReleaseScriptingObjects (0ms)
		CreateAndSetChildDomain (17ms)
	RebuildCommonClasses (26ms)
	RebuildNativeTypeToScriptingClass (9ms)
	initialDomainReloadingComplete (18ms)
	LoadAllAssembliesAndSetupDomain (424ms)
		LoadAssemblies (252ms)
		RebuildTransferFunctionScriptingTraits (0ms)
		AnalyzeDomain (209ms)
			TypeCache.Refresh (179ms)
				TypeCache.ScanAssembly (162ms)
			ScanForSourceGeneratedMonoScriptInfo (20ms)
			ResolveRequiredComponents (9ms)
	FinalizeReload (1494ms)
		ReleaseScriptCaches (0ms)
		RebuildScriptCaches (0ms)
		SetupLoadedEditorAssemblies (1328ms)
			LogAssemblyErrors (0ms)
			InitializePlatformSupportModulesInManaged (18ms)
			SetLoadedEditorAssemblies (5ms)
			RefreshPlugins (0ms)
			BeforeProcessingInitializeOnLoad (61ms)
			ProcessInitializeOnLoadAttributes (1178ms)
			ProcessInitializeOnLoadMethodAttributes (64ms)
			AfterProcessingInitializeOnLoad (1ms)
			EditorAssembliesLoaded (0ms)
		ExecutionOrderSort2 (0ms)
		AwakeInstancesAfterBackupRestoration (3ms)
Asset Pipeline Refresh (id=ffd9d573155f44facbec81a3f70a7b71): Total: 11.469 seconds - Initiated by InitialRefreshV2(ForceSynchronousImport)
	Summary:
		Imports: total=0 (actual=0, local cache=0, cache server=0)
		Asset DB Process Time: managed=0 ms, native=2030 ms
		Asset DB Callback time: managed=10 ms, native=0 ms
		Scripting: domain reloads=1, domain reload time=2106 ms, compile time=7282 ms, other=39 ms
		Project Asset Count: scripts=7449, non-scripts=2328
		Asset File Changes: new=0, changed=0, moved=0, deleted=0
		Scan Filter Count: 1
	InvokeBeforeRefreshCallbacks: 0.323ms
	ApplyChangesToAssetFolders: 0.063ms
	Scan: 433.283ms
	OnSourceAssetsModified: 0.002ms
	GetAllGuidsForCategorization: 0.622ms
	CategorizeAssets: 181.633ms
	ImportOutOfDateAssets: 1530.237ms (-5772.569ms without children)
		CompileScripts: 7282.312ms
		ReloadNativeAssets: 0.019ms
		UnloadImportedAssets: 16.515ms
		EnsureUptoDateAssetsAreRegisteredWithGuidPM: 2.713ms
		InitializingProgressBar: 0.000ms
		OnDemandSchedulerStart: 1.247ms
	PostProcessAllAssets: 10.616ms
	GatherAllCurrentPrimaryArtifactRevisions: 0.002ms
	UnloadStreamsBegin: 1.537ms
	PersistCurrentRevisions: 0.370ms
	UnloadStreamsEnd: 0.024ms
	GenerateScriptTypeHashes: 1.196ms
	Untracked: 9310.709ms
Application.AssetDatabase Initial Refresh End
Launching external process: /Applications/Unity/Hub/Editor/2022.3.62f2/Unity.app/Contents/Tools/UnityShaderCompiler
Launched and connected shader compiler UnityShaderCompiler after 0.06 seconds
Scanning for USB devices : 0.427ms
Initializing Unity extensions:
[Licensing::Client] Successfully resolved entitlement details
[MODES] ModeService[none].Initialize
[MODES] ModeService[none].LoadModes
[MODES] Loading mode Default (0) for mode-current-id-AssemblyShadowBaseline
2026-09-05 15:56:24.941 Unity[72506:10895396] NSEventModifierFlagFunction specified to -setKeyEquivalentModifierMask: for item <NSMenuItem: 0x802639e00 Font Asset, ke='Command-F12'>, but is only supported for system-provided menu items; will not be used
[PhysX] Initialized MultithreadedTaskDispatcher with 10 workers.
ProgressiveSceneManager::Cancel()
-- Listing OpenCL platforms(s) --
 * OpenCL platform 0
	PROFILE = FULL_PROFILE
	VERSION = OpenCL 1.2 (Apr 18 2026 19:20:04)
	NAME = Apple
	VENDOR = Apple
-- Listing OpenCL device(s) --
 * OpenCL platform 0, device 0 
	DEVICE_TYPE = 4
	DEVICE_NAME = Apple M4
	DEVICE_VENDOR = Apple
	DEVICE_VERSION = OpenCL 1.2 
	DRIVER_VERSION = 1.2 1.0
	DEVICE_MAX_COMPUTE_UNITS = 10
	DEVICE_MAX_CLOCK_FREQUENCY = 1000
	CL_DEVICE_MAX_CONSTANT_BUFFER_SIZE = 1073741824
	CL_DEVICE_HOST_UNIFIED_MEMORY = true
	CL_DEVICE_MAX_MEM_ALLOC_SIZE = 2383708160
	DEVICE_GLOBAL_MEM_SIZE = 12713115648
-- GPU Progressive lightmapper will use OpenCL device 'Apple M4' from 'Apple'--
   use -OpenCL-PlatformAndDeviceIndices <platformIdx> <deviceIdx> as command line arguments if you want to select a specific adapter for OpenCL.
Unloading 7 Unused Serialized files (Serialized files now loaded: 0)
Unloading 115 unused Assets / (0.7 MB). Loaded Objects now: 6787.
Memory consumption went from 170.6 MB to 169.9 MB.
Total: 7.231500 ms (FindLiveObjects: 0.398958 ms CreateObjectMapping: 0.122250 ms MarkObjects: 6.224667 ms  DeleteObjects: 0.485125 ms)

Asset Pipeline Refresh (id=8caf3c4b3930d43ac8e7a807795a871b): Total: 0.240 seconds - Initiated by RefreshV2(NoUpdateAssetOptions)
Start importing ProjectSettings/ProjectSettings.asset using Guid(00000000000000004000000000000000) Importer(-1,00000000000000000000000000000000) [PhysX] Initialized MultithreadedTaskDispatcher with 10 workers.
 -> (artifact id: '0b4cdbcd060b643385bd10c37d6425b6') in 0.006285 seconds
Start importing ProjectSettings/EditorBuildSettings.asset using Guid(0000000000000000b000000000000000) Importer(-1,00000000000000000000000000000000) [PhysX] Initialized MultithreadedTaskDispatcher with 10 workers.
 -> (artifact id: '4a7fcefcf746526b14e12c09bd494184') in 0.000567 seconds
Refreshing native plugins compatible for Editor in 2.29 ms, found 7 plugins.
Preloading 0 native plugins for Editor in 0.00 ms.
Asset Pipeline Refresh (id=26f1fc8fcf33d48de8ad43c76ec8d686): Total: 0.081 seconds - Initiated by StopAssetImportingV2(NoUpdateAssetOptions)
[AssemblyShadow M00] Configured ordinary HybridCLR baseline, Shadow OFF.
UnityEngine.StackTraceUtility:ExtractStackTrace () (at /Users/bokken/build/output/unity/unity/Runtime/Export/Scripting/StackTrace.cs:37)
UnityEngine.DebugLogHandler:LogFormat (UnityEngine.LogType,UnityEngine.Object,string,object[])
UnityEngine.Logger:Log (UnityEngine.LogType,object)
UnityEngine.Debug:Log (object)
AssemblyShadowBaseline.Editor.BaselineBuild:Configure () (at Assets/AssemblyShadowBaseline/Editor/BaselineBuild.cs:60)
AssemblyShadowDemo.Editor.M02Build:Configure () (at Assets/AssemblyShadowDemo/Editor/M02Build.cs:21)
AssemblyShadowDemo.Editor.M06Build:ConfigureMode (bool) (at Assets/AssemblyShadowDemo/Editor/M06Build.cs:52)
AssemblyShadowDemo.Editor.M06Build:BuildFixtures () (at Assets/AssemblyShadowDemo/Editor/M06Build.cs:290)

(Filename: Assets/AssemblyShadowBaseline/Editor/BaselineBuild.cs Line: 60)

Start importing ProjectSettings/ProjectSettings.asset using Guid(00000000000000004000000000000000) Importer(-1,00000000000000000000000000000000) [PhysX] Initialized MultithreadedTaskDispatcher with 10 workers.
 -> (artifact id: 'bde3ce9eb26cd371a08c1b8ff63d2372') in 0.002123 seconds
Start importing ProjectSettings/EditorBuildSettings.asset using Guid(0000000000000000b000000000000000) Importer(-1,00000000000000000000000000000000) [PhysX] Initialized MultithreadedTaskDispatcher with 10 workers.
 -> (artifact id: '4c06573b8e781e2383f9b8fd67da89fa') in 0.000633 seconds
Refreshing native plugins compatible for Editor in 2.47 ms, found 7 plugins.
Preloading 0 native plugins for Editor in 0.00 ms.
Asset Pipeline Refresh (id=47a6f496426304e0ca999fe60dc15648): Total: 0.043 seconds - Initiated by StopAssetImportingV2(NoUpdateAssetOptions)
[AssemblyShadow M02] Configured independent candidates; ordinary hot-update filtering is unchanged.
UnityEngine.StackTraceUtility:ExtractStackTrace () (at /Users/bokken/build/output/unity/unity/Runtime/Export/Scripting/StackTrace.cs:37)
UnityEngine.DebugLogHandler:LogFormat (UnityEngine.LogType,UnityEngine.Object,string,object[])
UnityEngine.Logger:Log (UnityEngine.LogType,object)
UnityEngine.Debug:Log (object)
AssemblyShadowDemo.Editor.M02Build:Configure () (at Assets/AssemblyShadowDemo/Editor/M02Build.cs:48)
AssemblyShadowDemo.Editor.M06Build:ConfigureMode (bool) (at Assets/AssemblyShadowDemo/Editor/M06Build.cs:52)
AssemblyShadowDemo.Editor.M06Build:BuildFixtures () (at Assets/AssemblyShadowDemo/Editor/M06Build.cs:290)

(Filename: Assets/AssemblyShadowDemo/Editor/M02Build.cs Line: 48)

Opening scene 'Assets/AssemblyShadowDemo/Scenes/M06Bootstrap.unity'
[PhysX] Initialized MultithreadedTaskDispatcher with 10 workers.
Unloading 0 Unused Serialized files (Serialized files now loaded: 0)
Loaded scene 'Assets/AssemblyShadowDemo/Scenes/M06Bootstrap.unity'
	Deserialize:            0.679 ms
	Integration:            7.953 ms
	Integration of assets:  0.001 ms
	Thread Wait Time:       0.012 ms
	Total Operation Time:   8.646 ms
Unloading 37 unused Assets / (20.2 KB). Loaded Objects now: 6793.
Memory consumption went from 165.7 MB to 165.7 MB.
Total: 5.990625 ms (FindLiveObjects: 0.228917 ms CreateObjectMapping: 0.109875 ms MarkObjects: 5.590625 ms  DeleteObjects: 0.060791 ms)

Start importing ProjectSettings/ProjectSettings.asset using Guid(00000000000000004000000000000000) Importer(-1,00000000000000000000000000000000) [PhysX] Initialized MultithreadedTaskDispatcher with 10 workers.
 -> (artifact id: 'bde3ce9eb26cd371a08c1b8ff63d2372') in 0.001255 seconds
Start importing ProjectSettings/EditorBuildSettings.asset using Guid(0000000000000000b000000000000000) Importer(-1,00000000000000000000000000000000) [PhysX] Initialized MultithreadedTaskDispatcher with 10 workers.
 -> (artifact id: '6f076cee65d145acf542a335432baca2') in 0.000623 seconds
Refreshing native plugins compatible for Editor in 2.38 ms, found 7 plugins.
Preloading 0 native plugins for Editor in 0.00 ms.
Asset Pipeline Refresh (id=9497dafd4a0924003bb4ee5c0c30347f): Total: 0.046 seconds - Initiated by StopAssetImportingV2(NoUpdateAssetOptions)
Fallback handler could not load library /Applications/Unity/Hub/Editor/2022.3.62f2/Unity.app/Contents/Frameworks/MonoBleedingEdge/lib/kernel32
Fallback handler could not load library /Applications/Unity/Hub/Editor/2022.3.62f2/Unity.app/Contents/Frameworks/MonoBleedingEdge/lib/libkernel32.dylib
Fallback handler could not load library /Applications/Unity/Hub/Editor/2022.3.62f2/Unity.app/Contents/Frameworks/MonoBleedingEdge/lib/libkernel32.dylib
Fallback handler could not load library /Applications/Unity/Hub/Editor/2022.3.62f2/Unity.app/Contents/Frameworks/MonoBleedingEdge/lib/libkernel32.so
Fallback handler could not load library /Applications/Unity/Hub/Editor/2022.3.62f2/Unity.app/Contents/Frameworks/MonoBleedingEdge/lib/libkernel32.bundle
Fallback handler could not load library /Applications/Unity/Hub/Editor/2022.3.62f2/Unity.app/Contents/Frameworks/MonoBleedingEdge/lib/kernel32
Fallback handler could not load library /Applications/Unity/Hub/Editor/2022.3.62f2/Unity.app/Contents/Frameworks/MonoBleedingEdge/lib/libkernel32
Fallback handler could not load library /Applications/Unity/Hub/Editor/2022.3.62f2/Unity.app/Contents/Frameworks/MonoBleedingEdge/lib/libkernel32.dylib
Fallback handler could not load library /Applications/Unity/Hub/Editor/2022.3.62f2/Unity.app/Contents/Frameworks/MonoBleedingEdge/lib/libkernel32.dylib
Fallback handler could not load library /Applications/Unity/Hub/Editor/2022.3.62f2/Unity.app/Contents/Frameworks/MonoBleedingEdge/lib/libkernel32.so
Fallback handler could not load library /Applications/Unity/Hub/Editor/2022.3.62f2/Unity.app/Contents/Frameworks/MonoBleedingEdge/lib/libkernel32.bundle
Fallback handler could not load library /Applications/Unity/Hub/Editor/2022.3.62f2/Unity.app/Contents/Frameworks/MonoBleedingEdge/lib/libkernel32
Fallback handler could not load library /Applications/Unity/Hub/Editor/2022.3.62f2/Unity.app/Contents/Frameworks/MonoBleedingEdge/lib/kernel32
Fallback handler could not load library /Applications/Unity/Hub/Editor/2022.3.62f2/Unity.app/Contents/Frameworks/MonoBleedingEdge/lib/libkernel32.dylib
Fallback handler could not load library /Applications/Unity/Hub/Editor/2022.3.62f2/Unity.app/Contents/Frameworks/MonoBleedingEdge/lib/libkernel32.dylib
Fallback handler could not load library /Applications/Unity/Hub/Editor/2022.3.62f2/Unity.app/Contents/Frameworks/MonoBleedingEdge/lib/libkernel32.so
Fallback handler could not load library /Applications/Unity/Hub/Editor/2022.3.62f2/Unity.app/Contents/Frameworks/MonoBleedingEdge/lib/libkernel32.bundle
Fallback handler could not load library /Applications/Unity/Hub/Editor/2022.3.62f2/Unity.app/Contents/Frameworks/MonoBleedingEdge/lib/kernel32
Fallback handler could not load library /Applications/Unity/Hub/Editor/2022.3.62f2/Unity.app/Contents/Frameworks/MonoBleedingEdge/lib/libkernel32
Fallback handler could not load library /Applications/Unity/Hub/Editor/2022.3.62f2/Unity.app/Contents/Frameworks/MonoBleedingEdge/lib/libkernel32.dylib
Fallback handler could not load library /Applications/Unity/Hub/Editor/2022.3.62f2/Unity.app/Contents/Frameworks/MonoBleedingEdge/lib/libkernel32.dylib
Fallback handler could not load library /Applications/Unity/Hub/Editor/2022.3.62f2/Unity.app/Contents/Frameworks/MonoBleedingEdge/lib/libkernel32.so
Fallback handler could not load library /Applications/Unity/Hub/Editor/2022.3.62f2/Unity.app/Contents/Frameworks/MonoBleedingEdge/lib/libkernel32.bundle
Fallback handler could not load library /Applications/Unity/Hub/Editor/2022.3.62f2/Unity.app/Contents/Frameworks/MonoBleedingEdge/lib/libkernel32
[Licensing::Client] Successfully resolved entitlement details
[Licensing::Client] Successfully resolved entitlement details
[Licensing::Client] Successfully resolved entitlement details
[Licensing::Client] Successfully resolved entitlement details
[Licensing::Client] Successfully resolved entitlement details
[Licensing::Client] Successfully resolved entitlement details
[Licensing::Client] Successfully resolved entitlement details
[Licensing::Client] Successfully resolved entitlement details
[Licensing::Client] Successfully resolved entitlement details
[Licensing::Client] Successfully resolved entitlement details
[Licensing::Client] Successfully resolved entitlement details
[Licensing::Client] Successfully resolved entitlement details
[Licensing::Client] Successfully resolved entitlement details
[Licensing::Client] Successfully resolved entitlement details
[Licensing::Client] Successfully resolved entitlement details
[Licensing::Client] Successfully resolved entitlement details
[Licensing::Client] Successfully resolved entitlement details
[Licensing::Client] Successfully resolved entitlement details
[Licensing::Client] Successfully resolved entitlement details
[Licensing::Client] Successfully resolved entitlement details
[Licensing::Client] Successfully resolved entitlement details
[Licensing::Client] Successfully resolved entitlement details
[Licensing::Client] Successfully resolved entitlement details
[Licensing::Client] Successfully resolved entitlement details
[Licensing::Client] Successfully resolved entitlement details
[Licensing::Client] Successfully resolved entitlement details
[Licensing::Client] Successfully resolved entitlement details
[Licensing::Client] Successfully resolved entitlement details
[Licensing::Client] Successfully resolved entitlement details
[Licensing::Client] Successfully resolved entitlement details
[Licensing::Client] Successfully resolved entitlement details
[Licensing::Client] Successfully resolved entitlement details
[AssemblyShadow M06] Fixture warmup preflight begin: P01
UnityEngine.StackTraceUtility:ExtractStackTrace () (at /Users/bokken/build/output/unity/unity/Runtime/Export/Scripting/StackTrace.cs:37)
UnityEngine.DebugLogHandler:LogFormat (UnityEngine.LogType,UnityEngine.Object,string,object[])
UnityEngine.Logger:Log (UnityEngine.LogType,object)
UnityEngine.Debug:Log (object)
AssemblyShadowDemo.Editor.M06Build:PreflightFixtureWarmups (AssemblyShadowDemo.Editor.M06GenerationProof,HybridCLR.Editor.AssemblyShadow.ShadowPolicyConfiguration) (at Assets/AssemblyShadowDemo/Editor/M06Build.cs:344)
AssemblyShadowDemo.Editor.M06Build:BuildFixtures () (at Assets/AssemblyShadowDemo/Editor/M06Build.cs:301)

(Filename: Assets/AssemblyShadowDemo/Editor/M06Build.cs Line: 344)

[Licensing::Client] Successfully resolved entitlement details
[AssemblyShadow M06] Fixture warmup preflight passed: P01
UnityEngine.StackTraceUtility:ExtractStackTrace () (at /Users/bokken/build/output/unity/unity/Runtime/Export/Scripting/StackTrace.cs:37)
UnityEngine.DebugLogHandler:LogFormat (UnityEngine.LogType,UnityEngine.Object,string,object[])
UnityEngine.Logger:Log (UnityEngine.LogType,object)
UnityEngine.Debug:Log (object)
AssemblyShadowDemo.Editor.M06Build:PreflightFixtureWarmups (AssemblyShadowDemo.Editor.M06GenerationProof,HybridCLR.Editor.AssemblyShadow.ShadowPolicyConfiguration) (at Assets/AssemblyShadowDemo/Editor/M06Build.cs:349)
AssemblyShadowDemo.Editor.M06Build:BuildFixtures () (at Assets/AssemblyShadowDemo/Editor/M06Build.cs:301)

(Filename: Assets/AssemblyShadowDemo/Editor/M06Build.cs Line: 349)

[AssemblyShadow M06] Fixture warmup preflight begin: P02
UnityEngine.StackTraceUtility:ExtractStackTrace () (at /Users/bokken/build/output/unity/unity/Runtime/Export/Scripting/StackTrace.cs:37)
UnityEngine.DebugLogHandler:LogFormat (UnityEngine.LogType,UnityEngine.Object,string,object[])
UnityEngine.Logger:Log (UnityEngine.LogType,object)
UnityEngine.Debug:Log (object)
AssemblyShadowDemo.Editor.M06Build:PreflightFixtureWarmups (AssemblyShadowDemo.Editor.M06GenerationProof,HybridCLR.Editor.AssemblyShadow.ShadowPolicyConfiguration) (at Assets/AssemblyShadowDemo/Editor/M06Build.cs:344)
AssemblyShadowDemo.Editor.M06Build:BuildFixtures () (at Assets/AssemblyShadowDemo/Editor/M06Build.cs:301)

(Filename: Assets/AssemblyShadowDemo/Editor/M06Build.cs Line: 344)

[Licensing::Client] Successfully resolved entitlement details
[AssemblyShadow M06] Fixture warmup preflight passed: P02
UnityEngine.StackTraceUtility:ExtractStackTrace () (at /Users/bokken/build/output/unity/unity/Runtime/Export/Scripting/StackTrace.cs:37)
UnityEngine.DebugLogHandler:LogFormat (UnityEngine.LogType,UnityEngine.Object,string,object[])
UnityEngine.Logger:Log (UnityEngine.LogType,object)
UnityEngine.Debug:Log (object)
AssemblyShadowDemo.Editor.M06Build:PreflightFixtureWarmups (AssemblyShadowDemo.Editor.M06GenerationProof,HybridCLR.Editor.AssemblyShadow.ShadowPolicyConfiguration) (at Assets/AssemblyShadowDemo/Editor/M06Build.cs:349)
AssemblyShadowDemo.Editor.M06Build:BuildFixtures () (at Assets/AssemblyShadowDemo/Editor/M06Build.cs:301)

(Filename: Assets/AssemblyShadowDemo/Editor/M06Build.cs Line: 349)

[AssemblyShadow M06] Fixture warmup preflight begin: P03
UnityEngine.StackTraceUtility:ExtractStackTrace () (at /Users/bokken/build/output/unity/unity/Runtime/Export/Scripting/StackTrace.cs:37)
UnityEngine.DebugLogHandler:LogFormat (UnityEngine.LogType,UnityEngine.Object,string,object[])
UnityEngine.Logger:Log (UnityEngine.LogType,object)
UnityEngine.Debug:Log (object)
AssemblyShadowDemo.Editor.M06Build:PreflightFixtureWarmups (AssemblyShadowDemo.Editor.M06GenerationProof,HybridCLR.Editor.AssemblyShadow.ShadowPolicyConfiguration) (at Assets/AssemblyShadowDemo/Editor/M06Build.cs:344)
AssemblyShadowDemo.Editor.M06Build:BuildFixtures () (at Assets/AssemblyShadowDemo/Editor/M06Build.cs:301)

(Filename: Assets/AssemblyShadowDemo/Editor/M06Build.cs Line: 344)

[AssemblyShadow M06] Fixture warmup preflight passed: P03
UnityEngine.StackTraceUtility:ExtractStackTrace () (at /Users/bokken/build/output/unity/unity/Runtime/Export/Scripting/StackTrace.cs:37)
UnityEngine.DebugLogHandler:LogFormat (UnityEngine.LogType,UnityEngine.Object,string,object[])
UnityEngine.Logger:Log (UnityEngine.LogType,object)
UnityEngine.Debug:Log (object)
AssemblyShadowDemo.Editor.M06Build:PreflightFixtureWarmups (AssemblyShadowDemo.Editor.M06GenerationProof,HybridCLR.Editor.AssemblyShadow.ShadowPolicyConfiguration) (at Assets/AssemblyShadowDemo/Editor/M06Build.cs:349)
AssemblyShadowDemo.Editor.M06Build:BuildFixtures () (at Assets/AssemblyShadowDemo/Editor/M06Build.cs:301)

(Filename: Assets/AssemblyShadowDemo/Editor/M06Build.cs Line: 349)

[AssemblyShadow M06] Fixture warmup preflight begin: InitializerFailure
UnityEngine.StackTraceUtility:ExtractStackTrace () (at /Users/bokken/build/output/unity/unity/Runtime/Export/Scripting/StackTrace.cs:37)
UnityEngine.DebugLogHandler:LogFormat (UnityEngine.LogType,UnityEngine.Object,string,object[])
UnityEngine.Logger:Log (UnityEngine.LogType,object)
UnityEngine.Debug:Log (object)
AssemblyShadowDemo.Editor.M06Build:PreflightFixtureWarmups (AssemblyShadowDemo.Editor.M06GenerationProof,HybridCLR.Editor.AssemblyShadow.ShadowPolicyConfiguration) (at Assets/AssemblyShadowDemo/Editor/M06Build.cs:344)
AssemblyShadowDemo.Editor.M06Build:BuildFixtures () (at Assets/AssemblyShadowDemo/Editor/M06Build.cs:301)

(Filename: Assets/AssemblyShadowDemo/Editor/M06Build.cs Line: 344)

[Licensing::Client] Successfully resolved entitlement details
[AssemblyShadow M06] Fixture warmup preflight passed: InitializerFailure
UnityEngine.StackTraceUtility:ExtractStackTrace () (at /Users/bokken/build/output/unity/unity/Runtime/Export/Scripting/StackTrace.cs:37)
UnityEngine.DebugLogHandler:LogFormat (UnityEngine.LogType,UnityEngine.Object,string,object[])
UnityEngine.Logger:Log (UnityEngine.LogType,object)
UnityEngine.Debug:Log (object)
AssemblyShadowDemo.Editor.M06Build:PreflightFixtureWarmups (AssemblyShadowDemo.Editor.M06GenerationProof,HybridCLR.Editor.AssemblyShadow.ShadowPolicyConfiguration) (at Assets/AssemblyShadowDemo/Editor/M06Build.cs:349)
AssemblyShadowDemo.Editor.M06Build:BuildFixtures () (at Assets/AssemblyShadowDemo/Editor/M06Build.cs:301)

(Filename: Assets/AssemblyShadowDemo/Editor/M06Build.cs Line: 349)

[Licensing::Client] Successfully resolved entitlement details
[Licensing::Client] Successfully resolved entitlement details
[Licensing::Client] Successfully resolved entitlement details
[Licensing::Client] Successfully resolved entitlement details
[Licensing::Client] Successfully resolved entitlement details
[Licensing::Client] Successfully resolved entitlement details
[Licensing::Client] Successfully resolved entitlement details
[Licensing::Client] Successfully resolved entitlement details
[Licensing::Client] Successfully resolved entitlement details
[Licensing::Client] Successfully resolved entitlement details
[Licensing::Client] Successfully resolved entitlement details
[Licensing::Client] Successfully resolved entitlement details
[Licensing::Client] Successfully resolved entitlement details
[Licensing::Client] Successfully resolved entitlement details
[Licensing::Client] Successfully resolved entitlement details
[Licensing::Client] Successfully resolved entitlement details
[Licensing::Client] Successfully resolved entitlement details
[Licensing::Client] Successfully resolved entitlement details
[Licensing::Client] Successfully resolved entitlement details
[Licensing::Client] Successfully resolved entitlement details
[Licensing::Client] Successfully resolved entitlement details
[Licensing::Client] Successfully resolved entitlement details
[Licensing::Client] Successfully resolved entitlement details
[Licensing::Client] Successfully resolved entitlement details
[Licensing::Client] Successfully resolved entitlement details
[Licensing::Client] Successfully resolved entitlement details
[Licensing::Client] Successfully resolved entitlement details
[Licensing::Client] Successfully resolved entitlement details
[Licensing::Client] Successfully resolved entitlement details
[Licensing::Client] Successfully resolved entitlement details
[Licensing::Client] Successfully resolved entitlement details
[Licensing::Client] Successfully resolved entitlement details
[Licensing::Client] Successfully resolved entitlement details
[Licensing::Client] Successfully resolved entitlement details
[Licensing::Client] Successfully resolved entitlement details
[Licensing::Client] Successfully resolved entitlement details
[Licensing::Client] Successfully resolved entitlement details
[Licensing::Client] Successfully resolved entitlement details
[Licensing::Client] Successfully resolved entitlement details
[Licensing::Client] Successfully resolved entitlement details
[Licensing::Client] Successfully resolved entitlement details
[Licensing::Client] Successfully resolved entitlement details
[Licensing::Client] Successfully resolved entitlement details
[Licensing::Client] Successfully resolved entitlement details
[Licensing::Client] Successfully resolved entitlement details
[Licensing::Client] Successfully resolved entitlement details
[Licensing::Client] Successfully resolved entitlement details
[Licensing::Client] Successfully resolved entitlement details
[Licensing::Client] Successfully resolved entitlement details
[Licensing::Client] Successfully resolved entitlement details
[Licensing::Client] Successfully resolved entitlement details
[Licensing::Client] Successfully resolved entitlement details
[Licensing::Client] Successfully resolved entitlement details
[Licensing::Client] Successfully resolved entitlement details
[Licensing::Client] Successfully resolved entitlement details
[Licensing::Client] Successfully resolved entitlement details
[Licensing::Client] Successfully resolved entitlement details
[Licensing::Client] Successfully resolved entitlement details
[Licensing::Client] Successfully resolved entitlement details
[Licensing::Client] Successfully resolved entitlement details
[Licensing::Client] Successfully resolved entitlement details
[Licensing::Client] Successfully resolved entitlement details
[Licensing::Client] Successfully resolved entitlement details
[Licensing::Client] Successfully resolved entitlement details
[Licensing::Client] Successfully resolved entitlement details
[Licensing::Client] Successfully resolved entitlement details
[Licensing::Client] Successfully resolved entitlement details
[Licensing::Client] Successfully resolved entitlement details
[Licensing::Client] Successfully resolved entitlement details
[Licensing::Client] Successfully resolved entitlement details
[Licensing::Client] Successfully resolved entitlement details
[Licensing::Client] Successfully resolved entitlement details
[Licensing::Client] Successfully resolved entitlement details
[Licensing::Client] Successfully resolved entitlement details
[Licensing::Client] Successfully resolved entitlement details
[Licensing::Client] Successfully resolved entitlement details
[Licensing::Client] Successfully resolved entitlement details
[Licensing::Client] Successfully resolved entitlement details
[Licensing::Client] Successfully resolved entitlement details
[Licensing::Client] Successfully resolved entitlement details
[Licensing::Client] Successfully resolved entitlement details
[Licensing::Client] Successfully resolved entitlement details
[Licensing::Client] Successfully resolved entitlement details
[Licensing::Client] Successfully resolved entitlement details
[Licensing::Client] Successfully resolved entitlement details
[Licensing::Client] Successfully resolved entitlement details
[Licensing::Client] Successfully resolved entitlement details
[Licensing::Client] Successfully resolved entitlement details
[Licensing::Client] Successfully resolved entitlement details
[Licensing::Client] Successfully resolved entitlement details
[Licensing::Client] Successfully resolved entitlement details
[Licensing::Client] Successfully resolved entitlement details
[Licensing::Client] Successfully resolved entitlement details
[Licensing::Client] Successfully resolved entitlement details
[Licensing::Client] Successfully resolved entitlement details
[Licensing::Client] Successfully resolved entitlement details
[Licensing::Client] Successfully resolved entitlement details
[Licensing::Client] Successfully resolved entitlement details
[Licensing::Client] Successfully resolved entitlement details
[Licensing::Client] Successfully resolved entitlement details
[Licensing::Client] Successfully resolved entitlement details
[Licensing::Client] Successfully resolved entitlement details
[Licensing::Client] Successfully resolved entitlement details
[Licensing::Client] Successfully resolved entitlement details
[Licensing::Client] Successfully resolved entitlement details
[Licensing::Client] Successfully resolved entitlement details
[Licensing::Client] Successfully resolved entitlement details
[Licensing::Client] Successfully resolved entitlement details
[Licensing::Client] Successfully resolved entitlement details
[Licensing::Client] Successfully resolved entitlement details
[Licensing::Client] Successfully resolved entitlement details
[Licensing::Client] Successfully resolved entitlement details
[Licensing::Client] Successfully resolved entitlement details
[Licensing::Client] Successfully resolved entitlement details
[Licensing::Client] Successfully resolved entitlement details
[Licensing::Client] Successfully resolved entitlement details
[Licensing::Client] Successfully resolved entitlement details
[Licensing::Client] Successfully resolved entitlement details
[Licensing::Client] Successfully resolved entitlement details
[Licensing::Client] Successfully resolved entitlement details
[Licensing::Client] Successfully resolved entitlement details
[Licensing::Client] Successfully resolved entitlement details
[Licensing::Client] Successfully resolved entitlement details
[Licensing::Client] Successfully resolved entitlement details
[Licensing::Client] Successfully resolved entitlement details
[Licensing::Client] Successfully resolved entitlement details
[Licensing::Client] Successfully resolved entitlement details
[Licensing::Client] Successfully resolved entitlement details
[Licensing::Client] Successfully resolved entitlement details
[Licensing::Client] Successfully resolved entitlement details
[Licensing::Client] Successfully resolved entitlement details
[Licensing::Client] Successfully resolved entitlement details
[Licensing::Client] Successfully resolved entitlement details
[Licensing::Client] Successfully resolved entitlement details
[Licensing::Client] Successfully resolved entitlement details
[Licensing::Client] Successfully resolved entitlement details
[Licensing::Client] Successfully resolved entitlement details
[Licensing::Client] Successfully resolved entitlement details
[Licensing::Client] Successfully resolved entitlement details
[Licensing::Client] Successfully resolved entitlement details
[Licensing::Client] Successfully resolved entitlement details
[Licensing::Client] Successfully resolved entitlement details
[Licensing::Client] Successfully resolved entitlement details
[Licensing::Client] Successfully resolved entitlement details
[Licensing::Client] Successfully resolved entitlement details
[Licensing::Client] Successfully resolved entitlement details
[Licensing::Client] Successfully resolved entitlement details
[Licensing::Client] Successfully resolved entitlement details
[Licensing::Client] Successfully resolved entitlement details
[Licensing::Client] Successfully resolved entitlement details
[Licensing::Client] Successfully resolved entitlement details
[Licensing::Client] Successfully resolved entitlement details
[Licensing::Client] Successfully resolved entitlement details
[Licensing::Client] Successfully resolved entitlement details
[Licensing::Client] Successfully resolved entitlement details
[Licensing::Client] Successfully resolved entitlement details
[Licensing::Client] Successfully resolved entitlement details
[Licensing::Client] Successfully resolved entitlement details
[Licensing::Client] Successfully resolved entitlement details
[Licensing::Client] Successfully resolved entitlement details
[Licensing::Client] Successfully resolved entitlement details
[Licensing::Client] Successfully resolved entitlement details
[Licensing::Client] Successfully resolved entitlement details
[Licensing::Client] Successfully resolved entitlement details
[Licensing::Client] Successfully resolved entitlement details
[Licensing::Client] Successfully resolved entitlement details
[Licensing::Client] Successfully resolved entitlement details
[Licensing::Client] Successfully resolved entitlement details
[Licensing::Client] Successfully resolved entitlement details
[Licensing::Client] Successfully resolved entitlement details
[Licensing::Client] Successfully resolved entitlement details
[Licensing::Client] Successfully resolved entitlement details
[Licensing::Client] Successfully resolved entitlement details
[Licensing::Client] Successfully resolved entitlement details
[Licensing::Client] Successfully resolved entitlement details
[Licensing::Client] Successfully resolved entitlement details
[Licensing::Client] Successfully resolved entitlement details
[Licensing::Client] Successfully resolved entitlement details
[Licensing::Client] Successfully resolved entitlement details
[Licensing::Client] Successfully resolved entitlement details
[Licensing::Client] Successfully resolved entitlement details
[Licensing::Client] Successfully resolved entitlement details
[Licensing::Client] Successfully resolved entitlement details
[Licensing::Client] Successfully resolved entitlement details
[Licensing::Client] Successfully resolved entitlement details
[Licensing::Client] Successfully resolved entitlement details
[Licensing::Client] Successfully resolved entitlement details
[Licensing::Client] Successfully resolved entitlement details
[Licensing::Client] Successfully resolved entitlement details
[Licensing::Client] Successfully resolved entitlement details
[Licensing::Client] Successfully resolved entitlement details
[Licensing::Client] Successfully resolved entitlement details
[Licensing::Client] Successfully resolved entitlement details
[Licensing::Client] Successfully resolved entitlement details
[Licensing::Client] Successfully resolved entitlement details
[Licensing::Client] Successfully resolved entitlement details
[Licensing::Client] Successfully resolved entitlement details
[Licensing::Client] Successfully resolved entitlement details
[Licensing::Client] Successfully resolved entitlement details
[Licensing::Client] Successfully resolved entitlement details
[Licensing::Client] Successfully resolved entitlement details
[Licensing::Client] Successfully resolved entitlement details
[Licensing::Client] Successfully resolved entitlement details
[Licensing::Client] Successfully resolved entitlement details
[Licensing::Client] Successfully resolved entitlement details
[Licensing::Client] Successfully resolved entitlement details
[Licensing::Client] Successfully resolved entitlement details
[Licensing::Client] Successfully resolved entitlement details
[Licensing::Client] Successfully resolved entitlement details
[Licensing::Client] Successfully resolved entitlement details
[Licensing::Client] Successfully resolved entitlement details
[Licensing::Client] Successfully resolved entitlement details
[Licensing::Client] Successfully resolved entitlement details
[Licensing::Client] Successfully resolved entitlement details
[Licensing::Client] Successfully resolved entitlement details
[Licensing::Client] Successfully resolved entitlement details
[Licensing::Client] Successfully resolved entitlement details
[Licensing::Client] Successfully resolved entitlement details
[Licensing::Client] Successfully resolved entitlement details
[Licensing::Client] Successfully resolved entitlement details
[Licensing::Client] Successfully resolved entitlement details
[Licensing::Client] Successfully resolved entitlement details
[Licensing::Client] Successfully resolved entitlement details
[Licensing::Client] Successfully resolved entitlement details
[Licensing::Client] Successfully resolved entitlement details
[Licensing::Client] Successfully resolved entitlement details
[Licensing::Client] Successfully resolved entitlement details
[Licensing::Client] Successfully resolved entitlement details
[Licensing::Client] Successfully resolved entitlement details
[Licensing::Client] Successfully resolved entitlement details
[Licensing::Client] Successfully resolved entitlement details
[Licensing::Client] Successfully resolved entitlement details
[Licensing::Client] Successfully resolved entitlement details
[Licensing::Client] Successfully resolved entitlement details
[Licensing::Client] Successfully resolved entitlement details
[Licensing::Client] Successfully resolved entitlement details
[Licensing::Client] Successfully resolved entitlement details
[Licensing::Client] Successfully resolved entitlement details
[Licensing::Client] Successfully resolved entitlement details
[Licensing::Client] Successfully resolved entitlement details
[Licensing::Client] Successfully resolved entitlement details
[Licensing::Client] Successfully resolved entitlement details
[Licensing::Client] Successfully resolved entitlement details
[Licensing::Client] Successfully resolved entitlement details
[Licensing::Client] Successfully resolved entitlement details
[Licensing::Client] Successfully resolved entitlement details
[Licensing::Client] Successfully resolved entitlement details
[Licensing::Client] Successfully resolved entitlement details
[Licensing::Client] Successfully resolved entitlement details
[Licensing::Client] Successfully resolved entitlement details
[Licensing::Client] Successfully resolved entitlement details
[Licensing::Client] Successfully resolved entitlement details
[Licensing::Client] Successfully resolved entitlement details
[Licensing::Client] Successfully resolved entitlement details
[Licensing::Client] Successfully resolved entitlement details
[Licensing::Client] Successfully resolved entitlement details
[Licensing::Client] Successfully resolved entitlement details
[Licensing::Client] Successfully resolved entitlement details
[Licensing::Client] Successfully resolved entitlement details
[Licensing::Client] Successfully resolved entitlement details
[Licensing::Client] Successfully resolved entitlement details
[Licensing::Client] Successfully resolved entitlement details
[Licensing::Client] Successfully resolved entitlement details
[Licensing::Client] Successfully resolved entitlement details
[Licensing::Client] Successfully resolved entitlement details
[Licensing::Client] Successfully resolved entitlement details
[Licensing::Client] Successfully resolved entitlement details
[Licensing::Client] Successfully resolved entitlement details
[Licensing::Client] Successfully resolved entitlement details
[Licensing::Client] Successfully resolved entitlement details
[Licensing::Client] Successfully resolved entitlement details
[Licensing::Client] Successfully resolved entitlement details
[AssemblyShadow M06] Fixtures: /Users/ah/GitHub/hybridclr/hybridclr_demo_shadow/_temp/AssemblyShadow/M06Fixtures-d2d7a7fee8464070a71b94ee1c6ae362/m06-fixtures.json; replay: /Users/ah/GitHub/hybridclr/hybridclr_demo_shadow/_temp/AssemblyShadow/M06Fixtures-d2d7a7fee8464070a71b94ee1c6ae362/m06-editor-replay.json
UnityEngine.StackTraceUtility:ExtractStackTrace () (at /Users/bokken/build/output/unity/unity/Runtime/Export/Scripting/StackTrace.cs:37)
UnityEngine.DebugLogHandler:LogFormat (UnityEngine.LogType,UnityEngine.Object,string,object[])
UnityEngine.Logger:Log (UnityEngine.LogType,object)
UnityEngine.Debug:Log (object)
AssemblyShadowDemo.Editor.M06Build:BuildFixtures () (at Assets/AssemblyShadowDemo/Editor/M06Build.cs:321)

(Filename: Assets/AssemblyShadowDemo/Editor/M06Build.cs Line: 321)

Batchmode quit successfully invoked - shutting down!
Killing ADB server in 0.553502 seconds.
Thread 0x174d3b000 may have been prematurely finalized
[PhysX] Initialized MultithreadedTaskDispatcher with 10 workers.
Input System module state changed to: ShutdownInProgress.
Input System polling thread exited.
Input System module state changed to: Shutdown.
[Licensing::IpcConnector] LicenseClient-ah-notifications channel disconnected successfully.
[Licensing::IpcConnector] LicenseClient-ah channel disconnected successfully.
Thread 0x17091b000 may have been prematurely finalized
Cleanup mono
[40m[32minfo[39m[22m[49m: Microsoft.Hosting.Lifetime[0]
      Application is shutting down...
22:01:08.356 |V| RiderPlugin                    | :1                             | AppDomain.CurrentDomain.DomainUnload lifetimeDefinition.Terminate
[40m[32minfo[39m[22m[49m: Unity.ILPP.Runner.PostProcessingAssemblyLoadContext[0]
      ALC ILPP context 1 is unloading
debugger-agent: Unable to listen on 48
[usbmuxd] Stop listen thread
[usbmuxd] Error: 
[usbmuxd] Listen thread exiting
[Performance] Application.InitializeProject                                                                                        :        1 samples, Peak.  13.8 s (1.0x), Avg.  13.8 s, Total. 13.85 s (0.1%)
[Performance] Application.PackageManager.StartServer                                                                               :        1 samples, Peak.  4.49 ms (1.0x), Avg.  4.49 ms, Total. 4.491 ms (0.0%)
[Performance] Application.AcquireProjectLock                                                                                       :        1 samples, Peak.  7.32 ms (1.0x), Avg.  7.32 ms, Total. 7.316 ms (0.0%)
[Performance] Application.InitializeEngineNoGraphics                                                                               :        1 samples, Peak.  48.7 ms (1.0x), Avg.  48.7 ms, Total. 48.67 ms (0.0%)
[Performance] Application.PackageManager.Initialize                                                                                :        1 samples, Peak.   600 ms (1.0x), Avg.   600 ms, Total. 600.1 ms (0.0%)
[Performance] Connecting to Package Manager                                                                                        :       61 samples, Peak.  30.6 us (51.7x), Avg.   592 ns, Total. 36.12 us (0.0%)
[Performance] Application.EngineGraphics.Initialize                                                                                :        1 samples, Peak.  87.0 ms (1.0x), Avg.  87.0 ms, Total. 87.04 ms (0.0%)
[Performance] Application.GI.Initialize                                                                                            :        1 samples, Peak.   606 us (1.0x), Avg.   606 us, Total. 605.5 us (0.0%)
[Performance] Application.LoadAllDefaultResourcesFromEditor                                                                        :        1 samples, Peak.  1.72 ms (1.0x), Avg.  1.72 ms, Total. 1.717 ms (0.0%)
[Performance] Application.LoadMonoAssemblies                                                                                       :        1 samples, Peak.   805 ms (1.0x), Avg.   805 ms, Total. 805.5 ms (0.0%)
[Performance] RestoreManagedReferences                                                                                             :        2 samples, Peak.  76.2 ms (2.0x), Avg.  38.1 ms, Total. 76.19 ms (0.0%)
[Performance] InitializeOnLoad DrivenRectTransformUndo                                                                             :        2 samples, Peak.   354 us (1.1x), Avg.   327 us, Total. 653.3 us (0.0%)
[Performance] InitializeOnLoad SceneSearch                                                                                         :        2 samples, Peak.  88.9 us (1.1x), Avg.  79.4 us, Total. 158.8 us (0.0%)
[Performance] InitializeOnLoad CloudBuild                                                                                          :        2 samples, Peak.  3.75 us (1.4x), Avg.  2.77 us, Total. 5.542 us (0.0%)
[Performance] InitializeOnLoad NativeFormatImporterUtility                                                                         :        2 samples, Peak.  1.62 ms (1.2x), Avg.  1.39 ms, Total. 2.787 ms (0.0%)
[Performance] InitializeOnLoad SearchService                                                                                       :        2 samples, Peak.  82.3 us (1.0x), Avg.  81.2 us, Total. 162.4 us (0.0%)
[Performance] InitializeOnLoad SettingsService                                                                                     :        2 samples, Peak.  16.0 us (1.4x), Avg.  11.1 us, Total. 22.17 us (0.0%)
[Performance] InitializeOnLoad WindowLayout                                                                                        :        2 samples, Peak.   166 us (1.0x), Avg.   166 us, Total. 331.0 us (0.0%)
[Performance] InitializeOnLoad AssetStoreContext                                                                                   :        2 samples, Peak.  16.0 ms (1.7x), Avg.  9.23 ms, Total. 18.46 ms (0.0%)
[Performance] InitializeOnLoad PoolManager                                                                                         :        2 samples, Peak.   464 us (1.0x), Avg.   445 us, Total. 890.6 us (0.0%)
[Performance] InitializeOnLoad MixerEffectDefinitionReloader                                                                       :        2 samples, Peak.  2.45 ms (1.3x), Avg.  1.82 ms, Total. 3.642 ms (0.0%)
[Performance] InitializeOnLoad ProjectSearch                                                                                       :        2 samples, Peak.  78.2 us (1.3x), Avg.  59.6 us, Total. 119.2 us (0.0%)
[Performance] InitializeOnLoad UISystemProfilerRenderService                                                                       :        2 samples, Peak.  7.71 us (1.1x), Avg.  7.31 us, Total. 14.62 us (0.0%)
[Performance] InitializeOnLoad EditMode                                                                                            :        2 samples, Peak.   313 us (1.2x), Avg.   269 us, Total. 538.3 us (0.0%)
[Performance] InitializeOnLoad UnityConnect                                                                                        :        2 samples, Peak.  42.8 us (1.2x), Avg.  35.6 us, Total. 71.25 us (0.0%)
[Performance] InitializeOnLoad ManagedDebugger                                                                                     :        2 samples, Peak.   426 us (1.7x), Avg.   250 us, Total. 500.8 us (0.0%)
[Performance] InitializeOnLoad ShortcutIntegration                                                                                 :        2 samples, Peak.  50.7 us (1.2x), Avg.  42.9 us, Total. 85.75 us (0.0%)
[Performance] InitializeOnLoad AddComponentWindow                                                                                  :        2 samples, Peak.  80.7 us (1.0x), Avg.  77.3 us, Total. 154.6 us (0.0%)
[Performance] InitializeOnLoad ManagedDebuggerWindow                                                                               :        2 samples, Peak.  84.5 us (1.1x), Avg.  80.0 us, Total. 159.9 us (0.0%)
[Performance] InitializeOnLoad CacheServerWindow                                                                                   :        2 samples, Peak.  8.50 us (1.1x), Avg.  7.71 us, Total. 15.42 us (0.0%)
[Performance] InitializeOnLoad PlayModeDownload                                                                                    :        2 samples, Peak.  3.61 ms (2.0x), Avg.  1.85 ms, Total. 3.695 ms (0.0%)
[Performance] InitializeOnLoad MenuItems                                                                                           :        2 samples, Peak.  74.5 us (1.1x), Avg.  66.0 us, Total. 132.1 us (0.0%)
[Performance] InitializeOnLoad PrefabInstanceChangedListener                                                                       :        2 samples, Peak.   104 us (1.1x), Avg.  94.7 us, Total. 189.4 us (0.0%)
[Performance] InitializeOnLoad ObjectSelectorSearch                                                                                :        2 samples, Peak.  61.4 us (1.5x), Avg.  42.2 us, Total. 84.46 us (0.0%)
[Performance] InitializeOnLoad EditorMonitor                                                                                       :        2 samples, Peak.   572 us (1.2x), Avg.   465 us, Total. 930.2 us (0.0%)
[Performance] InitializeOnLoad RetainedMode                                                                                        :        2 samples, Peak.  1.66 ms (1.0x), Avg.  1.61 ms, Total. 3.221 ms (0.0%)
[Performance] InitializeOnLoad EditorShaderLoader                                                                                  :        2 samples, Peak.   517 us (1.2x), Avg.   438 us, Total. 875.0 us (0.0%)
[Performance] InitializeOnLoad EditorDelegateRegistration                                                                          :        2 samples, Peak.   406 us (1.1x), Avg.   379 us, Total. 758.3 us (0.0%)
[Performance] InitializeOnLoad UIDocumentHierarchyWatcher                                                                          :        2 samples, Peak.  48.6 us (1.1x), Avg.  46.1 us, Total. 92.21 us (0.0%)
[Performance] InitializeOnLoad LiveReloadTrackerCreator                                                                            :        2 samples, Peak.   145 us (1.1x), Avg.   129 us, Total. 257.4 us (0.0%)
[Performance] InitializeOnLoad UxmlObjectEditorFactories                                                                           :        2 samples, Peak.   386 us (1.1x), Avg.   351 us, Total. 701.4 us (0.0%)
[Performance] InitializeOnLoad UXMLEditorFactories                                                                                 :        2 samples, Peak.  43.2 ms (1.1x), Avg.  40.0 ms, Total. 80.04 ms (0.0%)
[Performance] InitializeOnLoad PurchasingService                                                                                   :        2 samples, Peak.  5.33 ms (1.1x), Avg.  5.05 ms, Total. 10.10 ms (0.0%)
[Performance] InitializeOnLoad CloudBuildPoller                                                                                    :        2 samples, Peak.  74.0 us (1.1x), Avg.  69.4 us, Total. 138.8 us (0.0%)
[Performance] InitializeOnLoad EditorGameServicesAnalytics                                                                         :        2 samples, Peak.  1.15 ms (1.6x), Avg.   712 us, Total. 1.425 ms (0.0%)
[Performance] InitializeOnLoad AnalyticsService                                                                                    :        2 samples, Peak.   127 us (1.0x), Avg.   124 us, Total. 248.3 us (0.0%)
[Performance] InitializeOnLoad BuildService                                                                                        :        2 samples, Peak.   109 us (1.0x), Avg.   109 us, Total. 217.0 us (0.0%)
[Performance] InitializeOnLoad AdsService                                                                                          :        2 samples, Peak.   260 us (1.0x), Avg.   259 us, Total. 517.6 us (0.0%)
[Performance] InitializeOnLoad UDPService                                                                                          :        2 samples, Peak.   108 us (1.0x), Avg.   105 us, Total. 209.7 us (0.0%)
[Performance] InitializeOnLoad CrashService                                                                                        :        2 samples, Peak.   104 us (1.0x), Avg.   104 us, Total. 208.1 us (0.0%)
[Performance] InitializeOnLoad ServicesRepository                                                                                  :        2 samples, Peak.   292 ns (1.2x), Avg.   250 ns, Total. 500.0 ns (0.0%)
[Performance] InitializeOnLoad SearchWindow                                                                                        :        2 samples, Peak.  99.6 us (1.1x), Avg.  87.5 us, Total. 175.0 us (0.0%)
[Performance] InitializeOnLoad CustomIndexers                                                                                      :        2 samples, Peak.  11.2 ms (1.1x), Avg.  9.93 ms, Total. 19.86 ms (0.0%)
[Performance] InitializeOnLoad SearchMonitor                                                                                       :        2 samples, Peak.   708 us (1.1x), Avg.   635 us, Total. 1.270 ms (0.0%)
[Performance] InitializeOnLoad ParameterControllerEditor                                                                           :        2 samples, Peak.  17.2 us (1.0x), Avg.  16.6 us, Total. 33.21 us (0.0%)
[Performance] InitializeOnLoad LayerSettingsWindow                                                                                 :        2 samples, Peak.  19.7 us (1.6x), Avg.  12.2 us, Total. 24.37 us (0.0%)
[Performance] InitializeOnLoad PackageManagerHookGUIDConverter.RegisterPackagesEventHandler                                        :        2 samples, Peak.   562 us (1.7x), Avg.   330 us, Total. 659.9 us (0.0%)
[Performance] InitializeOnLoad EditorDragAndDrop.RegisterEditorClient                                                              :        2 samples, Peak.   219 us (1.3x), Avg.   174 us, Total. 348.7 us (0.0%)
[Performance] InitializeOnLoad EditorEventCallbacks.InitializeFontAssetResourceChangeCallBacks                                     :        2 samples, Peak.   868 us (1.0x), Avg.   839 us, Total. 1.677 ms (0.0%)
[Performance] InitializeOnLoad SceneTemplateService.Init                                                                           :        2 samples, Peak.  1.14 ms (1.2x), Avg.   989 us, Total. 1.978 ms (0.0%)
[Performance] InitializeOnLoad DiagnosticSwitchesConsoleMessage.Init                                                               :        2 samples, Peak.  2.33 ms (1.8x), Avg.  1.31 ms, Total. 2.621 ms (0.0%)
[Performance] InitializeOnLoad PackageManagerWindow.EditorInitializedInSafeMode                                                    :        2 samples, Peak.  19.3 ms (2.0x), Avg.  9.71 ms, Total. 19.41 ms (0.0%)
[Performance] InitializeOnLoad ToolShortcutContext.Init                                                                            :        2 samples, Peak.  95.2 us (1.1x), Avg.  89.3 us, Total. 178.5 us (0.0%)
[Performance] InitializeOnLoad MemoryProfilerCompilationGuard.InjectCompileGuard                                                   :        2 samples, Peak.   116 us (1.5x), Avg.  77.6 us, Total. 155.1 us (0.0%)
[Performance] InitializeOnLoad AssetPostprocessingInternal.RefreshCustomDependencies                                               :        2 samples, Peak.  2.33 ms (1.3x), Avg.  1.77 ms, Total. 3.533 ms (0.0%)
[Performance] InitializeOnLoad SysrootManager.Initialize                                                                           :        2 samples, Peak.   355 us (1.1x), Avg.   338 us, Total. 675.9 us (0.0%)
[Performance] InitializeOnLoad ScopedRegistryAddedPopup.SubscribeToRegistriesAdded                                                 :        2 samples, Peak.  5.88 ms (2.0x), Avg.  2.97 ms, Total. 5.940 ms (0.0%)
[Performance] InitializeOnLoad SceneVisibilityManager.Initialize                                                                   :        2 samples, Peak.  2.14 ms (1.5x), Avg.  1.39 ms, Total. 2.773 ms (0.0%)
[Performance] InitializeOnLoad EditorWindow.Initialize                                                                             :        2 samples, Peak.   169 us (1.1x), Avg.   157 us, Total. 314.3 us (0.0%)
[Performance] AssemblyReloadEvents.afterAssemblyReload: UnityEditor.SceneTemplate.SceneTemplateService.AfterAssemblyReload         :        2 samples, Peak.   774 us (1.6x), Avg.   485 us, Total. 970.0 us (0.0%)
[Performance] ProcessService.EditorAfterLoadAllAssemblies                                                                          :        2 samples, Peak.   254 us (1.2x), Avg.   220 us, Total. 439.8 us (0.0%)
[Performance] Application.ReadLicenseInfo                                                                                          :        1 samples, Peak.  12.6 ms (1.0x), Avg.  12.6 ms, Total. 12.57 ms (0.0%)
[Performance] Application.InitialRefresh                                                                                           :        1 samples, Peak.  11.5 s (1.0x), Avg.  11.5 s, Total. 11.47 s (0.1%)
[Performance] Compiling Scripts                                                                                                    :        1 samples, Peak.  7.28 s (1.0x), Avg.  7.28 s, Total. 7.281 s (0.0%)
[Performance] AssemblyReloadEvents.beforeAssemblyReload: UnityEditor.SceneTemplate.SceneTemplateService.BeforeAssemblyReload       :        1 samples, Peak.   337 us (1.0x), Avg.   337 us, Total. 337.1 us (0.0%)
[Performance] InitializeOnLoad BurstLoader                                                                                         :        1 samples, Peak.   243 ms (1.0x), Avg.   243 ms, Total. 243.4 ms (0.0%)
[Performance] InitializeOnLoad EditorToolManager                                                                                   :        2 samples, Peak.  1.87 ms (1.9x), Avg.   995 us, Total. 1.990 ms (0.0%)
[Performance] InitializeOnLoad GetIl2CppFolderHook                                                                                 :        1 samples, Peak.  12.7 ms (1.0x), Avg.  12.7 ms, Total. 12.71 ms (0.0%)
[Performance] InitializeOnLoad CopyStrippedAOTAssembliesHook                                                                       :        1 samples, Peak.  1.42 ms (1.0x), Avg.  1.42 ms, Total. 1.424 ms (0.0%)
[Performance] InitializeOnLoad ShadowCasterGroup2DManager                                                                          :        1 samples, Peak.  68.3 us (1.0x), Avg.  68.3 us, Total. 68.29 us (0.0%)
[Performance] InitializeOnLoad ProbeGIBaking                                                                                       :        1 samples, Peak.  1.69 ms (1.0x), Avg.  1.69 ms, Total. 1.687 ms (0.0%)
[Performance] InitializeOnLoad FilterWindow                                                                                        :        1 samples, Peak.  28.9 us (1.0x), Avg.  28.9 us, Total. 28.87 us (0.0%)
[Performance] InitializeOnLoad RealtimeProbeSubdivisionDebug                                                                       :        1 samples, Peak.   123 us (1.0x), Avg.   123 us, Total. 122.5 us (0.0%)
[Performance] InitializeOnLoad NodeClassCache                                                                                      :        1 samples, Peak.  5.67 us (1.0x), Avg.  5.67 us, Total. 5.667 us (0.0%)
[Performance] InitializeOnLoad ShaderGraphMaterialsUpdater                                                                         :        2 samples, Peak.   240 us (1.7x), Avg.   142 us, Total. 283.8 us (0.0%)
[Performance] InitializeOnLoad Renderer2DAnalytics                                                                                 :        1 samples, Peak.  54.2 us (1.0x), Avg.  54.2 us, Total. 54.17 us (0.0%)
[Performance] InitializeOnLoad BackgroundWatcher                                                                                   :        1 samples, Peak.  75.3 us (1.0x), Avg.  75.3 us, Total. 75.29 us (0.0%)
[Performance] InitializeOnLoad UnityTestProtocolStarter                                                                            :        1 samples, Peak.   148 us (1.0x), Avg.   148 us, Total. 147.5 us (0.0%)
[Performance] InitializeOnLoad TestStarter                                                                                         :        1 samples, Peak.   445 us (1.0x), Avg.   445 us, Total. 444.6 us (0.0%)
[Performance] InitializeOnLoad RerunCallbackInitializer                                                                            :        1 samples, Peak.  1.82 ms (1.0x), Avg.  1.82 ms, Total. 1.816 ms (0.0%)
[Performance] InitializeOnLoad RiderScriptEditor                                                                                   :        1 samples, Peak.  48.6 ms (1.0x), Avg.  48.6 ms, Total. 48.57 ms (0.0%)
[Performance] InitializeOnLoad CallbackInitializer                                                                                 :        1 samples, Peak.   800 us (1.0x), Avg.   800 us, Total. 800.0 us (0.0%)
[Performance] InitializeOnLoad SpriteEditorWindow                                                                                  :        1 samples, Peak.   298 us (1.0x), Avg.   298 us, Total. 297.8 us (0.0%)
[Performance] InitializeOnLoad PlasticPlugin                                                                                       :        1 samples, Peak.  46.9 ms (1.0x), Avg.  46.9 ms, Total. 46.93 ms (0.0%)
[Performance] InitializeOnLoad ToolbarBootstrap                                                                                    :        1 samples, Peak.  38.7 ms (1.0x), Avg.  38.7 ms, Total. 38.71 ms (0.0%)
[Performance] InitializeOnLoad BackgroundImport                                                                                    :        1 samples, Peak.   120 us (1.0x), Avg.   120 us, Total. 120.0 us (0.0%)
[Performance] InitializeOnLoad McpEditorShutdownCleanup                                                                            :        1 samples, Peak.   585 us (1.0x), Avg.   585 us, Total. 584.7 us (0.0%)
[Performance] InitializeOnLoad ProjectAutoConnectMonitor                                                                           :        1 samples, Peak.  3.68 ms (1.0x), Avg.  3.68 ms, Total. 3.680 ms (0.0%)
[Performance] InitializeOnLoad EditorStateCache                                                                                    :        1 samples, Peak.  80.3 ms (1.0x), Avg.  80.3 ms, Total. 80.26 ms (0.0%)
[Performance] InitializeOnLoad StdioBridgeHost                                                                                     :        1 samples, Peak.   507 us (1.0x), Avg.   507 us, Total. 506.6 us (0.0%)
[Performance] InitializeOnLoad StdioBridgeReloadHandler                                                                            :        1 samples, Peak.   170 us (1.0x), Avg.   170 us, Total. 169.7 us (0.0%)
[Performance] InitializeOnLoad AssetGenJobManager                                                                                  :        1 samples, Peak.   529 us (1.0x), Avg.   529 us, Total. 528.5 us (0.0%)
[Performance] InitializeOnLoad LegacyServerSrcMigration                                                                            :        1 samples, Peak.  44.3 us (1.0x), Avg.  44.3 us, Total. 44.33 us (0.0%)
[Performance] InitializeOnLoad HttpAutoStartHandler                                                                                :        1 samples, Peak.  79.8 us (1.0x), Avg.  79.8 us, Total. 79.79 us (0.0%)
[Performance] InitializeOnLoad TransportCommandDispatcher                                                                          :        1 samples, Peak.   576 ms (1.0x), Avg.   576 ms, Total. 576.2 ms (0.0%)
[Performance] InitializeOnLoad PlayModeOptionsGuard                                                                                :        1 samples, Peak.   386 us (1.0x), Avg.   386 us, Total. 385.9 us (0.0%)
[Performance] InitializeOnLoad HttpBridgeReloadHandler                                                                             :        1 samples, Peak.   231 us (1.0x), Avg.   231 us, Total. 230.8 us (0.0%)
[Performance] InitializeOnLoad TestRunnerNoThrottle                                                                                :        1 samples, Peak.   501 us (1.0x), Avg.   501 us, Total. 501.3 us (0.0%)
[Performance] InitializeOnLoad StdIoVersionMigration                                                                               :        1 samples, Peak.  61.3 us (1.0x), Avg.  61.3 us, Total. 61.33 us (0.0%)
[Performance] InitializeOnLoad ProjectIdentityUtility                                                                              :        1 samples, Peak.   500 ns (1.0x), Avg.   500 ns, Total. 500.0 ns (0.0%)
[Performance] InitializeOnLoad SetupWindowService                                                                                  :        1 samples, Peak.  38.9 us (1.0x), Avg.  38.9 us, Total. 38.92 us (0.0%)
[Performance] InitializeOnLoad StartupConfigRewrite                                                                                :        1 samples, Peak.  62.9 us (1.0x), Avg.  62.9 us, Total. 62.88 us (0.0%)
[Performance] InitializeOnLoad VSUsageUtility                                                                                      :        1 samples, Peak.  9.53 ms (1.0x), Avg.  9.53 ms, Total. 9.531 ms (0.0%)
[Performance] InitializeOnLoad VisualStudioEditor                                                                                  :        1 samples, Peak.  4.65 ms (1.0x), Avg.  4.65 ms, Total. 4.647 ms (0.0%)
[Performance] InitializeOnLoad TestRunnerApiListener                                                                               :        1 samples, Peak.   306 us (1.0x), Avg.   306 us, Total. 305.6 us (0.0%)
[Performance] InitializeOnLoad VisualStudioIntegration                                                                             :        1 samples, Peak.   411 us (1.0x), Avg.   411 us, Total. 411.4 us (0.0%)
[Performance] InitializeOnLoad PrefabLayoutRebuilder                                                                               :        1 samples, Peak.   191 us (1.0x), Avg.   191 us, Total. 191.1 us (0.0%)
[Performance] InitializeOnLoad SpriteSkinCompositeStartup                                                                          :        1 samples, Peak.  9.42 ms (1.0x), Avg.  9.42 ms, Total. 9.421 ms (0.0%)
[Performance] InitializeOnLoad UnityAnalyticsStorage                                                                               :        1 samples, Peak.   316 us (1.0x), Avg.   316 us, Total. 316.0 us (0.0%)
[Performance] InitializeOnLoad BoneGizmoInitializer                                                                                :        1 samples, Peak.  2.18 ms (1.0x), Avg.  2.18 ms, Total. 2.185 ms (0.0%)
[Performance] InitializeOnLoad Analytics                                                                                           :        1 samples, Peak.   153 us (1.0x), Avg.   153 us, Total. 152.7 us (0.0%)
[Performance] InitializeOnLoad SceneDragAndDrop                                                                                    :        1 samples, Peak.   121 us (1.0x), Avg.   121 us, Total. 121.3 us (0.0%)
[Performance] InitializeOnLoad SpriteShapeUpdateCache                                                                              :        1 samples, Peak.   466 us (1.0x), Avg.   466 us, Total. 466.5 us (0.0%)
[Performance] InitializeOnLoad SpriteShapeUnityAnalyticsStorage                                                                    :        1 samples, Peak. 10.00 us (1.0x), Avg. 10.00 us, Total. 10.000 us (0.0%)
[Performance] InitializeOnLoad IKEditorManager.CreateInstance                                                                      :        1 samples, Peak.   984 us (1.0x), Avg.   984 us, Total. 983.8 us (0.0%)
[Performance] InitializeOnLoad $BurstDirectCallInitializer.Initialize                                                              :        7 samples, Peak.  12.8 ms (3.9x), Avg.  3.27 ms, Total. 22.92 ms (0.0%)
[Performance] InitializeOnLoad SceneViewGridManager.Initialize                                                                     :        1 samples, Peak.  2.81 ms (1.0x), Avg.  2.81 ms, Total. 2.814 ms (0.0%)
[Performance] InitializeOnLoad TilemapPrefabStageHelper.Initialize                                                                 :        1 samples, Peak.   784 us (1.0x), Avg.   784 us, Total. 783.5 us (0.0%)
[Performance] InitializeOnLoad SceneViewOpenTilePaletteHelper.Initialize                                                           :        1 samples, Peak.   522 us (1.0x), Avg.   522 us, Total. 522.1 us (0.0%)
[Performance] InitializeOnLoad TileDragAndDropManager.Initialize                                                                   :        1 samples, Peak.   284 us (1.0x), Avg.   284 us, Total. 284.5 us (0.0%)
[Performance] InitializeOnLoad VisualStudioEditor.LegacyVisualStudioCodePackageDisabler                                            :        1 samples, Peak.   717 us (1.0x), Avg.   717 us, Total. 716.7 us (0.0%)
[Performance] InitializeOnLoad MaterialReimporter.RegisterUpgraderReimport                                                         :        2 samples, Peak.   173 us (1.8x), Avg.  98.3 us, Total. 196.6 us (0.0%)
[Performance] InitializeOnLoad UnityReflect.OnLoad                                                                                 :        1 samples, Peak.   419 us (1.0x), Avg.   419 us, Total. 419.2 us (0.0%)
[Performance] InitializeOnLoad GetMenuItems.BuildCache                                                                             :        1 samples, Peak.  8.45 ms (1.0x), Avg.  8.45 ms, Total. 8.453 ms (0.0%)
[Performance] InitializeOnLoad ExecuteCode.OnDomainReload                                                                          :        1 samples, Peak.   318 us (1.0x), Avg.   318 us, Total. 317.7 us (0.0%)
[Performance] InitializeOnLoad McpLogRecord.RefreshFromPrefs                                                                       :        1 samples, Peak.   116 us (1.0x), Avg.   116 us, Total. 115.9 us (0.0%)
[Performance] InitializeOnLoad BackgroundImport.Setup                                                                              :        1 samples, Peak.   750 us (1.0x), Avg.   750 us, Total. 750.5 us (0.0%)
[Performance] InitializeOnLoad TestJobDataHolder.ResumeRunningJobs                                                                 :        1 samples, Peak.   719 us (1.0x), Avg.   719 us, Total. 719.1 us (0.0%)
[Performance] InitializeOnLoad AnalyticsReporter.RegisterCallbacks                                                                 :        1 samples, Peak.   148 us (1.0x), Avg.   148 us, Total. 148.2 us (0.0%)
[Performance] InitializeOnLoad DebugManagerWindowLifetimeAnalytic.SubscribeToDebugManagerOpenCloseWindows                          :        1 samples, Peak.   431 us (1.0x), Avg.   431 us, Total. 430.8 us (0.0%)
[Performance] InitializeOnLoad CoreRenderPipelinePreferences.InitPreferenceProviders                                               :        1 samples, Peak.  10.7 ms (1.0x), Avg.  10.7 ms, Total. 10.71 ms (0.0%)
[Performance] InitializeOnLoad VolumeGizmoDrawer.InitVolumeGizmoCallbacks                                                          :        1 samples, Peak.   287 us (1.0x), Avg.   287 us, Total. 286.8 us (0.0%)
[Performance] DidReloadScriptsTestRunnerWindow.CompilationCallback                                                                 :        1 samples, Peak.   149 us (1.0x), Avg.   149 us, Total. 148.7 us (0.0%)
[Performance] DidReloadScriptsTestListCache.ScriptReloaded                                                                         :        1 samples, Peak.   950 us (1.0x), Avg.   950 us, Total. 950.0 us (0.0%)
[Performance] DidReloadScriptsLookDev.OnEditorReload                                                                               :        1 samples, Peak.   165 us (1.0x), Avg.   165 us, Total. 165.1 us (0.0%)
[Performance] DidReloadScriptsDebugWindow.OnEditorReload                                                                           :        1 samples, Peak.  8.16 ms (1.0x), Avg.  8.16 ms, Total. 8.159 ms (0.0%)
[Performance] DidReloadScriptsVolumeComponentEditor.OnEditorReload                                                                 :        1 samples, Peak.  8.61 ms (1.0x), Avg.  8.61 ms, Total. 8.613 ms (0.0%)
[Performance] DidReloadScriptsAdvancedDropdownWindow.OnScriptReload                                                                :        1 samples, Peak.   187 us (1.0x), Avg.   187 us, Total. 186.8 us (0.0%)
[Performance] AssemblyReloadEvents.afterAssemblyReload: callback in MCPForUnity.Editor.Services.EditorStateCache                   :        1 samples, Peak.   419 us (1.0x), Avg.   419 us, Total. 419.0 us (0.0%)
[Performance] AssemblyReloadEvents.afterAssemblyReload: MCPForUnity.Editor.Services.StdioBridgeReloadHandler.OnAfterAssemblyReload :        1 samples, Peak.   737 us (1.0x), Avg.   737 us, Total. 737.5 us (0.0%)
[Performance] AssemblyReloadEvents.afterAssemblyReload: MCPForUnity.Editor.Services.HttpBridgeReloadHandler.OnAfterAssemblyReload  :        1 samples, Peak.   107 us (1.0x), Avg.   107 us, Total. 106.6 us (0.0%)
[Performance] AssemblyReloadEvents.afterAssemblyReload: UnityEditor.U2D.Animation.BoneGizmo.OnAfterAssemblyReload                  :        1 samples, Peak.   608 us (1.0x), Avg.   608 us, Total. 608.2 us (0.0%)
[Performance] AssemblyReloadEvents.afterAssemblyReload: MCPForUnity.Editor.Tools.UnityReflect.InvalidateCache                      :        1 samples, Peak.   322 us (1.0x), Avg.   322 us, Total. 321.6 us (0.0%)
[Performance] UniversalRenderPipelineGlobalSettingsPostprocessor.OnPostprocessAllAssets                                            :        8 samples, Peak.  1.83 ms (4.1x), Avg.   449 us, Total. 3.591 ms (0.0%)
[Performance] SyncVS.PostprocessSyncProject                                                                                        :        4 samples, Peak.  1.43 ms (3.0x), Avg.   470 us, Total. 1.880 ms (0.0%)
[Performance] Application.ImportPackagesAndSetTemplateWhenCreatingProject                                                          :        1 samples, Peak.  20.9 ms (1.0x), Avg.  20.9 ms, Total. 20.91 ms (0.0%)
[Performance] Application.SyncCurrentColorSpace                                                                                    :        1 samples, Peak.   131 ms (1.0x), Avg.   131 ms, Total. 130.5 ms (0.0%)
[Performance] Application.OnUsbDevicesChanged                                                                                      :        1 samples, Peak.   459 us (1.0x), Avg.   459 us, Total. 458.5 us (0.0%)
[Performance] Application.AssetInstanceCacheUpdate                                                                                 :        1 samples, Peak.   250 ns (1.0x), Avg.   250 ns, Total. 250.0 ns (0.0%)
[Performance] Application.UnityExtensions.Initialize                                                                               :        1 samples, Peak.  8.87 ms (1.0x), Avg.  8.87 ms, Total. 8.872 ms (0.0%)
[Performance] CodeEditorProjectSync.SyncEditorProject                                                                              :        1 samples, Peak.   146 ms (1.0x), Avg.   146 ms, Total. 145.8 ms (0.0%)
[Performance] Application.ExecuteStartups                                                                                          :        1 samples, Peak.  47.4 ms (1.0x), Avg.  47.4 ms, Total. 47.38 ms (0.0%)
[Performance] Menu.RegisterMenuInterface                                                                                           :       26 samples, Peak.   833 ns (4.4x), Avg.   188 ns, Total. 4.877 us (0.0%)
[Performance] Gizmo.RebuildRenderers                                                                                               :        1 samples, Peak.  45.5 ms (1.0x), Avg.  45.5 ms, Total. 45.46 ms (0.0%)
[Performance] Gizmo.AddGizmoRenderers                                                                                              :      128 samples, Peak.  1.45 ms (71.2x), Avg.  20.4 us, Total. 2.608 ms (0.0%)
[Performance] Application.editorInitializingProject                                                                                :        1 samples, Peak.  13.5 ms (1.0x), Avg.  13.5 ms, Total. 13.50 ms (0.0%)
[Performance] Application.InitializeMenu                                                                                           :        1 samples, Peak.  1.37 s (1.0x), Avg.  1.37 s, Total. 1.367 s (0.0%)
[Performance] Menu.RebuildAll                                                                                                      :        1 samples, Peak.  1.37 s (1.0x), Avg.  1.37 s, Total. 1.367 s (0.0%)
[Performance] Menu.BuildRegisteredMenuInterfaces                                                                                   :        1 samples, Peak.  1.36 s (1.0x), Avg.  1.36 s, Total. 1.362 s (0.0%)
[Performance] Menu.FilterMenuItem                                                                                                  :      748 samples, Peak.  71.5 ms (745.9x), Avg.  95.9 us, Total. 71.70 ms (0.0%)
[Performance] UpdateAllMenus                                                                                                       :        1 samples, Peak.   457 us (1.0x), Avg.   457 us, Total. 457.1 us (0.0%)
[Performance] EditorSceneManager.sceneClosing: UnityEditor.SceneVisibilityManager.EditorSceneManagerOnSceneClosing                 :        2 samples, Peak.   218 us (2.0x), Avg.   111 us, Total. 222.3 us (0.0%)
[Performance] GUIView.RepaintAll.PlayerLoopController                                                                              :        1 samples, Peak.  1.42 us (1.0x), Avg.  1.42 us, Total. 1.417 us (0.0%)
[Performance] EditorSceneManager.newSceneCreated: UnityEditor.SceneTemplate.SceneTemplateService.OnNewSceneCreated                 :        1 samples, Peak.   199 us (1.0x), Avg.   199 us, Total. 198.9 us (0.0%)
[Performance] EditorSceneManager.newSceneCreated: UnityEditor.SceneVisibilityManager.EditorSceneManagerOnNewSceneCreated           :        1 samples, Peak.   130 us (1.0x), Avg.   130 us, Total. 130.4 us (0.0%)
[Performance] EditorSceneManager.newSceneCreated: UnityEditor.SceneManagement.StageNavigationManager.OnNewSceneCreated             :        1 samples, Peak.  42.1 us (1.0x), Avg.  42.1 us, Total. 42.08 us (0.0%)
[Performance] Application.InvokeFinishedLoadingProject                                                                             :        1 samples, Peak.  17.5 ms (1.0x), Avg.  17.5 ms, Total. 17.54 ms (0.0%)
[Performance] ProcessService.OnProjectLoaded                                                                                       :        1 samples, Peak.  54.5 us (1.0x), Avg.  54.5 us, Total. 54.50 us (0.0%)
[Performance] VersionControl.Task.Wait                                                                                             :        1 samples, Peak.  11.5 us (1.0x), Avg.  11.5 us, Total. 11.50 us (0.0%)
[Performance] AssetDatabase.Refresh                                                                                                :        1 samples, Peak.   240 ms (1.0x), Avg.   240 ms, Total. 240.1 ms (0.0%)
[Performance] PaletteAssetModificationProcessor.OnWillSaveAssets                                                                   :        4 samples, Peak.  1.17 ms (3.9x), Avg.   301 us, Total. 1.203 ms (0.0%)
[Performance] StateMacroSavedEvent.OnWillSaveAssets                                                                                :        4 samples, Peak.   157 us (3.3x), Avg.  47.1 us, Total. 188.2 us (0.0%)
[Performance] FlowMacroSavedEvent.OnWillSaveAssets                                                                                 :        4 samples, Peak.  88.1 us (3.5x), Avg.  25.0 us, Total. 99.83 us (0.0%)
[Performance] AssetModificationProcessor.OnWillSaveAssets                                                                          :        4 samples, Peak.   148 us (3.9x), Avg.  38.2 us, Total. 152.7 us (0.0%)
[Performance] UnityCloudProjectLinkMonitor.OnWillSaveAssets                                                                        :        4 samples, Peak.   210 us (3.9x), Avg.  53.3 us, Total. 213.3 us (0.0%)
[Performance] BuilderAssetModificationProcessor.OnWillSaveAssets                                                                   :        4 samples, Peak.   267 us (3.9x), Avg.  68.7 us, Total. 274.7 us (0.0%)
[Performance] TerrainModificationProcessor.OnWillSaveAssets                                                                        :        4 samples, Peak.   412 us (3.8x), Avg.   108 us, Total. 430.9 us (0.0%)
[Performance] AssetDatabase.ImportAssets                                                                                           :       11 samples, Peak.  80.7 ms (5.2x), Avg.  15.4 ms, Total. 169.5 ms (0.0%)
[Performance] ShaderImporter.SourceAssetModified                                                                                   :        3 samples, Peak.   459 ns (1.6x), Avg.   292 ns, Total. 877.0 ns (0.0%)
[Performance] ShaderIncludeImporter.SourceAssetModified                                                                            :        3 samples, Peak.  1.13 us (1.3x), Avg.   861 ns, Total. 2.584 us (0.0%)
[Performance] PSDImporterAssetPostProcessor.OnPreprocessAsset                                                                      :        6 samples, Peak.   207 us (5.3x), Avg.  39.3 us, Total. 235.9 us (0.0%)
[Performance] PresetManagerPostProcessor.OnPreprocessAsset                                                                         :        6 samples, Peak.   202 us (5.0x), Avg.  40.7 us, Total. 244.4 us (0.0%)
[Performance] CancelSplashScreenOnAssetChange.OnPreprocessAsset                                                                    :        6 samples, Peak.  91.3 us (5.5x), Avg.  16.5 us, Total. 98.79 us (0.0%)
[Performance] ShaderGraphAssetPostProcessor.OnPreprocessAsset                                                                      :        6 samples, Peak.   127 us (5.6x), Avg.  22.6 us, Total. 135.8 us (0.0%)
[Performance] SpritePostProcess.OnPreprocessAsset                                                                                  :        6 samples, Peak.  1.15 ms (5.8x), Avg.   198 us, Total. 1.190 ms (0.0%)
[Performance] TMPro_TexturePostProcessor.OnPostprocessAllAssets                                                                    :        6 samples, Peak.   304 us (2.8x), Avg.   107 us, Total. 643.2 us (0.0%)
[Performance] AssetPostprocessor.OnPostprocessAllAssets                                                                            :        6 samples, Peak.   527 us (3.0x), Avg.   178 us, Total. 1.065 ms (0.0%)
[Performance] BuilderAssetPostprocessor.OnPostprocessAllAssets                                                                     :        6 samples, Peak.  2.62 ms (2.9x), Avg.   901 us, Total. 5.407 ms (0.0%)
[Performance] ArtifactBrowserPostProcessor.OnPostprocessAllAssets                                                                  :        6 samples, Peak.   339 us (2.9x), Avg.   115 us, Total. 690.4 us (0.0%)
[Performance] AssetEvents.OnPostprocessAllAssets                                                                                   :       12 samples, Peak.   135 us (4.4x), Avg.  30.5 us, Total. 366.3 us (0.0%)
[Performance] AudioMixerPostprocessor.OnPostprocessAllAssets                                                                       :        6 samples, Peak.   216 us (2.9x), Avg.  73.3 us, Total. 440.0 us (0.0%)
[Performance] StyleCatalogPostProcessor.OnPostprocessAllAssets                                                                     :        6 samples, Peak.  20.5 ms (3.0x), Avg.  6.84 ms, Total. 41.05 ms (0.0%)
[Performance] BuildCatalog                                                                                                         :        1 samples, Peak.  19.8 ms (1.0x), Avg.  19.8 ms, Total. 19.77 ms (0.0%)
[Performance] ModelImporterPostProcessor.OnPostprocessAllAssets                                                                    :        6 samples, Peak.   658 us (2.9x), Avg.   230 us, Total. 1.381 ms (0.0%)
[Performance] MaterialPostprocessor.OnPostprocessAllAssets                                                                         :       12 samples, Peak.   546 us (3.2x), Avg.   169 us, Total. 2.029 ms (0.0%)
[Performance] RetainedModeAssetPostprocessor.OnPostprocessAllAssets                                                                :        6 samples, Peak.  1.48 ms (3.0x), Avg.   501 us, Total. 3.006 ms (0.0%)
[Performance] AssetChangedListener.OnPostprocessAllAssets                                                                          :        6 samples, Peak.   903 us (2.5x), Avg.   356 us, Total. 2.135 ms (0.0%)
[Performance] PostProcessor.OnPostprocessAllAssets                                                                                 :        6 samples, Peak.   168 us (2.5x), Avg.  66.5 us, Total. 399.2 us (0.0%)
[Performance] ShaderGraphAssetPostProcessor.OnPostprocessAllAssets                                                                 :        6 samples, Peak.  1.13 ms (2.6x), Avg.   437 us, Total. 2.623 ms (0.0%)
[Performance] SpeedTreePostProcessor.OnPostprocessAllAssets                                                                        :        6 samples, Peak.   108 us (2.6x), Avg.  42.3 us, Total. 253.9 us (0.0%)
[Performance] TextAssetPostProcessor.OnPostprocessAllAssets                                                                        :        6 samples, Peak.   266 us (2.9x), Avg.  92.7 us, Total. 556.3 us (0.0%)
[Performance] AssetProcessor.OnPostprocessAllAssets                                                                                :       18 samples, Peak.   509 us (5.4x), Avg.  93.7 us, Total. 1.686 ms (0.0%)
[Performance] SpriteLibraryAssetPostprocessor.OnPostprocessAllAssets                                                               :        6 samples, Peak.   150 us (2.9x), Avg.  51.4 us, Total. 308.7 us (0.0%)
[Performance] PSDImporterAssetPostProcessor.OnPostprocessAllAssets                                                                 :        6 samples, Peak.  58.3 us (2.8x), Avg.  20.9 us, Total. 125.1 us (0.0%)
[Performance] PSDImportPostProcessor.OnPostprocessAllAssets                                                                        :        6 samples, Peak.  81.5 us (2.9x), Avg.  28.5 us, Total. 170.7 us (0.0%)
[Performance] SpriteEditorTexturePostprocessor.OnPostprocessAllAssets                                                              :        6 samples, Peak.   186 us (2.4x), Avg.  77.2 us, Total. 463.0 us (0.0%)
[Performance] SpriteShapeAssetPostProcessor.OnPostprocessAllAssets                                                                 :        6 samples, Peak.   395 us (1.8x), Avg.   214 us, Total. 1.284 ms (0.0%)
[Performance] EditorSceneManager.sceneOpening: UnityEditor.SceneVisibilityManager.EditorSceneManagerOnSceneOpening                 :        1 samples, Peak.  98.4 us (1.0x), Avg.  98.4 us, Total. 98.42 us (0.0%)
[Performance] Inspector.InitOrRebuild                                                                                              :        1 samples, Peak.   477 us (1.0x), Avg.   477 us, Total. 477.0 us (0.0%)
[Performance] EditorSceneManager.sceneOpened: UnityEditor.SceneTemplate.SceneTemplateService.OnSceneOpened                         :        1 samples, Peak.   174 us (1.0x), Avg.   174 us, Total. 173.9 us (0.0%)
[Performance] EditorSceneManager.sceneOpened: UnityEditor.SceneVisibilityManager.EditorSceneManagerOnSceneOpened                   :        1 samples, Peak.  85.1 us (1.0x), Avg.  85.1 us, Total. 85.08 us (0.0%)
[Performance] EditorSceneManager.sceneOpened: UnityEditor.SceneManagement.StageNavigationManager.OnSceneOpened                     :        1 samples, Peak.  33.9 us (1.0x), Avg.  33.9 us, Total. 33.92 us (0.0%)
[Performance] EditorApplication.quitting: Unity.Burst.Editor.BurstLoader.OnEditorApplicationQuitting                               :        1 samples, Peak.  1.95 ms (1.0x), Avg.  1.95 ms, Total. 1.949 ms (0.0%)
[Performance] EditorApplication.quitting: MCPForUnity.Editor.Services.McpEditorShutdownCleanup.OnEditorQuitting                    :        1 samples, Peak.  14.9 ms (1.0x), Avg.  14.9 ms, Total. 14.87 ms (0.0%)
[Performance] EditorApplication.quitting: MCPForUnity.Editor.Services.StdioBridgeReloadHandler.CancelRetries                       :        1 samples, Peak.   370 us (1.0x), Avg.   370 us, Total. 370.0 us (0.0%)
[Performance] EditorApplication.quitting: UnityEditor.Tilemaps.SceneViewGridManager.EditorQuitting                                 :        1 samples, Peak.  4.50 ms (1.0x), Avg.  4.50 ms, Total. 4.496 ms (0.0%)
[Performance] EditorApplication.quitting: callback in UnityEditor.TextCore.Text.EditorEventCallbacks                               :        1 samples, Peak.   207 ms (1.0x), Avg.   207 ms, Total. 206.7 ms (0.0%)
[Performance] Killing ADB server                                                                                                   :        1 samples, Peak.   555 ms (1.0x), Avg.   555 ms, Total. 554.9 ms (0.0%)
[Performance] Application.Shutdown.PauseProfilerSession                                                                            :        1 samples, Peak.  1.59 ms (1.0x), Avg.  1.59 ms, Total. 1.594 ms (0.0%)
[Performance] Application.Shutdown.PauseAssetImportWorkers                                                                         :        1 samples, Peak.  5.50 ms (1.0x), Avg.  5.50 ms, Total. 5.504 ms (0.0%)
[Performance] Application.Shutdown.SaveAssets                                                                                      :        1 samples, Peak.   310 ms (1.0x), Avg.   310 ms, Total. 310.4 ms (0.0%)
[Performance] Application.Shutdown.CleanupRenderPipeline                                                                           :        1 samples, Peak.   402 us (1.0x), Avg.   402 us, Total. 401.8 us (0.0%)
[Performance] Application.Shutdown.StopPreloadManager                                                                              :        1 samples, Peak.  12.2 ms (1.0x), Avg.  12.2 ms, Total. 12.17 ms (0.0%)
[Performance] Application.Shutdown.DestroyWorld                                                                                    :        1 samples, Peak.  21.5 ms (1.0x), Avg.  21.5 ms, Total. 21.46 ms (0.0%)
[Performance] Application.Shutdown.CleanupAfterLoad                                                                                :        1 samples, Peak.   301 ms (1.0x), Avg.   301 ms, Total. 300.9 ms (0.0%)
[Performance] Application.Shutdown.Progress                                                                                        :        1 samples, Peak.  1.20 ms (1.0x), Avg.  1.20 ms, Total. 1.199 ms (0.0%)
[Performance] Application.Shutdown.GICleanupManagers                                                                               :        1 samples, Peak.  8.88 ms (1.0x), Avg.  8.88 ms, Total. 8.882 ms (0.0%)
[Performance] Application.Shutdown.MenuCleanupClass                                                                                :        1 samples, Peak.  2.77 ms (1.0x), Avg.  2.77 ms, Total. 2.771 ms (0.0%)
[Performance] Application.Shutdown.ADBSaveStateBeforeShutdown                                                                      :        1 samples, Peak.  53.3 us (1.0x), Avg.  53.3 us, Total. 53.33 us (0.0%)
[Performance] Application.Shutdown.RemoteShutdown                                                                                  :        1 samples, Peak.  3.25 us (1.0x), Avg.  3.25 us, Total. 3.250 us (0.0%)
[Performance] Application.Shutdown.CleanupVCProvider                                                                               :        1 samples, Peak.   379 us (1.0x), Avg.   379 us, Total. 379.5 us (0.0%)
[Performance] Application.Shutdown.InputShutdown                                                                                   :        1 samples, Peak.  1.02 ms (1.0x), Avg.  1.02 ms, Total. 1.021 ms (0.0%)
[Performance] Application.Shutdown.GizmoManagerDestroy                                                                             :        1 samples, Peak.  3.30 ms (1.0x), Avg.  3.30 ms, Total. 3.297 ms (0.0%)
[Performance] Application.Shutdown.ProfilerSession                                                                                 :        1 samples, Peak.  1.47 ms (1.0x), Avg.  1.47 ms, Total. 1.475 ms (0.0%)
[Performance] Application.Shutdown.ReleaseGfxWindowOnAllGUIViews                                                                   :        1 samples, Peak.  2.08 us (1.0x), Avg.  2.08 us, Total. 2.083 us (0.0%)
[Performance] Application.Shutdown.CleanupEngine                                                                                   :        1 samples, Peak.   335 ms (1.0x), Avg.   335 ms, Total. 335.0 ms (0.0%)
[Performance] Application.Shutdown.CleanupAssetDatabase                                                                            :        1 samples, Peak.  24.9 ms (1.0x), Avg.  24.9 ms, Total. 24.93 ms (0.0%)
[Performance] Application.Shutdown.ScriptCompilationCleanUp                                                                        :        1 samples, Peak.  22.0 us (1.0x), Avg.  22.0 us, Total. 22.04 us (0.0%)
[Performance] Application.Shutdown.DestroyJobSystem                                                                                :        1 samples, Peak.   385 us (1.0x), Avg.   385 us, Total. 385.4 us (0.0%)
[Performance] Application.Shutdown.CleanupPersistentManager                                                                        :        1 samples, Peak.  4.45 ms (1.0x), Avg.  4.45 ms, Total. 4.451 ms (0.0%)
[Performance] Application.Shutdown.CleanupAsyncReadManager                                                                         :        1 samples, Peak.   340 us (1.0x), Avg.   340 us, Total. 340.4 us (0.0%)
[Performance] Application.Shutdown.CleanupMono                                                                                     :        1 samples, Peak.   287 ms (1.0x), Avg.   287 ms, Total. 286.6 ms (0.0%)
[Performance] Application.Shutdown.CleanupStdConverters                                                                            :        1 samples, Peak.   116 us (1.0x), Avg.   116 us, Total. 115.6 us (0.0%)
[Performance] Application.Shutdown.UnloadAllPlatformSupportModuleNativeDlls                                                        :        1 samples, Peak.  1.25 us (1.0x), Avg.  1.25 us, Total. 1.250 us (0.0%)
[Performance] Application.Shutdown.UnloadAllPlatformSupportNativeLibraries                                                         :        1 samples, Peak.   748 us (1.0x), Avg.   748 us, Total. 747.8 us (0.0%)
[Performance] Application.Shutdown.CleanupAutoDocumentation                                                                        :        1 samples, Peak.   877 us (1.0x), Avg.   877 us, Total. 877.1 us (0.0%)
[Performance] Application.Shutdown.ShaderNameManagerDestroy                                                                        :        1 samples, Peak.   308 us (1.0x), Avg.   308 us, Total. 308.4 us (0.0%)
[Performance] Application.Shutdown.CleanupCacheServer                                                                              :        1 samples, Peak.   208 ns (1.0x), Avg.   208 ns, Total. 208.0 ns (0.0%)
[Performance] Application.Shutdown.Virtualization_Shutdown                                                                         :        1 samples, Peak.  23.9 us (1.0x), Avg.  23.9 us, Total. 23.87 us (0.0%)
[Performance] Application.Shutdown.DevConnections                                                                                  :        1 samples, Peak.   210 us (1.0x), Avg.   210 us, Total. 210.3 us (0.0%)
Exiting batchmode successfully now!
[Package Manager] Server::Kill -- Server was shutdown
