Unity Editor version:    2022.3.62f2 (7670c08855a9)
Branch:                  2022.3/respin/2022.3.62f2-4af31df585-v2
Build type:              Release
Batch mode:              YES
macOS version:           Version 26.5.2 (Build 25F84)
Darwin version:          25.5.0
Architecture:            arm64
Running under Rosetta:   NO
Available memory:        16384 MB
[Licensing::Module] Trying to connect to existing licensing client channel...
[Licensing::IpcConnector] Channel LicenseClient-ah doesn't exist
Launching external process: /Applications/Unity/Hub/Editor/2022.3.62f2/Unity.app/Contents/Frameworks/UnityLicensingClient.app/Contents/MacOS/Unity.Licensing.Client
[Licensing::Module] Successfully launched the LicensingClient (PId: 97123)
[Licensing::IpcConnector] Successfully connected to: "LicenseClient-ah" at "2026-09-06T11:19:56.43078Z"
[Licensing::Client] Code 10 while verifying Licensing Client signature (process Id: 97123, path: "/Applications/Unity/Hub/Editor/2022.3.62f2/Unity.app/Contents/Frameworks/UnityLicensingClient.app/Contents/MacOS/Unity.Licensing.Client")
[Licensing::Module] LicensingClient has failed validation; ignoring
[Licensing::Client] Handshaking with LicensingClient:
  Version:                 1.16.2+bdef8f5
  Session Id:              72a1d2830ea64f9b87b7d466041aa1bb
  Correlation Id:          e87ea6c2fac39e49635c20bc9701196a
  External correlation Id: 2942839287247841281
  Machine Id:              QTbwZpmVHn8IER/kXaS7sHTplvE=
[Licensing::Module] Successfully connected to LicensingClient on channel: "LicenseClient-ah" (connect: 0.93s, validation: 0.04s, handshake: 0.34s)
[Licensing::IpcConnector] Successfully connected to: "LicenseClient-ah-notifications" at "2026-09-06T11:19:56.812121Z"
[Licensing::Module] Connected to LicensingClient (PId: 97123, launch time: 0.00, total connection time: 1.31s)
[Licensing::Module] Error: Access token is unavailable; failed to update
[Licensing::Client] Error: Code 500 while processing request (status: Unable to update licenses. Errors: No ULF license found.,Token not found in cache)
[Licensing::Client] Error: Code 500 while updating license in client (status: Unable to update licenses. Errors: No ULF license found.,Token not found in cache)
[Licensing::Client] Successfully resolved entitlement details
[Licensing::Module] Serial number assigned to: "1375968193622-UnityPersXXXX"
Pro License: NO
[Licensing::Client] Successfully resolved entitlement details
Launching external process: /Applications/Unity/Hub/Editor/2022.3.62f2/Unity.app/Contents/Resources/PackageManager/Server/UnityPackageManager

COMMAND LINE ARGUMENTS:
/Applications/Unity/Hub/Editor/2022.3.62f2/Unity.app/Contents/MacOS/Unity
-projectPath
/Users/ah/GitHub/hybridclr/hybridclr_demo_shadow
-batchmode
-quit
-logFile
/Users/ah/GitHub/hybridclr/hybridclr_demo_shadow/_temp/UnityExec_20260906_041955.log
-executeMethod
AssemblyShadowDemo.Editor.M06Build.BuildFixtures
-buildTarget
StandaloneOSX
-shadowBaselineId
M06-Baseline-Release-v8
-shadowM06BuildMode
Release
-shadowM06Generation
/Users/ah/GitHub/hybridclr/hybridclr_demo_shadow/_temp/AssemblyShadow/M06Generation-b451aea0e0934b46b0fab0ecfb54b889/m06-generation.json
Successfully changed project path to: /Users/ah/GitHub/hybridclr/hybridclr_demo_shadow
/Users/ah/GitHub/hybridclr/hybridclr_demo_shadow
[UnityMemory] Configuration Parameters - Can be set up in boot.config
    "memorysetup-bucket-allocator-granularity=16"
    "memorysetup-bucket-allocator-bucket-count=8"
    "memorysetup-bucket-allocator-block-size=33554432"
    "memorysetup-bucket-allocator-block-count=8"
    "memorysetup-main-allocator-block-size=16777216"
    "memorysetup-thread-allocator-block-size=16777216"
    "memorysetup-gfx-main-allocator-block-size=16777216"
    "memorysetup-gfx-thread-allocator-block-size=16777216"
    "memorysetup-cache-allocator-block-size=4194304"
    "memorysetup-typetree-allocator-block-size=2097152"
    "memorysetup-profiler-bucket-allocator-granularity=16"
    "memorysetup-profiler-bucket-allocator-bucket-count=8"
    "memorysetup-profiler-bucket-allocator-block-size=33554432"
    "memorysetup-profiler-bucket-allocator-block-count=8"
    "memorysetup-profiler-allocator-block-size=16777216"
    "memorysetup-profiler-editor-allocator-block-size=1048576"
    "memorysetup-temp-allocator-size-main=16777216"
    "memorysetup-job-temp-allocator-block-size=2097152"
    "memorysetup-job-temp-allocator-block-size-background=1048576"
    "memorysetup-job-temp-allocator-reduction-small-platforms=262144"
    "memorysetup-allocator-temp-initial-block-size-main=262144"
    "memorysetup-allocator-temp-initial-block-size-worker=262144"
    "memorysetup-temp-allocator-size-background-worker=32768"
    "memorysetup-temp-allocator-size-job-worker=262144"
    "memorysetup-temp-allocator-size-preload-manager=33554432"
    "memorysetup-temp-allocator-size-nav-mesh-worker=65536"
    "memorysetup-temp-allocator-size-audio-worker=65536"
    "memorysetup-temp-allocator-size-cloud-worker=32768"
    "memorysetup-temp-allocator-size-gi-baking-worker=262144"
    "memorysetup-temp-allocator-size-gfx=262144"
Player connection [8416632192]  Target information:

Player connection [8416632192]  * "[IP] 192.168.1.54 [Port] 55504 [Flags] 2 [Guid] 1525061171 [EditorId] 1525061171 [Version] 1048832 [Id] OSXEditor(0,Mac) [Debug] 1 [PackageName] OSXEditor [ProjectName] Editor" 

Player connection [8416632192] Host joined multi-casting on [225.0.0.222:54997]...
Player connection [8416632192] Host joined alternative multi-casting on [225.0.0.222:34997]...
Input System module state changed to: Initialized.
[PhysX] Initialized MultithreadedTaskDispatcher with 10 workers.
[Package Manager] UpmClient::Connect -- Connected to IPC stream "Upm-97122" after 0.6 seconds.
[Package Manager] Restoring resolved packages state from cache
[Licensing::Client] Successfully resolved entitlement details
[Package Manager] Registered 62 packages:
  Packages from [https://packages.unity.com]:
    com.unity.collab-proxy@2.7.1 (location: /Users/ah/GitHub/hybridclr/hybridclr_demo_shadow/Library/PackageCache/com.unity.collab-proxy@2.7.1)
    com.unity.ide.rider@3.0.36 (location: /Users/ah/GitHub/hybridclr/hybridclr_demo_shadow/Library/PackageCache/com.unity.ide.rider@3.0.36)
    com.unity.ide.visualstudio@2.0.22 (location: /Users/ah/GitHub/hybridclr/hybridclr_demo_shadow/Library/PackageCache/com.unity.ide.visualstudio@2.0.22)
    com.unity.test-framework@1.1.33 (location: /Users/ah/GitHub/hybridclr/hybridclr_demo_shadow/Library/PackageCache/com.unity.test-framework@1.1.33)
    com.unity.textmeshpro@3.0.7 (location: /Users/ah/GitHub/hybridclr/hybridclr_demo_shadow/Library/PackageCache/com.unity.textmeshpro@3.0.7)
    com.unity.timeline@1.7.7 (location: /Users/ah/GitHub/hybridclr/hybridclr_demo_shadow/Library/PackageCache/com.unity.timeline@1.7.7)
    com.unity.visualscripting@1.9.4 (location: /Users/ah/GitHub/hybridclr/hybridclr_demo_shadow/Library/PackageCache/com.unity.visualscripting@1.9.4)
    com.unity.ext.nunit@1.0.6 (location: /Users/ah/GitHub/hybridclr/hybridclr_demo_shadow/Library/PackageCache/com.unity.ext.nunit@1.0.6)
    com.unity.mathematics@1.2.6 (location: /Users/ah/GitHub/hybridclr/hybridclr_demo_shadow/Library/PackageCache/com.unity.mathematics@1.2.6)
    com.unity.burst@1.8.21 (location: /Users/ah/GitHub/hybridclr/hybridclr_demo_shadow/Library/PackageCache/com.unity.burst@1.8.21)
    com.unity.2d.animation@9.2.0 (location: /Users/ah/GitHub/hybridclr/hybridclr_demo_shadow/Library/PackageCache/com.unity.2d.animation@9.2.0)
    com.unity.2d.pixel-perfect@5.1.0 (location: /Users/ah/GitHub/hybridclr/hybridclr_demo_shadow/Library/PackageCache/com.unity.2d.pixel-perfect@5.1.0)
    com.unity.2d.psdimporter@8.1.0 (location: /Users/ah/GitHub/hybridclr/hybridclr_demo_shadow/Library/PackageCache/com.unity.2d.psdimporter@8.1.0)
    com.unity.2d.spriteshape@9.1.0 (location: /Users/ah/GitHub/hybridclr/hybridclr_demo_shadow/Library/PackageCache/com.unity.2d.spriteshape@9.1.0)
    com.unity.2d.tilemap.extras@3.1.3 (location: /Users/ah/GitHub/hybridclr/hybridclr_demo_shadow/Library/PackageCache/com.unity.2d.tilemap.extras@3.1.3)
    com.unity.2d.aseprite@1.1.9 (location: /Users/ah/GitHub/hybridclr/hybridclr_demo_shadow/Library/PackageCache/com.unity.2d.aseprite@1.1.9)
    com.unity.nuget.newtonsoft-json@3.2.1 (location: /Users/ah/GitHub/hybridclr/hybridclr_demo_shadow/Library/PackageCache/com.unity.nuget.newtonsoft-json@3.2.1)
    com.unity.searcher@4.9.2 (location: /Users/ah/GitHub/hybridclr/hybridclr_demo_shadow/Library/PackageCache/com.unity.searcher@4.9.2)
    com.unity.2d.common@8.1.0 (location: /Users/ah/GitHub/hybridclr/hybridclr_demo_shadow/Library/PackageCache/com.unity.2d.common@8.1.0)
    com.unity.collections@1.2.4 (location: /Users/ah/GitHub/hybridclr/hybridclr_demo_shadow/Library/PackageCache/com.unity.collections@1.2.4)
  Built-in packages:
    com.unity.feature.2d@2.0.1 (location: /Users/ah/GitHub/hybridclr/hybridclr_demo_shadow/Library/PackageCache/com.unity.feature.2d@2.0.1)
    com.unity.render-pipelines.universal@14.0.12 (location: /Users/ah/GitHub/hybridclr/hybridclr_demo_shadow/Library/PackageCache/com.unity.render-pipelines.universal@14.0.12)
    com.unity.ugui@1.0.0 (location: /Users/ah/GitHub/hybridclr/hybridclr_demo_shadow/Library/PackageCache/com.unity.ugui@1.0.0)
    com.unity.modules.ai@1.0.0 (location: /Users/ah/GitHub/hybridclr/hybridclr_demo_shadow/Library/PackageCache/com.unity.modules.ai@1.0.0)
    com.unity.modules.androidjni@1.0.0 (location: /Users/ah/GitHub/hybridclr/hybridclr_demo_shadow/Library/PackageCache/com.unity.modules.androidjni@1.0.0)
    com.unity.modules.animation@1.0.0 (location: /Users/ah/GitHub/hybridclr/hybridclr_demo_shadow/Library/PackageCache/com.unity.modules.animation@1.0.0)
    com.unity.modules.assetbundle@1.0.0 (location: /Users/ah/GitHub/hybridclr/hybridclr_demo_shadow/Library/PackageCache/com.unity.modules.assetbundle@1.0.0)
    com.unity.modules.audio@1.0.0 (location: /Users/ah/GitHub/hybridclr/hybridclr_demo_shadow/Library/PackageCache/com.unity.modules.audio@1.0.0)
    com.unity.modules.cloth@1.0.0 (location: /Users/ah/GitHub/hybridclr/hybridclr_demo_shadow/Library/PackageCache/com.unity.modules.cloth@1.0.0)
    com.unity.modules.director@1.0.0 (location: /Users/ah/GitHub/hybridclr/hybridclr_demo_shadow/Library/PackageCache/com.unity.modules.director@1.0.0)
    com.unity.modules.imageconversion@1.0.0 (location: /Users/ah/GitHub/hybridclr/hybridclr_demo_shadow/Library/PackageCache/com.unity.modules.imageconversion@1.0.0)
    com.unity.modules.imgui@1.0.0 (location: /Users/ah/GitHub/hybridclr/hybridclr_demo_shadow/Library/PackageCache/com.unity.modules.imgui@1.0.0)
    com.unity.modules.jsonserialize@1.0.0 (location: /Users/ah/GitHub/hybridclr/hybridclr_demo_shadow/Library/PackageCache/com.unity.modules.jsonserialize@1.0.0)
    com.unity.modules.particlesystem@1.0.0 (location: /Users/ah/GitHub/hybridclr/hybridclr_demo_shadow/Library/PackageCache/com.unity.modules.particlesystem@1.0.0)
    com.unity.modules.physics@1.0.0 (location: /Users/ah/GitHub/hybridclr/hybridclr_demo_shadow/Library/PackageCache/com.unity.modules.physics@1.0.0)
    com.unity.modules.physics2d@1.0.0 (location: /Users/ah/GitHub/hybridclr/hybridclr_demo_shadow/Library/PackageCache/com.unity.modules.physics2d@1.0.0)
    com.unity.modules.screencapture@1.0.0 (location: /Users/ah/GitHub/hybridclr/hybridclr_demo_shadow/Library/PackageCache/com.unity.modules.screencapture@1.0.0)
    com.unity.modules.terrain@1.0.0 (location: /Users/ah/GitHub/hybridclr/hybridclr_demo_shadow/Library/PackageCache/com.unity.modules.terrain@1.0.0)
    com.unity.modules.terrainphysics@1.0.0 (location: /Users/ah/GitHub/hybridclr/hybridclr_demo_shadow/Library/PackageCache/com.unity.modules.terrainphysics@1.0.0)
    com.unity.modules.tilemap@1.0.0 (location: /Users/ah/GitHub/hybridclr/hybridclr_demo_shadow/Library/PackageCache/com.unity.modules.tilemap@1.0.0)
    com.unity.modules.ui@1.0.0 (location: /Users/ah/GitHub/hybridclr/hybridclr_demo_shadow/Library/PackageCache/com.unity.modules.ui@1.0.0)
    com.unity.modules.uielements@1.0.0 (location: /Users/ah/GitHub/hybridclr/hybridclr_demo_shadow/Library/PackageCache/com.unity.modules.uielements@1.0.0)
    com.unity.modules.umbra@1.0.0 (location: /Users/ah/GitHub/hybridclr/hybridclr_demo_shadow/Library/PackageCache/com.unity.modules.umbra@1.0.0)
    com.unity.modules.unityanalytics@1.0.0 (location: /Users/ah/GitHub/hybridclr/hybridclr_demo_shadow/Library/PackageCache/com.unity.modules.unityanalytics@1.0.0)
    com.unity.modules.unitywebrequest@1.0.0 (location: /Users/ah/GitHub/hybridclr/hybridclr_demo_shadow/Library/PackageCache/com.unity.modules.unitywebrequest@1.0.0)
    com.unity.modules.unitywebrequestassetbundle@1.0.0 (location: /Users/ah/GitHub/hybridclr/hybridclr_demo_shadow/Library/PackageCache/com.unity.modules.unitywebrequestassetbundle@1.0.0)
    com.unity.modules.unitywebrequestaudio@1.0.0 (location: /Users/ah/GitHub/hybridclr/hybridclr_demo_shadow/Library/PackageCache/com.unity.modules.unitywebrequestaudio@1.0.0)
    com.unity.modules.unitywebrequesttexture@1.0.0 (location: /Users/ah/GitHub/hybridclr/hybridclr_demo_shadow/Library/PackageCache/com.unity.modules.unitywebrequesttexture@1.0.0)
    com.unity.modules.unitywebrequestwww@1.0.0 (location: /Users/ah/GitHub/hybridclr/hybridclr_demo_shadow/Library/PackageCache/com.unity.modules.unitywebrequestwww@1.0.0)
    com.unity.modules.vehicles@1.0.0 (location: /Users/ah/GitHub/hybridclr/hybridclr_demo_shadow/Library/PackageCache/com.unity.modules.vehicles@1.0.0)
    com.unity.modules.video@1.0.0 (location: /Users/ah/GitHub/hybridclr/hybridclr_demo_shadow/Library/PackageCache/com.unity.modules.video@1.0.0)
    com.unity.modules.vr@1.0.0 (location: /Users/ah/GitHub/hybridclr/hybridclr_demo_shadow/Library/PackageCache/com.unity.modules.vr@1.0.0)
    com.unity.modules.wind@1.0.0 (location: /Users/ah/GitHub/hybridclr/hybridclr_demo_shadow/Library/PackageCache/com.unity.modules.wind@1.0.0)
    com.unity.modules.xr@1.0.0 (location: /Users/ah/GitHub/hybridclr/hybridclr_demo_shadow/Library/PackageCache/com.unity.modules.xr@1.0.0)
    com.unity.modules.subsystems@1.0.0 (location: /Users/ah/GitHub/hybridclr/hybridclr_demo_shadow/Library/PackageCache/com.unity.modules.subsystems@1.0.0)
    com.unity.render-pipelines.core@14.0.12 (location: /Users/ah/GitHub/hybridclr/hybridclr_demo_shadow/Library/PackageCache/com.unity.render-pipelines.core@14.0.12)
    com.unity.shadergraph@14.0.12 (location: /Users/ah/GitHub/hybridclr/hybridclr_demo_shadow/Library/PackageCache/com.unity.shadergraph@14.0.12)
    com.unity.render-pipelines.universal-config@14.0.10 (location: /Users/ah/GitHub/hybridclr/hybridclr_demo_shadow/Library/PackageCache/com.unity.render-pipelines.universal-config@14.0.10)
    com.unity.2d.sprite@1.0.0 (location: /Users/ah/GitHub/hybridclr/hybridclr_demo_shadow/Library/PackageCache/com.unity.2d.sprite@1.0.0)
    com.unity.2d.tilemap@1.0.0 (location: /Users/ah/GitHub/hybridclr/hybridclr_demo_shadow/Library/PackageCache/com.unity.2d.tilemap@1.0.0)
  Embedded packages:
    com.coplaydev.unity-mcp@file:/Users/ah/GitHub/hybridclr/hybridclr_demo_shadow/Packages/com.coplaydev.unity-mcp (location: /Users/ah/GitHub/hybridclr/hybridclr_demo_shadow/Packages/com.coplaydev.unity-mcp)
  Local packages:
    com.code-philosophy.hybridclr@file:/Users/ah/GitHub/hybridclr/hybridclr_unity (location: /Users/ah/GitHub/hybridclr/hybridclr_unity)
[Subsystems] No new subsystems found in resolved package list.
Package Manager log level set to [2]
[Package Manager] Done registering packages in 0.15 seconds
Targeting platform: StandaloneOSX
Refreshing native plugins compatible for Editor in 19.85 ms, found 7 plugins.
Preloading 0 native plugins for Editor in 0.00 ms.
Initialize engine version: 2022.3.62f2 (7670c08855a9)
[Subsystems] Discovering subsystems at path /Applications/Unity/Hub/Editor/2022.3.62f2/Unity.app/Contents/Resources/UnitySubsystems
[Subsystems] Discovering subsystems at path /Users/ah/GitHub/hybridclr/hybridclr_demo_shadow/Assets
GfxDevice: creating device client; threaded=0; jobified=0
 preferred device: Apple M4 (high power)
Metal devices available: 1
0: Apple M4 (high power)
Using device Apple M4 (high power)
Initializing Metal device caps: Apple M4
[Licensing::Client] Successfully resolved entitlement details
Initialize mono
Mono path[0] = '/Applications/Unity/Hub/Editor/2022.3.62f2/Unity.app/Contents/Managed'
Mono path[1] = '/Applications/Unity/Hub/Editor/2022.3.62f2/Unity.app/Contents/MonoBleedingEdge/lib/mono/unityjit-macos'
Mono config path = '/Applications/Unity/Hub/Editor/2022.3.62f2/Unity.app/Contents/MonoBleedingEdge/etc'
Using monoOptions --debugger-agent=transport=dt_socket,embedding=1,server=y,suspend=n,address=127.0.0.1:56122
Using cacheserver namespaces - metadata:defaultmetadata, artifacts:defaultartifacts
Using cacheserver namespaces - metadata:defaultmetadata, artifacts:defaultartifacts
ImportWorker Server TCP listen port: 0
Begin MonoManager ReloadAssembly
Registering precompiled unity dll's ...
Register platform support module: /Applications/Unity/Hub/Editor/2022.3.62f2/Unity.app/Contents/PlaybackEngines/MacStandaloneSupport/UnityEditor.OSXStandalone.Extensions.dll
[Licensing::Client] Successfully resolved entitlement details
Register platform support module: /Applications/Unity/Hub/Editor/2022.3.62f2/PlaybackEngines/AndroidPlayer/UnityEditor.Android.Extensions.dll
[Licensing::Client] Successfully resolved entitlement details
Register platform support module: /Applications/Unity/Hub/Editor/2022.3.62f2/PlaybackEngines/iOSSupport/UnityEditor.iOS.Extensions.dll
Registered in 0.024161 seconds.
- Loaded All Assemblies, in  0.308 seconds
[usbmuxd] Start listen thread
[usbmuxd] Listen thread started
[usbmuxd] Send listen message
Native extension for iOS target not found
Native extension for Android target not found
Android Extension - Scanning For ADB Devices 182 ms
Native extension for OSXStandalone target not found
Mono: successfully reloaded assembly
- Finished resetting the current domain, in  0.478 seconds
Domain Reload Profiling: 787ms
	BeginReloadAssembly (85ms)
		ExecutionOrderSort (0ms)
		DisableScriptedObjects (0ms)
		BackupInstance (0ms)
		ReleaseScriptingObjects (0ms)
		CreateAndSetChildDomain (1ms)
	RebuildCommonClasses (29ms)
	RebuildNativeTypeToScriptingClass (9ms)
	initialDomainReloadingComplete (60ms)
	LoadAllAssembliesAndSetupDomain (125ms)
		LoadAssemblies (86ms)
		RebuildTransferFunctionScriptingTraits (0ms)
		AnalyzeDomain (121ms)
			TypeCache.Refresh (120ms)
				TypeCache.ScanAssembly (109ms)
			ScanForSourceGeneratedMonoScriptInfo (0ms)
			ResolveRequiredComponents (1ms)
	FinalizeReload (478ms)
		ReleaseScriptCaches (0ms)
		RebuildScriptCaches (0ms)
		SetupLoadedEditorAssemblies (440ms)
			LogAssemblyErrors (0ms)
			InitializePlatformSupportModulesInManaged (322ms)
			SetLoadedEditorAssemblies (4ms)
			RefreshPlugins (0ms)
			BeforeProcessingInitializeOnLoad (2ms)
			ProcessInitializeOnLoadAttributes (81ms)
			ProcessInitializeOnLoadMethodAttributes (32ms)
			AfterProcessingInitializeOnLoad (0ms)
			EditorAssembliesLoaded (0ms)
		ExecutionOrderSort2 (0ms)
		AwakeInstancesAfterBackupRestoration (0ms)
[Licensing::Client] Successfully resolved entitlement details
Application.AssetDatabase Initial Refresh Start
[40m[32minfo[39m[22m[49m: Microsoft.Hosting.Lifetime[14]
      Now listening on: http://unix:/tmp/ilpp.sock-6bfb419590cbbc64989d39d95a4e287a
[40m[32minfo[39m[22m[49m: Microsoft.Hosting.Lifetime[0]
      Application started. Press Ctrl+C to shut down.
[40m[32minfo[39m[22m[49m: Microsoft.Hosting.Lifetime[0]
      Hosting environment: Production
[40m[32minfo[39m[22m[49m: Microsoft.Hosting.Lifetime[0]
      Content root path: /Users/ah/GitHub/hybridclr/hybridclr_demo_shadow/
[40m[32minfo[39m[22m[49m: Microsoft.AspNetCore.Hosting.Diagnostics[1]
      Request starting HTTP/2 POST http://ilpp/UnityILPP.PostProcessing/Ping application/grpc -
[40m[32minfo[39m[22m[49m: Microsoft.AspNetCore.Routing.EndpointMiddleware[0]
      Executing endpoint 'gRPC - /UnityILPP.PostProcessing/Ping'
[40m[32minfo[39m[22m[49m: Microsoft.AspNetCore.Routing.EndpointMiddleware[1]
      Executed endpoint 'gRPC - /UnityILPP.PostProcessing/Ping'
[40m[32minfo[39m[22m[49m: Microsoft.AspNetCore.Hosting.Diagnostics[2]
      Request finished HTTP/2 POST http://ilpp/UnityILPP.PostProcessing/Ping application/grpc - - 200 - application/grpc 42.1755ms
Starting: /Applications/Unity/Hub/Editor/2022.3.62f2/Unity.app/Contents/bee_backend --ipc --defer-dag-verification --dagfile="Library/Bee/200b0aE.dag" --continue-on-failure --profile="Library/Bee/backend1.traceevents" ScriptAssemblies
WorkingDir: /Users/ah/GitHub/hybridclr/hybridclr_demo_shadow
ExitCode: 4 Duration: 0s29ms
[             ] Require frontend run.  Library/Bee/200b0aE.dag couldn't be loaded
DisplayProgressbar: Compiling Scripts
Starting: /Applications/Unity/Hub/Editor/2022.3.62f2/Unity.app/Contents/Tools/netcorerun/netcorerun "/Applications/Unity/Hub/Editor/2022.3.62f2/Unity.app/Contents/Tools/BuildPipeline/ScriptCompilationBuildProgram.exe" "Library/Bee/200b0aE.dag.json" "Library/Bee/200b0aE-inputdata.json" "Library/Bee/buildprogram0.traceevents"
WorkingDir: /Users/ah/GitHub/hybridclr/hybridclr_demo_shadow
ExitCode: 0 Duration: 0s943ms
Starting: /Applications/Unity/Hub/Editor/2022.3.62f2/Unity.app/Contents/bee_backend --ipc --defer-dag-verification --dagfile="Library/Bee/200b0aE.dag" --continue-on-failure --dagfilejson="Library/Bee/200b0aE.dag.json" --profile="Library/Bee/backend2.traceevents" ScriptAssemblies
WorkingDir: /Users/ah/GitHub/hybridclr/hybridclr_demo_shadow
[40m[32minfo[39m[22m[49m: Microsoft.AspNetCore.Hosting.Diagnostics[1]
      Request starting HTTP/2 POST http://ilpp/UnityILPP.PostProcessing/ConfigurePostProcessors application/grpc -
[40m[32minfo[39m[22m[49m: Microsoft.AspNetCore.Routing.EndpointMiddleware[0]
      Executing endpoint 'gRPC - /UnityILPP.PostProcessing/ConfigurePostProcessors'
[40m[1m[33mwarn[39m[22m[49m: Unity.ILPP.Runner.PostProcessingAssemblyLoadContext[0]
      Assembly unityeditor.ios.extensions.xcode has duplicate hint path. Ignoring "/Applications/Unity/Hub/Editor/2022.3.62f2/Unity.app/Contents/PlaybackEngines/MacStandaloneSupport/UnityEditor.iOS.Extensions.Xcode.dll" in favor of "/Applications/Unity/Hub/Editor/2022.3.62f2/PlaybackEngines/iOSSupport/UnityEditor.iOS.Extensions.Xcode.dll"
[40m[1m[33mwarn[39m[22m[49m: Unity.ILPP.Runner.PostProcessingAssemblyLoadContext[0]
      Assembly system.componentmodel.composition has duplicate hint path. Ignoring "/Applications/Unity/Hub/Editor/2022.3.62f2/Unity.app/Contents/NetStandard/compat/2.1.0/shims/netfx/System.ComponentModel.Composition.dll" in favor of "/Applications/Unity/Hub/Editor/2022.3.62f2/Unity.app/Contents/UnityReferenceAssemblies/unity-4.8-api/System.ComponentModel.Composition.dll"
[40m[1m[33mwarn[39m[22m[49m: Unity.ILPP.Runner.PostProcessingAssemblyLoadContext[0]
      Assembly system.runtime.interopservices.windowsruntime has duplicate hint path. Ignoring "/Applications/Unity/Hub/Editor/2022.3.62f2/Unity.app/Contents/NetStandard/Extensions/2.0.0/System.Runtime.InteropServices.WindowsRuntime.dll" in favor of "/Applications/Unity/Hub/Editor/2022.3.62f2/Unity.app/Contents/UnityReferenceAssemblies/unity-4.8-api/Facades/System.Runtime.InteropServices.WindowsRuntime.dll"
[40m[32minfo[39m[22m[49m: Unity.ILPP.Runner.PostProcessingAssemblyLoadContext[0]
      Resolved Unity.Burst.Cecil, Version=0.11.4.0, Culture=neutral, PublicKeyToken=50cebf1cceb9d05e with Library/PackageCache/com.unity.burst@1.8.21/Unity.Burst.CodeGen/Unity.Burst.Cecil.dll
[40m[32minfo[39m[22m[49m: Microsoft.AspNetCore.Routing.EndpointMiddleware[1]
      Executed endpoint 'gRPC - /UnityILPP.PostProcessing/ConfigurePostProcessors'
[40m[32minfo[39m[22m[49m: Microsoft.AspNetCore.Hosting.Diagnostics[2]
      Request finished HTTP/2 POST http://ilpp/UnityILPP.PostProcessing/ConfigurePostProcessors application/grpc - - 200 - application/grpc 27.5027ms
[40m[32minfo[39m[22m[49m: Microsoft.AspNetCore.Hosting.Diagnostics[1]
      Request starting HTTP/2 POST http://ilpp/UnityILPP.PostProcessing/PostProcessAssembly application/grpc -
[40m[32minfo[39m[22m[49m: Microsoft.AspNetCore.Routing.EndpointMiddleware[0]
      Executing endpoint 'gRPC - /UnityILPP.PostProcessing/PostProcessAssembly'
[40m[32minfo[39m[22m[49m: Microsoft.AspNetCore.Hosting.Diagnostics[1]
      Request starting HTTP/2 POST http://ilpp/UnityILPP.PostProcessing/PostProcessAssembly application/grpc -
[40m[32minfo[39m[22m[49m: Microsoft.AspNetCore.Routing.EndpointMiddleware[0]
      Executing endpoint 'gRPC - /UnityILPP.PostProcessing/PostProcessAssembly'
[40m[32minfo[39m[22m[49m: Unity.ILPP.Runner.PostProcessingPipeline[0]
      Processing assembly Library/Bee/artifacts/200b0aE.dag/Unity.2D.Tilemap.Extras.dll, with 117 defines and 229 references
[40m[32minfo[39m[22m[49m: Unity.ILPP.Runner.PostProcessingPipeline[0]
      processors: HybridCLR.AssemblyShadow.CodeGen.ReflectionBindingsILPostProcessor, zzzUnity.Burst.CodeGen.BurstILPostProcessor
[40m[32minfo[39m[22m[49m: Unity.ILPP.Runner.PostProcessingPipeline[0]
      running HybridCLR.AssemblyShadow.CodeGen.ReflectionBindingsILPostProcessor
[40m[32minfo[39m[22m[49m: Unity.ILPP.Runner.PostProcessingPipeline[0]
      Processing assembly Library/Bee/artifacts/200b0aE.dag/Unity.VisualScripting.State.dll, with 117 defines and 231 references
[40m[32minfo[39m[22m[49m: Unity.ILPP.Runner.PostProcessingPipeline[0]
      processors: HybridCLR.AssemblyShadow.CodeGen.ReflectionBindingsILPostProcessor, zzzUnity.Burst.CodeGen.BurstILPostProcessor
[40m[32minfo[39m[22m[49m: Unity.ILPP.Runner.PostProcessingPipeline[0]
      running HybridCLR.AssemblyShadow.CodeGen.ReflectionBindingsILPostProcessor
[40m[32minfo[39m[22m[49m: Unity.ILPP.Runner.PostProcessingPipeline[0]
      running zzzUnity.Burst.CodeGen.BurstILPostProcessor
[40m[32minfo[39m[22m[49m: Unity.ILPP.Runner.PostProcessingPipeline[0]
      running zzzUnity.Burst.CodeGen.BurstILPostProcessor
[40m[32minfo[39m[22m[49m: Microsoft.AspNetCore.Routing.EndpointMiddleware[1]
      Executed endpoint 'gRPC - /UnityILPP.PostProcessing/PostProcessAssembly'
[40m[32minfo[39m[22m[49m: Microsoft.AspNetCore.Routing.EndpointMiddleware[1]
      Executed endpoint 'gRPC - /UnityILPP.PostProcessing/PostProcessAssembly'
[40m[32minfo[39m[22m[49m: Microsoft.AspNetCore.Hosting.Diagnostics[2]
      Request finished HTTP/2 POST http://ilpp/UnityILPP.PostProcessing/PostProcessAssembly application/grpc - - 200 - application/grpc 16.2106ms
[40m[32minfo[39m[22m[49m: Microsoft.AspNetCore.Hosting.Diagnostics[2]
      Request finished HTTP/2 POST http://ilpp/UnityILPP.PostProcessing/PostProcessAssembly application/grpc - - 200 - application/grpc 19.9116ms
[40m[32minfo[39m[22m[49m: Microsoft.AspNetCore.Hosting.Diagnostics[1]
      Request starting HTTP/2 POST http://ilpp/UnityILPP.PostProcessing/PostProcessAssembly application/grpc -
[40m[32minfo[39m[22m[49m: Microsoft.AspNetCore.Routing.EndpointMiddleware[0]
      Executing endpoint 'gRPC - /UnityILPP.PostProcessing/PostProcessAssembly'
[40m[32minfo[39m[22m[49m: Unity.ILPP.Runner.PostProcessingPipeline[0]
      Processing assembly Library/Bee/artifacts/200b0aE.dag/AssemblyShadowDemo.ExtensibilityConsumer.dll, with 117 defines and 231 references
[40m[32minfo[39m[22m[49m: Unity.ILPP.Runner.PostProcessingPipeline[0]
      processors: HybridCLR.AssemblyShadow.CodeGen.ReflectionBindingsILPostProcessor, zzzUnity.Burst.CodeGen.BurstILPostProcessor
[40m[32minfo[39m[22m[49m: Unity.ILPP.Runner.PostProcessingPipeline[0]
      running HybridCLR.AssemblyShadow.CodeGen.ReflectionBindingsILPostProcessor
[40m[32minfo[39m[22m[49m: Unity.ILPP.Runner.PostProcessingPipeline[0]
      running zzzUnity.Burst.CodeGen.BurstILPostProcessor
[40m[32minfo[39m[22m[49m: Microsoft.AspNetCore.Routing.EndpointMiddleware[1]
      Executed endpoint 'gRPC - /UnityILPP.PostProcessing/PostProcessAssembly'
[40m[32minfo[39m[22m[49m: Microsoft.AspNetCore.Hosting.Diagnostics[2]
      Request finished HTTP/2 POST http://ilpp/UnityILPP.PostProcessing/PostProcessAssembly application/grpc - - 200 - application/grpc 1.6222ms
[40m[32minfo[39m[22m[49m: Microsoft.AspNetCore.Hosting.Diagnostics[1]
      Request starting HTTP/2 POST http://ilpp/UnityILPP.PostProcessing/PostProcessAssembly application/grpc -
[40m[32minfo[39m[22m[49m: Microsoft.AspNetCore.Routing.EndpointMiddleware[0]
      Executing endpoint 'gRPC - /UnityILPP.PostProcessing/PostProcessAssembly'
[40m[32minfo[39m[22m[49m: Unity.ILPP.Runner.PostProcessingPipeline[0]
      Processing assembly Library/Bee/artifacts/200b0aE.dag/AssemblyA.Implementation.Internal.dll, with 117 defines and 231 references
[40m[32minfo[39m[22m[49m: Unity.ILPP.Runner.PostProcessingPipeline[0]
      processors: HybridCLR.AssemblyShadow.CodeGen.ReflectionBindingsILPostProcessor, zzzUnity.Burst.CodeGen.BurstILPostProcessor
[40m[32minfo[39m[22m[49m: Unity.ILPP.Runner.PostProcessingPipeline[0]
      running HybridCLR.AssemblyShadow.CodeGen.ReflectionBindingsILPostProcessor
[40m[32minfo[39m[22m[49m: Unity.ILPP.Runner.PostProcessingPipeline[0]
      running zzzUnity.Burst.CodeGen.BurstILPostProcessor
[40m[32minfo[39m[22m[49m: Microsoft.AspNetCore.Routing.EndpointMiddleware[1]
      Executed endpoint 'gRPC - /UnityILPP.PostProcessing/PostProcessAssembly'
[40m[32minfo[39m[22m[49m: Microsoft.AspNetCore.Hosting.Diagnostics[2]
      Request finished HTTP/2 POST http://ilpp/UnityILPP.PostProcessing/PostProcessAssembly application/grpc - - 200 - application/grpc 3.9212ms
[40m[32minfo[39m[22m[49m: Microsoft.AspNetCore.Hosting.Diagnostics[1]
      Request starting HTTP/2 POST http://ilpp/UnityILPP.PostProcessing/PostProcessAssembly application/grpc -
[40m[32minfo[39m[22m[49m: Microsoft.AspNetCore.Routing.EndpointMiddleware[0]
      Executing endpoint 'gRPC - /UnityILPP.PostProcessing/PostProcessAssembly'
[40m[32minfo[39m[22m[49m: Unity.ILPP.Runner.PostProcessingPipeline[0]
      Processing assembly Library/Bee/artifacts/200b0aE.dag/AssemblyShadowDemo.M06RuntimeTests.dll, with 117 defines and 219 references
[40m[32minfo[39m[22m[49m: Unity.ILPP.Runner.PostProcessingPipeline[0]
      processors: HybridCLR.AssemblyShadow.CodeGen.ReflectionBindingsILPostProcessor, zzzUnity.Burst.CodeGen.BurstILPostProcessor
[40m[32minfo[39m[22m[49m: Unity.ILPP.Runner.PostProcessingPipeline[0]
      running HybridCLR.AssemblyShadow.CodeGen.ReflectionBindingsILPostProcessor
[40m[32minfo[39m[22m[49m: Unity.ILPP.Runner.PostProcessingPipeline[0]
      running zzzUnity.Burst.CodeGen.BurstILPostProcessor
[40m[32minfo[39m[22m[49m: Microsoft.AspNetCore.Routing.EndpointMiddleware[1]
      Executed endpoint 'gRPC - /UnityILPP.PostProcessing/PostProcessAssembly'
[40m[32minfo[39m[22m[49m: Microsoft.AspNetCore.Hosting.Diagnostics[2]
      Request finished HTTP/2 POST http://ilpp/UnityILPP.PostProcessing/PostProcessAssembly application/grpc - - 200 - application/grpc 15.8155ms
[40m[32minfo[39m[22m[49m: Microsoft.AspNetCore.Hosting.Diagnostics[1]
      Request starting HTTP/2 POST http://ilpp/UnityILPP.PostProcessing/PostProcessAssembly application/grpc -
[40m[32minfo[39m[22m[49m: Microsoft.AspNetCore.Routing.EndpointMiddleware[0]
      Executing endpoint 'gRPC - /UnityILPP.PostProcessing/PostProcessAssembly'
[40m[32minfo[39m[22m[49m: Unity.ILPP.Runner.PostProcessingPipeline[0]
      Processing assembly Library/Bee/artifacts/200b0aE.dag/UnityEngine.UI.dll, with 122 defines and 227 references
[40m[32minfo[39m[22m[49m: Unity.ILPP.Runner.PostProcessingPipeline[0]
      processors: HybridCLR.AssemblyShadow.CodeGen.ReflectionBindingsILPostProcessor, zzzUnity.Burst.CodeGen.BurstILPostProcessor
[40m[32minfo[39m[22m[49m: Unity.ILPP.Runner.PostProcessingPipeline[0]
      running HybridCLR.AssemblyShadow.CodeGen.ReflectionBindingsILPostProcessor
[40m[32minfo[39m[22m[49m: Unity.ILPP.Runner.PostProcessingPipeline[0]
      running zzzUnity.Burst.CodeGen.BurstILPostProcessor
[40m[32minfo[39m[22m[49m: Microsoft.AspNetCore.Routing.EndpointMiddleware[1]
      Executed endpoint 'gRPC - /UnityILPP.PostProcessing/PostProcessAssembly'
[40m[32minfo[39m[22m[49m: Microsoft.AspNetCore.Hosting.Diagnostics[2]
      Request finished HTTP/2 POST http://ilpp/UnityILPP.PostProcessing/PostProcessAssembly application/grpc - - 200 - application/grpc 11.7495ms
[40m[32minfo[39m[22m[49m: Microsoft.AspNetCore.Hosting.Diagnostics[1]
      Request starting HTTP/2 POST http://ilpp/UnityILPP.PostProcessing/PostProcessAssembly application/grpc -
[40m[32minfo[39m[22m[49m: Microsoft.AspNetCore.Routing.EndpointMiddleware[0]
      Executing endpoint 'gRPC - /UnityILPP.PostProcessing/PostProcessAssembly'
[40m[32minfo[39m[22m[49m: Unity.ILPP.Runner.PostProcessingPipeline[0]
      Processing assembly Library/Bee/artifacts/200b0aE.dag/HybridCLR.Runtime.dll, with 117 defines and 229 references
[40m[32minfo[39m[22m[49m: Unity.ILPP.Runner.PostProcessingPipeline[0]
      processors: HybridCLR.AssemblyShadow.CodeGen.ReflectionBindingsILPostProcessor, zzzUnity.Burst.CodeGen.BurstILPostProcessor
[40m[32minfo[39m[22m[49m: Unity.ILPP.Runner.PostProcessingPipeline[0]
      running HybridCLR.AssemblyShadow.CodeGen.ReflectionBindingsILPostProcessor
[40m[32minfo[39m[22m[49m: Unity.ILPP.Runner.PostProcessingPipeline[0]
      running zzzUnity.Burst.CodeGen.BurstILPostProcessor
[40m[32minfo[39m[22m[49m: Microsoft.AspNetCore.Routing.EndpointMiddleware[1]
      Executed endpoint 'gRPC - /UnityILPP.PostProcessing/PostProcessAssembly'
[40m[32minfo[39m[22m[49m: Microsoft.AspNetCore.Hosting.Diagnostics[2]
      Request finished HTTP/2 POST http://ilpp/UnityILPP.PostProcessing/PostProcessAssembly application/grpc - - 200 - application/grpc 2.1684ms
[40m[32minfo[39m[22m[49m: Microsoft.AspNetCore.Hosting.Diagnostics[1]
      Request starting HTTP/2 POST http://ilpp/UnityILPP.PostProcessing/PostProcessAssembly application/grpc -
[40m[32minfo[39m[22m[49m: Microsoft.AspNetCore.Routing.EndpointMiddleware[0]
      Executing endpoint 'gRPC - /UnityILPP.PostProcessing/PostProcessAssembly'
[40m[32minfo[39m[22m[49m: Unity.ILPP.Runner.PostProcessingPipeline[0]
      Processing assembly Library/Bee/artifacts/200b0aE.dag/Unity.RenderPipelines.Core.Runtime.dll, with 119 defines and 229 references
[40m[32minfo[39m[22m[49m: Unity.ILPP.Runner.PostProcessingPipeline[0]
      processors: HybridCLR.AssemblyShadow.CodeGen.ReflectionBindingsILPostProcessor, zzzUnity.Burst.CodeGen.BurstILPostProcessor
[40m[32minfo[39m[22m[49m: Unity.ILPP.Runner.PostProcessingPipeline[0]
      running HybridCLR.AssemblyShadow.CodeGen.ReflectionBindingsILPostProcessor
[40m[32minfo[39m[22m[49m: Unity.ILPP.Runner.PostProcessingPipeline[0]
      running zzzUnity.Burst.CodeGen.BurstILPostProcessor
[40m[32minfo[39m[22m[49m: Microsoft.AspNetCore.Routing.EndpointMiddleware[1]
      Executed endpoint 'gRPC - /UnityILPP.PostProcessing/PostProcessAssembly'
[40m[32minfo[39m[22m[49m: Microsoft.AspNetCore.Hosting.Diagnostics[2]
      Request finished HTTP/2 POST http://ilpp/UnityILPP.PostProcessing/PostProcessAssembly application/grpc - - 200 - application/grpc 2.8047ms
[40m[32minfo[39m[22m[49m: Microsoft.AspNetCore.Hosting.Diagnostics[1]
      Request starting HTTP/2 POST http://ilpp/UnityILPP.PostProcessing/PostProcessAssembly application/grpc -
[40m[32minfo[39m[22m[49m: Microsoft.AspNetCore.Routing.EndpointMiddleware[0]
      Executing endpoint 'gRPC - /UnityILPP.PostProcessing/PostProcessAssembly'
[40m[32minfo[39m[22m[49m: Microsoft.AspNetCore.Hosting.Diagnostics[1]
      Request starting HTTP/2 POST http://ilpp/UnityILPP.PostProcessing/PostProcessAssembly application/grpc -
[40m[32minfo[39m[22m[49m: Microsoft.AspNetCore.Routing.EndpointMiddleware[0]
      Executing endpoint 'gRPC - /UnityILPP.PostProcessing/PostProcessAssembly'
[40m[32minfo[39m[22m[49m: Unity.ILPP.Runner.PostProcessingPipeline[0]
      Processing assembly Library/Bee/artifacts/200b0aE.dag/Unity.2D.IK.Runtime.dll, with 117 defines and 230 references
[40m[32minfo[39m[22m[49m: Unity.ILPP.Runner.PostProcessingPipeline[0]
      processors: HybridCLR.AssemblyShadow.CodeGen.ReflectionBindingsILPostProcessor, zzzUnity.Burst.CodeGen.BurstILPostProcessor
[40m[32minfo[39m[22m[49m: Unity.ILPP.Runner.PostProcessingPipeline[0]
      Processing assembly Library/Bee/artifacts/200b0aE.dag/AssemblyShadowBaseline.Aot.dll, with 117 defines and 230 references
[40m[32minfo[39m[22m[49m: Unity.ILPP.Runner.PostProcessingPipeline[0]
      processors: HybridCLR.AssemblyShadow.CodeGen.ReflectionBindingsILPostProcessor, zzzUnity.Burst.CodeGen.BurstILPostProcessor
[40m[32minfo[39m[22m[49m: Unity.ILPP.Runner.PostProcessingPipeline[0]
      running HybridCLR.AssemblyShadow.CodeGen.ReflectionBindingsILPostProcessor
[40m[32minfo[39m[22m[49m: Unity.ILPP.Runner.PostProcessingPipeline[0]
      running zzzUnity.Burst.CodeGen.BurstILPostProcessor
[40m[32minfo[39m[22m[49m: Unity.ILPP.Runner.PostProcessingPipeline[0]
      running HybridCLR.AssemblyShadow.CodeGen.ReflectionBindingsILPostProcessor
[40m[32minfo[39m[22m[49m: Unity.ILPP.Runner.PostProcessingPipeline[0]
      running zzzUnity.Burst.CodeGen.BurstILPostProcessor
[40m[32minfo[39m[22m[49m: Microsoft.AspNetCore.Routing.EndpointMiddleware[1]
      Executed endpoint 'gRPC - /UnityILPP.PostProcessing/PostProcessAssembly'
[40m[32minfo[39m[22m[49m: Microsoft.AspNetCore.Routing.EndpointMiddleware[1]
      Executed endpoint 'gRPC - /UnityILPP.PostProcessing/PostProcessAssembly'
[40m[32minfo[39m[22m[49m: Microsoft.AspNetCore.Hosting.Diagnostics[2]
      Request finished HTTP/2 POST http://ilpp/UnityILPP.PostProcessing/PostProcessAssembly application/grpc - - 200 - application/grpc 11.8243ms
[40m[32minfo[39m[22m[49m: Microsoft.AspNetCore.Hosting.Diagnostics[2]
      Request finished HTTP/2 POST http://ilpp/UnityILPP.PostProcessing/PostProcessAssembly application/grpc - - 200 - application/grpc 11.3237ms
[40m[32minfo[39m[22m[49m: Microsoft.AspNetCore.Hosting.Diagnostics[1]
      Request starting HTTP/2 POST http://ilpp/UnityILPP.PostProcessing/PostProcessAssembly application/grpc -
[40m[32minfo[39m[22m[49m: Microsoft.AspNetCore.Routing.EndpointMiddleware[0]
      Executing endpoint 'gRPC - /UnityILPP.PostProcessing/PostProcessAssembly'
[40m[32minfo[39m[22m[49m: Unity.ILPP.Runner.PostProcessingPipeline[0]
      Processing assembly Library/Bee/artifacts/200b0aE.dag/Assembly-CSharp.dll, with 117 defines and 275 references
[40m[32minfo[39m[22m[49m: Unity.ILPP.Runner.PostProcessingPipeline[0]
      processors: HybridCLR.AssemblyShadow.CodeGen.ReflectionBindingsILPostProcessor, zzzUnity.Burst.CodeGen.BurstILPostProcessor
[40m[32minfo[39m[22m[49m: Unity.ILPP.Runner.PostProcessingPipeline[0]
      running HybridCLR.AssemblyShadow.CodeGen.ReflectionBindingsILPostProcessor
[40m[32minfo[39m[22m[49m: Unity.ILPP.Runner.PostProcessingPipeline[0]
      running zzzUnity.Burst.CodeGen.BurstILPostProcessor
[40m[32minfo[39m[22m[49m: Microsoft.AspNetCore.Hosting.Diagnostics[1]
      Request starting HTTP/2 POST http://ilpp/UnityILPP.PostProcessing/PostProcessAssembly application/grpc -
[40m[32minfo[39m[22m[49m: Microsoft.AspNetCore.Routing.EndpointMiddleware[0]
      Executing endpoint 'gRPC - /UnityILPP.PostProcessing/PostProcessAssembly'
[40m[32minfo[39m[22m[49m: Unity.ILPP.Runner.PostProcessingPipeline[0]
      Processing assembly Library/Bee/artifacts/200b0aE.dag/AssemblyA.Implementation.Extensibility.dll, with 117 defines and 230 references
[40m[32minfo[39m[22m[49m: Unity.ILPP.Runner.PostProcessingPipeline[0]
      processors: HybridCLR.AssemblyShadow.CodeGen.ReflectionBindingsILPostProcessor, zzzUnity.Burst.CodeGen.BurstILPostProcessor
[40m[32minfo[39m[22m[49m: Unity.ILPP.Runner.PostProcessingPipeline[0]
      running HybridCLR.AssemblyShadow.CodeGen.ReflectionBindingsILPostProcessor
[40m[32minfo[39m[22m[49m: Unity.ILPP.Runner.PostProcessingPipeline[0]
      running zzzUnity.Burst.CodeGen.BurstILPostProcessor
[40m[32minfo[39m[22m[49m: Microsoft.AspNetCore.Routing.EndpointMiddleware[1]
      Executed endpoint 'gRPC - /UnityILPP.PostProcessing/PostProcessAssembly'
[40m[32minfo[39m[22m[49m: Microsoft.AspNetCore.Hosting.Diagnostics[2]
      Request finished HTTP/2 POST http://ilpp/UnityILPP.PostProcessing/PostProcessAssembly application/grpc - - 200 - application/grpc 4.2417ms
[40m[32minfo[39m[22m[49m: Microsoft.AspNetCore.Hosting.Diagnostics[1]
      Request starting HTTP/2 POST http://ilpp/UnityILPP.PostProcessing/PostProcessAssembly application/grpc -
[40m[32minfo[39m[22m[49m: Microsoft.AspNetCore.Routing.EndpointMiddleware[0]
      Executing endpoint 'gRPC - /UnityILPP.PostProcessing/PostProcessAssembly'
[40m[32minfo[39m[22m[49m: Microsoft.AspNetCore.Hosting.Diagnostics[1]
      Request starting HTTP/2 POST http://ilpp/UnityILPP.PostProcessing/PostProcessAssembly application/grpc -
[40m[32minfo[39m[22m[49m: Microsoft.AspNetCore.Routing.EndpointMiddleware[0]
      Executing endpoint 'gRPC - /UnityILPP.PostProcessing/PostProcessAssembly'
[40m[32minfo[39m[22m[49m: Unity.ILPP.Runner.PostProcessingAssemblyLoadContext[0]
      Resolved Unity.Burst.Cecil.Rocks, Version=0.11.4.0, Culture=neutral, PublicKeyToken=50cebf1cceb9d05e with Library/PackageCache/com.unity.burst@1.8.21/Unity.Burst.CodeGen/Unity.Burst.Cecil.Rocks.dll
[40m[32minfo[39m[22m[49m: Unity.ILPP.Runner.PostProcessingPipeline[0]
      Processing assembly Library/Bee/artifacts/200b0aE.dag/Unity.RenderPipelines.Universal.Config.Runtime.dll, with 117 defines and 230 references
[40m[32minfo[39m[22m[49m: Unity.ILPP.Runner.PostProcessingPipeline[0]
      processors: HybridCLR.AssemblyShadow.CodeGen.ReflectionBindingsILPostProcessor, zzzUnity.Burst.CodeGen.BurstILPostProcessor
[40m[32minfo[39m[22m[49m: Unity.ILPP.Runner.PostProcessingPipeline[0]
      running HybridCLR.AssemblyShadow.CodeGen.ReflectionBindingsILPostProcessor
[40m[32minfo[39m[22m[49m: Unity.ILPP.Runner.PostProcessingPipeline[0]
      running zzzUnity.Burst.CodeGen.BurstILPostProcessor
[40m[32minfo[39m[22m[49m: Microsoft.AspNetCore.Routing.EndpointMiddleware[1]
      Executed endpoint 'gRPC - /UnityILPP.PostProcessing/PostProcessAssembly'
[40m[32minfo[39m[22m[49m: Microsoft.AspNetCore.Hosting.Diagnostics[2]
      Request finished HTTP/2 POST http://ilpp/UnityILPP.PostProcessing/PostProcessAssembly application/grpc - - 200 - application/grpc 7.6146ms
[40m[32minfo[39m[22m[49m: Unity.ILPP.Runner.PostProcessingPipeline[0]
      Processing assembly Library/Bee/artifacts/200b0aE.dag/Unity.TextMeshPro.dll, with 118 defines and 229 references
[40m[32minfo[39m[22m[49m: Unity.ILPP.Runner.PostProcessingPipeline[0]
      processors: HybridCLR.AssemblyShadow.CodeGen.ReflectionBindingsILPostProcessor, zzzUnity.Burst.CodeGen.BurstILPostProcessor
[40m[32minfo[39m[22m[49m: Unity.ILPP.Runner.PostProcessingPipeline[0]
      running HybridCLR.AssemblyShadow.CodeGen.ReflectionBindingsILPostProcessor
[40m[32minfo[39m[22m[49m: Unity.ILPP.Runner.PostProcessingPipeline[0]
      running zzzUnity.Burst.CodeGen.BurstILPostProcessor
[40m[32minfo[39m[22m[49m: Microsoft.AspNetCore.Hosting.Diagnostics[1]
      Request starting HTTP/2 POST http://ilpp/UnityILPP.PostProcessing/PostProcessAssembly application/grpc -
[40m[32minfo[39m[22m[49m: Microsoft.AspNetCore.Routing.EndpointMiddleware[0]
      Executing endpoint 'gRPC - /UnityILPP.PostProcessing/PostProcessAssembly'
[40m[32minfo[39m[22m[49m: Microsoft.AspNetCore.Routing.EndpointMiddleware[1]
      Executed endpoint 'gRPC - /UnityILPP.PostProcessing/PostProcessAssembly'
[40m[32minfo[39m[22m[49m: Microsoft.AspNetCore.Hosting.Diagnostics[2]
      Request finished HTTP/2 POST http://ilpp/UnityILPP.PostProcessing/PostProcessAssembly application/grpc - - 200 - application/grpc 16.8033ms
[40m[32minfo[39m[22m[49m: Unity.ILPP.Runner.PostProcessingPipeline[0]
      Processing assembly Library/Bee/artifacts/200b0aE.dag/AssemblyShadowBaseline.HotUpdate.dll, with 117 defines and 140 references
[40m[32minfo[39m[22m[49m: Unity.ILPP.Runner.PostProcessingPipeline[0]
      processors: HybridCLR.AssemblyShadow.CodeGen.ReflectionBindingsILPostProcessor, zzzUnity.Burst.CodeGen.BurstILPostProcessor
[40m[32minfo[39m[22m[49m: Unity.ILPP.Runner.PostProcessingPipeline[0]
      running HybridCLR.AssemblyShadow.CodeGen.ReflectionBindingsILPostProcessor
[40m[32minfo[39m[22m[49m: Unity.ILPP.Runner.PostProcessingPipeline[0]
      running zzzUnity.Burst.CodeGen.BurstILPostProcessor
[40m[32minfo[39m[22m[49m: Microsoft.AspNetCore.Routing.EndpointMiddleware[1]
      Executed endpoint 'gRPC - /UnityILPP.PostProcessing/PostProcessAssembly'
[40m[32minfo[39m[22m[49m: Microsoft.AspNetCore.Hosting.Diagnostics[2]
      Request finished HTTP/2 POST http://ilpp/UnityILPP.PostProcessing/PostProcessAssembly application/grpc - - 200 - application/grpc 9.1574ms
[40m[32minfo[39m[22m[49m: Microsoft.AspNetCore.Hosting.Diagnostics[1]
      Request starting HTTP/2 POST http://ilpp/UnityILPP.PostProcessing/PostProcessAssembly application/grpc -
[40m[32minfo[39m[22m[49m: Microsoft.AspNetCore.Routing.EndpointMiddleware[0]
      Executing endpoint 'gRPC - /UnityILPP.PostProcessing/PostProcessAssembly'
[40m[32minfo[39m[22m[49m: Unity.ILPP.Runner.PostProcessingPipeline[0]
      Processing assembly Library/Bee/artifacts/200b0aE.dag/Unity.2D.Animation.Runtime.dll, with 117 defines and 234 references
[40m[32minfo[39m[22m[49m: Unity.ILPP.Runner.PostProcessingPipeline[0]
      processors: HybridCLR.AssemblyShadow.CodeGen.ReflectionBindingsILPostProcessor, zzzUnity.Burst.CodeGen.BurstILPostProcessor
[40m[32minfo[39m[22m[49m: Microsoft.AspNetCore.Routing.EndpointMiddleware[1]
      Executed endpoint 'gRPC - /UnityILPP.PostProcessing/PostProcessAssembly'
[40m[32minfo[39m[22m[49m: Microsoft.AspNetCore.Hosting.Diagnostics[2]
      Request finished HTTP/2 POST http://ilpp/UnityILPP.PostProcessing/PostProcessAssembly application/grpc - - 200 - application/grpc 180.5739ms
[40m[32minfo[39m[22m[49m: Unity.ILPP.Runner.PostProcessingPipeline[0]
      running HybridCLR.AssemblyShadow.CodeGen.ReflectionBindingsILPostProcessor
[40m[32minfo[39m[22m[49m: Unity.ILPP.Runner.PostProcessingPipeline[0]
      running zzzUnity.Burst.CodeGen.BurstILPostProcessor
[40m[32minfo[39m[22m[49m: Microsoft.AspNetCore.Hosting.Diagnostics[1]
      Request starting HTTP/2 POST http://ilpp/UnityILPP.PostProcessing/PostProcessAssembly application/grpc -
[40m[32minfo[39m[22m[49m: Microsoft.AspNetCore.Routing.EndpointMiddleware[0]
      Executing endpoint 'gRPC - /UnityILPP.PostProcessing/PostProcessAssembly'
[40m[32minfo[39m[22m[49m: Unity.ILPP.Runner.PostProcessingPipeline[0]
      Processing assembly Library/Bee/artifacts/200b0aE.dag/Unity.InternalAPIEngineBridge.001.dll, with 117 defines and 229 references
[40m[32minfo[39m[22m[49m: Unity.ILPP.Runner.PostProcessingPipeline[0]
      processors: HybridCLR.AssemblyShadow.CodeGen.ReflectionBindingsILPostProcessor, zzzUnity.Burst.CodeGen.BurstILPostProcessor
[40m[32minfo[39m[22m[49m: Unity.ILPP.Runner.PostProcessingPipeline[0]
      running HybridCLR.AssemblyShadow.CodeGen.ReflectionBindingsILPostProcessor
[40m[32minfo[39m[22m[49m: Unity.ILPP.Runner.PostProcessingPipeline[0]
      running zzzUnity.Burst.CodeGen.BurstILPostProcessor
[40m[32minfo[39m[22m[49m: Microsoft.AspNetCore.Routing.EndpointMiddleware[1]
      Executed endpoint 'gRPC - /UnityILPP.PostProcessing/PostProcessAssembly'
[40m[32minfo[39m[22m[49m: Microsoft.AspNetCore.Hosting.Diagnostics[2]
      Request finished HTTP/2 POST http://ilpp/UnityILPP.PostProcessing/PostProcessAssembly application/grpc - - 200 - application/grpc 1.9844ms
[40m[32minfo[39m[22m[49m: Microsoft.AspNetCore.Hosting.Diagnostics[1]
      Request starting HTTP/2 POST http://ilpp/UnityILPP.PostProcessing/PostProcessAssembly application/grpc -
[40m[32minfo[39m[22m[49m: Microsoft.AspNetCore.Routing.EndpointMiddleware[0]
      Executing endpoint 'gRPC - /UnityILPP.PostProcessing/PostProcessAssembly'
[40m[32minfo[39m[22m[49m: Unity.ILPP.Runner.PostProcessingPipeline[0]
      Processing assembly Library/Bee/artifacts/200b0aE.dag/Unity.RenderPipelines.Core.ShaderLibrary.dll, with 117 defines and 229 references
[40m[32minfo[39m[22m[49m: Unity.ILPP.Runner.PostProcessingPipeline[0]
      processors: HybridCLR.AssemblyShadow.CodeGen.ReflectionBindingsILPostProcessor, zzzUnity.Burst.CodeGen.BurstILPostProcessor
[40m[32minfo[39m[22m[49m: Unity.ILPP.Runner.PostProcessingPipeline[0]
      running HybridCLR.AssemblyShadow.CodeGen.ReflectionBindingsILPostProcessor
[40m[32minfo[39m[22m[49m: Unity.ILPP.Runner.PostProcessingPipeline[0]
      running zzzUnity.Burst.CodeGen.BurstILPostProcessor
[40m[32minfo[39m[22m[49m: Microsoft.AspNetCore.Routing.EndpointMiddleware[1]
      Executed endpoint 'gRPC - /UnityILPP.PostProcessing/PostProcessAssembly'
[40m[32minfo[39m[22m[49m: Microsoft.AspNetCore.Hosting.Diagnostics[2]
      Request finished HTTP/2 POST http://ilpp/UnityILPP.PostProcessing/PostProcessAssembly application/grpc - - 200 - application/grpc 2.6054ms
[40m[32minfo[39m[22m[49m: Microsoft.AspNetCore.Hosting.Diagnostics[1]
      Request starting HTTP/2 POST http://ilpp/UnityILPP.PostProcessing/PostProcessAssembly application/grpc -
[40m[32minfo[39m[22m[49m: Microsoft.AspNetCore.Routing.EndpointMiddleware[0]
      Executing endpoint 'gRPC - /UnityILPP.PostProcessing/PostProcessAssembly'
[40m[32minfo[39m[22m[49m: Unity.ILPP.Runner.PostProcessingPipeline[0]
      Processing assembly Library/Bee/artifacts/200b0aE.dag/AssemblyA.Contracts.dll, with 117 defines and 140 references
[40m[32minfo[39m[22m[49m: Unity.ILPP.Runner.PostProcessingPipeline[0]
      processors: HybridCLR.AssemblyShadow.CodeGen.ReflectionBindingsILPostProcessor, zzzUnity.Burst.CodeGen.BurstILPostProcessor
[40m[32minfo[39m[22m[49m: Unity.ILPP.Runner.PostProcessingPipeline[0]
      running HybridCLR.AssemblyShadow.CodeGen.ReflectionBindingsILPostProcessor
[40m[32minfo[39m[22m[49m: Unity.ILPP.Runner.PostProcessingPipeline[0]
      running zzzUnity.Burst.CodeGen.BurstILPostProcessor
[40m[32minfo[39m[22m[49m: Microsoft.AspNetCore.Routing.EndpointMiddleware[1]
      Executed endpoint 'gRPC - /UnityILPP.PostProcessing/PostProcessAssembly'
[40m[32minfo[39m[22m[49m: Microsoft.AspNetCore.Hosting.Diagnostics[2]
      Request finished HTTP/2 POST http://ilpp/UnityILPP.PostProcessing/PostProcessAssembly application/grpc - - 200 - application/grpc 7.6805ms
[40m[32minfo[39m[22m[49m: Microsoft.AspNetCore.Hosting.Diagnostics[1]
      Request starting HTTP/2 POST http://ilpp/UnityILPP.PostProcessing/PostProcessAssembly application/grpc -
[40m[32minfo[39m[22m[49m: Microsoft.AspNetCore.Routing.EndpointMiddleware[0]
      Executing endpoint 'gRPC - /UnityILPP.PostProcessing/PostProcessAssembly'
[40m[32minfo[39m[22m[49m: Microsoft.AspNetCore.Hosting.Diagnostics[1]
      Request starting HTTP/2 POST http://ilpp/UnityILPP.PostProcessing/PostProcessAssembly application/grpc -
[40m[32minfo[39m[22m[49m: Microsoft.AspNetCore.Routing.EndpointMiddleware[0]
      Executing endpoint 'gRPC - /UnityILPP.PostProcessing/PostProcessAssembly'
[40m[32minfo[39m[22m[49m: Unity.ILPP.Runner.PostProcessingPipeline[0]
      Processing assembly Library/Bee/artifacts/200b0aE.dag/Unity.RenderPipelines.Universal.2D.Internal.dll, with 117 defines and 229 references
[40m[32minfo[39m[22m[49m: Unity.ILPP.Runner.PostProcessingPipeline[0]
      processors: HybridCLR.AssemblyShadow.CodeGen.ReflectionBindingsILPostProcessor, zzzUnity.Burst.CodeGen.BurstILPostProcessor
[40m[32minfo[39m[22m[49m: Unity.ILPP.Runner.PostProcessingPipeline[0]
      running HybridCLR.AssemblyShadow.CodeGen.ReflectionBindingsILPostProcessor
[40m[32minfo[39m[22m[49m: Unity.ILPP.Runner.PostProcessingPipeline[0]
      running zzzUnity.Burst.CodeGen.BurstILPostProcessor
[40m[32minfo[39m[22m[49m: Unity.ILPP.Runner.PostProcessingPipeline[0]
      Processing assembly Library/Bee/artifacts/200b0aE.dag/Unity.Timeline.dll, with 118 defines and 229 references
[40m[32minfo[39m[22m[49m: Unity.ILPP.Runner.PostProcessingPipeline[0]
      processors: HybridCLR.AssemblyShadow.CodeGen.ReflectionBindingsILPostProcessor, zzzUnity.Burst.CodeGen.BurstILPostProcessor
[40m[32minfo[39m[22m[49m: Unity.ILPP.Runner.PostProcessingPipeline[0]
      running HybridCLR.AssemblyShadow.CodeGen.ReflectionBindingsILPostProcessor
[40m[32minfo[39m[22m[49m: Unity.ILPP.Runner.PostProcessingPipeline[0]
      running zzzUnity.Burst.CodeGen.BurstILPostProcessor
[40m[32minfo[39m[22m[49m: Microsoft.AspNetCore.Routing.EndpointMiddleware[1]
      Executed endpoint 'gRPC - /UnityILPP.PostProcessing/PostProcessAssembly'
[40m[32minfo[39m[22m[49m: Microsoft.AspNetCore.Hosting.Diagnostics[2]
      Request finished HTTP/2 POST http://ilpp/UnityILPP.PostProcessing/PostProcessAssembly application/grpc - - 200 - application/grpc 8.9874ms
[40m[32minfo[39m[22m[49m: Microsoft.AspNetCore.Routing.EndpointMiddleware[1]
      Executed endpoint 'gRPC - /UnityILPP.PostProcessing/PostProcessAssembly'
[40m[32minfo[39m[22m[49m: Microsoft.AspNetCore.Hosting.Diagnostics[2]
      Request finished HTTP/2 POST http://ilpp/UnityILPP.PostProcessing/PostProcessAssembly application/grpc - - 200 - application/grpc 19.2515ms
[40m[32minfo[39m[22m[49m: Microsoft.AspNetCore.Hosting.Diagnostics[1]
      Request starting HTTP/2 POST http://ilpp/UnityILPP.PostProcessing/PostProcessAssembly application/grpc -
[40m[32minfo[39m[22m[49m: Microsoft.AspNetCore.Routing.EndpointMiddleware[0]
      Executing endpoint 'gRPC - /UnityILPP.PostProcessing/PostProcessAssembly'
[40m[32minfo[39m[22m[49m: Microsoft.AspNetCore.Hosting.Diagnostics[1]
      Request starting HTTP/2 POST http://ilpp/UnityILPP.PostProcessing/PostProcessAssembly application/grpc -
[40m[32minfo[39m[22m[49m: Microsoft.AspNetCore.Routing.EndpointMiddleware[0]
      Executing endpoint 'gRPC - /UnityILPP.PostProcessing/PostProcessAssembly'
[40m[32minfo[39m[22m[49m: Unity.ILPP.Runner.PostProcessingPipeline[0]
      Processing assembly Library/Bee/artifacts/200b0aE.dag/AssemblyShadowDemo.ContractsConsumer.dll, with 117 defines and 141 references
[40m[32minfo[39m[22m[49m: Unity.ILPP.Runner.PostProcessingPipeline[0]
      processors: HybridCLR.AssemblyShadow.CodeGen.ReflectionBindingsILPostProcessor, zzzUnity.Burst.CodeGen.BurstILPostProcessor
[40m[32minfo[39m[22m[49m: Unity.ILPP.Runner.PostProcessingPipeline[0]
      running HybridCLR.AssemblyShadow.CodeGen.ReflectionBindingsILPostProcessor
[40m[32minfo[39m[22m[49m: Unity.ILPP.Runner.PostProcessingPipeline[0]
      running zzzUnity.Burst.CodeGen.BurstILPostProcessor
[40m[32minfo[39m[22m[49m: Microsoft.AspNetCore.Routing.EndpointMiddleware[1]
      Executed endpoint 'gRPC - /UnityILPP.PostProcessing/PostProcessAssembly'
[40m[32minfo[39m[22m[49m: Microsoft.AspNetCore.Hosting.Diagnostics[2]
      Request finished HTTP/2 POST http://ilpp/UnityILPP.PostProcessing/PostProcessAssembly application/grpc - - 200 - application/grpc 6.5337ms
[40m[32minfo[39m[22m[49m: Unity.ILPP.Runner.PostProcessingPipeline[0]
      Processing assembly Library/Bee/artifacts/200b0aE.dag/Unity.2D.Common.Runtime.dll, with 117 defines and 230 references
[40m[32minfo[39m[22m[49m: Unity.ILPP.Runner.PostProcessingPipeline[0]
      processors: HybridCLR.AssemblyShadow.CodeGen.ReflectionBindingsILPostProcessor, zzzUnity.Burst.CodeGen.BurstILPostProcessor
[40m[32minfo[39m[22m[49m: Unity.ILPP.Runner.PostProcessingPipeline[0]
      running HybridCLR.AssemblyShadow.CodeGen.ReflectionBindingsILPostProcessor
[40m[32minfo[39m[22m[49m: Unity.ILPP.Runner.PostProcessingPipeline[0]
      running zzzUnity.Burst.CodeGen.BurstILPostProcessor
[40m[32minfo[39m[22m[49m: Microsoft.AspNetCore.Routing.EndpointMiddleware[1]
      Executed endpoint 'gRPC - /UnityILPP.PostProcessing/PostProcessAssembly'
[40m[32minfo[39m[22m[49m: Microsoft.AspNetCore.Hosting.Diagnostics[2]
      Request finished HTTP/2 POST http://ilpp/UnityILPP.PostProcessing/PostProcessAssembly application/grpc - - 200 - application/grpc 22.6687ms
[40m[32minfo[39m[22m[49m: Microsoft.AspNetCore.Hosting.Diagnostics[1]
      Request starting HTTP/2 POST http://ilpp/UnityILPP.PostProcessing/PostProcessAssembly application/grpc -
[40m[32minfo[39m[22m[49m: Microsoft.AspNetCore.Routing.EndpointMiddleware[0]
      Executing endpoint 'gRPC - /UnityILPP.PostProcessing/PostProcessAssembly'
[40m[32minfo[39m[22m[49m: Unity.ILPP.Runner.PostProcessingPipeline[0]
      Processing assembly Library/Bee/artifacts/200b0aE.dag/Unity.Burst.dll, with 117 defines and 218 references
[40m[32minfo[39m[22m[49m: Unity.ILPP.Runner.PostProcessingPipeline[0]
      processors: HybridCLR.AssemblyShadow.CodeGen.ReflectionBindingsILPostProcessor, zzzUnity.Burst.CodeGen.BurstILPostProcessor
[40m[32minfo[39m[22m[49m: Unity.ILPP.Runner.PostProcessingPipeline[0]
      running HybridCLR.AssemblyShadow.CodeGen.ReflectionBindingsILPostProcessor
[40m[32minfo[39m[22m[49m: Unity.ILPP.Runner.PostProcessingPipeline[0]
      running zzzUnity.Burst.CodeGen.BurstILPostProcessor
[40m[32minfo[39m[22m[49m: Microsoft.AspNetCore.Hosting.Diagnostics[1]
      Request starting HTTP/2 POST http://ilpp/UnityILPP.PostProcessing/PostProcessAssembly application/grpc -
[40m[32minfo[39m[22m[49m: Microsoft.AspNetCore.Routing.EndpointMiddleware[0]
      Executing endpoint 'gRPC - /UnityILPP.PostProcessing/PostProcessAssembly'
[40m[32minfo[39m[22m[49m: Microsoft.AspNetCore.Routing.EndpointMiddleware[1]
      Executed endpoint 'gRPC - /UnityILPP.PostProcessing/PostProcessAssembly'
[40m[32minfo[39m[22m[49m: Microsoft.AspNetCore.Hosting.Diagnostics[2]
      Request finished HTTP/2 POST http://ilpp/UnityILPP.PostProcessing/PostProcessAssembly application/grpc - - 200 - application/grpc 5.7682ms
[40m[32minfo[39m[22m[49m: Unity.ILPP.Runner.PostProcessingPipeline[0]
      Processing assembly Library/Bee/artifacts/200b0aE.dag/Unity.Mathematics.dll, with 117 defines and 229 references
[40m[32minfo[39m[22m[49m: Unity.ILPP.Runner.PostProcessingPipeline[0]
      processors: HybridCLR.AssemblyShadow.CodeGen.ReflectionBindingsILPostProcessor, zzzUnity.Burst.CodeGen.BurstILPostProcessor
[40m[32minfo[39m[22m[49m: Unity.ILPP.Runner.PostProcessingPipeline[0]
      running HybridCLR.AssemblyShadow.CodeGen.ReflectionBindingsILPostProcessor
[40m[32minfo[39m[22m[49m: Unity.ILPP.Runner.PostProcessingPipeline[0]
      running zzzUnity.Burst.CodeGen.BurstILPostProcessor
[40m[32minfo[39m[22m[49m: Microsoft.AspNetCore.Hosting.Diagnostics[1]
      Request starting HTTP/2 POST http://ilpp/UnityILPP.PostProcessing/PostProcessAssembly application/grpc -
[40m[32minfo[39m[22m[49m: Microsoft.AspNetCore.Routing.EndpointMiddleware[0]
      Executing endpoint 'gRPC - /UnityILPP.PostProcessing/PostProcessAssembly'
[40m[32minfo[39m[22m[49m: Microsoft.AspNetCore.Routing.EndpointMiddleware[1]
      Executed endpoint 'gRPC - /UnityILPP.PostProcessing/PostProcessAssembly'
[40m[32minfo[39m[22m[49m: Microsoft.AspNetCore.Hosting.Diagnostics[2]
      Request finished HTTP/2 POST http://ilpp/UnityILPP.PostProcessing/PostProcessAssembly application/grpc - - 200 - application/grpc 11.7139ms
[40m[32minfo[39m[22m[49m: Unity.ILPP.Runner.PostProcessingPipeline[0]
      Processing assembly Library/Bee/artifacts/200b0aE.dag/MCPForUnity.Runtime.dll, with 117 defines and 218 references
[40m[32minfo[39m[22m[49m: Unity.ILPP.Runner.PostProcessingPipeline[0]
      processors: HybridCLR.AssemblyShadow.CodeGen.ReflectionBindingsILPostProcessor, zzzUnity.Burst.CodeGen.BurstILPostProcessor
[40m[32minfo[39m[22m[49m: Unity.ILPP.Runner.PostProcessingPipeline[0]
      running HybridCLR.AssemblyShadow.CodeGen.ReflectionBindingsILPostProcessor
[40m[32minfo[39m[22m[49m: Unity.ILPP.Runner.PostProcessingPipeline[0]
      running zzzUnity.Burst.CodeGen.BurstILPostProcessor
[40m[32minfo[39m[22m[49m: Microsoft.AspNetCore.Routing.EndpointMiddleware[1]
      Executed endpoint 'gRPC - /UnityILPP.PostProcessing/PostProcessAssembly'
[40m[32minfo[39m[22m[49m: Microsoft.AspNetCore.Hosting.Diagnostics[2]
      Request finished HTTP/2 POST http://ilpp/UnityILPP.PostProcessing/PostProcessAssembly application/grpc - - 200 - application/grpc 2.0887ms
[40m[32minfo[39m[22m[49m: Microsoft.AspNetCore.Hosting.Diagnostics[1]
      Request starting HTTP/2 POST http://ilpp/UnityILPP.PostProcessing/PostProcessAssembly application/grpc -
[40m[32minfo[39m[22m[49m: Microsoft.AspNetCore.Routing.EndpointMiddleware[0]
      Executing endpoint 'gRPC - /UnityILPP.PostProcessing/PostProcessAssembly'
[40m[32minfo[39m[22m[49m: Unity.ILPP.Runner.PostProcessingPipeline[0]
      Processing assembly Library/Bee/artifacts/200b0aE.dag/Unity.RenderPipelines.Universal.Runtime.dll, with 122 defines and 235 references
[40m[32minfo[39m[22m[49m: Unity.ILPP.Runner.PostProcessingPipeline[0]
      processors: HybridCLR.AssemblyShadow.CodeGen.ReflectionBindingsILPostProcessor, zzzUnity.Burst.CodeGen.BurstILPostProcessor
[40m[32minfo[39m[22m[49m: Unity.ILPP.Runner.PostProcessingPipeline[0]
      running HybridCLR.AssemblyShadow.CodeGen.ReflectionBindingsILPostProcessor
[40m[32minfo[39m[22m[49m: Unity.ILPP.Runner.PostProcessingPipeline[0]
      running zzzUnity.Burst.CodeGen.BurstILPostProcessor
[40m[32minfo[39m[22m[49m: Microsoft.AspNetCore.Hosting.Diagnostics[1]
      Request starting HTTP/2 POST http://ilpp/UnityILPP.PostProcessing/PostProcessAssembly application/grpc -
[40m[32minfo[39m[22m[49m: Microsoft.AspNetCore.Hosting.Diagnostics[1]
      Request starting HTTP/2 POST http://ilpp/UnityILPP.PostProcessing/PostProcessAssembly application/grpc -
[40m[32minfo[39m[22m[49m: Microsoft.AspNetCore.Routing.EndpointMiddleware[0]
      Executing endpoint 'gRPC - /UnityILPP.PostProcessing/PostProcessAssembly'
[40m[32minfo[39m[22m[49m: Microsoft.AspNetCore.Routing.EndpointMiddleware[0]
      Executing endpoint 'gRPC - /UnityILPP.PostProcessing/PostProcessAssembly'
[40m[32minfo[39m[22m[49m: Unity.ILPP.Runner.PostProcessingPipeline[0]
      Processing assembly Library/Bee/artifacts/200b0aE.dag/Unity.VisualScripting.Core.dll, with 120 defines and 229 references
[40m[32minfo[39m[22m[49m: Unity.ILPP.Runner.PostProcessingPipeline[0]
      processors: HybridCLR.AssemblyShadow.CodeGen.ReflectionBindingsILPostProcessor, zzzUnity.Burst.CodeGen.BurstILPostProcessor
[40m[32minfo[39m[22m[49m: Microsoft.AspNetCore.Hosting.Diagnostics[1]
      Request starting HTTP/2 POST http://ilpp/UnityILPP.PostProcessing/PostProcessAssembly application/grpc -
[40m[32minfo[39m[22m[49m: Unity.ILPP.Runner.PostProcessingPipeline[0]
      Processing assembly Library/Bee/artifacts/200b0aE.dag/Unity.2D.PixelPerfect.dll, with 118 defines and 229 references
[40m[32minfo[39m[22m[49m: Microsoft.AspNetCore.Routing.EndpointMiddleware[0]
      Executing endpoint 'gRPC - /UnityILPP.PostProcessing/PostProcessAssembly'
[40m[32minfo[39m[22m[49m: Unity.ILPP.Runner.PostProcessingPipeline[0]
      processors: HybridCLR.AssemblyShadow.CodeGen.ReflectionBindingsILPostProcessor, zzzUnity.Burst.CodeGen.BurstILPostProcessor
[40m[32minfo[39m[22m[49m: Unity.ILPP.Runner.PostProcessingPipeline[0]
      running HybridCLR.AssemblyShadow.CodeGen.ReflectionBindingsILPostProcessor
[40m[32minfo[39m[22m[49m: Unity.ILPP.Runner.PostProcessingPipeline[0]
      running zzzUnity.Burst.CodeGen.BurstILPostProcessor
[40m[32minfo[39m[22m[49m: Unity.ILPP.Runner.PostProcessingPipeline[0]
      running HybridCLR.AssemblyShadow.CodeGen.ReflectionBindingsILPostProcessor
[40m[32minfo[39m[22m[49m: Unity.ILPP.Runner.PostProcessingPipeline[0]
      running zzzUnity.Burst.CodeGen.BurstILPostProcessor
[40m[32minfo[39m[22m[49m: Microsoft.AspNetCore.Routing.EndpointMiddleware[1]
      Executed endpoint 'gRPC - /UnityILPP.PostProcessing/PostProcessAssembly'
[40m[32minfo[39m[22m[49m: Microsoft.AspNetCore.Hosting.Diagnostics[1]
      Request starting HTTP/2 POST http://ilpp/UnityILPP.PostProcessing/PostProcessAssembly application/grpc -
[40m[32minfo[39m[22m[49m: Microsoft.AspNetCore.Routing.EndpointMiddleware[0]
      Executing endpoint 'gRPC - /UnityILPP.PostProcessing/PostProcessAssembly'
[40m[32minfo[39m[22m[49m: Microsoft.AspNetCore.Routing.EndpointMiddleware[1]
      Executed endpoint 'gRPC - /UnityILPP.PostProcessing/PostProcessAssembly'
[40m[32minfo[39m[22m[49m: Microsoft.AspNetCore.Hosting.Diagnostics[2]
      Request finished HTTP/2 POST http://ilpp/UnityILPP.PostProcessing/PostProcessAssembly application/grpc - - 200 - application/grpc 18.8748ms
[40m[32minfo[39m[22m[49m: Microsoft.AspNetCore.Hosting.Diagnostics[2]
      Request finished HTTP/2 POST http://ilpp/UnityILPP.PostProcessing/PostProcessAssembly application/grpc - - 200 - application/grpc 18.8933ms
[40m[32minfo[39m[22m[49m: Unity.ILPP.Runner.PostProcessingPipeline[0]
      Processing assembly Library/Bee/artifacts/200b0aE.dag/Unity.2D.SpriteShape.Runtime.dll, with 118 defines and 232 references
[40m[32minfo[39m[22m[49m: Unity.ILPP.Runner.PostProcessingPipeline[0]
      processors: HybridCLR.AssemblyShadow.CodeGen.ReflectionBindingsILPostProcessor, zzzUnity.Burst.CodeGen.BurstILPostProcessor
[40m[32minfo[39m[22m[49m: Unity.ILPP.Runner.PostProcessingPipeline[0]
      running HybridCLR.AssemblyShadow.CodeGen.ReflectionBindingsILPostProcessor
[40m[32minfo[39m[22m[49m: Unity.ILPP.Runner.PostProcessingPipeline[0]
      running zzzUnity.Burst.CodeGen.BurstILPostProcessor
[40m[32minfo[39m[22m[49m: Unity.ILPP.Runner.PostProcessingPipeline[0]
      Processing assembly Library/Bee/artifacts/200b0aE.dag/Unity.RenderPipelines.Universal.Shaders.dll, with 117 defines and 229 references
[40m[32minfo[39m[22m[49m: Unity.ILPP.Runner.PostProcessingPipeline[0]
      processors: HybridCLR.AssemblyShadow.CodeGen.ReflectionBindingsILPostProcessor, zzzUnity.Burst.CodeGen.BurstILPostProcessor
[40m[32minfo[39m[22m[49m: Microsoft.AspNetCore.Hosting.Diagnostics[1]
      Request starting HTTP/2 POST http://ilpp/UnityILPP.PostProcessing/PostProcessAssembly application/grpc -
[40m[32minfo[39m[22m[49m: Microsoft.AspNetCore.Hosting.Diagnostics[1]
      Request starting HTTP/2 POST http://ilpp/UnityILPP.PostProcessing/PostProcessAssembly application/grpc -
[40m[32minfo[39m[22m[49m: Microsoft.AspNetCore.Routing.EndpointMiddleware[0]
      Executing endpoint 'gRPC - /UnityILPP.PostProcessing/PostProcessAssembly'
[40m[32minfo[39m[22m[49m: Microsoft.AspNetCore.Routing.EndpointMiddleware[0]
      Executing endpoint 'gRPC - /UnityILPP.PostProcessing/PostProcessAssembly'
[40m[32minfo[39m[22m[49m: Unity.ILPP.Runner.PostProcessingPipeline[0]
      running HybridCLR.AssemblyShadow.CodeGen.ReflectionBindingsILPostProcessor
[40m[32minfo[39m[22m[49m: Unity.ILPP.Runner.PostProcessingPipeline[0]
      running zzzUnity.Burst.CodeGen.BurstILPostProcessor
[40m[32minfo[39m[22m[49m: Unity.ILPP.Runner.PostProcessingPipeline[0]
      Processing assembly Library/Bee/artifacts/200b0aE.dag/Unity.Collections.dll, with 117 defines and 231 references
[40m[32minfo[39m[22m[49m: Unity.ILPP.Runner.PostProcessingPipeline[0]
      processors: HybridCLR.AssemblyShadow.CodeGen.ReflectionBindingsILPostProcessor, zzzUnity.Burst.CodeGen.BurstILPostProcessor
[40m[32minfo[39m[22m[49m: Microsoft.AspNetCore.Routing.EndpointMiddleware[1]
      Executed endpoint 'gRPC - /UnityILPP.PostProcessing/PostProcessAssembly'
[40m[32minfo[39m[22m[49m: Microsoft.AspNetCore.Hosting.Diagnostics[2]
      Request finished HTTP/2 POST http://ilpp/UnityILPP.PostProcessing/PostProcessAssembly application/grpc - - 200 - application/grpc 16.2531ms
[40m[32minfo[39m[22m[49m: Unity.ILPP.Runner.PostProcessingPipeline[0]
      Processing assembly Library/Bee/artifacts/200b0aE.dag/Unity.RenderPipelines.ShaderGraph.ShaderGraphLibrary.dll, with 117 defines and 229 references
[40m[32minfo[39m[22m[49m: Unity.ILPP.Runner.PostProcessingPipeline[0]
      processors: HybridCLR.AssemblyShadow.CodeGen.ReflectionBindingsILPostProcessor, zzzUnity.Burst.CodeGen.BurstILPostProcessor
[40m[32minfo[39m[22m[49m: Unity.ILPP.Runner.PostProcessingPipeline[0]
      running HybridCLR.AssemblyShadow.CodeGen.ReflectionBindingsILPostProcessor
[40m[32minfo[39m[22m[49m: Unity.ILPP.Runner.PostProcessingPipeline[0]
      running zzzUnity.Burst.CodeGen.BurstILPostProcessor
[40m[32minfo[39m[22m[49m: Unity.ILPP.Runner.PostProcessingPipeline[0]
      running HybridCLR.AssemblyShadow.CodeGen.ReflectionBindingsILPostProcessor
[40m[32minfo[39m[22m[49m: Unity.ILPP.Runner.PostProcessingPipeline[0]
      running zzzUnity.Burst.CodeGen.BurstILPostProcessor
[40m[32minfo[39m[22m[49m: Microsoft.AspNetCore.Routing.EndpointMiddleware[1]
      Executed endpoint 'gRPC - /UnityILPP.PostProcessing/PostProcessAssembly'
[40m[32minfo[39m[22m[49m: Microsoft.AspNetCore.Hosting.Diagnostics[2]
      Request finished HTTP/2 POST http://ilpp/UnityILPP.PostProcessing/PostProcessAssembly application/grpc - - 200 - application/grpc 477.9920ms
[40m[32minfo[39m[22m[49m: Microsoft.AspNetCore.Hosting.Diagnostics[1]
      Request starting HTTP/2 POST http://ilpp/UnityILPP.PostProcessing/PostProcessAssembly application/grpc -
[40m[32minfo[39m[22m[49m: Microsoft.AspNetCore.Routing.EndpointMiddleware[0]
      Executing endpoint 'gRPC - /UnityILPP.PostProcessing/PostProcessAssembly'
[40m[32minfo[39m[22m[49m: Microsoft.AspNetCore.Routing.EndpointMiddleware[1]
      Executed endpoint 'gRPC - /UnityILPP.PostProcessing/PostProcessAssembly'
[40m[32minfo[39m[22m[49m: Microsoft.AspNetCore.Hosting.Diagnostics[2]
      Request finished HTTP/2 POST http://ilpp/UnityILPP.PostProcessing/PostProcessAssembly application/grpc - - 200 - application/grpc 26.6285ms
[40m[32minfo[39m[22m[49m: Unity.ILPP.Runner.PostProcessingPipeline[0]
      Processing assembly Library/Bee/artifacts/200b0aE.dag/AssemblyShadowDemo.Bootstrap.dll, with 117 defines and 232 references
[40m[32minfo[39m[22m[49m: Unity.ILPP.Runner.PostProcessingPipeline[0]
      processors: HybridCLR.AssemblyShadow.CodeGen.ReflectionBindingsILPostProcessor, zzzUnity.Burst.CodeGen.BurstILPostProcessor
[40m[32minfo[39m[22m[49m: Unity.ILPP.Runner.PostProcessingPipeline[0]
      running HybridCLR.AssemblyShadow.CodeGen.ReflectionBindingsILPostProcessor
[40m[32minfo[39m[22m[49m: Unity.ILPP.Runner.PostProcessingPipeline[0]
      running zzzUnity.Burst.CodeGen.BurstILPostProcessor
[40m[32minfo[39m[22m[49m: Microsoft.AspNetCore.Routing.EndpointMiddleware[1]
      Executed endpoint 'gRPC - /UnityILPP.PostProcessing/PostProcessAssembly'
[40m[32minfo[39m[22m[49m: Microsoft.AspNetCore.Hosting.Diagnostics[2]
      Request finished HTTP/2 POST http://ilpp/UnityILPP.PostProcessing/PostProcessAssembly application/grpc - - 200 - application/grpc 3.2547ms
[40m[32minfo[39m[22m[49m: Microsoft.AspNetCore.Routing.EndpointMiddleware[1]
      Executed endpoint 'gRPC - /UnityILPP.PostProcessing/PostProcessAssembly'
[40m[32minfo[39m[22m[49m: Microsoft.AspNetCore.Hosting.Diagnostics[2]
      Request finished HTTP/2 POST http://ilpp/UnityILPP.PostProcessing/PostProcessAssembly application/grpc - - 200 - application/grpc 87.9302ms
[40m[32minfo[39m[22m[49m: Microsoft.AspNetCore.Routing.EndpointMiddleware[1]
      Executed endpoint 'gRPC - /UnityILPP.PostProcessing/PostProcessAssembly'
[40m[32minfo[39m[22m[49m: Microsoft.AspNetCore.Hosting.Diagnostics[2]
      Request finished HTTP/2 POST http://ilpp/UnityILPP.PostProcessing/PostProcessAssembly application/grpc - - 200 - application/grpc 80.3555ms
[40m[32minfo[39m[22m[49m: Microsoft.AspNetCore.Hosting.Diagnostics[1]
      Request starting HTTP/2 POST http://ilpp/UnityILPP.PostProcessing/PostProcessAssembly application/grpc -
[40m[32minfo[39m[22m[49m: Microsoft.AspNetCore.Routing.EndpointMiddleware[0]
      Executing endpoint 'gRPC - /UnityILPP.PostProcessing/PostProcessAssembly'
[40m[32minfo[39m[22m[49m: Unity.ILPP.Runner.PostProcessingPipeline[0]
      Processing assembly Library/Bee/artifacts/200b0aE.dag/Unity.RenderPipeline.Universal.ShaderLibrary.dll, with 117 defines and 230 references
[40m[32minfo[39m[22m[49m: Unity.ILPP.Runner.PostProcessingPipeline[0]
      processors: HybridCLR.AssemblyShadow.CodeGen.ReflectionBindingsILPostProcessor, zzzUnity.Burst.CodeGen.BurstILPostProcessor
[40m[32minfo[39m[22m[49m: Unity.ILPP.Runner.PostProcessingPipeline[0]
      running HybridCLR.AssemblyShadow.CodeGen.ReflectionBindingsILPostProcessor
[40m[32minfo[39m[22m[49m: Unity.ILPP.Runner.PostProcessingPipeline[0]
      running zzzUnity.Burst.CodeGen.BurstILPostProcessor
[40m[32minfo[39m[22m[49m: Microsoft.AspNetCore.Routing.EndpointMiddleware[1]
      Executed endpoint 'gRPC - /UnityILPP.PostProcessing/PostProcessAssembly'
[40m[32minfo[39m[22m[49m: Microsoft.AspNetCore.Hosting.Diagnostics[2]
      Request finished HTTP/2 POST http://ilpp/UnityILPP.PostProcessing/PostProcessAssembly application/grpc - - 200 - application/grpc 6.7253ms
[40m[32minfo[39m[22m[49m: Microsoft.AspNetCore.Hosting.Diagnostics[1]
      Request starting HTTP/2 POST http://ilpp/UnityILPP.PostProcessing/PostProcessAssembly application/grpc -
[40m[32minfo[39m[22m[49m: Microsoft.AspNetCore.Routing.EndpointMiddleware[0]
      Executing endpoint 'gRPC - /UnityILPP.PostProcessing/PostProcessAssembly'
[40m[32minfo[39m[22m[49m: Unity.ILPP.Runner.PostProcessingPipeline[0]
      Processing assembly Library/Bee/artifacts/200b0aE.dag/Unity.VisualScripting.Flow.dll, with 122 defines and 230 references
[40m[32minfo[39m[22m[49m: Unity.ILPP.Runner.PostProcessingPipeline[0]
      processors: HybridCLR.AssemblyShadow.CodeGen.ReflectionBindingsILPostProcessor, zzzUnity.Burst.CodeGen.BurstILPostProcessor
[40m[32minfo[39m[22m[49m: Unity.ILPP.Runner.PostProcessingPipeline[0]
      running HybridCLR.AssemblyShadow.CodeGen.ReflectionBindingsILPostProcessor
[40m[32minfo[39m[22m[49m: Unity.ILPP.Runner.PostProcessingPipeline[0]
      running zzzUnity.Burst.CodeGen.BurstILPostProcessor
[40m[32minfo[39m[22m[49m: Microsoft.AspNetCore.Routing.EndpointMiddleware[1]
      Executed endpoint 'gRPC - /UnityILPP.PostProcessing/PostProcessAssembly'
[40m[32minfo[39m[22m[49m: Microsoft.AspNetCore.Hosting.Diagnostics[2]
      Request finished HTTP/2 POST http://ilpp/UnityILPP.PostProcessing/PostProcessAssembly application/grpc - - 200 - application/grpc 2.4222ms
[40m[32minfo[39m[22m[49m: Microsoft.AspNetCore.Routing.EndpointMiddleware[1]
      Executed endpoint 'gRPC - /UnityILPP.PostProcessing/PostProcessAssembly'
[40m[32minfo[39m[22m[49m: Microsoft.AspNetCore.Hosting.Diagnostics[2]
      Request finished HTTP/2 POST http://ilpp/UnityILPP.PostProcessing/PostProcessAssembly application/grpc - - 200 - application/grpc 178.8618ms
[40m[32minfo[39m[22m[49m: Microsoft.AspNetCore.Hosting.Diagnostics[1]
      Request starting HTTP/2 POST http://ilpp/UnityILPP.PostProcessing/PostProcessAssembly application/grpc -
[40m[32minfo[39m[22m[49m: Microsoft.AspNetCore.Routing.EndpointMiddleware[0]
      Executing endpoint 'gRPC - /UnityILPP.PostProcessing/PostProcessAssembly'
[40m[32minfo[39m[22m[49m: Unity.ILPP.Runner.PostProcessingPipeline[0]
      Processing assembly Library/Bee/artifacts/200b0aE.dag/Unity.2D.Psdimporter.Editor.dll, with 115 defines and 245 references
[40m[32minfo[39m[22m[49m: Unity.ILPP.Runner.PostProcessingPipeline[0]
      processors: HybridCLR.AssemblyShadow.CodeGen.ReflectionBindingsILPostProcessor, zzzUnity.Burst.CodeGen.BurstILPostProcessor
[40m[32minfo[39m[22m[49m: Unity.ILPP.Runner.PostProcessingPipeline[0]
      running HybridCLR.AssemblyShadow.CodeGen.ReflectionBindingsILPostProcessor
[40m[32minfo[39m[22m[49m: Unity.ILPP.Runner.PostProcessingPipeline[0]
      running zzzUnity.Burst.CodeGen.BurstILPostProcessor
[40m[32minfo[39m[22m[49m: Microsoft.AspNetCore.Routing.EndpointMiddleware[1]
      Executed endpoint 'gRPC - /UnityILPP.PostProcessing/PostProcessAssembly'
[40m[32minfo[39m[22m[49m: Microsoft.AspNetCore.Hosting.Diagnostics[2]
      Request finished HTTP/2 POST http://ilpp/UnityILPP.PostProcessing/PostProcessAssembly application/grpc - - 200 - application/grpc 39.9187ms
[40m[32minfo[39m[22m[49m: Microsoft.AspNetCore.Hosting.Diagnostics[1]
      Request starting HTTP/2 POST http://ilpp/UnityILPP.PostProcessing/PostProcessAssembly application/grpc -
[40m[32minfo[39m[22m[49m: Microsoft.AspNetCore.Routing.EndpointMiddleware[0]
      Executing endpoint 'gRPC - /UnityILPP.PostProcessing/PostProcessAssembly'
[40m[32minfo[39m[22m[49m: Unity.ILPP.Runner.PostProcessingPipeline[0]
      Processing assembly Library/Bee/artifacts/200b0aE.dag/Unity.VisualScripting.Shared.Editor.dll, with 115 defines and 242 references
[40m[32minfo[39m[22m[49m: Unity.ILPP.Runner.PostProcessingPipeline[0]
      processors: HybridCLR.AssemblyShadow.CodeGen.ReflectionBindingsILPostProcessor, zzzUnity.Burst.CodeGen.BurstILPostProcessor
[40m[32minfo[39m[22m[49m: Unity.ILPP.Runner.PostProcessingPipeline[0]
      running HybridCLR.AssemblyShadow.CodeGen.ReflectionBindingsILPostProcessor
[40m[32minfo[39m[22m[49m: Unity.ILPP.Runner.PostProcessingPipeline[0]
      running zzzUnity.Burst.CodeGen.BurstILPostProcessor
[40m[32minfo[39m[22m[49m: Microsoft.AspNetCore.Routing.EndpointMiddleware[1]
      Executed endpoint 'gRPC - /UnityILPP.PostProcessing/PostProcessAssembly'
[40m[32minfo[39m[22m[49m: Microsoft.AspNetCore.Hosting.Diagnostics[2]
      Request finished HTTP/2 POST http://ilpp/UnityILPP.PostProcessing/PostProcessAssembly application/grpc - - 200 - application/grpc 5.0555ms
[40m[32minfo[39m[22m[49m: Microsoft.AspNetCore.Hosting.Diagnostics[1]
      Request starting HTTP/2 POST http://ilpp/UnityILPP.PostProcessing/PostProcessAssembly application/grpc -
[40m[32minfo[39m[22m[49m: Microsoft.AspNetCore.Routing.EndpointMiddleware[0]
      Executing endpoint 'gRPC - /UnityILPP.PostProcessing/PostProcessAssembly'
[40m[32minfo[39m[22m[49m: Microsoft.AspNetCore.Hosting.Diagnostics[1]
      Request starting HTTP/2 POST http://ilpp/UnityILPP.PostProcessing/PostProcessAssembly application/grpc -
[40m[32minfo[39m[22m[49m: Microsoft.AspNetCore.Routing.EndpointMiddleware[0]
      Executing endpoint 'gRPC - /UnityILPP.PostProcessing/PostProcessAssembly'
[40m[32minfo[39m[22m[49m: Microsoft.AspNetCore.Hosting.Diagnostics[1]
      Request starting HTTP/2 POST http://ilpp/UnityILPP.PostProcessing/PostProcessAssembly application/grpc -
[40m[32minfo[39m[22m[49m: Microsoft.AspNetCore.Routing.EndpointMiddleware[0]
      Executing endpoint 'gRPC - /UnityILPP.PostProcessing/PostProcessAssembly'
[40m[32minfo[39m[22m[49m: Unity.ILPP.Runner.PostProcessingPipeline[0]
      Processing assembly Library/Bee/artifacts/200b0aE.dag/Unity.2D.Animation.Editor.dll, with 115 defines and 245 references
[40m[32minfo[39m[22m[49m: Unity.ILPP.Runner.PostProcessingPipeline[0]
      processors: HybridCLR.AssemblyShadow.CodeGen.ReflectionBindingsILPostProcessor, zzzUnity.Burst.CodeGen.BurstILPostProcessor
[40m[32minfo[39m[22m[49m: Unity.ILPP.Runner.PostProcessingPipeline[0]
      running HybridCLR.AssemblyShadow.CodeGen.ReflectionBindingsILPostProcessor
[40m[32minfo[39m[22m[49m: Unity.ILPP.Runner.PostProcessingPipeline[0]
      running zzzUnity.Burst.CodeGen.BurstILPostProcessor
[40m[32minfo[39m[22m[49m: Unity.ILPP.Runner.PostProcessingPipeline[0]
      Processing assembly Library/Bee/artifacts/200b0aE.dag/MCPForUnity.Editor.dll, with 115 defines and 226 references
[40m[32minfo[39m[22m[49m: Unity.ILPP.Runner.PostProcessingPipeline[0]
      processors: HybridCLR.AssemblyShadow.CodeGen.ReflectionBindingsILPostProcessor, zzzUnity.Burst.CodeGen.BurstILPostProcessor
[40m[32minfo[39m[22m[49m: Unity.ILPP.Runner.PostProcessingPipeline[0]
      Processing assembly Library/Bee/artifacts/200b0aE.dag/Unity.VisualScripting.SettingsProvider.Editor.dll, with 115 defines and 241 references
[40m[32minfo[39m[22m[49m: Unity.ILPP.Runner.PostProcessingPipeline[0]
      processors: HybridCLR.AssemblyShadow.CodeGen.ReflectionBindingsILPostProcessor, zzzUnity.Burst.CodeGen.BurstILPostProcessor
[40m[32minfo[39m[22m[49m: Unity.ILPP.Runner.PostProcessingPipeline[0]
      running HybridCLR.AssemblyShadow.CodeGen.ReflectionBindingsILPostProcessor
[40m[32minfo[39m[22m[49m: Unity.ILPP.Runner.PostProcessingPipeline[0]
      running zzzUnity.Burst.CodeGen.BurstILPostProcessor
[40m[32minfo[39m[22m[49m: Unity.ILPP.Runner.PostProcessingPipeline[0]
      running HybridCLR.AssemblyShadow.CodeGen.ReflectionBindingsILPostProcessor
[40m[32minfo[39m[22m[49m: Unity.ILPP.Runner.PostProcessingPipeline[0]
      running zzzUnity.Burst.CodeGen.BurstILPostProcessor
[40m[32minfo[39m[22m[49m: Microsoft.AspNetCore.Routing.EndpointMiddleware[1]
      Executed endpoint 'gRPC - /UnityILPP.PostProcessing/PostProcessAssembly'
[40m[32minfo[39m[22m[49m: Microsoft.AspNetCore.Hosting.Diagnostics[2]
      Request finished HTTP/2 POST http://ilpp/UnityILPP.PostProcessing/PostProcessAssembly application/grpc - - 200 - application/grpc 12.5408ms
[40m[32minfo[39m[22m[49m: Microsoft.AspNetCore.Hosting.Diagnostics[1]
      Request starting HTTP/2 POST http://ilpp/UnityILPP.PostProcessing/PostProcessAssembly application/grpc -
[40m[32minfo[39m[22m[49m: Microsoft.AspNetCore.Routing.EndpointMiddleware[1]
      Executed endpoint 'gRPC - /UnityILPP.PostProcessing/PostProcessAssembly'
[40m[32minfo[39m[22m[49m: Microsoft.AspNetCore.Routing.EndpointMiddleware[0]
      Executing endpoint 'gRPC - /UnityILPP.PostProcessing/PostProcessAssembly'
[40m[32minfo[39m[22m[49m: Microsoft.AspNetCore.Hosting.Diagnostics[2]
      Request finished HTTP/2 POST http://ilpp/UnityILPP.PostProcessing/PostProcessAssembly application/grpc - - 200 - application/grpc 24.2911ms
[40m[32minfo[39m[22m[49m: Unity.ILPP.Runner.PostProcessingPipeline[0]
      Processing assembly Library/Bee/artifacts/200b0aE.dag/Unity.2D.Aseprite.Common.dll, with 115 defines and 239 references
[40m[32minfo[39m[22m[49m: Unity.ILPP.Runner.PostProcessingPipeline[0]
      processors: HybridCLR.AssemblyShadow.CodeGen.ReflectionBindingsILPostProcessor, zzzUnity.Burst.CodeGen.BurstILPostProcessor
[40m[32minfo[39m[22m[49m: Unity.ILPP.Runner.PostProcessingPipeline[0]
      running HybridCLR.AssemblyShadow.CodeGen.ReflectionBindingsILPostProcessor
[40m[32minfo[39m[22m[49m: Unity.ILPP.Runner.PostProcessingPipeline[0]
      running zzzUnity.Burst.CodeGen.BurstILPostProcessor
[40m[32minfo[39m[22m[49m: Microsoft.AspNetCore.Hosting.Diagnostics[1]
      Request starting HTTP/2 POST http://ilpp/UnityILPP.PostProcessing/PostProcessAssembly application/grpc -
[40m[32minfo[39m[22m[49m: Microsoft.AspNetCore.Routing.EndpointMiddleware[0]
      Executing endpoint 'gRPC - /UnityILPP.PostProcessing/PostProcessAssembly'
[40m[32minfo[39m[22m[49m: Microsoft.AspNetCore.Routing.EndpointMiddleware[1]
      Executed endpoint 'gRPC - /UnityILPP.PostProcessing/PostProcessAssembly'
[40m[32minfo[39m[22m[49m: Microsoft.AspNetCore.Hosting.Diagnostics[2]
      Request finished HTTP/2 POST http://ilpp/UnityILPP.PostProcessing/PostProcessAssembly application/grpc - - 200 - application/grpc 62.9014ms
[40m[32minfo[39m[22m[49m: Unity.ILPP.Runner.PostProcessingPipeline[0]
      Processing assembly Library/Bee/artifacts/200b0aE.dag/Unity.2D.PixelPerfect.Editor.dll, with 117 defines and 239 references
[40m[32minfo[39m[22m[49m: Unity.ILPP.Runner.PostProcessingPipeline[0]
      processors: HybridCLR.AssemblyShadow.CodeGen.ReflectionBindingsILPostProcessor, zzzUnity.Burst.CodeGen.BurstILPostProcessor
[40m[32minfo[39m[22m[49m: Unity.ILPP.Runner.PostProcessingPipeline[0]
      running HybridCLR.AssemblyShadow.CodeGen.ReflectionBindingsILPostProcessor
[40m[32minfo[39m[22m[49m: Unity.ILPP.Runner.PostProcessingPipeline[0]
      running zzzUnity.Burst.CodeGen.BurstILPostProcessor
[40m[32minfo[39m[22m[49m: Microsoft.AspNetCore.Routing.EndpointMiddleware[1]
      Executed endpoint 'gRPC - /UnityILPP.PostProcessing/PostProcessAssembly'
[40m[32minfo[39m[22m[49m: Microsoft.AspNetCore.Hosting.Diagnostics[2]
      Request finished HTTP/2 POST http://ilpp/UnityILPP.PostProcessing/PostProcessAssembly application/grpc - - 200 - application/grpc 25.6360ms
[40m[32minfo[39m[22m[49m: Microsoft.AspNetCore.Hosting.Diagnostics[1]
      Request starting HTTP/2 POST http://ilpp/UnityILPP.PostProcessing/PostProcessAssembly application/grpc -
[40m[32minfo[39m[22m[49m: Microsoft.AspNetCore.Routing.EndpointMiddleware[0]
      Executing endpoint 'gRPC - /UnityILPP.PostProcessing/PostProcessAssembly'
[40m[32minfo[39m[22m[49m: Microsoft.AspNetCore.Hosting.Diagnostics[1]
      Request starting HTTP/2 POST http://ilpp/UnityILPP.PostProcessing/PostProcessAssembly application/grpc -
[40m[32minfo[39m[22m[49m: Microsoft.AspNetCore.Routing.EndpointMiddleware[0]
      Executing endpoint 'gRPC - /UnityILPP.PostProcessing/PostProcessAssembly'
[40m[32minfo[39m[22m[49m: Microsoft.AspNetCore.Hosting.Diagnostics[1]
      Request starting HTTP/2 POST http://ilpp/UnityILPP.PostProcessing/PostProcessAssembly application/grpc -
[40m[32minfo[39m[22m[49m: Microsoft.AspNetCore.Routing.EndpointMiddleware[0]
      Executing endpoint 'gRPC - /UnityILPP.PostProcessing/PostProcessAssembly'
[40m[32minfo[39m[22m[49m: Unity.ILPP.Runner.PostProcessingPipeline[0]
      Processing assembly Library/Bee/artifacts/200b0aE.dag/Unity.RenderPipelines.Core.Editor.dll, with 116 defines and 238 references
[40m[32minfo[39m[22m[49m: Unity.ILPP.Runner.PostProcessingPipeline[0]
      processors: HybridCLR.AssemblyShadow.CodeGen.ReflectionBindingsILPostProcessor, zzzUnity.Burst.CodeGen.BurstILPostProcessor
[40m[32minfo[39m[22m[49m: Unity.ILPP.Runner.PostProcessingPipeline[0]
      running HybridCLR.AssemblyShadow.CodeGen.ReflectionBindingsILPostProcessor
[40m[32minfo[39m[22m[49m: Unity.ILPP.Runner.PostProcessingPipeline[0]
      running zzzUnity.Burst.CodeGen.BurstILPostProcessor
[40m[32minfo[39m[22m[49m: Unity.ILPP.Runner.PostProcessingPipeline[0]
      Processing assembly Library/Bee/artifacts/200b0aE.dag/Unity.Timeline.Editor.dll, with 116 defines and 237 references
[40m[32minfo[39m[22m[49m: Unity.ILPP.Runner.PostProcessingPipeline[0]
      processors: HybridCLR.AssemblyShadow.CodeGen.ReflectionBindingsILPostProcessor, zzzUnity.Burst.CodeGen.BurstILPostProcessor
[40m[32minfo[39m[22m[49m: Unity.ILPP.Runner.PostProcessingPipeline[0]
      Processing assembly Library/Bee/artifacts/200b0aE.dag/Unity.TextMeshPro.Editor.dll, with 115 defines and 237 references
[40m[32minfo[39m[22m[49m: Unity.ILPP.Runner.PostProcessingPipeline[0]
      processors: HybridCLR.AssemblyShadow.CodeGen.ReflectionBindingsILPostProcessor, zzzUnity.Burst.CodeGen.BurstILPostProcessor
[40m[32minfo[39m[22m[49m: Unity.ILPP.Runner.PostProcessingPipeline[0]
      running HybridCLR.AssemblyShadow.CodeGen.ReflectionBindingsILPostProcessor
[40m[32minfo[39m[22m[49m: Unity.ILPP.Runner.PostProcessingPipeline[0]
      running zzzUnity.Burst.CodeGen.BurstILPostProcessor
[40m[32minfo[39m[22m[49m: Unity.ILPP.Runner.PostProcessingPipeline[0]
      running HybridCLR.AssemblyShadow.CodeGen.ReflectionBindingsILPostProcessor
[40m[32minfo[39m[22m[49m: Unity.ILPP.Runner.PostProcessingPipeline[0]
      running zzzUnity.Burst.CodeGen.BurstILPostProcessor
[40m[32minfo[39m[22m[49m: Microsoft.AspNetCore.Routing.EndpointMiddleware[1]
      Executed endpoint 'gRPC - /UnityILPP.PostProcessing/PostProcessAssembly'
[40m[32minfo[39m[22m[49m: Microsoft.AspNetCore.Hosting.Diagnostics[2]
      Request finished HTTP/2 POST http://ilpp/UnityILPP.PostProcessing/PostProcessAssembly application/grpc - - 200 - application/grpc 46.4875ms
[40m[32minfo[39m[22m[49m: Microsoft.AspNetCore.Routing.EndpointMiddleware[1]
      Executed endpoint 'gRPC - /UnityILPP.PostProcessing/PostProcessAssembly'
[40m[32minfo[39m[22m[49m: Microsoft.AspNetCore.Hosting.Diagnostics[2]
      Request finished HTTP/2 POST http://ilpp/UnityILPP.PostProcessing/PostProcessAssembly application/grpc - - 200 - application/grpc 48.8697ms
[40m[32minfo[39m[22m[49m: Microsoft.AspNetCore.Hosting.Diagnostics[1]
      Request starting HTTP/2 POST http://ilpp/UnityILPP.PostProcessing/PostProcessAssembly application/grpc -
[40m[32minfo[39m[22m[49m: Microsoft.AspNetCore.Routing.EndpointMiddleware[0]
      Executing endpoint 'gRPC - /UnityILPP.PostProcessing/PostProcessAssembly'
[40m[32minfo[39m[22m[49m: Microsoft.AspNetCore.Hosting.Diagnostics[1]
      Request starting HTTP/2 POST http://ilpp/UnityILPP.PostProcessing/PostProcessAssembly application/grpc -
[40m[32minfo[39m[22m[49m: Microsoft.AspNetCore.Routing.EndpointMiddleware[0]
      Executing endpoint 'gRPC - /UnityILPP.PostProcessing/PostProcessAssembly'
[40m[32minfo[39m[22m[49m: Microsoft.AspNetCore.Hosting.Diagnostics[1]
      Request starting HTTP/2 POST http://ilpp/UnityILPP.PostProcessing/PostProcessAssembly application/grpc -
[40m[32minfo[39m[22m[49m: Microsoft.AspNetCore.Routing.EndpointMiddleware[0]
      Executing endpoint 'gRPC - /UnityILPP.PostProcessing/PostProcessAssembly'
[40m[32minfo[39m[22m[49m: Microsoft.AspNetCore.Hosting.Diagnostics[1]
      Request starting HTTP/2 POST http://ilpp/UnityILPP.PostProcessing/PostProcessAssembly application/grpc -
[40m[32minfo[39m[22m[49m: Microsoft.AspNetCore.Routing.EndpointMiddleware[0]
      Executing endpoint 'gRPC - /UnityILPP.PostProcessing/PostProcessAssembly'
[40m[32minfo[39m[22m[49m: Unity.ILPP.Runner.PostProcessingPipeline[0]
      Processing assembly Library/Bee/artifacts/200b0aE.dag/HybridCLR.AssemblyShadow.Editor.Tests.dll, with 115 defines and 229 references
[40m[32minfo[39m[22m[49m: Unity.ILPP.Runner.PostProcessingPipeline[0]
      processors: HybridCLR.AssemblyShadow.CodeGen.ReflectionBindingsILPostProcessor, zzzUnity.Burst.CodeGen.BurstILPostProcessor
[40m[32minfo[39m[22m[49m: Unity.ILPP.Runner.PostProcessingPipeline[0]
      running HybridCLR.AssemblyShadow.CodeGen.ReflectionBindingsILPostProcessor
[40m[32minfo[39m[22m[49m: Unity.ILPP.Runner.PostProcessingPipeline[0]
      running zzzUnity.Burst.CodeGen.BurstILPostProcessor
[40m[32minfo[39m[22m[49m: Microsoft.AspNetCore.Routing.EndpointMiddleware[1]
      Executed endpoint 'gRPC - /UnityILPP.PostProcessing/PostProcessAssembly'
[40m[32minfo[39m[22m[49m: Microsoft.AspNetCore.Hosting.Diagnostics[2]
      Request finished HTTP/2 POST http://ilpp/UnityILPP.PostProcessing/PostProcessAssembly application/grpc - - 200 - application/grpc 3.8838ms
[40m[32minfo[39m[22m[49m: Unity.ILPP.Runner.PostProcessingPipeline[0]
      Processing assembly Library/Bee/artifacts/200b0aE.dag/Unity.2D.IK.Editor.dll, with 115 defines and 242 references
[40m[32minfo[39m[22m[49m: Unity.ILPP.Runner.PostProcessingPipeline[0]
      processors: HybridCLR.AssemblyShadow.CodeGen.ReflectionBindingsILPostProcessor, zzzUnity.Burst.CodeGen.BurstILPostProcessor
[40m[32minfo[39m[22m[49m: Unity.ILPP.Runner.PostProcessingPipeline[0]
      running HybridCLR.AssemblyShadow.CodeGen.ReflectionBindingsILPostProcessor
[40m[32minfo[39m[22m[49m: Unity.ILPP.Runner.PostProcessingPipeline[0]
      running zzzUnity.Burst.CodeGen.BurstILPostProcessor
[40m[32minfo[39m[22m[49m: Unity.ILPP.Runner.PostProcessingPipeline[0]
      Processing assembly Library/Bee/artifacts/200b0aE.dag/Unity.Collections.BurstCompatibilityGen.dll, with 115 defines and 238 references
[40m[32minfo[39m[22m[49m: Unity.ILPP.Runner.PostProcessingPipeline[0]
      processors: HybridCLR.AssemblyShadow.CodeGen.ReflectionBindingsILPostProcessor, zzzUnity.Burst.CodeGen.BurstILPostProcessor
[40m[32minfo[39m[22m[49m: Unity.ILPP.Runner.PostProcessingPipeline[0]
      running HybridCLR.AssemblyShadow.CodeGen.ReflectionBindingsILPostProcessor
[40m[32minfo[39m[22m[49m: Unity.ILPP.Runner.PostProcessingPipeline[0]
      running zzzUnity.Burst.CodeGen.BurstILPostProcessor
[40m[32minfo[39m[22m[49m: Microsoft.AspNetCore.Routing.EndpointMiddleware[1]
      Executed endpoint 'gRPC - /UnityILPP.PostProcessing/PostProcessAssembly'
[40m[32minfo[39m[22m[49m: Microsoft.AspNetCore.Hosting.Diagnostics[2]
      Request finished HTTP/2 POST http://ilpp/UnityILPP.PostProcessing/PostProcessAssembly application/grpc - - 200 - application/grpc 14.2520ms
[40m[32minfo[39m[22m[49m: Unity.ILPP.Runner.PostProcessingPipeline[0]
      Processing assembly Library/Bee/artifacts/200b0aE.dag/Unity.2D.Common.Path.Editor.dll, with 115 defines and 236 references
[40m[32minfo[39m[22m[49m: Unity.ILPP.Runner.PostProcessingPipeline[0]
      processors: HybridCLR.AssemblyShadow.CodeGen.ReflectionBindingsILPostProcessor, zzzUnity.Burst.CodeGen.BurstILPostProcessor
[40m[32minfo[39m[22m[49m: Microsoft.AspNetCore.Hosting.Diagnostics[1]
      Request starting HTTP/2 POST http://ilpp/UnityILPP.PostProcessing/PostProcessAssembly application/grpc -
[40m[32minfo[39m[22m[49m: Unity.ILPP.Runner.PostProcessingPipeline[0]
      running HybridCLR.AssemblyShadow.CodeGen.ReflectionBindingsILPostProcessor
[40m[32minfo[39m[22m[49m: Unity.ILPP.Runner.PostProcessingPipeline[0]
      running zzzUnity.Burst.CodeGen.BurstILPostProcessor
[40m[32minfo[39m[22m[49m: Microsoft.AspNetCore.Routing.EndpointMiddleware[0]
      Executing endpoint 'gRPC - /UnityILPP.PostProcessing/PostProcessAssembly'
[40m[32minfo[39m[22m[49m: Microsoft.AspNetCore.Routing.EndpointMiddleware[1]
      Executed endpoint 'gRPC - /UnityILPP.PostProcessing/PostProcessAssembly'
[40m[32minfo[39m[22m[49m: Microsoft.AspNetCore.Hosting.Diagnostics[2]
      Request finished HTTP/2 POST http://ilpp/UnityILPP.PostProcessing/PostProcessAssembly application/grpc - - 200 - application/grpc 24.1268ms
[40m[32minfo[39m[22m[49m: Unity.ILPP.Runner.PostProcessingPipeline[0]
      Processing assembly Library/Bee/artifacts/200b0aE.dag/Unity.2D.Aseprite.Editor.dll, with 116 defines and 242 references
[40m[32minfo[39m[22m[49m: Unity.ILPP.Runner.PostProcessingPipeline[0]
      processors: HybridCLR.AssemblyShadow.CodeGen.ReflectionBindingsILPostProcessor, zzzUnity.Burst.CodeGen.BurstILPostProcessor
[40m[32minfo[39m[22m[49m: Unity.ILPP.Runner.PostProcessingPipeline[0]
      running HybridCLR.AssemblyShadow.CodeGen.ReflectionBindingsILPostProcessor
[40m[32minfo[39m[22m[49m: Unity.ILPP.Runner.PostProcessingPipeline[0]
      running zzzUnity.Burst.CodeGen.BurstILPostProcessor
[40m[32minfo[39m[22m[49m: Microsoft.AspNetCore.Hosting.Diagnostics[1]
      Request starting HTTP/2 POST http://ilpp/UnityILPP.PostProcessing/PostProcessAssembly application/grpc -
[40m[32minfo[39m[22m[49m: Microsoft.AspNetCore.Routing.EndpointMiddleware[0]
      Executing endpoint 'gRPC - /UnityILPP.PostProcessing/PostProcessAssembly'
[40m[32minfo[39m[22m[49m: Microsoft.AspNetCore.Routing.EndpointMiddleware[1]
      Executed endpoint 'gRPC - /UnityILPP.PostProcessing/PostProcessAssembly'
[40m[32minfo[39m[22m[49m: Microsoft.AspNetCore.Hosting.Diagnostics[2]
      Request finished HTTP/2 POST http://ilpp/UnityILPP.PostProcessing/PostProcessAssembly application/grpc - - 200 - application/grpc 51.5629ms
[40m[32minfo[39m[22m[49m: Unity.ILPP.Runner.PostProcessingPipeline[0]
      Processing assembly Library/Bee/artifacts/200b0aE.dag/HybridCLR.Editor.dll, with 115 defines and 238 references
[40m[32minfo[39m[22m[49m: Unity.ILPP.Runner.PostProcessingPipeline[0]
      processors: HybridCLR.AssemblyShadow.CodeGen.ReflectionBindingsILPostProcessor, zzzUnity.Burst.CodeGen.BurstILPostProcessor
[40m[32minfo[39m[22m[49m: Unity.ILPP.Runner.PostProcessingPipeline[0]
      running HybridCLR.AssemblyShadow.CodeGen.ReflectionBindingsILPostProcessor
[40m[32minfo[39m[22m[49m: Unity.ILPP.Runner.PostProcessingPipeline[0]
      running zzzUnity.Burst.CodeGen.BurstILPostProcessor
[40m[32minfo[39m[22m[49m: Microsoft.AspNetCore.Routing.EndpointMiddleware[1]
      Executed endpoint 'gRPC - /UnityILPP.PostProcessing/PostProcessAssembly'
[40m[32minfo[39m[22m[49m: Microsoft.AspNetCore.Hosting.Diagnostics[2]
      Request finished HTTP/2 POST http://ilpp/UnityILPP.PostProcessing/PostProcessAssembly application/grpc - - 200 - application/grpc 17.9536ms
[40m[32minfo[39m[22m[49m: Microsoft.AspNetCore.Routing.EndpointMiddleware[1]
      Executed endpoint 'gRPC - /UnityILPP.PostProcessing/PostProcessAssembly'
[40m[32minfo[39m[22m[49m: Microsoft.AspNetCore.Hosting.Diagnostics[2]
      Request finished HTTP/2 POST http://ilpp/UnityILPP.PostProcessing/PostProcessAssembly application/grpc - - 200 - application/grpc 228.7079ms
[40m[32minfo[39m[22m[49m: Microsoft.AspNetCore.Routing.EndpointMiddleware[1]
      Executed endpoint 'gRPC - /UnityILPP.PostProcessing/PostProcessAssembly'
[40m[32minfo[39m[22m[49m: Microsoft.AspNetCore.Hosting.Diagnostics[2]
      Request finished HTTP/2 POST http://ilpp/UnityILPP.PostProcessing/PostProcessAssembly application/grpc - - 200 - application/grpc 137.6446ms
[40m[32minfo[39m[22m[49m: Microsoft.AspNetCore.Routing.EndpointMiddleware[1]
      Executed endpoint 'gRPC - /UnityILPP.PostProcessing/PostProcessAssembly'
[40m[32minfo[39m[22m[49m: Microsoft.AspNetCore.Hosting.Diagnostics[2]
      Request finished HTTP/2 POST http://ilpp/UnityILPP.PostProcessing/PostProcessAssembly application/grpc - - 200 - application/grpc 393.7248ms
[40m[32minfo[39m[22m[49m: Microsoft.AspNetCore.Hosting.Diagnostics[1]
      Request starting HTTP/2 POST http://ilpp/UnityILPP.PostProcessing/PostProcessAssembly application/grpc -
[40m[32minfo[39m[22m[49m: Microsoft.AspNetCore.Routing.EndpointMiddleware[0]
      Executing endpoint 'gRPC - /UnityILPP.PostProcessing/PostProcessAssembly'
[40m[32minfo[39m[22m[49m: Unity.ILPP.Runner.PostProcessingPipeline[0]
      Processing assembly Library/Bee/artifacts/200b0aE.dag/Unity.2D.Sprite.Editor.dll, with 115 defines and 236 references
[40m[32minfo[39m[22m[49m: Unity.ILPP.Runner.PostProcessingPipeline[0]
      processors: HybridCLR.AssemblyShadow.CodeGen.ReflectionBindingsILPostProcessor, zzzUnity.Burst.CodeGen.BurstILPostProcessor
[40m[32minfo[39m[22m[49m: Unity.ILPP.Runner.PostProcessingPipeline[0]
      running HybridCLR.AssemblyShadow.CodeGen.ReflectionBindingsILPostProcessor
[40m[32minfo[39m[22m[49m: Unity.ILPP.Runner.PostProcessingPipeline[0]
      running zzzUnity.Burst.CodeGen.BurstILPostProcessor
[40m[32minfo[39m[22m[49m: Microsoft.AspNetCore.Routing.EndpointMiddleware[1]
      Executed endpoint 'gRPC - /UnityILPP.PostProcessing/PostProcessAssembly'
[40m[32minfo[39m[22m[49m: Microsoft.AspNetCore.Hosting.Diagnostics[2]
      Request finished HTTP/2 POST http://ilpp/UnityILPP.PostProcessing/PostProcessAssembly application/grpc - - 200 - application/grpc 9.4534ms
[40m[32minfo[39m[22m[49m: Microsoft.AspNetCore.Hosting.Diagnostics[1]
      Request starting HTTP/2 POST http://ilpp/UnityILPP.PostProcessing/PostProcessAssembly application/grpc -
[40m[32minfo[39m[22m[49m: Microsoft.AspNetCore.Routing.EndpointMiddleware[0]
      Executing endpoint 'gRPC - /UnityILPP.PostProcessing/PostProcessAssembly'
[40m[32minfo[39m[22m[49m: Unity.ILPP.Runner.PostProcessingPipeline[0]
      Processing assembly Library/Bee/artifacts/200b0aE.dag/Unity.Searcher.Editor.dll, with 115 defines and 236 references
[40m[32minfo[39m[22m[49m: Unity.ILPP.Runner.PostProcessingPipeline[0]
      processors: HybridCLR.AssemblyShadow.CodeGen.ReflectionBindingsILPostProcessor, zzzUnity.Burst.CodeGen.BurstILPostProcessor
[40m[32minfo[39m[22m[49m: Unity.ILPP.Runner.PostProcessingPipeline[0]
      running HybridCLR.AssemblyShadow.CodeGen.ReflectionBindingsILPostProcessor
[40m[32minfo[39m[22m[49m: Unity.ILPP.Runner.PostProcessingPipeline[0]
      running zzzUnity.Burst.CodeGen.BurstILPostProcessor
[40m[32minfo[39m[22m[49m: Microsoft.AspNetCore.Routing.EndpointMiddleware[1]
      Executed endpoint 'gRPC - /UnityILPP.PostProcessing/PostProcessAssembly'
[40m[32minfo[39m[22m[49m: Microsoft.AspNetCore.Hosting.Diagnostics[2]
      Request finished HTTP/2 POST http://ilpp/UnityILPP.PostProcessing/PostProcessAssembly application/grpc - - 200 - application/grpc 8.8295ms
[40m[32minfo[39m[22m[49m: Microsoft.AspNetCore.Hosting.Diagnostics[1]
      Request starting HTTP/2 POST http://ilpp/UnityILPP.PostProcessing/PostProcessAssembly application/grpc -
[40m[32minfo[39m[22m[49m: Microsoft.AspNetCore.Routing.EndpointMiddleware[0]
      Executing endpoint 'gRPC - /UnityILPP.PostProcessing/PostProcessAssembly'
[40m[32minfo[39m[22m[49m: Microsoft.AspNetCore.Hosting.Diagnostics[1]
      Request starting HTTP/2 POST http://ilpp/UnityILPP.PostProcessing/PostProcessAssembly application/grpc -
[40m[32minfo[39m[22m[49m: Microsoft.AspNetCore.Routing.EndpointMiddleware[0]
      Executing endpoint 'gRPC - /UnityILPP.PostProcessing/PostProcessAssembly'
[40m[32minfo[39m[22m[49m: Unity.ILPP.Runner.PostProcessingPipeline[0]
      Processing assembly Library/Bee/artifacts/200b0aE.dag/Unity.Mathematics.Editor.dll, with 115 defines and 237 references
[40m[32minfo[39m[22m[49m: Unity.ILPP.Runner.PostProcessingPipeline[0]
      processors: HybridCLR.AssemblyShadow.CodeGen.ReflectionBindingsILPostProcessor, zzzUnity.Burst.CodeGen.BurstILPostProcessor
[40m[32minfo[39m[22m[49m: Unity.ILPP.Runner.PostProcessingPipeline[0]
      running HybridCLR.AssemblyShadow.CodeGen.ReflectionBindingsILPostProcessor
[40m[32minfo[39m[22m[49m: Unity.ILPP.Runner.PostProcessingPipeline[0]
      running zzzUnity.Burst.CodeGen.BurstILPostProcessor
[40m[32minfo[39m[22m[49m: Microsoft.AspNetCore.Routing.EndpointMiddleware[1]
      Executed endpoint 'gRPC - /UnityILPP.PostProcessing/PostProcessAssembly'
[40m[32minfo[39m[22m[49m: Microsoft.AspNetCore.Hosting.Diagnostics[2]
      Request finished HTTP/2 POST http://ilpp/UnityILPP.PostProcessing/PostProcessAssembly application/grpc - - 200 - application/grpc 4.6033ms
[40m[32minfo[39m[22m[49m: Unity.ILPP.Runner.PostProcessingPipeline[0]
      Processing assembly Library/Bee/artifacts/200b0aE.dag/UnityEditor.UI.dll, with 118 defines and 235 references
[40m[32minfo[39m[22m[49m: Unity.ILPP.Runner.PostProcessingPipeline[0]
      processors: HybridCLR.AssemblyShadow.CodeGen.ReflectionBindingsILPostProcessor, zzzUnity.Burst.CodeGen.BurstILPostProcessor
[40m[32minfo[39m[22m[49m: Unity.ILPP.Runner.PostProcessingPipeline[0]
      running HybridCLR.AssemblyShadow.CodeGen.ReflectionBindingsILPostProcessor
[40m[32minfo[39m[22m[49m: Unity.ILPP.Runner.PostProcessingPipeline[0]
      running zzzUnity.Burst.CodeGen.BurstILPostProcessor
[40m[32minfo[39m[22m[49m: Microsoft.AspNetCore.Routing.EndpointMiddleware[1]
      Executed endpoint 'gRPC - /UnityILPP.PostProcessing/PostProcessAssembly'
[40m[32minfo[39m[22m[49m: Microsoft.AspNetCore.Hosting.Diagnostics[2]
      Request finished HTTP/2 POST http://ilpp/UnityILPP.PostProcessing/PostProcessAssembly application/grpc - - 200 - application/grpc 5.1375ms
[40m[32minfo[39m[22m[49m: Microsoft.AspNetCore.Hosting.Diagnostics[1]
      Request starting HTTP/2 POST http://ilpp/UnityILPP.PostProcessing/PostProcessAssembly application/grpc -
[40m[32minfo[39m[22m[49m: Microsoft.AspNetCore.Routing.EndpointMiddleware[0]
      Executing endpoint 'gRPC - /UnityILPP.PostProcessing/PostProcessAssembly'
[40m[32minfo[39m[22m[49m: Microsoft.AspNetCore.Hosting.Diagnostics[1]
      Request starting HTTP/2 POST http://ilpp/UnityILPP.PostProcessing/PostProcessAssembly application/grpc -
[40m[32minfo[39m[22m[49m: Microsoft.AspNetCore.Routing.EndpointMiddleware[0]
      Executing endpoint 'gRPC - /UnityILPP.PostProcessing/PostProcessAssembly'
[40m[32minfo[39m[22m[49m: Unity.ILPP.Runner.PostProcessingPipeline[0]
      Processing assembly Library/Bee/artifacts/200b0aE.dag/Unity.Collections.DocCodeSamples.dll, with 115 defines and 237 references
[40m[32minfo[39m[22m[49m: Unity.ILPP.Runner.PostProcessingPipeline[0]
      processors: HybridCLR.AssemblyShadow.CodeGen.ReflectionBindingsILPostProcessor, zzzUnity.Burst.CodeGen.BurstILPostProcessor
[40m[32minfo[39m[22m[49m: Unity.ILPP.Runner.PostProcessingPipeline[0]
      running HybridCLR.AssemblyShadow.CodeGen.ReflectionBindingsILPostProcessor
[40m[32minfo[39m[22m[49m: Unity.ILPP.Runner.PostProcessingPipeline[0]
      running zzzUnity.Burst.CodeGen.BurstILPostProcessor
[40m[32minfo[39m[22m[49m: Microsoft.AspNetCore.Routing.EndpointMiddleware[1]
      Executed endpoint 'gRPC - /UnityILPP.PostProcessing/PostProcessAssembly'
[40m[32minfo[39m[22m[49m: Microsoft.AspNetCore.Hosting.Diagnostics[2]
      Request finished HTTP/2 POST http://ilpp/UnityILPP.PostProcessing/PostProcessAssembly application/grpc - - 200 - application/grpc 11.0131ms
[40m[32minfo[39m[22m[49m: Unity.ILPP.Runner.PostProcessingPipeline[0]
      Processing assembly Library/Bee/artifacts/200b0aE.dag/Unity.ShaderGraph.Editor.dll, with 115 defines and 240 references
[40m[32minfo[39m[22m[49m: Unity.ILPP.Runner.PostProcessingPipeline[0]
      processors: HybridCLR.AssemblyShadow.CodeGen.ReflectionBindingsILPostProcessor, zzzUnity.Burst.CodeGen.BurstILPostProcessor
[40m[32minfo[39m[22m[49m: Unity.ILPP.Runner.PostProcessingPipeline[0]
      running HybridCLR.AssemblyShadow.CodeGen.ReflectionBindingsILPostProcessor
[40m[32minfo[39m[22m[49m: Unity.ILPP.Runner.PostProcessingPipeline[0]
      running zzzUnity.Burst.CodeGen.BurstILPostProcessor
[40m[32minfo[39m[22m[49m: Microsoft.AspNetCore.Routing.EndpointMiddleware[1]
      Executed endpoint 'gRPC - /UnityILPP.PostProcessing/PostProcessAssembly'
[40m[32minfo[39m[22m[49m: Microsoft.AspNetCore.Hosting.Diagnostics[2]
      Request finished HTTP/2 POST http://ilpp/UnityILPP.PostProcessing/PostProcessAssembly application/grpc - - 200 - application/grpc 10.1030ms
[40m[32minfo[39m[22m[49m: Microsoft.AspNetCore.Hosting.Diagnostics[1]
      Request starting HTTP/2 POST http://ilpp/UnityILPP.PostProcessing/PostProcessAssembly application/grpc -
[40m[32minfo[39m[22m[49m: Microsoft.AspNetCore.Routing.EndpointMiddleware[0]
      Executing endpoint 'gRPC - /UnityILPP.PostProcessing/PostProcessAssembly'
[40m[32minfo[39m[22m[49m: Unity.ILPP.Runner.PostProcessingPipeline[0]
      Processing assembly Library/Bee/artifacts/200b0aE.dag/PsdPlugin.dll, with 115 defines and 237 references
[40m[32minfo[39m[22m[49m: Unity.ILPP.Runner.PostProcessingPipeline[0]
      processors: HybridCLR.AssemblyShadow.CodeGen.ReflectionBindingsILPostProcessor, zzzUnity.Burst.CodeGen.BurstILPostProcessor
[40m[32minfo[39m[22m[49m: Unity.ILPP.Runner.PostProcessingPipeline[0]
      running HybridCLR.AssemblyShadow.CodeGen.ReflectionBindingsILPostProcessor
[40m[32minfo[39m[22m[49m: Unity.ILPP.Runner.PostProcessingPipeline[0]
      running zzzUnity.Burst.CodeGen.BurstILPostProcessor
[40m[32minfo[39m[22m[49m: Microsoft.AspNetCore.Routing.EndpointMiddleware[1]
      Executed endpoint 'gRPC - /UnityILPP.PostProcessing/PostProcessAssembly'
[40m[32minfo[39m[22m[49m: Microsoft.AspNetCore.Hosting.Diagnostics[2]
      Request finished HTTP/2 POST http://ilpp/UnityILPP.PostProcessing/PostProcessAssembly application/grpc - - 200 - application/grpc 22.7466ms
[40m[32minfo[39m[22m[49m: Microsoft.AspNetCore.Hosting.Diagnostics[1]
      Request starting HTTP/2 POST http://ilpp/UnityILPP.PostProcessing/PostProcessAssembly application/grpc -
[40m[32minfo[39m[22m[49m: Microsoft.AspNetCore.Routing.EndpointMiddleware[0]
      Executing endpoint 'gRPC - /UnityILPP.PostProcessing/PostProcessAssembly'
[40m[32minfo[39m[22m[49m: Microsoft.AspNetCore.Hosting.Diagnostics[1]
      Request starting HTTP/2 POST http://ilpp/UnityILPP.PostProcessing/PostProcessAssembly application/grpc -
[40m[32minfo[39m[22m[49m: Microsoft.AspNetCore.Routing.EndpointMiddleware[0]
      Executing endpoint 'gRPC - /UnityILPP.PostProcessing/PostProcessAssembly'
[40m[32minfo[39m[22m[49m: Microsoft.AspNetCore.Hosting.Diagnostics[1]
      Request starting HTTP/2 POST http://ilpp/UnityILPP.PostProcessing/PostProcessAssembly application/grpc -
[40m[32minfo[39m[22m[49m: Microsoft.AspNetCore.Routing.EndpointMiddleware[0]
      Executing endpoint 'gRPC - /UnityILPP.PostProcessing/PostProcessAssembly'
[40m[32minfo[39m[22m[49m: Unity.ILPP.Runner.PostProcessingPipeline[0]
      Processing assembly Library/Bee/artifacts/200b0aE.dag/Unity.2D.Common.Editor.dll, with 115 defines and 240 references
[40m[32minfo[39m[22m[49m: Unity.ILPP.Runner.PostProcessingPipeline[0]
      processors: HybridCLR.AssemblyShadow.CodeGen.ReflectionBindingsILPostProcessor, zzzUnity.Burst.CodeGen.BurstILPostProcessor
[40m[32minfo[39m[22m[49m: Unity.ILPP.Runner.PostProcessingPipeline[0]
      running HybridCLR.AssemblyShadow.CodeGen.ReflectionBindingsILPostProcessor
[40m[32minfo[39m[22m[49m: Unity.ILPP.Runner.PostProcessingPipeline[0]
      running zzzUnity.Burst.CodeGen.BurstILPostProcessor
[40m[32minfo[39m[22m[49m: Unity.ILPP.Runner.PostProcessingPipeline[0]
      Processing assembly Library/Bee/artifacts/200b0aE.dag/Unity.CollabProxy.Editor.dll, with 115 defines and 237 references
[40m[32minfo[39m[22m[49m: Unity.ILPP.Runner.PostProcessingPipeline[0]
      processors: HybridCLR.AssemblyShadow.CodeGen.ReflectionBindingsILPostProcessor, zzzUnity.Burst.CodeGen.BurstILPostProcessor
[40m[32minfo[39m[22m[49m: Unity.ILPP.Runner.PostProcessingPipeline[0]
      running HybridCLR.AssemblyShadow.CodeGen.ReflectionBindingsILPostProcessor
[40m[32minfo[39m[22m[49m: Unity.ILPP.Runner.PostProcessingPipeline[0]
      running zzzUnity.Burst.CodeGen.BurstILPostProcessor
[40m[32minfo[39m[22m[49m: Microsoft.AspNetCore.Routing.EndpointMiddleware[1]
      Executed endpoint 'gRPC - /UnityILPP.PostProcessing/PostProcessAssembly'
[40m[32minfo[39m[22m[49m: Microsoft.AspNetCore.Hosting.Diagnostics[2]
      Request finished HTTP/2 POST http://ilpp/UnityILPP.PostProcessing/PostProcessAssembly application/grpc - - 200 - application/grpc 9.7485ms
[40m[32minfo[39m[22m[49m: Microsoft.AspNetCore.Hosting.Diagnostics[1]
      Request starting HTTP/2 POST http://ilpp/UnityILPP.PostProcessing/PostProcessAssembly application/grpc -
[40m[32minfo[39m[22m[49m: Microsoft.AspNetCore.Routing.EndpointMiddleware[0]
      Executing endpoint 'gRPC - /UnityILPP.PostProcessing/PostProcessAssembly'
[40m[32minfo[39m[22m[49m: Unity.ILPP.Runner.PostProcessingPipeline[0]
      Processing assembly Library/Bee/artifacts/200b0aE.dag/Unity.2D.Tilemap.Extras.Editor.dll, with 115 defines and 238 references
[40m[32minfo[39m[22m[49m: Unity.ILPP.Runner.PostProcessingPipeline[0]
      processors: HybridCLR.AssemblyShadow.CodeGen.ReflectionBindingsILPostProcessor, zzzUnity.Burst.CodeGen.BurstILPostProcessor
[40m[32minfo[39m[22m[49m: Unity.ILPP.Runner.PostProcessingPipeline[0]
      Processing assembly Library/Bee/artifacts/200b0aE.dag/AssemblyShadowBaseline.Editor.dll, with 115 defines and 239 references
[40m[32minfo[39m[22m[49m: Unity.ILPP.Runner.PostProcessingPipeline[0]
      processors: HybridCLR.AssemblyShadow.CodeGen.ReflectionBindingsILPostProcessor, zzzUnity.Burst.CodeGen.BurstILPostProcessor
[40m[32minfo[39m[22m[49m: Unity.ILPP.Runner.PostProcessingPipeline[0]
      running HybridCLR.AssemblyShadow.CodeGen.ReflectionBindingsILPostProcessor
[40m[32minfo[39m[22m[49m: Unity.ILPP.Runner.PostProcessingPipeline[0]
      running zzzUnity.Burst.CodeGen.BurstILPostProcessor
[40m[32minfo[39m[22m[49m: Unity.ILPP.Runner.PostProcessingPipeline[0]
      running HybridCLR.AssemblyShadow.CodeGen.ReflectionBindingsILPostProcessor
[40m[32minfo[39m[22m[49m: Unity.ILPP.Runner.PostProcessingPipeline[0]
      running zzzUnity.Burst.CodeGen.BurstILPostProcessor
[40m[32minfo[39m[22m[49m: Microsoft.AspNetCore.Routing.EndpointMiddleware[1]
      Executed endpoint 'gRPC - /UnityILPP.PostProcessing/PostProcessAssembly'
[40m[32minfo[39m[22m[49m: Microsoft.AspNetCore.Hosting.Diagnostics[2]
      Request finished HTTP/2 POST http://ilpp/UnityILPP.PostProcessing/PostProcessAssembly application/grpc - - 200 - application/grpc 15.9984ms
[40m[32minfo[39m[22m[49m: Microsoft.AspNetCore.Routing.EndpointMiddleware[1]
      Executed endpoint 'gRPC - /UnityILPP.PostProcessing/PostProcessAssembly'
[40m[32minfo[39m[22m[49m: Microsoft.AspNetCore.Hosting.Diagnostics[2]
      Request finished HTTP/2 POST http://ilpp/UnityILPP.PostProcessing/PostProcessAssembly application/grpc - - 200 - application/grpc 11.6071ms
[40m[32minfo[39m[22m[49m: Microsoft.AspNetCore.Routing.EndpointMiddleware[1]
      Executed endpoint 'gRPC - /UnityILPP.PostProcessing/PostProcessAssembly'
[40m[32minfo[39m[22m[49m: Microsoft.AspNetCore.Hosting.Diagnostics[2]
      Request finished HTTP/2 POST http://ilpp/UnityILPP.PostProcessing/PostProcessAssembly application/grpc - - 200 - application/grpc 37.8805ms
[40m[32minfo[39m[22m[49m: Microsoft.AspNetCore.Hosting.Diagnostics[1]
      Request starting HTTP/2 POST http://ilpp/UnityILPP.PostProcessing/PostProcessAssembly application/grpc -
[40m[32minfo[39m[22m[49m: Microsoft.AspNetCore.Routing.EndpointMiddleware[0]
      Executing endpoint 'gRPC - /UnityILPP.PostProcessing/PostProcessAssembly'
[40m[32minfo[39m[22m[49m: Unity.ILPP.Runner.PostProcessingPipeline[0]
      Processing assembly Library/Bee/artifacts/200b0aE.dag/Unity.ShaderGraph.Utilities.dll, with 115 defines and 236 references
[40m[32minfo[39m[22m[49m: Unity.ILPP.Runner.PostProcessingPipeline[0]
      processors: HybridCLR.AssemblyShadow.CodeGen.ReflectionBindingsILPostProcessor, zzzUnity.Burst.CodeGen.BurstILPostProcessor
[40m[32minfo[39m[22m[49m: Unity.ILPP.Runner.PostProcessingPipeline[0]
      running HybridCLR.AssemblyShadow.CodeGen.ReflectionBindingsILPostProcessor
[40m[32minfo[39m[22m[49m: Unity.ILPP.Runner.PostProcessingPipeline[0]
      running zzzUnity.Burst.CodeGen.BurstILPostProcessor
[40m[32minfo[39m[22m[49m: Microsoft.AspNetCore.Routing.EndpointMiddleware[1]
      Executed endpoint 'gRPC - /UnityILPP.PostProcessing/PostProcessAssembly'
[40m[32minfo[39m[22m[49m: Microsoft.AspNetCore.Hosting.Diagnostics[2]
      Request finished HTTP/2 POST http://ilpp/UnityILPP.PostProcessing/PostProcessAssembly application/grpc - - 200 - application/grpc 13.8763ms
[40m[32minfo[39m[22m[49m: Microsoft.AspNetCore.Hosting.Diagnostics[1]
      Request starting HTTP/2 POST http://ilpp/UnityILPP.PostProcessing/PostProcessAssembly application/grpc -
[40m[32minfo[39m[22m[49m: Microsoft.AspNetCore.Routing.EndpointMiddleware[0]
      Executing endpoint 'gRPC - /UnityILPP.PostProcessing/PostProcessAssembly'
[40m[32minfo[39m[22m[49m: Microsoft.AspNetCore.Hosting.Diagnostics[1]
      Request starting HTTP/2 POST http://ilpp/UnityILPP.PostProcessing/PostProcessAssembly application/grpc -
[40m[32minfo[39m[22m[49m: Microsoft.AspNetCore.Routing.EndpointMiddleware[0]
      Executing endpoint 'gRPC - /UnityILPP.PostProcessing/PostProcessAssembly'
[40m[32minfo[39m[22m[49m: Unity.ILPP.Runner.PostProcessingPipeline[0]
      Processing assembly Library/Bee/artifacts/200b0aE.dag/Unity.InternalAPIEditorBridge.001.dll, with 115 defines and 237 references
[40m[32minfo[39m[22m[49m: Unity.ILPP.Runner.PostProcessingPipeline[0]
      processors: HybridCLR.AssemblyShadow.CodeGen.ReflectionBindingsILPostProcessor, zzzUnity.Burst.CodeGen.BurstILPostProcessor
[40m[32minfo[39m[22m[49m: Unity.ILPP.Runner.PostProcessingPipeline[0]
      running HybridCLR.AssemblyShadow.CodeGen.ReflectionBindingsILPostProcessor
[40m[32minfo[39m[22m[49m: Unity.ILPP.Runner.PostProcessingPipeline[0]
      running zzzUnity.Burst.CodeGen.BurstILPostProcessor
[40m[32minfo[39m[22m[49m: Unity.ILPP.Runner.PostProcessingPipeline[0]
      Processing assembly Library/Bee/artifacts/200b0aE.dag/Unity.HybridCLR.AssemblyShadow.CodeGen.Tests.dll, with 115 defines and 227 references
[40m[32minfo[39m[22m[49m: Unity.ILPP.Runner.PostProcessingPipeline[0]
      processors: HybridCLR.AssemblyShadow.CodeGen.ReflectionBindingsILPostProcessor, zzzUnity.Burst.CodeGen.BurstILPostProcessor
[40m[32minfo[39m[22m[49m: Unity.ILPP.Runner.PostProcessingPipeline[0]
      running HybridCLR.AssemblyShadow.CodeGen.ReflectionBindingsILPostProcessor
[40m[32minfo[39m[22m[49m: Unity.ILPP.Runner.PostProcessingPipeline[0]
      running zzzUnity.Burst.CodeGen.BurstILPostProcessor
[40m[32minfo[39m[22m[49m: Microsoft.AspNetCore.Routing.EndpointMiddleware[1]
      Executed endpoint 'gRPC - /UnityILPP.PostProcessing/PostProcessAssembly'
[40m[32minfo[39m[22m[49m: Microsoft.AspNetCore.Hosting.Diagnostics[2]
      Request finished HTTP/2 POST http://ilpp/UnityILPP.PostProcessing/PostProcessAssembly application/grpc - - 200 - application/grpc 10.7823ms
[40m[32minfo[39m[22m[49m: Microsoft.AspNetCore.Routing.EndpointMiddleware[1]
      Executed endpoint 'gRPC - /UnityILPP.PostProcessing/PostProcessAssembly'
[40m[32minfo[39m[22m[49m: Microsoft.AspNetCore.Hosting.Diagnostics[2]
      Request finished HTTP/2 POST http://ilpp/UnityILPP.PostProcessing/PostProcessAssembly application/grpc - - 200 - application/grpc 7.3467ms
[40m[32minfo[39m[22m[49m: Microsoft.AspNetCore.Hosting.Diagnostics[1]
      Request starting HTTP/2 POST http://ilpp/UnityILPP.PostProcessing/PostProcessAssembly application/grpc -
[40m[32minfo[39m[22m[49m: Microsoft.AspNetCore.Routing.EndpointMiddleware[0]
      Executing endpoint 'gRPC - /UnityILPP.PostProcessing/PostProcessAssembly'
[40m[32minfo[39m[22m[49m: Unity.ILPP.Runner.PostProcessingPipeline[0]
      Processing assembly Library/Bee/artifacts/200b0aE.dag/Unity.PlasticSCM.Editor.dll, with 115 defines and 226 references
[40m[32minfo[39m[22m[49m: Unity.ILPP.Runner.PostProcessingPipeline[0]
      processors: HybridCLR.AssemblyShadow.CodeGen.ReflectionBindingsILPostProcessor, zzzUnity.Burst.CodeGen.BurstILPostProcessor
[40m[32minfo[39m[22m[49m: Unity.ILPP.Runner.PostProcessingPipeline[0]
      running HybridCLR.AssemblyShadow.CodeGen.ReflectionBindingsILPostProcessor
[40m[32minfo[39m[22m[49m: Unity.ILPP.Runner.PostProcessingPipeline[0]
      running zzzUnity.Burst.CodeGen.BurstILPostProcessor
[40m[32minfo[39m[22m[49m: Microsoft.AspNetCore.Routing.EndpointMiddleware[1]
      Executed endpoint 'gRPC - /UnityILPP.PostProcessing/PostProcessAssembly'
[40m[32minfo[39m[22m[49m: Microsoft.AspNetCore.Hosting.Diagnostics[2]
      Request finished HTTP/2 POST http://ilpp/UnityILPP.PostProcessing/PostProcessAssembly application/grpc - - 200 - application/grpc 5.3205ms
[40m[32minfo[39m[22m[49m: Microsoft.AspNetCore.Hosting.Diagnostics[1]
      Request starting HTTP/2 POST http://ilpp/UnityILPP.PostProcessing/PostProcessAssembly application/grpc -
[40m[32minfo[39m[22m[49m: Microsoft.AspNetCore.Routing.EndpointMiddleware[0]
      Executing endpoint 'gRPC - /UnityILPP.PostProcessing/PostProcessAssembly'
[40m[32minfo[39m[22m[49m: Microsoft.AspNetCore.Hosting.Diagnostics[1]
      Request starting HTTP/2 POST http://ilpp/UnityILPP.PostProcessing/PostProcessAssembly application/grpc -
[40m[32minfo[39m[22m[49m: Microsoft.AspNetCore.Routing.EndpointMiddleware[0]
      Executing endpoint 'gRPC - /UnityILPP.PostProcessing/PostProcessAssembly'
[40m[32minfo[39m[22m[49m: Unity.ILPP.Runner.PostProcessingPipeline[0]
      Processing assembly Library/Bee/artifacts/200b0aE.dag/Unity.VisualScripting.Flow.Editor.dll, with 115 defines and 239 references
[40m[32minfo[39m[22m[49m: Unity.ILPP.Runner.PostProcessingPipeline[0]
      processors: HybridCLR.AssemblyShadow.CodeGen.ReflectionBindingsILPostProcessor, zzzUnity.Burst.CodeGen.BurstILPostProcessor
[40m[32minfo[39m[22m[49m: Unity.ILPP.Runner.PostProcessingPipeline[0]
      running HybridCLR.AssemblyShadow.CodeGen.ReflectionBindingsILPostProcessor
[40m[32minfo[39m[22m[49m: Unity.ILPP.Runner.PostProcessingPipeline[0]
      running zzzUnity.Burst.CodeGen.BurstILPostProcessor
[40m[32minfo[39m[22m[49m: Microsoft.AspNetCore.Routing.EndpointMiddleware[1]
      Executed endpoint 'gRPC - /UnityILPP.PostProcessing/PostProcessAssembly'
[40m[32minfo[39m[22m[49m: Microsoft.AspNetCore.Hosting.Diagnostics[2]
      Request finished HTTP/2 POST http://ilpp/UnityILPP.PostProcessing/PostProcessAssembly application/grpc - - 200 - application/grpc 16.6261ms
[40m[32minfo[39m[22m[49m: Unity.ILPP.Runner.PostProcessingPipeline[0]
      Processing assembly Library/Bee/artifacts/200b0aE.dag/Unity.VisualScripting.State.Editor.dll, with 115 defines and 241 references
[40m[32minfo[39m[22m[49m: Unity.ILPP.Runner.PostProcessingPipeline[0]
      processors: HybridCLR.AssemblyShadow.CodeGen.ReflectionBindingsILPostProcessor, zzzUnity.Burst.CodeGen.BurstILPostProcessor
[40m[32minfo[39m[22m[49m: Unity.ILPP.Runner.PostProcessingPipeline[0]
      running HybridCLR.AssemblyShadow.CodeGen.ReflectionBindingsILPostProcessor
[40m[32minfo[39m[22m[49m: Unity.ILPP.Runner.PostProcessingPipeline[0]
      running zzzUnity.Burst.CodeGen.BurstILPostProcessor
[40m[32minfo[39m[22m[49m: Microsoft.AspNetCore.Routing.EndpointMiddleware[1]
      Executed endpoint 'gRPC - /UnityILPP.PostProcessing/PostProcessAssembly'
[40m[32minfo[39m[22m[49m: Microsoft.AspNetCore.Hosting.Diagnostics[2]
      Request finished HTTP/2 POST http://ilpp/UnityILPP.PostProcessing/PostProcessAssembly application/grpc - - 200 - application/grpc 30.3444ms
[40m[32minfo[39m[22m[49m: Microsoft.AspNetCore.Hosting.Diagnostics[1]
      Request starting HTTP/2 POST http://ilpp/UnityILPP.PostProcessing/PostProcessAssembly application/grpc -
[40m[32minfo[39m[22m[49m: Microsoft.AspNetCore.Routing.EndpointMiddleware[0]
      Executing endpoint 'gRPC - /UnityILPP.PostProcessing/PostProcessAssembly'
[40m[32minfo[39m[22m[49m: Unity.ILPP.Runner.PostProcessingPipeline[0]
      Processing assembly Library/Bee/artifacts/200b0aE.dag/PPv2URPConverters.dll, with 115 defines and 240 references
[40m[32minfo[39m[22m[49m: Unity.ILPP.Runner.PostProcessingPipeline[0]
      processors: HybridCLR.AssemblyShadow.CodeGen.ReflectionBindingsILPostProcessor, zzzUnity.Burst.CodeGen.BurstILPostProcessor
[40m[32minfo[39m[22m[49m: Unity.ILPP.Runner.PostProcessingPipeline[0]
      running HybridCLR.AssemblyShadow.CodeGen.ReflectionBindingsILPostProcessor
[40m[32minfo[39m[22m[49m: Unity.ILPP.Runner.PostProcessingPipeline[0]
      running zzzUnity.Burst.CodeGen.BurstILPostProcessor
[40m[32minfo[39m[22m[49m: Microsoft.AspNetCore.Routing.EndpointMiddleware[1]
      Executed endpoint 'gRPC - /UnityILPP.PostProcessing/PostProcessAssembly'
[40m[32minfo[39m[22m[49m: Microsoft.AspNetCore.Hosting.Diagnostics[2]
      Request finished HTTP/2 POST http://ilpp/UnityILPP.PostProcessing/PostProcessAssembly application/grpc - - 200 - application/grpc 15.2355ms
[40m[32minfo[39m[22m[49m: Microsoft.AspNetCore.Hosting.Diagnostics[1]
      Request starting HTTP/2 POST http://ilpp/UnityILPP.PostProcessing/PostProcessAssembly application/grpc -
[40m[32minfo[39m[22m[49m: Microsoft.AspNetCore.Routing.EndpointMiddleware[0]
      Executing endpoint 'gRPC - /UnityILPP.PostProcessing/PostProcessAssembly'
[40m[32minfo[39m[22m[49m: Unity.ILPP.Runner.PostProcessingPipeline[0]
      Processing assembly Library/Bee/artifacts/200b0aE.dag/MCPForUnityTests.EditMode.dll, with 115 defines and 227 references
[40m[32minfo[39m[22m[49m: Unity.ILPP.Runner.PostProcessingPipeline[0]
      processors: HybridCLR.AssemblyShadow.CodeGen.ReflectionBindingsILPostProcessor, zzzUnity.Burst.CodeGen.BurstILPostProcessor
[40m[32minfo[39m[22m[49m: Unity.ILPP.Runner.PostProcessingPipeline[0]
      running HybridCLR.AssemblyShadow.CodeGen.ReflectionBindingsILPostProcessor
[40m[32minfo[39m[22m[49m: Unity.ILPP.Runner.PostProcessingPipeline[0]
      running zzzUnity.Burst.CodeGen.BurstILPostProcessor
[40m[32minfo[39m[22m[49m: Microsoft.AspNetCore.Routing.EndpointMiddleware[1]
      Executed endpoint 'gRPC - /UnityILPP.PostProcessing/PostProcessAssembly'
[40m[32minfo[39m[22m[49m: Microsoft.AspNetCore.Hosting.Diagnostics[2]
      Request finished HTTP/2 POST http://ilpp/UnityILPP.PostProcessing/PostProcessAssembly application/grpc - - 200 - application/grpc 2.0875ms
[40m[32minfo[39m[22m[49m: Microsoft.AspNetCore.Hosting.Diagnostics[1]
      Request starting HTTP/2 POST http://ilpp/UnityILPP.PostProcessing/PostProcessAssembly application/grpc -
[40m[32minfo[39m[22m[49m: Microsoft.AspNetCore.Routing.EndpointMiddleware[0]
      Executing endpoint 'gRPC - /UnityILPP.PostProcessing/PostProcessAssembly'
[40m[32minfo[39m[22m[49m: Unity.ILPP.Runner.PostProcessingPipeline[0]
      Processing assembly Library/Bee/artifacts/200b0aE.dag/Unity.Burst.Editor.dll, with 115 defines and 237 references
[40m[32minfo[39m[22m[49m: Unity.ILPP.Runner.PostProcessingPipeline[0]
      processors: HybridCLR.AssemblyShadow.CodeGen.ReflectionBindingsILPostProcessor, zzzUnity.Burst.CodeGen.BurstILPostProcessor
[40m[32minfo[39m[22m[49m: Unity.ILPP.Runner.PostProcessingPipeline[0]
      running HybridCLR.AssemblyShadow.CodeGen.ReflectionBindingsILPostProcessor
[40m[32minfo[39m[22m[49m: Unity.ILPP.Runner.PostProcessingPipeline[0]
      running zzzUnity.Burst.CodeGen.BurstILPostProcessor
[40m[32minfo[39m[22m[49m: Microsoft.AspNetCore.Hosting.Diagnostics[1]
      Request starting HTTP/2 POST http://ilpp/UnityILPP.PostProcessing/PostProcessAssembly application/grpc -
[40m[32minfo[39m[22m[49m: Microsoft.AspNetCore.Routing.EndpointMiddleware[0]
      Executing endpoint 'gRPC - /UnityILPP.PostProcessing/PostProcessAssembly'
[40m[32minfo[39m[22m[49m: Microsoft.AspNetCore.Hosting.Diagnostics[1]
      Request starting HTTP/2 POST http://ilpp/UnityILPP.PostProcessing/PostProcessAssembly application/grpc -
[40m[32minfo[39m[22m[49m: Microsoft.AspNetCore.Routing.EndpointMiddleware[0]
      Executing endpoint 'gRPC - /UnityILPP.PostProcessing/PostProcessAssembly'
[40m[32minfo[39m[22m[49m: Unity.ILPP.Runner.PostProcessingPipeline[0]
      Processing assembly Library/Bee/artifacts/200b0aE.dag/Unity.VisualScripting.Core.Editor.dll, with 115 defines and 237 references
[40m[32minfo[39m[22m[49m: Unity.ILPP.Runner.PostProcessingPipeline[0]
      processors: HybridCLR.AssemblyShadow.CodeGen.ReflectionBindingsILPostProcessor, zzzUnity.Burst.CodeGen.BurstILPostProcessor
[40m[32minfo[39m[22m[49m: Unity.ILPP.Runner.PostProcessingPipeline[0]
      Processing assembly Library/Bee/artifacts/200b0aE.dag/AssemblyShadowDemo.EditorTests.dll, with 115 defines and 234 references
[40m[32minfo[39m[22m[49m: Unity.ILPP.Runner.PostProcessingPipeline[0]
      processors: HybridCLR.AssemblyShadow.CodeGen.ReflectionBindingsILPostProcessor, zzzUnity.Burst.CodeGen.BurstILPostProcessor
[40m[32minfo[39m[22m[49m: Unity.ILPP.Runner.PostProcessingPipeline[0]
      running HybridCLR.AssemblyShadow.CodeGen.ReflectionBindingsILPostProcessor
[40m[32minfo[39m[22m[49m: Unity.ILPP.Runner.PostProcessingPipeline[0]
      running zzzUnity.Burst.CodeGen.BurstILPostProcessor
[40m[32minfo[39m[22m[49m: Unity.ILPP.Runner.PostProcessingPipeline[0]
      running HybridCLR.AssemblyShadow.CodeGen.ReflectionBindingsILPostProcessor
[40m[32minfo[39m[22m[49m: Unity.ILPP.Runner.PostProcessingPipeline[0]
      running zzzUnity.Burst.CodeGen.BurstILPostProcessor
[40m[32minfo[39m[22m[49m: Microsoft.AspNetCore.Routing.EndpointMiddleware[1]
      Executed endpoint 'gRPC - /UnityILPP.PostProcessing/PostProcessAssembly'
[40m[32minfo[39m[22m[49m: Microsoft.AspNetCore.Hosting.Diagnostics[2]
      Request finished HTTP/2 POST http://ilpp/UnityILPP.PostProcessing/PostProcessAssembly application/grpc - - 200 - application/grpc 10.8690ms
[40m[32minfo[39m[22m[49m: Microsoft.AspNetCore.Routing.EndpointMiddleware[1]
      Executed endpoint 'gRPC - /UnityILPP.PostProcessing/PostProcessAssembly'
[40m[32minfo[39m[22m[49m: Microsoft.AspNetCore.Hosting.Diagnostics[2]
      Request finished HTTP/2 POST http://ilpp/UnityILPP.PostProcessing/PostProcessAssembly application/grpc - - 200 - application/grpc 31.2290ms
[40m[32minfo[39m[22m[49m: Microsoft.AspNetCore.Routing.EndpointMiddleware[1]
      Executed endpoint 'gRPC - /UnityILPP.PostProcessing/PostProcessAssembly'
[40m[32minfo[39m[22m[49m: Microsoft.AspNetCore.Hosting.Diagnostics[2]
      Request finished HTTP/2 POST http://ilpp/UnityILPP.PostProcessing/PostProcessAssembly application/grpc - - 200 - application/grpc 23.6026ms
[40m[32minfo[39m[22m[49m: Microsoft.AspNetCore.Hosting.Diagnostics[1]
      Request starting HTTP/2 POST http://ilpp/UnityILPP.PostProcessing/PostProcessAssembly application/grpc -
[40m[32minfo[39m[22m[49m: Microsoft.AspNetCore.Hosting.Diagnostics[1]
      Request starting HTTP/2 POST http://ilpp/UnityILPP.PostProcessing/PostProcessAssembly application/grpc -
[40m[32minfo[39m[22m[49m: Microsoft.AspNetCore.Routing.EndpointMiddleware[0]
      Executing endpoint 'gRPC - /UnityILPP.PostProcessing/PostProcessAssembly'
[40m[32minfo[39m[22m[49m: Microsoft.AspNetCore.Routing.EndpointMiddleware[0]
      Executing endpoint 'gRPC - /UnityILPP.PostProcessing/PostProcessAssembly'
[40m[32minfo[39m[22m[49m: Unity.ILPP.Runner.PostProcessingPipeline[0]
      Processing assembly Library/Bee/artifacts/200b0aE.dag/Unity.2D.Tilemap.Editor.dll, with 115 defines and 236 references
[40m[32minfo[39m[22m[49m: Unity.ILPP.Runner.PostProcessingPipeline[0]
      processors: HybridCLR.AssemblyShadow.CodeGen.ReflectionBindingsILPostProcessor, zzzUnity.Burst.CodeGen.BurstILPostProcessor
[40m[32minfo[39m[22m[49m: Unity.ILPP.Runner.PostProcessingPipeline[0]
      Processing assembly Library/Bee/artifacts/200b0aE.dag/Unity.2D.SpriteShape.Editor.dll, with 115 defines and 241 references
[40m[32minfo[39m[22m[49m: Unity.ILPP.Runner.PostProcessingPipeline[0]
      processors: HybridCLR.AssemblyShadow.CodeGen.ReflectionBindingsILPostProcessor, zzzUnity.Burst.CodeGen.BurstILPostProcessor
[40m[32minfo[39m[22m[49m: Unity.ILPP.Runner.PostProcessingPipeline[0]
      running HybridCLR.AssemblyShadow.CodeGen.ReflectionBindingsILPostProcessor
[40m[32minfo[39m[22m[49m: Unity.ILPP.Runner.PostProcessingPipeline[0]
      running zzzUnity.Burst.CodeGen.BurstILPostProcessor
[40m[32minfo[39m[22m[49m: Unity.ILPP.Runner.PostProcessingPipeline[0]
      running HybridCLR.AssemblyShadow.CodeGen.ReflectionBindingsILPostProcessor
[40m[32minfo[39m[22m[49m: Unity.ILPP.Runner.PostProcessingPipeline[0]
      running zzzUnity.Burst.CodeGen.BurstILPostProcessor
[40m[32minfo[39m[22m[49m: Microsoft.AspNetCore.Routing.EndpointMiddleware[1]
      Executed endpoint 'gRPC - /UnityILPP.PostProcessing/PostProcessAssembly'
[40m[32minfo[39m[22m[49m: Microsoft.AspNetCore.Hosting.Diagnostics[2]
      Request finished HTTP/2 POST http://ilpp/UnityILPP.PostProcessing/PostProcessAssembly application/grpc - - 200 - application/grpc 6.9388ms
[40m[32minfo[39m[22m[49m: Microsoft.AspNetCore.Routing.EndpointMiddleware[1]
      Executed endpoint 'gRPC - /UnityILPP.PostProcessing/PostProcessAssembly'
[40m[32minfo[39m[22m[49m: Microsoft.AspNetCore.Hosting.Diagnostics[2]
      Request finished HTTP/2 POST http://ilpp/UnityILPP.PostProcessing/PostProcessAssembly application/grpc - - 200 - application/grpc 7.0900ms
[40m[32minfo[39m[22m[49m: Microsoft.AspNetCore.Hosting.Diagnostics[1]
      Request starting HTTP/2 POST http://ilpp/UnityILPP.PostProcessing/PostProcessAssembly application/grpc -
[40m[32minfo[39m[22m[49m: Microsoft.AspNetCore.Routing.EndpointMiddleware[0]
      Executing endpoint 'gRPC - /UnityILPP.PostProcessing/PostProcessAssembly'
[40m[32minfo[39m[22m[49m: Unity.ILPP.Runner.PostProcessingPipeline[0]
      Processing assembly Library/Bee/artifacts/200b0aE.dag/Unity.RenderPipelines.Universal.Editor.dll, with 116 defines and 242 references
[40m[32minfo[39m[22m[49m: Unity.ILPP.Runner.PostProcessingPipeline[0]
      processors: HybridCLR.AssemblyShadow.CodeGen.ReflectionBindingsILPostProcessor, zzzUnity.Burst.CodeGen.BurstILPostProcessor
[40m[32minfo[39m[22m[49m: Unity.ILPP.Runner.PostProcessingPipeline[0]
      running HybridCLR.AssemblyShadow.CodeGen.ReflectionBindingsILPostProcessor
[40m[32minfo[39m[22m[49m: Unity.ILPP.Runner.PostProcessingPipeline[0]
      running zzzUnity.Burst.CodeGen.BurstILPostProcessor
[40m[32minfo[39m[22m[49m: Microsoft.AspNetCore.Routing.EndpointMiddleware[1]
      Executed endpoint 'gRPC - /UnityILPP.PostProcessing/PostProcessAssembly'
[40m[32minfo[39m[22m[49m: Microsoft.AspNetCore.Hosting.Diagnostics[2]
      Request finished HTTP/2 POST http://ilpp/UnityILPP.PostProcessing/PostProcessAssembly application/grpc - - 200 - application/grpc 5.5331ms
[40m[32minfo[39m[22m[49m: Microsoft.AspNetCore.Hosting.Diagnostics[1]
      Request starting HTTP/2 POST http://ilpp/UnityILPP.PostProcessing/PostProcessAssembly application/grpc -
[40m[32minfo[39m[22m[49m: Microsoft.AspNetCore.Routing.EndpointMiddleware[0]
      Executing endpoint 'gRPC - /UnityILPP.PostProcessing/PostProcessAssembly'
[40m[32minfo[39m[22m[49m: Unity.ILPP.Runner.PostProcessingPipeline[0]
      Processing assembly Library/Bee/artifacts/200b0aE.dag/AssemblyShadowDemo.Editor.dll, with 115 defines and 245 references
[40m[32minfo[39m[22m[49m: Unity.ILPP.Runner.PostProcessingPipeline[0]
      processors: HybridCLR.AssemblyShadow.CodeGen.ReflectionBindingsILPostProcessor, zzzUnity.Burst.CodeGen.BurstILPostProcessor
[40m[32minfo[39m[22m[49m: Unity.ILPP.Runner.PostProcessingPipeline[0]
      running HybridCLR.AssemblyShadow.CodeGen.ReflectionBindingsILPostProcessor
[40m[32minfo[39m[22m[49m: Unity.ILPP.Runner.PostProcessingPipeline[0]
      running zzzUnity.Burst.CodeGen.BurstILPostProcessor
[40m[32minfo[39m[22m[49m: Microsoft.AspNetCore.Routing.EndpointMiddleware[1]
      Executed endpoint 'gRPC - /UnityILPP.PostProcessing/PostProcessAssembly'
[40m[32minfo[39m[22m[49m: Microsoft.AspNetCore.Hosting.Diagnostics[2]
      Request finished HTTP/2 POST http://ilpp/UnityILPP.PostProcessing/PostProcessAssembly application/grpc - - 200 - application/grpc 4.5849ms
ExitCode: 0 Duration: 5s470ms
Finished compiling graph: 920 nodes, 14534 flattened edges (11744 ToBuild, 168 ToUse), maximum node priority 1001
[ 10/917    0s] WriteText Library/Bee/artifacts/200b0aE.dag/UnityEngine.TestRunner.rsp2
[ 12/917    0s] WriteText Library/Bee/artifacts/200b0aE.dag/UnityEngine.TestRunner.UnityAdditionalFile.txt
[102/917    0s] WriteText Library/Bee/artifacts/200b0aE.dag/UnityEngine.UI.rsp2
[104/917    0s] WriteText Library/Bee/artifacts/200b0aE.dag/UnityEngine.UI.UnityAdditionalFile.txt
[105/917    0s] WriteText Library/Bee/artifacts/200b0aE.dag/UnityEngine.TestRunner.dll.mvfrm.rsp
[107/917    0s] WriteText Library/Bee/artifacts/200b0aE.dag/UnityEngine.TestRunner.rsp
[108/917    0s] WriteText Library/Bee/artifacts/200b0aE.dag/UnityEngine.UI.rsp
[109/917    0s] WriteText Library/Bee/artifacts/200b0aE.dag/UnityEditor.TestRunner.UnityAdditionalFile.txt
[110/917    0s] WriteText Library/Bee/artifacts/200b0aE.dag/UnityEditor.TestRunner.rsp2
[111/917    0s] WriteText Library/Bee/artifacts/200b0aE.dag/UnityEditor.TestRunner.dll.mvfrm.rsp
[113/917    0s] WriteText Library/Bee/artifacts/200b0aE.dag/UnityEditor.UI.rsp2
[114/917    0s] WriteText Library/Bee/artifacts/200b0aE.dag/UnityEngine.UI.dll.mvfrm.rsp
[115/917    0s] WriteText Library/Bee/artifacts/200b0aE.dag/UnityEditor.UI.UnityAdditionalFile.txt
[116/917    0s] WriteText Library/Bee/artifacts/200b0aE.dag/UnityEditor.TestRunner.rsp
[117/917    0s] WriteText Library/Bee/artifacts/200b0aE.dag/UnityEditor.UI.dll.mvfrm.rsp
[118/917    0s] WriteText Library/Bee/artifacts/200b0aE.dag/Unity.Burst.rsp2
[119/917    0s] WriteText Library/Bee/artifacts/200b0aE.dag/UnityEditor.UI.rsp
[121/917    0s] WriteText Library/Bee/artifacts/200b0aE.dag/Unity.Burst.UnityAdditionalFile.txt
[122/917    0s] WriteText Library/Bee/artifacts/200b0aE.dag/Unity.HybridCLR.AssemblyShadow.CodeGen.rsp2
[125/917    0s] WriteText Library/Bee/artifacts/200b0aE.dag/Unity.HybridCLR.AssemblyShadow.CodeGen.UnityAdditionalFile.txt
[126/917    0s] WriteText Library/Bee/artifacts/200b0aE.dag/Unity.Burst.rsp
[129/917    0s] WriteText Library/Bee/artifacts/200b0aE.dag/Unity.Burst.CodeGen.rsp2
[130/917    0s] WriteText Library/Bee/artifacts/200b0aE.dag/Unity.Burst.CodeGen.UnityAdditionalFile.txt
[131/917    0s] WriteText Library/Bee/artifacts/200b0aE.dag/Unity.Burst.dll.mvfrm.rsp
[132/917    0s] WriteText Library/Bee/artifacts/200b0aE.dag/Unity.HybridCLR.AssemblyShadow.CodeGen.dll.mvfrm.rsp
[133/917    0s] WriteText Library/Bee/artifacts/200b0aE.dag/Unity.Mathematics.rsp2
[134/917    0s] WriteText Library/Bee/artifacts/200b0aE.dag/Unity.Mathematics.UnityAdditionalFile.txt
[135/917    0s] WriteText Library/Bee/artifacts/200b0aE.dag/Unity.Burst.CodeGen.dll.mvfrm.rsp
[136/917    0s] WriteText Library/Bee/artifacts/200b0aE.dag/Unity.HybridCLR.AssemblyShadow.CodeGen.rsp
[137/917    0s] WriteText Library/Bee/artifacts/200b0aE.dag/Unity.RenderPipelines.Core.Runtime.rsp2
[138/917    0s] WriteText Library/Bee/artifacts/200b0aE.dag/Unity.VisualScripting.Core.UnityAdditionalFile.txt
[139/917    0s] WriteText Library/Bee/artifacts/200b0aE.dag/Unity.VisualScripting.Core.rsp2
[140/917    0s] WriteText Library/Bee/artifacts/200b0aE.dag/Unity.RenderPipelines.Core.Runtime.UnityAdditionalFile.txt
[141/917    0s] WriteText Library/Bee/artifacts/200b0aE.dag/Unity.Mathematics.rsp
[142/917    0s] WriteText Library/Bee/artifacts/200b0aE.dag/Unity.VisualScripting.Core.dll.mvfrm.rsp
[143/917    0s] WriteText Library/Bee/artifacts/200b0aE.dag/Unity.Burst.CodeGen.rsp
[144/917    0s] WriteText Library/Bee/artifacts/200b0aE.dag/Unity.Mathematics.dll.mvfrm.rsp
[145/917    0s] WriteText Library/Bee/artifacts/200b0aE.dag/Unity.2D.Sprite.Editor.UnityAdditionalFile.txt
[146/917    0s] WriteText Library/Bee/artifacts/200b0aE.dag/Unity.2D.Sprite.Editor.rsp2
[147/917    0s] WriteText Library/Bee/artifacts/200b0aE.dag/Unity.RenderPipelines.Core.Runtime.dll.mvfrm.rsp
[148/917    0s] WriteText Library/Bee/artifacts/200b0aE.dag/Unity.RenderPipelines.Core.Runtime.rsp
[149/917    0s] WriteText Library/Bee/artifacts/200b0aE.dag/Unity.2D.Common.Runtime.UnityAdditionalFile.txt
[150/917    0s] WriteText Library/Bee/artifacts/200b0aE.dag/Unity.VisualScripting.Flow.UnityAdditionalFile.txt
[151/917    0s] WriteText Library/Bee/artifacts/200b0aE.dag/Unity.VisualScripting.Core.rsp
[152/917    0s] WriteText Library/Bee/artifacts/200b0aE.dag/Unity.2D.Sprite.Editor.dll.mvfrm.rsp
[153/917    0s] WriteText Library/Bee/artifacts/200b0aE.dag/Unity.InternalAPIEngineBridge.001.UnityAdditionalFile.txt
[154/917    0s] WriteText Library/Bee/artifacts/200b0aE.dag/Unity.2D.Common.Runtime.rsp2
[155/917    0s] WriteText Library/Bee/artifacts/200b0aE.dag/Unity.Collections.rsp2
[156/917    0s] WriteText Library/Bee/artifacts/200b0aE.dag/Unity.2D.Sprite.Editor.rsp
[157/917    0s] WriteText Library/Bee/artifacts/200b0aE.dag/Unity.Collections.UnityAdditionalFile.txt
[158/917    0s] WriteText Library/Bee/artifacts/200b0aE.dag/Unity.VisualScripting.Core.Editor.rsp2
[159/917    0s] WriteText Library/Bee/artifacts/200b0aE.dag/Unity.VisualScripting.Core.Editor.UnityAdditionalFile.txt
[160/917    0s] WriteText Library/Bee/artifacts/200b0aE.dag/Unity.InternalAPIEngineBridge.001.rsp2
[161/917    0s] WriteText Library/Bee/artifacts/200b0aE.dag/Unity.2D.Common.Runtime.dll.mvfrm.rsp
[162/917    0s] WriteText Library/Bee/artifacts/200b0aE.dag/Unity.VisualScripting.Flow.rsp2
[163/917    0s] WriteText Library/Bee/artifacts/200b0aE.dag/Unity.2D.Common.Runtime.rsp
[164/917    0s] WriteText Library/Bee/artifacts/200b0aE.dag/Unity.RenderPipeline.Universal.ShaderLibrary.UnityAdditionalFile.txt
[165/917    0s] WriteText Library/Bee/artifacts/200b0aE.dag/Unity.RenderPipeline.Universal.ShaderLibrary.rsp2
[166/917    0s] WriteText Library/Bee/artifacts/200b0aE.dag/Unity.RenderPipelines.Universal.2D.Internal.UnityAdditionalFile.txt
[167/917    0s] WriteText Library/Bee/artifacts/200b0aE.dag/Unity.RenderPipelines.Universal.Config.Runtime.UnityAdditionalFile.txt
[168/917    0s] WriteText Library/Bee/artifacts/200b0aE.dag/Unity.RenderPipelines.Universal.2D.Internal.rsp2
[169/917    0s] WriteText Library/Bee/artifacts/200b0aE.dag/Unity.InternalAPIEngineBridge.001.dll.mvfrm.rsp
[170/917    0s] WriteText Library/Bee/artifacts/200b0aE.dag/Unity.RenderPipelines.Universal.Config.Runtime.rsp2
[171/917    0s] WriteText Library/Bee/artifacts/200b0aE.dag/Unity.RenderPipelines.Core.Editor.UnityAdditionalFile.txt
[172/917    0s] WriteText Library/Bee/artifacts/200b0aE.dag/Unity.RenderPipelines.Core.Editor.rsp2
[173/917    0s] WriteText Library/Bee/artifacts/200b0aE.dag/Unity.VisualScripting.Flow.dll.mvfrm.rsp
[174/917    0s] WriteText Library/Bee/artifacts/200b0aE.dag/Unity.Collections.dll.mvfrm.rsp
[175/917    0s] WriteText Library/Bee/artifacts/200b0aE.dag/Unity.InternalAPIEngineBridge.001.rsp
[176/917    0s] WriteText Library/Bee/artifacts/200b0aE.dag/Unity.RenderPipeline.Universal.ShaderLibrary.dll.mvfrm.rsp
[177/917    0s] WriteText Library/Bee/artifacts/200b0aE.dag/Unity.Collections.rsp
[178/917    0s] WriteText Library/Bee/artifacts/200b0aE.dag/Unity.Searcher.Editor.rsp2
[179/917    0s] WriteText Library/Bee/artifacts/200b0aE.dag/Unity.VisualScripting.Flow.rsp
[180/917    0s] WriteText Library/Bee/artifacts/200b0aE.dag/Unity.RenderPipelines.Universal.Config.Runtime.dll.mvfrm.rsp
[181/917    0s] WriteText Library/Bee/artifacts/200b0aE.dag/Unity.Searcher.Editor.UnityAdditionalFile.txt
[182/917    0s] WriteText Library/Bee/artifacts/200b0aE.dag/Unity.RenderPipelines.Universal.2D.Internal.dll.mvfrm.rsp
[183/917    0s] WriteText Library/Bee/artifacts/200b0aE.dag/Unity.InternalAPIEditorBridge.001.UnityAdditionalFile.txt
[184/917    0s] WriteText Library/Bee/artifacts/200b0aE.dag/Unity.VisualScripting.Core.Editor.dll.mvfrm.rsp
[185/917    0s] WriteText Library/Bee/artifacts/200b0aE.dag/Unity.RenderPipelines.Universal.Config.Runtime.rsp
[186/917    0s] WriteText Library/Bee/artifacts/200b0aE.dag/Unity.InternalAPIEditorBridge.001.rsp2
[187/917    0s] WriteText Library/Bee/artifacts/200b0aE.dag/Unity.ShaderGraph.Utilities.rsp2
[188/917    0s] WriteText Library/Bee/artifacts/200b0aE.dag/Unity.VisualScripting.Core.Editor.rsp
[189/917    0s] WriteText Library/Bee/artifacts/200b0aE.dag/Unity.RenderPipelines.Universal.2D.Internal.rsp
[190/917    0s] WriteText Library/Bee/artifacts/200b0aE.dag/Unity.RenderPipeline.Universal.ShaderLibrary.rsp
[191/917    0s] WriteText Library/Bee/artifacts/200b0aE.dag/Unity.RenderPipelines.Core.Editor.rsp
[192/917    0s] WriteText Library/Bee/artifacts/200b0aE.dag/Unity.ShaderGraph.Utilities.UnityAdditionalFile.txt
[193/917    0s] WriteText Library/Bee/artifacts/200b0aE.dag/Unity.2D.Common.Editor.UnityAdditionalFile.txt
[194/917    0s] WriteText Library/Bee/artifacts/200b0aE.dag/Unity.Searcher.Editor.dll.mvfrm.rsp
[195/917    0s] WriteText Library/Bee/artifacts/200b0aE.dag/Unity.RenderPipelines.Core.Editor.dll.mvfrm.rsp
[196/917    0s] WriteText Library/Bee/artifacts/200b0aE.dag/Unity.ShaderGraph.Utilities.dll.mvfrm.rsp
[197/917    0s] WriteText Library/Bee/artifacts/200b0aE.dag/Unity.RenderPipelines.Universal.Runtime.UnityAdditionalFile.txt
[198/917    0s] WriteText Library/Bee/artifacts/200b0aE.dag/HybridCLR.Runtime.rsp2
[199/917    0s] WriteText Library/Bee/artifacts/200b0aE.dag/HybridCLR.Runtime.UnityAdditionalFile.txt
[200/917    0s] WriteText Library/Bee/artifacts/200b0aE.dag/Unity.InternalAPIEditorBridge.001.dll.mvfrm.rsp
[201/917    0s] WriteText Library/Bee/artifacts/200b0aE.dag/Unity.Searcher.Editor.rsp
[202/917    0s] WriteText Library/Bee/artifacts/200b0aE.dag/Unity.2D.Common.Editor.rsp2
[203/917    0s] WriteText Library/Bee/artifacts/200b0aE.dag/Unity.VisualScripting.Flow.Editor.UnityAdditionalFile.txt
[204/917    0s] WriteText Library/Bee/artifacts/200b0aE.dag/Unity.ShaderGraph.Utilities.rsp
[205/917    0s] WriteText Library/Bee/artifacts/200b0aE.dag/Unity.VisualScripting.State.rsp2
[206/917    0s] WriteText Library/Bee/artifacts/200b0aE.dag/Unity.RenderPipelines.Universal.Runtime.rsp2
[207/917    0s] WriteText Library/Bee/artifacts/200b0aE.dag/Unity.2D.Animation.Runtime.UnityAdditionalFile.txt
[208/917    0s] WriteText Library/Bee/artifacts/200b0aE.dag/Unity.VisualScripting.Flow.Editor.rsp2
[209/917    0s] WriteText Library/Bee/artifacts/200b0aE.dag/Unity.2D.Animation.Runtime.rsp2
[210/917    0s] WriteText Library/Bee/artifacts/200b0aE.dag/Unity.VisualScripting.State.UnityAdditionalFile.txt
[211/917    0s] WriteText Library/Bee/artifacts/200b0aE.dag/Unity.RenderPipelines.Universal.Runtime.dll.mvfrm.rsp
[212/917    0s] WriteText Library/Bee/artifacts/200b0aE.dag/Unity.Burst.Editor.rsp2
[213/917    0s] WriteText Library/Bee/artifacts/200b0aE.dag/Unity.InternalAPIEditorBridge.001.rsp
[214/917    0s] WriteText Library/Bee/artifacts/200b0aE.dag/Unity.2D.Common.Editor.dll.mvfrm.rsp
[215/917    0s] WriteText Library/Bee/artifacts/200b0aE.dag/AssemblyA.Contracts.UnityAdditionalFile.txt
[216/917    0s] WriteText Library/Bee/artifacts/200b0aE.dag/AssemblyA.Contracts.rsp2
[217/917    0s] WriteText Library/Bee/artifacts/200b0aE.dag/Unity.Burst.Editor.UnityAdditionalFile.txt
[218/917    0s] WriteText Library/Bee/artifacts/200b0aE.dag/Unity.Mathematics.Editor.UnityAdditionalFile.txt
[219/917    0s] WriteText Library/Bee/artifacts/200b0aE.dag/Unity.ShaderGraph.Editor.rsp2
[220/917    0s] WriteText Library/Bee/artifacts/200b0aE.dag/Unity.ShaderGraph.Editor.UnityAdditionalFile.txt
[221/917    0s] WriteText Library/Bee/artifacts/200b0aE.dag/Unity.Mathematics.Editor.rsp2
[222/917    0s] WriteText Library/Bee/artifacts/200b0aE.dag/Unity.RenderPipelines.Universal.Runtime.rsp
[223/917    0s] WriteText Library/Bee/artifacts/200b0aE.dag/Unity.2D.Animation.Runtime.rsp
[224/917    0s] WriteText Library/Bee/artifacts/200b0aE.dag/Unity.2D.Common.Editor.rsp
[225/917    0s] WriteText Library/Bee/artifacts/200b0aE.dag/Unity.2D.Animation.Runtime.dll.mvfrm.rsp
[226/917    0s] WriteText Library/Bee/artifacts/200b0aE.dag/Unity.VisualScripting.Flow.Editor.dll.mvfrm.rsp
[227/917    0s] WriteText Library/Bee/artifacts/200b0aE.dag/Unity.Mathematics.Editor.dll.mvfrm.rsp
[228/917    0s] WriteText Library/Bee/artifacts/200b0aE.dag/Unity.ShaderGraph.Editor.dll.mvfrm.rsp
[229/917    0s] WriteText Library/Bee/artifacts/200b0aE.dag/Unity.VisualScripting.State.dll.mvfrm.rsp
[230/917    0s] WriteText Library/Bee/artifacts/200b0aE.dag/Unity.VisualScripting.State.rsp
[231/917    0s] WriteText Library/Bee/artifacts/200b0aE.dag/Unity.ShaderGraph.Editor.rsp
[232/917    0s] WriteText Library/Bee/artifacts/200b0aE.dag/HybridCLR.Runtime.rsp
[233/917    0s] WriteText Library/Bee/artifacts/200b0aE.dag/Unity.VisualScripting.Flow.Editor.rsp
[234/917    0s] WriteText Library/Bee/artifacts/200b0aE.dag/Unity.Burst.Editor.dll.mvfrm.rsp
[235/917    0s] WriteText Library/Bee/artifacts/200b0aE.dag/HybridCLR.Runtime.dll.mvfrm.rsp
[236/917    0s] WriteText Library/Bee/artifacts/200b0aE.dag/AssemblyA.Contracts.dll.mvfrm.rsp
[237/917    0s] WriteText Library/Bee/artifacts/200b0aE.dag/Unity.2D.Animation.Editor.UnityAdditionalFile.txt
[238/917    0s] WriteText Library/Bee/artifacts/200b0aE.dag/Unity.RenderPipelines.Universal.Editor.rsp2
[239/917    0s] WriteText Library/Bee/artifacts/200b0aE.dag/Unity.Mathematics.Editor.rsp
[240/917    0s] WriteText Library/Bee/artifacts/200b0aE.dag/Unity.Burst.Editor.rsp
[241/917    0s] WriteText Library/Bee/artifacts/200b0aE.dag/AssemblyA.Contracts.rsp
[242/917    0s] WriteText Library/Bee/artifacts/200b0aE.dag/Unity.2D.Animation.Editor.rsp2
[243/917    0s] WriteText Library/Bee/artifacts/200b0aE.dag/HybridCLR.Editor.UnityAdditionalFile.txt
[244/917    0s] WriteText Library/Bee/artifacts/200b0aE.dag/HybridCLR.Editor.rsp2
[245/917    0s] WriteText Library/Bee/artifacts/200b0aE.dag/Unity.RenderPipelines.Universal.Editor.UnityAdditionalFile.txt
[246/917    0s] WriteText Library/Bee/artifacts/200b0aE.dag/Unity.2D.SpriteShape.Runtime.UnityAdditionalFile.txt
[247/917    0s] WriteText Library/Bee/artifacts/200b0aE.dag/Unity.2D.Aseprite.Common.rsp2
[248/917    0s] WriteText Library/Bee/artifacts/200b0aE.dag/Unity.2D.Tilemap.Editor.rsp2
[249/917    0s] WriteText Library/Bee/artifacts/200b0aE.dag/Unity.2D.Tilemap.Editor.UnityAdditionalFile.txt
[250/917    0s] WriteText Library/Bee/artifacts/200b0aE.dag/Unity.2D.SpriteShape.Runtime.rsp2
[251/917    0s] WriteText Library/Bee/artifacts/200b0aE.dag/Unity.2D.IK.Runtime.rsp2
[252/917    0s] WriteText Library/Bee/artifacts/200b0aE.dag/Unity.2D.Aseprite.Common.UnityAdditionalFile.txt
[253/917    0s] WriteText Library/Bee/artifacts/200b0aE.dag/Unity.2D.Tilemap.Extras.UnityAdditionalFile.txt
[254/917    0s] WriteText Library/Bee/artifacts/200b0aE.dag/Unity.2D.PixelPerfect.rsp2
[255/917    0s] WriteText Library/Bee/artifacts/200b0aE.dag/Unity.2D.IK.Runtime.UnityAdditionalFile.txt
[256/917    0s] WriteText Library/Bee/artifacts/200b0aE.dag/Unity.2D.Common.Path.Editor.rsp2
[257/917    0s] WriteText Library/Bee/artifacts/200b0aE.dag/Unity.2D.Tilemap.Extras.rsp2
[258/917    0s] WriteText Library/Bee/artifacts/200b0aE.dag/Unity.Timeline.UnityAdditionalFile.txt
[259/917    0s] WriteText Library/Bee/artifacts/200b0aE.dag/Unity.2D.PixelPerfect.UnityAdditionalFile.txt
[260/917    0s] WriteText Library/Bee/artifacts/200b0aE.dag/Unity.VisualScripting.State.Editor.UnityAdditionalFile.txt
[261/917    0s] WriteText Library/Bee/artifacts/200b0aE.dag/Unity.TextMeshPro.UnityAdditionalFile.txt
[262/917    0s] WriteText Library/Bee/artifacts/200b0aE.dag/Unity.TextMeshPro.rsp2
[263/917    0s] WriteText Library/Bee/artifacts/200b0aE.dag/Unity.Timeline.rsp2
[264/917    0s] WriteText Library/Bee/artifacts/200b0aE.dag/Unity.VisualScripting.State.Editor.rsp2
[265/917    0s] WriteText Library/Bee/artifacts/200b0aE.dag/Unity.2D.Common.Path.Editor.UnityAdditionalFile.txt
[266/917    0s] WriteText Library/Bee/artifacts/200b0aE.dag/AssemblyA.Implementation.Extensibility.rsp2
[267/917    0s] WriteText Library/Bee/artifacts/200b0aE.dag/Unity.2D.Animation.Editor.dll.mvfrm.rsp
[268/917    0s] WriteText Library/Bee/artifacts/200b0aE.dag/AssemblyA.Implementation.Extensibility.UnityAdditionalFile.txt
[269/917    0s] WriteText Library/Bee/artifacts/200b0aE.dag/Unity.RenderPipelines.Universal.Editor.rsp
[270/917    0s] WriteText Library/Bee/artifacts/200b0aE.dag/Unity.2D.Tilemap.Editor.dll.mvfrm.rsp
[271/917    0s] WriteText Library/Bee/artifacts/200b0aE.dag/Unity.2D.IK.Runtime.dll.mvfrm.rsp
[272/917    0s] WriteText Library/Bee/artifacts/200b0aE.dag/Unity.RenderPipelines.Universal.Editor.dll.mvfrm.rsp
[273/917    0s] WriteText Library/Bee/artifacts/200b0aE.dag/Unity.2D.Animation.Editor.rsp
[274/917    0s] WriteText Library/Bee/artifacts/200b0aE.dag/Unity.Timeline.dll.mvfrm.rsp
[275/917    0s] WriteText Library/Bee/artifacts/200b0aE.dag/Unity.TextMeshPro.dll.mvfrm.rsp
[276/917    0s] WriteText Library/Bee/artifacts/200b0aE.dag/Unity.2D.PixelPerfect.dll.mvfrm.rsp
[277/917    0s] WriteText Library/Bee/artifacts/200b0aE.dag/Unity.2D.Tilemap.Extras.dll.mvfrm.rsp
[278/917    0s] WriteText Library/Bee/artifacts/200b0aE.dag/Unity.2D.Aseprite.Common.dll.mvfrm.rsp
[279/917    0s] WriteText Library/Bee/artifacts/200b0aE.dag/Unity.VisualScripting.State.Editor.dll.mvfrm.rsp
[280/917    0s] WriteText Library/Bee/artifacts/200b0aE.dag/Unity.2D.IK.Runtime.rsp
[281/917    0s] WriteText Library/Bee/artifacts/200b0aE.dag/Unity.2D.Tilemap.Extras.rsp
[282/917    0s] WriteText Library/Bee/artifacts/200b0aE.dag/Unity.2D.SpriteShape.Runtime.dll.mvfrm.rsp
[283/917    0s] WriteText Library/Bee/artifacts/200b0aE.dag/Unity.2D.Common.Path.Editor.dll.mvfrm.rsp
[284/917    0s] WriteText Library/Bee/artifacts/200b0aE.dag/Unity.2D.PixelPerfect.rsp
[285/917    0s] WriteText Library/Bee/artifacts/200b0aE.dag/Unity.Timeline.rsp
[286/917    0s] WriteText Library/Bee/artifacts/200b0aE.dag/Unity.TextMeshPro.rsp
[287/917    0s] WriteText Library/Bee/artifacts/200b0aE.dag/Unity.VisualScripting.State.Editor.rsp
[288/917    0s] WriteText Library/Bee/artifacts/200b0aE.dag/Unity.2D.Aseprite.Common.rsp
[289/917    0s] WriteText Library/Bee/artifacts/200b0aE.dag/Unity.2D.SpriteShape.Runtime.rsp
[290/917    0s] WriteText Library/Bee/artifacts/200b0aE.dag/AssemblyShadowBaseline.Aot.rsp2
[291/917    0s] WriteText Library/Bee/artifacts/200b0aE.dag/AssemblyShadowBaseline.Aot.UnityAdditionalFile.txt
[292/917    0s] WriteText Library/Bee/artifacts/200b0aE.dag/Unity.2D.Common.Path.Editor.rsp
[293/917    0s] WriteText Library/Bee/artifacts/200b0aE.dag/AssemblyA.Implementation.Extensibility.dll.mvfrm.rsp
[294/917    0s] WriteText Library/Bee/artifacts/200b0aE.dag/PsdPlugin.rsp2
[295/917    0s] WriteText Library/Bee/artifacts/200b0aE.dag/HybridCLR.Editor.dll.mvfrm.rsp
[296/917    0s] WriteText Library/Bee/artifacts/200b0aE.dag/Unity.2D.Tilemap.Editor.rsp
[297/917    0s] WriteText Library/Bee/artifacts/200b0aE.dag/PsdPlugin.UnityAdditionalFile.txt
[298/917    0s] WriteText Library/Bee/artifacts/200b0aE.dag/HybridCLR.Editor.rsp
[299/917    0s] WriteText Library/Bee/artifacts/200b0aE.dag/AssemblyA.Implementation.Extensibility.rsp
[300/917    0s] WriteText Library/Bee/artifacts/200b0aE.dag/MCPForUnity.Runtime.UnityAdditionalFile.txt
[301/917    0s] WriteText Library/Bee/artifacts/200b0aE.dag/Unity.PlasticSCM.Editor.UnityAdditionalFile.txt
[302/917    0s] WriteText Library/Bee/artifacts/200b0aE.dag/Unity.PlasticSCM.Editor.rsp2
[303/917    0s] WriteText Library/Bee/artifacts/200b0aE.dag/MCPForUnity.Runtime.rsp2
[304/917    0s] WriteText Library/Bee/artifacts/200b0aE.dag/AssemblyShadowBaseline.Aot.dll.mvfrm.rsp
[305/917    0s] WriteText Library/Bee/artifacts/200b0aE.dag/AssemblyShadowBaseline.Aot.rsp
[306/917    0s] WriteText Library/Bee/artifacts/200b0aE.dag/Unity.Rider.Editor.UnityAdditionalFile.txt
[307/917    0s] WriteText Library/Bee/artifacts/200b0aE.dag/PsdPlugin.dll.mvfrm.rsp
[308/917    0s] WriteText Library/Bee/artifacts/200b0aE.dag/Unity.Rider.Editor.rsp2
[309/917    0s] WriteText Library/Bee/artifacts/200b0aE.dag/PsdPlugin.rsp
[310/917    0s] WriteText Library/Bee/artifacts/200b0aE.dag/Unity.VisualStudio.Editor.rsp2
[311/917    0s] WriteText Library/Bee/artifacts/200b0aE.dag/Unity.VisualStudio.Editor.UnityAdditionalFile.txt
[312/917    0s] WriteText Library/Bee/artifacts/200b0aE.dag/MCPForUnity.Runtime.dll.mvfrm.rsp
[313/917    0s] WriteText Library/Bee/artifacts/200b0aE.dag/Unity.PlasticSCM.Editor.dll.mvfrm.rsp
[314/917    0s] WriteText Library/Bee/artifacts/200b0aE.dag/Unity.2D.Tilemap.Extras.Editor.UnityAdditionalFile.txt
[315/917    0s] WriteText Library/Bee/artifacts/200b0aE.dag/Unity.RenderPipelines.Core.ShaderLibrary.rsp2
[316/917    0s] WriteText Library/Bee/artifacts/200b0aE.dag/Unity.2D.Tilemap.Extras.Editor.rsp2
[317/917    0s] WriteText Library/Bee/artifacts/200b0aE.dag/AssemblyA.Implementation.Internal.UnityAdditionalFile.txt
[318/917    0s] WriteText Library/Bee/artifacts/200b0aE.dag/Unity.RenderPipelines.ShaderGraph.ShaderGraphLibrary.rsp2
[319/917    0s] WriteText Library/Bee/artifacts/200b0aE.dag/Unity.2D.SpriteShape.Editor.rsp2
[320/917    0s] WriteText Library/Bee/artifacts/200b0aE.dag/Unity.2D.Psdimporter.Editor.rsp2
[321/917    0s] WriteText Library/Bee/artifacts/200b0aE.dag/Unity.RenderPipelines.Universal.Shaders.UnityAdditionalFile.txt
[322/917    0s] WriteText Library/Bee/artifacts/200b0aE.dag/Unity.2D.SpriteShape.Editor.UnityAdditionalFile.txt
[323/917    0s] WriteText Library/Bee/artifacts/200b0aE.dag/AssemblyA.Implementation.Internal.rsp2
[324/917    0s] WriteText Library/Bee/artifacts/200b0aE.dag/Unity.2D.Psdimporter.Editor.UnityAdditionalFile.txt
[325/917    0s] WriteText Library/Bee/artifacts/200b0aE.dag/Unity.RenderPipelines.Universal.Shaders.rsp2
[326/917    0s] WriteText Library/Bee/artifacts/200b0aE.dag/Unity.RenderPipelines.Core.ShaderLibrary.UnityAdditionalFile.txt
[327/917    0s] WriteText Library/Bee/artifacts/200b0aE.dag/Unity.Timeline.Editor.UnityAdditionalFile.txt
[328/917    0s] WriteText Library/Bee/artifacts/200b0aE.dag/Unity.TextMeshPro.Editor.rsp2
[329/917    0s] WriteText Library/Bee/artifacts/200b0aE.dag/Unity.TextMeshPro.Editor.UnityAdditionalFile.txt
[330/917    0s] WriteText Library/Bee/artifacts/200b0aE.dag/AssemblyShadowDemo.ExtensibilityConsumer.UnityAdditionalFile.txt
[331/917    0s] WriteText Library/Bee/artifacts/200b0aE.dag/Unity.2D.PixelPerfect.Editor.rsp2
[332/917    0s] WriteText Library/Bee/artifacts/200b0aE.dag/Unity.Timeline.Editor.rsp2
[333/917    0s] WriteText Library/Bee/artifacts/200b0aE.dag/AssemblyShadowDemo.ExtensibilityConsumer.rsp2
[334/917    0s] WriteText Library/Bee/artifacts/200b0aE.dag/AssemblyShadowDemo.ContractsConsumer.rsp2
[335/917    0s] WriteText Library/Bee/artifacts/200b0aE.dag/Unity.2D.PixelPerfect.Editor.UnityAdditionalFile.txt
[336/917    0s] WriteText Library/Bee/artifacts/200b0aE.dag/Unity.VisualScripting.SettingsProvider.Editor.UnityAdditionalFile.txt
[337/917    0s] WriteText Library/Bee/artifacts/200b0aE.dag/Unity.2D.IK.Editor.rsp2
[338/917    0s] WriteText Library/Bee/artifacts/200b0aE.dag/Unity.VisualScripting.SettingsProvider.Editor.rsp2
[339/917    0s] WriteText Library/Bee/artifacts/200b0aE.dag/Unity.2D.Aseprite.Editor.UnityAdditionalFile.txt
[340/917    0s] WriteText Library/Bee/artifacts/200b0aE.dag/Unity.2D.Aseprite.Editor.rsp2
[341/917    0s] WriteText Library/Bee/artifacts/200b0aE.dag/Unity.RenderPipelines.ShaderGraph.ShaderGraphLibrary.UnityAdditionalFile.txt
[342/917    0s] WriteText Library/Bee/artifacts/200b0aE.dag/Unity.VisualStudio.Editor.dll.mvfrm.rsp
[343/917    0s] WriteText Library/Bee/artifacts/200b0aE.dag/Unity.PlasticSCM.Editor.rsp
[344/917    0s] WriteText Library/Bee/artifacts/200b0aE.dag/Unity.Rider.Editor.dll.mvfrm.rsp
[345/917    0s] WriteText Library/Bee/artifacts/200b0aE.dag/MCPForUnity.Runtime.rsp
[346/917    0s] WriteText Library/Bee/artifacts/200b0aE.dag/Unity.VisualScripting.Shared.Editor.dll.mvfrm.rsp
[347/917    0s] WriteText Library/Bee/artifacts/200b0aE.dag/AssemblyShadowBaseline.Editor.rsp2
[348/917    0s] WriteText Library/Bee/artifacts/200b0aE.dag/Unity.VisualScripting.SettingsProvider.Editor.dll.mvfrm.rsp
[349/917    0s] WriteText Library/Bee/artifacts/200b0aE.dag/Unity.2D.IK.Editor.UnityAdditionalFile.txt
[350/917    0s] WriteText Library/Bee/artifacts/200b0aE.dag/AssemblyShadowBaseline.Editor.UnityAdditionalFile.txt
[351/917    0s] WriteText Library/Bee/artifacts/200b0aE.dag/Unity.RenderPipelines.Core.ShaderLibrary.dll.mvfrm.rsp
[352/917    0s] WriteText Library/Bee/artifacts/200b0aE.dag/Unity.2D.IK.Editor.dll.mvfrm.rsp
[353/917    0s] WriteText Library/Bee/artifacts/200b0aE.dag/Unity.Timeline.Editor.dll.mvfrm.rsp
[354/917    0s] WriteText Library/Bee/artifacts/200b0aE.dag/Unity.2D.PixelPerfect.Editor.dll.mvfrm.rsp
[355/917    0s] WriteText Library/Bee/artifacts/200b0aE.dag/Unity.TextMeshPro.Editor.dll.mvfrm.rsp
[356/917    0s] WriteText Library/Bee/artifacts/200b0aE.dag/Unity.VisualScripting.Shared.Editor.UnityAdditionalFile.txt
[357/917    0s] WriteText Library/Bee/artifacts/200b0aE.dag/Unity.2D.Psdimporter.Editor.dll.mvfrm.rsp
[358/917    0s] WriteText Library/Bee/artifacts/200b0aE.dag/AssemblyShadowDemo.ContractsConsumer.UnityAdditionalFile.txt
[359/917    0s] WriteText Library/Bee/artifacts/200b0aE.dag/Unity.VisualScripting.Shared.Editor.rsp2
[360/917    0s] WriteText Library/Bee/artifacts/200b0aE.dag/MCPForUnity.Editor.rsp2
[361/917    0s] WriteText Library/Bee/artifacts/200b0aE.dag/Unity.2D.SpriteShape.Editor.dll.mvfrm.rsp
[362/917    0s] WriteText Library/Bee/artifacts/200b0aE.dag/Unity.2D.Aseprite.Editor.dll.mvfrm.rsp
[363/917    0s] WriteText Library/Bee/artifacts/200b0aE.dag/Unity.RenderPipelines.Universal.Shaders.dll.mvfrm.rsp
[364/917    0s] WriteText Library/Bee/artifacts/200b0aE.dag/Unity.2D.Tilemap.Extras.Editor.dll.mvfrm.rsp
[365/917    0s] WriteText Library/Bee/artifacts/200b0aE.dag/AssemblyShadowDemo.ContractsConsumer.dll.mvfrm.rsp
[366/917    0s] WriteText Library/Bee/artifacts/200b0aE.dag/AssemblyA.Implementation.Internal.dll.mvfrm.rsp
[367/917    0s] WriteText Library/Bee/artifacts/200b0aE.dag/AssemblyShadowDemo.ExtensibilityConsumer.dll.mvfrm.rsp
[368/917    0s] WriteText Library/Bee/artifacts/200b0aE.dag/Unity.Rider.Editor.rsp
[369/917    0s] WriteText Library/Bee/artifacts/200b0aE.dag/Unity.VisualStudio.Editor.rsp
[370/917    0s] WriteText Library/Bee/artifacts/200b0aE.dag/Unity.RenderPipelines.ShaderGraph.ShaderGraphLibrary.dll.mvfrm.rsp
[371/917    0s] WriteText Library/Bee/artifacts/200b0aE.dag/Unity.RenderPipelines.Core.ShaderLibrary.rsp
[372/917    0s] WriteText Library/Bee/artifacts/200b0aE.dag/Unity.RenderPipelines.ShaderGraph.ShaderGraphLibrary.rsp
[373/917    0s] WriteText Library/Bee/artifacts/200b0aE.dag/Unity.RenderPipelines.Universal.Shaders.rsp
[374/917    0s] WriteText Library/Bee/artifacts/200b0aE.dag/MCPForUnity.Editor.UnityAdditionalFile.txt
[375/917    0s] WriteText Library/Bee/artifacts/200b0aE.dag/Unity.VisualScripting.SettingsProvider.Editor.rsp
[376/917    0s] WriteText Library/Bee/artifacts/200b0aE.dag/Unity.2D.Aseprite.Editor.rsp
[377/917    0s] WriteText Library/Bee/artifacts/200b0aE.dag/Unity.2D.IK.Editor.rsp
[378/917    0s] WriteText Library/Bee/artifacts/200b0aE.dag/Unity.2D.Tilemap.Extras.Editor.rsp
[379/917    0s] WriteText Library/Bee/artifacts/200b0aE.dag/Unity.2D.PixelPerfect.Editor.rsp
[380/917    0s] WriteText Library/Bee/artifacts/200b0aE.dag/Unity.VisualScripting.Shared.Editor.rsp
[381/917    0s] WriteText Library/Bee/artifacts/200b0aE.dag/Unity.Timeline.Editor.rsp
[382/917    0s] WriteText Library/Bee/artifacts/200b0aE.dag/AssemblyShadowBaseline.Editor.dll.mvfrm.rsp
[383/917    0s] WriteText Library/Bee/artifacts/200b0aE.dag/Unity.TextMeshPro.Editor.rsp
[384/917    0s] WriteText Library/Bee/artifacts/200b0aE.dag/Unity.2D.SpriteShape.Editor.rsp
[385/917    0s] WriteText Library/Bee/artifacts/200b0aE.dag/Unity.2D.Psdimporter.Editor.rsp
[386/917    0s] WriteText Library/Bee/artifacts/200b0aE.dag/AssemblyShadowDemo.ExtensibilityConsumer.rsp
[387/917    0s] WriteText Library/Bee/artifacts/200b0aE.dag/AssemblyShadowDemo.ContractsConsumer.rsp
[388/917    0s] WriteText Library/Bee/artifacts/200b0aE.dag/PPv2URPConverters.UnityAdditionalFile.txt
[389/917    0s] WriteText Library/Bee/artifacts/200b0aE.dag/AssemblyA.Implementation.Internal.rsp
[390/917    0s] WriteText Library/Bee/artifacts/200b0aE.dag/MCPForUnity.Editor.dll.mvfrm.rsp
[391/917    0s] WriteText Library/Bee/artifacts/200b0aE.dag/AssemblyShadowDemo.Editor.rsp2
[392/917    0s] WriteText Library/Bee/artifacts/200b0aE.dag/AssemblyShadowBaseline.Editor.rsp
[393/917    0s] WriteText Library/Bee/artifacts/200b0aE.dag/AssemblyShadowDemo.Bootstrap.rsp2
[394/917    0s] WriteText Library/Bee/artifacts/200b0aE.dag/PPv2URPConverters.rsp2
[395/917    0s] WriteText Library/Bee/artifacts/200b0aE.dag/AssemblyShadowDemo.Bootstrap.UnityAdditionalFile.txt
[396/917    0s] WriteText Library/Bee/artifacts/200b0aE.dag/AssemblyShadowDemo.Bootstrap.dll.mvfrm.rsp
[397/917    0s] WriteText Library/Bee/artifacts/200b0aE.dag/AssemblyShadowDemo.Editor.UnityAdditionalFile.txt
[398/917    0s] WriteText Library/Bee/artifacts/200b0aE.dag/AssemblyShadowDemo.Editor.dll.mvfrm.rsp
[399/917    0s] WriteText Library/Bee/artifacts/200b0aE.dag/PPv2URPConverters.dll.mvfrm.rsp
[400/917    0s] WriteText Library/Bee/artifacts/200b0aE.dag/PPv2URPConverters.rsp
[401/917    0s] WriteText Library/Bee/artifacts/200b0aE.dag/MCPForUnity.Editor.rsp
[402/917    0s] WriteText Library/Bee/artifacts/200b0aE.dag/AssemblyShadowDemo.Bootstrap.rsp
[403/917    0s] WriteText Library/Bee/artifacts/200b0aE.dag/AssemblyShadowDemo.Editor.rsp
[404/917    0s] WriteText Library/Bee/artifacts/200b0aE.dag/AssemblyShadowBaseline.HotUpdate.dll.mvfrm.rsp
[405/917    0s] WriteText Library/Bee/artifacts/200b0aE.dag/AssemblyShadowDemo.EditorTests.dll.mvfrm.rsp
[406/917    0s] WriteText Library/Bee/artifacts/200b0aE.dag/Unity.CollabProxy.Editor.dll.mvfrm.rsp
[407/917    0s] WriteText Library/Bee/artifacts/200b0aE.dag/AssemblyShadowBaseline.HotUpdate.UnityAdditionalFile.txt
[408/917    0s] WriteText Library/Bee/artifacts/200b0aE.dag/Assembly-CSharp.dll.mvfrm.rsp
[409/917    0s] WriteText Library/Bee/artifacts/200b0aE.dag/AssemblyShadowBaseline.HotUpdate.rsp2
[410/917    0s] WriteText Library/Bee/artifacts/200b0aE.dag/Unity.HybridCLR.AssemblyShadow.CodeGen.Tests.dll.mvfrm.rsp
[411/917    0s] WriteText Library/Bee/artifacts/200b0aE.dag/AssemblyShadowDemo.M06RuntimeTests.dll.mvfrm.rsp
[412/917    0s] WriteText Library/Bee/artifacts/200b0aE.dag/AssemblyShadowDemo.M06RuntimeTests.UnityAdditionalFile.txt
[413/917    0s] WriteText Library/Bee/artifacts/200b0aE.dag/Assembly-CSharp.rsp2
[414/917    0s] WriteText Library/Bee/artifacts/200b0aE.dag/Unity.Collections.DocCodeSamples.dll.mvfrm.rsp
[415/917    0s] WriteText Library/Bee/artifacts/200b0aE.dag/Unity.Collections.BurstCompatibilityGen.dll.mvfrm.rsp
[416/917    0s] WriteText Library/Bee/artifacts/200b0aE.dag/MCPForUnityTests.EditMode.dll.mvfrm.rsp
[417/917    0s] WriteText Library/Bee/artifacts/200b0aE.dag/Unity.Collections.BurstCompatibilityGen.UnityAdditionalFile.txt
[418/917    0s] WriteText Library/Bee/artifacts/200b0aE.dag/Unity.Collections.BurstCompatibilityGen.rsp2
[419/917    0s] WriteText Library/Bee/artifacts/200b0aE.dag/Assembly-CSharp.UnityAdditionalFile.txt
[420/917    0s] WriteText Library/Bee/artifacts/200b0aE.dag/AssemblyShadowDemo.M06RuntimeTests.rsp2
[421/917    0s] WriteText Library/Bee/artifacts/200b0aE.dag/MCPForUnityTests.EditMode.rsp2
[422/917    0s] WriteText Library/Bee/artifacts/200b0aE.dag/Unity.Collections.DocCodeSamples.UnityAdditionalFile.txt
[423/917    0s] WriteText Library/Bee/artifacts/200b0aE.dag/HybridCLR.AssemblyShadow.Editor.Tests.dll.mvfrm.rsp
[424/917    0s] WriteText Library/Bee/artifacts/200b0aE.dag/HybridCLR.AssemblyShadow.Editor.Tests.UnityAdditionalFile.txt
[425/917    0s] WriteText Library/Bee/artifacts/200b0aE.dag/Unity.Collections.DocCodeSamples.rsp2
[426/917    0s] WriteText Library/Bee/artifacts/200b0aE.dag/Unity.HybridCLR.AssemblyShadow.CodeGen.Tests.UnityAdditionalFile.txt
[427/917    0s] WriteText Library/Bee/artifacts/200b0aE.dag/AssemblyShadowDemo.EditorTests.UnityAdditionalFile.txt
[428/917    0s] WriteText Library/Bee/artifacts/200b0aE.dag/MCPForUnityTests.EditMode.UnityAdditionalFile.txt
[429/917    0s] WriteText Library/Bee/artifacts/200b0aE.dag/AssemblyShadowDemo.EditorTests.rsp2
[430/917    0s] WriteText Library/Bee/artifacts/200b0aE.dag/Unity.CollabProxy.Editor.UnityAdditionalFile.txt
[431/917    0s] WriteText Library/Bee/artifacts/200b0aE.dag/Unity.CollabProxy.Editor.rsp2
[432/917    0s] WriteText Library/Bee/artifacts/200b0aE.dag/Unity.HybridCLR.AssemblyShadow.CodeGen.Tests.rsp2
[433/917    0s] WriteText Library/Bee/artifacts/200b0aE.dag/AssemblyShadowBaseline.HotUpdate.rsp
[434/917    0s] WriteText Library/Bee/artifacts/200b0aE.dag/Assembly-CSharp.rsp
[435/917    0s] WriteText Library/Bee/artifacts/200b0aE.dag/HybridCLR.AssemblyShadow.Editor.Tests.rsp2
[436/917    0s] WriteText Library/Bee/artifacts/200b0aE.dag/Unity.Collections.BurstCompatibilityGen.rsp
[437/917    0s] WriteText Library/Bee/artifacts/200b0aE.dag/MCPForUnityTests.EditMode.rsp
[438/917    0s] WriteText Library/Bee/artifacts/200b0aE.dag/AssemblyShadowDemo.M06RuntimeTests.rsp
[439/917    0s] WriteText Library/Bee/artifacts/200b0aE.dag/Unity.Collections.DocCodeSamples.rsp
[440/917    0s] WriteText Library/Bee/artifacts/200b0aE.dag/Unity.HybridCLR.AssemblyShadow.CodeGen.Tests.rsp
[441/917    0s] WriteText Library/Bee/artifacts/200b0aE.dag/AssemblyShadowDemo.EditorTests.rsp
[442/917    0s] WriteText Library/Bee/artifacts/200b0aE.dag/HybridCLR.AssemblyShadow.Editor.Tests.rsp
[443/917    0s] WriteText Library/Bee/artifacts/200b0aE.dag/Unity.CollabProxy.Editor.rsp
[444/917    0s] MovedFromExtractorCombine Library/Bee/artifacts/200b0aE.dag/Unity.HybridCLR.AssemblyShadow.CodeGen.dll.mvfrm
[445/917    0s] MovedFromExtractorCombine Library/Bee/artifacts/200b0aE.dag/UnityEngine.TestRunner.dll.mvfrm
[446/917    0s] MovedFromExtractorCombine Library/Bee/artifacts/200b0aE.dag/UnityEngine.UI.dll.mvfrm
[447/917    0s] MovedFromExtractorCombine Library/Bee/artifacts/200b0aE.dag/AssemblyA.Contracts.dll.mvfrm
[448/917    0s] MovedFromExtractorCombine Library/Bee/artifacts/200b0aE.dag/AssemblyShadowBaseline.HotUpdate.dll.mvfrm
[449/917    0s] MovedFromExtractorCombine Library/Bee/artifacts/200b0aE.dag/AssemblyShadowDemo.ContractsConsumer.dll.mvfrm
[449/917    0s] Csc Library/Bee/artifacts/200b0aE.dag/Unity.HybridCLR.AssemblyShadow.CodeGen.dll (+2 others) [CacheHit 68ae4ee840e57f749b1d90842884a6bd00000000000000000000000000000003]
[450/917   1788693601s] Csc Library/Bee/artifacts/200b0aE.dag/Unity.HybridCLR.AssemblyShadow.CodeGen.dll (+2 others)
[452/917    0s] Csc Library/Bee/artifacts/200b0aE.dag/UnityEngine.UI.dll (+2 others) [CacheHit 7684a5405e9c9bd9622ee16e9ee6cf6c00000000000000000000000000000003]
[454/917   1788693601s] Csc Library/Bee/artifacts/200b0aE.dag/UnityEngine.UI.dll (+2 others)
[453/917    0s] Csc Library/Bee/artifacts/200b0aE.dag/UnityEngine.TestRunner.dll (+2 others) [CacheHit 152427c8cbc239b2eb48c0855047653600000000000000000000000000000003]
[456/917   1788693601s] Csc Library/Bee/artifacts/200b0aE.dag/UnityEngine.TestRunner.dll (+2 others)
[460/917    0s] MovedFromExtractor Library/Bee/artifacts/mvdfrm/UnityEngine.TestRunner.ref.dll_AA3B5DF2776E59D2.mvfrm
[461/917    0s] MovedFromExtractor Library/Bee/artifacts/mvdfrm/UnityEngine.UI.ref.dll_79746E5030301F94.mvfrm
[462/917    0s] MovedFromExtractorCombine Library/Bee/artifacts/200b0aE.dag/UnityEditor.TestRunner.dll.mvfrm
[459/917    0s] Csc Library/Bee/artifacts/200b0aE.dag/UnityEditor.TestRunner.dll (+2 others) [CacheHit a98f0d02757fee671cdd0cfc1c39b04200000000000000000000000000000003]
[463/917   1788693601s] Csc Library/Bee/artifacts/200b0aE.dag/UnityEditor.TestRunner.dll (+2 others)
[467/917    0s] MovedFromExtractor Library/Bee/artifacts/mvdfrm/UnityEditor.TestRunner.ref.dll_DE1D13444BAAFBE7.mvfrm
[468/917    0s] MovedFromExtractorCombine Library/Bee/artifacts/200b0aE.dag/UnityEditor.UI.dll.mvfrm
[464/917    0s] Csc Library/Bee/artifacts/200b0aE.dag/UnityEditor.UI.dll (+2 others) [CacheHit 03bc2d037dfae4e90894c797d4f0469a00000000000000000000000000000003]
[469/917   1788693601s] Csc Library/Bee/artifacts/200b0aE.dag/UnityEditor.UI.dll (+2 others)
[471/917    0s] MovedFromExtractor Library/Bee/artifacts/mvdfrm/UnityEditor.UI.ref.dll_BD0E97F52A0DF729.mvfrm
[472/917    0s] MovedFromExtractorCombine Library/Bee/artifacts/200b0aE.dag/Unity.VisualScripting.Core.dll.mvfrm
[473/917    0s] MovedFromExtractorCombine Library/Bee/artifacts/200b0aE.dag/Unity.Mathematics.dll.mvfrm
[474/917    0s] MovedFromExtractorCombine Library/Bee/artifacts/200b0aE.dag/Unity.2D.Sprite.Editor.dll.mvfrm
[475/917    0s] MovedFromExtractorCombine Library/Bee/artifacts/200b0aE.dag/Unity.RenderPipelines.Universal.2D.Internal.dll.mvfrm
[476/917    0s] MovedFromExtractorCombine Library/Bee/artifacts/200b0aE.dag/Unity.RenderPipelines.Core.Runtime.dll.mvfrm
[477/917    0s] MovedFromExtractorCombine Library/Bee/artifacts/200b0aE.dag/Unity.Burst.dll.mvfrm
[478/917    0s] MovedFromExtractorCombine Library/Bee/artifacts/200b0aE.dag/Unity.InternalAPIEngineBridge.001.dll.mvfrm
[473/917    0s] Csc Library/Bee/artifacts/200b0aE.dag/Unity.RenderPipelines.Universal.2D.Internal.dll (+2 others) [CacheHit e6136e20948b3a530411fc489335daeb00000000000000000000000000000003]
[479/917   1788693602s] Csc Library/Bee/artifacts/200b0aE.dag/Unity.RenderPipelines.Universal.2D.Internal.dll (+2 others)
[474/917    0s] Csc Library/Bee/artifacts/200b0aE.dag/Unity.Burst.dll (+2 others) [CacheHit 317a839ed0ae91b941d0f81aa03bcc6a00000000000000000000000000000003]
[481/917   1788693602s] Csc Library/Bee/artifacts/200b0aE.dag/Unity.Burst.dll (+2 others)
[475/917    0s] Csc Library/Bee/artifacts/200b0aE.dag/Unity.InternalAPIEngineBridge.001.dll (+2 others) [CacheHit 986b44d156a1ac953733aa8ca591efff00000000000000000000000000000003]
[475/917    0s] Csc Library/Bee/artifacts/200b0aE.dag/Unity.Mathematics.dll (+2 others) [CacheHit a14f0e9f2c61165df74b3cc9402744d400000000000000000000000000000003]
[475/917    0s] Csc Library/Bee/artifacts/200b0aE.dag/Unity.VisualScripting.Core.dll (+2 others) [CacheHit 89279a8ff28b1dfdaf6ac460972e18b900000000000000000000000000000003]
[483/917   1788693602s] Csc Library/Bee/artifacts/200b0aE.dag/Unity.InternalAPIEngineBridge.001.dll (+2 others)
[485/917   1788693602s] Csc Library/Bee/artifacts/200b0aE.dag/Unity.Mathematics.dll (+2 others)
[487/917   1788693602s] Csc Library/Bee/artifacts/200b0aE.dag/Unity.VisualScripting.Core.dll (+2 others)
[478/917    0s] Csc Library/Bee/artifacts/200b0aE.dag/Unity.RenderPipelines.Core.Runtime.dll (+2 others) [CacheHit 46547e572d08a79428db212271a1446800000000000000000000000000000003]
[489/917   1788693602s] Csc Library/Bee/artifacts/200b0aE.dag/Unity.RenderPipelines.Core.Runtime.dll (+2 others)
[479/917    0s] Csc Library/Bee/artifacts/200b0aE.dag/Unity.2D.Sprite.Editor.dll (+2 others) [CacheHit 25f4a65f9076734431293eb7eedfaeb500000000000000000000000000000003]
[491/917   1788693602s] Csc Library/Bee/artifacts/200b0aE.dag/Unity.2D.Sprite.Editor.dll (+2 others)
[493/917    0s] MovedFromExtractorCombine Library/Bee/artifacts/200b0aE.dag/Unity.ShaderGraph.Utilities.dll.mvfrm
[494/917    0s] MovedFromExtractorCombine Library/Bee/artifacts/200b0aE.dag/Unity.Searcher.Editor.dll.mvfrm
[482/917    0s] Csc Library/Bee/artifacts/200b0aE.dag/Unity.ShaderGraph.Utilities.dll (+2 others) [CacheHit b6ebf50696d252dd5672bbd8d0ebce5300000000000000000000000000000003]
[495/917   1788693602s] Csc Library/Bee/artifacts/200b0aE.dag/Unity.ShaderGraph.Utilities.dll (+2 others)
[483/917    0s] Csc Library/Bee/artifacts/200b0aE.dag/Unity.Searcher.Editor.dll (+2 others) [CacheHit 6d17f06c4b5577cbe262f9e715f09a4600000000000000000000000000000003]
[497/917   1788693602s] Csc Library/Bee/artifacts/200b0aE.dag/Unity.Searcher.Editor.dll (+2 others)
[499/917    0s] MovedFromExtractor Library/Bee/artifacts/mvdfrm/Unity.Burst.ref.dll_A43E80D48102A6F4.mvfrm
[500/917    0s] MovedFromExtractor Library/Bee/artifacts/mvdfrm/Unity.Mathematics.ref.dll_4EAD86AD4C1B715A.mvfrm
[501/917    0s] MovedFromExtractor Library/Bee/artifacts/mvdfrm/Unity.VisualScripting.Core.ref.dll_4EC1FE8B3807FE28.mvfrm
[502/917    0s] MovedFromExtractor Library/Bee/artifacts/mvdfrm/Unity.2D.Sprite.Editor.ref.dll_A298F0F0964CDA5C.mvfrm
[503/917    0s] MovedFromExtractor Library/Bee/artifacts/mvdfrm/Unity.RenderPipelines.Core.Runtime.ref.dll_AA9CC9DBDD612E3E.mvfrm
[504/917    0s] MovedFromExtractor Library/Bee/artifacts/mvdfrm/Unity.RenderPipelines.Universal.2D.Internal.ref.dll_CF295410B44EF737.mvfrm
[505/917    0s] MovedFromExtractor Library/Bee/artifacts/mvdfrm/Unity.InternalAPIEngineBridge.001.ref.dll_C5B5631EE4DDD44F.mvfrm
[506/917    0s] MovedFromExtractorCombine Library/Bee/artifacts/200b0aE.dag/Unity.2D.Common.Runtime.dll.mvfrm
[507/917    0s] MovedFromExtractorCombine Library/Bee/artifacts/200b0aE.dag/Unity.Burst.CodeGen.dll.mvfrm
[508/917    0s] MovedFromExtractorCombine Library/Bee/artifacts/200b0aE.dag/Unity.VisualScripting.Flow.dll.mvfrm
[494/917    0s] Csc Library/Bee/artifacts/200b0aE.dag/Unity.2D.Common.Runtime.dll (+2 others) [CacheHit c127416eac5cfa19c5dffcce57c11f8100000000000000000000000000000003]
[509/917   1788693602s] Csc Library/Bee/artifacts/200b0aE.dag/Unity.2D.Common.Runtime.dll (+2 others)
[511/917    0s] MovedFromExtractorCombine Library/Bee/artifacts/200b0aE.dag/Unity.Collections.dll.mvfrm
[512/917    0s] MovedFromExtractorCombine Library/Bee/artifacts/200b0aE.dag/Unity.RenderPipeline.Universal.ShaderLibrary.dll.mvfrm
[497/917    0s] Csc Library/Bee/artifacts/200b0aE.dag/Unity.Burst.CodeGen.dll (+2 others) [CacheHit bedea03b0b26a675e2c100d5efbf064900000000000000000000000000000003]
[513/917   1788693602s] Csc Library/Bee/artifacts/200b0aE.dag/Unity.Burst.CodeGen.dll (+2 others)
[498/917    0s] Csc Library/Bee/artifacts/200b0aE.dag/Unity.VisualScripting.Flow.dll (+2 others) [CacheHit 2b19f4fb301d88692c799572cf65986e00000000000000000000000000000003]
[515/917   1788693602s] Csc Library/Bee/artifacts/200b0aE.dag/Unity.VisualScripting.Flow.dll (+2 others)
[499/917    0s] Csc Library/Bee/artifacts/200b0aE.dag/Unity.Collections.dll (+2 others) [CacheHit ef672c277fa6635f0958965f56899fcb00000000000000000000000000000003]
[517/917   1788693602s] Csc Library/Bee/artifacts/200b0aE.dag/Unity.Collections.dll (+2 others)
[500/917    0s] Csc Library/Bee/artifacts/200b0aE.dag/Unity.RenderPipeline.Universal.ShaderLibrary.dll (+2 others) [CacheHit 41a1c668793ab0294ab56a40be487e2700000000000000000000000000000003]
[519/917   1788693602s] Csc Library/Bee/artifacts/200b0aE.dag/Unity.RenderPipeline.Universal.ShaderLibrary.dll (+2 others)
[521/917    0s] MovedFromExtractorCombine Library/Bee/artifacts/200b0aE.dag/Unity.RenderPipelines.Universal.Config.Runtime.dll.mvfrm
[522/917    0s] MovedFromExtractorCombine Library/Bee/artifacts/200b0aE.dag/Unity.VisualScripting.Core.Editor.dll.mvfrm
[503/917    0s] Csc Library/Bee/artifacts/200b0aE.dag/Unity.RenderPipelines.Universal.Config.Runtime.dll (+2 others) [CacheHit df01468f8fc15f4682fd2190812222cb00000000000000000000000000000003]
[523/917   1788693602s] Csc Library/Bee/artifacts/200b0aE.dag/Unity.RenderPipelines.Universal.Config.Runtime.dll (+2 others)
[525/917    0s] MovedFromExtractorCombine Library/Bee/artifacts/200b0aE.dag/Unity.RenderPipelines.Core.Editor.dll.mvfrm
[526/917    0s] MovedFromExtractorCombine Library/Bee/artifacts/200b0aE.dag/Unity.InternalAPIEditorBridge.001.dll.mvfrm
[527/917    0s] Csc Library/Bee/artifacts/200b0aE.dag/AssemblyA.Contracts.dll (+2 others)
[507/917    0s] Csc Library/Bee/artifacts/200b0aE.dag/Unity.RenderPipelines.Core.Editor.dll (+2 others) [CacheHit 3f3cf3b0504eddf7b675a7c038a8e6a700000000000000000000000000000003]
[528/917   1788693602s] Csc Library/Bee/artifacts/200b0aE.dag/Unity.RenderPipelines.Core.Editor.dll (+2 others)
[508/917    0s] Csc Library/Bee/artifacts/200b0aE.dag/Unity.InternalAPIEditorBridge.001.dll (+2 others) [CacheHit ab1b45e8ca213a7a845d2f55443654da00000000000000000000000000000003]
[530/917   1788693602s] Csc Library/Bee/artifacts/200b0aE.dag/Unity.InternalAPIEditorBridge.001.dll (+2 others)
[532/917    0s] MovedFromExtractor Library/Bee/artifacts/mvdfrm/Unity.2D.Common.Runtime.ref.dll_1DF7BBC55D029A75.mvfrm
[533/917    0s] MovedFromExtractor Library/Bee/artifacts/mvdfrm/Unity.RenderPipeline.Universal.ShaderLibrary.ref.dll_8B099D8C97AF393F.mvfrm
[511/917    0s] Csc Library/Bee/artifacts/200b0aE.dag/Unity.VisualScripting.Core.Editor.dll (+2 others) [CacheHit 66dbb1d7e3f61f91c2204becc6e188f800000000000000000000000000000003]
[534/917   1788693602s] Csc Library/Bee/artifacts/200b0aE.dag/Unity.VisualScripting.Core.Editor.dll (+2 others)
[536/917    0s] MovedFromExtractor Library/Bee/artifacts/mvdfrm/Unity.RenderPipelines.Universal.Config.Runtime.ref.dll_E30EE1A78470D274.mvfrm
[537/917    0s] ILPP-Configuration Library/ilpp-configuration.nevergeneratedoutput
[538/917    1s] MovedFromExtractor Library/Bee/artifacts/mvdfrm/Unity.HybridCLR.AssemblyShadow.CodeGen.ref.dll_147C9E675980719E.mvfrm
[539/917    1s] Csc Library/Bee/artifacts/200b0aE.dag/AssemblyShadowBaseline.HotUpdate.dll (+2 others)
[540/917    0s] MovedFromExtractorCombine Library/Bee/artifacts/200b0aE.dag/Unity.2D.Common.Editor.dll.mvfrm
[541/917    0s] MovedFromExtractor Library/Bee/artifacts/mvdfrm/Unity.Collections.ref.dll_CB2B1FA2A63FF8D9.mvfrm
[518/917    0s] Csc Library/Bee/artifacts/200b0aE.dag/Unity.2D.Common.Editor.dll (+2 others) [CacheHit 62270eeb51fae92b9f853eb59de797c100000000000000000000000000000003]
[542/917   1788693602s] Csc Library/Bee/artifacts/200b0aE.dag/Unity.2D.Common.Editor.dll (+2 others)
[544/917    0s] MovedFromExtractor Library/Bee/artifacts/mvdfrm/Unity.VisualScripting.Flow.ref.dll_95D2DEE1BA1172D7.mvfrm
[545/917    0s] MovedFromExtractor Library/Bee/artifacts/mvdfrm/Unity.RenderPipelines.Core.Editor.ref.dll_57B051C6BAF6DF9D.mvfrm
[546/917    0s] MovedFromExtractor Library/Bee/artifacts/mvdfrm/Unity.Searcher.Editor.ref.dll_188082AF4C893B1A.mvfrm
[547/917    0s] MovedFromExtractorCombine Library/Bee/artifacts/200b0aE.dag/Unity.RenderPipelines.Universal.Runtime.dll.mvfrm
[548/917    0s] MovedFromExtractorCombine Library/Bee/artifacts/200b0aE.dag/Unity.Mathematics.Editor.dll.mvfrm
[549/917    0s] MovedFromExtractorCombine Library/Bee/artifacts/200b0aE.dag/Unity.Burst.Editor.dll.mvfrm
[550/917    0s] MovedFromExtractor Library/Bee/artifacts/mvdfrm/Unity.VisualScripting.Core.Editor.ref.dll_FE8D1F6CE20A2409.mvfrm
[526/917    0s] Csc Library/Bee/artifacts/200b0aE.dag/Unity.Mathematics.Editor.dll (+2 others) [CacheHit 51bd008a42c343dee994be6f86f5471700000000000000000000000000000003]
[551/917   1788693602s] Csc Library/Bee/artifacts/200b0aE.dag/Unity.Mathematics.Editor.dll (+2 others)
[527/917    0s] Csc Library/Bee/artifacts/200b0aE.dag/Unity.RenderPipelines.Universal.Runtime.dll (+2 others) [CacheHit e09799d23191d62b2fffdae814b7936a00000000000000000000000000000003]
[553/917   1788693602s] Csc Library/Bee/artifacts/200b0aE.dag/Unity.RenderPipelines.Universal.Runtime.dll (+2 others)
[555/917    0s] MovedFromExtractorCombine Library/Bee/artifacts/200b0aE.dag/HybridCLR.Runtime.dll.mvfrm
[529/917    0s] Csc Library/Bee/artifacts/200b0aE.dag/Unity.Burst.Editor.dll (+2 others) [CacheHit 6b5be6e934abff4cac288513a57f5b9100000000000000000000000000000003]
[556/917   1788693602s] Csc Library/Bee/artifacts/200b0aE.dag/Unity.Burst.Editor.dll (+2 others)
[558/917    0s] MovedFromExtractorCombine Library/Bee/artifacts/200b0aE.dag/Unity.2D.Animation.Runtime.dll.mvfrm
[531/917    0s] Csc Library/Bee/artifacts/200b0aE.dag/HybridCLR.Runtime.dll (+2 others) [CacheHit 7efc21a48ffad84811ec1e28494674a800000000000000000000000000000003]
[559/917   1788693602s] Csc Library/Bee/artifacts/200b0aE.dag/HybridCLR.Runtime.dll (+2 others)
[532/917    0s] Csc Library/Bee/artifacts/200b0aE.dag/Unity.2D.Animation.Runtime.dll (+2 others) [CacheHit 62876e88245eff985dfcad08a61f796700000000000000000000000000000003]
[561/917   1788693602s] Csc Library/Bee/artifacts/200b0aE.dag/Unity.2D.Animation.Runtime.dll (+2 others)
[563/917    0s] MovedFromExtractor Library/Bee/artifacts/mvdfrm/Unity.ShaderGraph.Utilities.ref.dll_9587680413563429.mvfrm
[564/917    0s] MovedFromExtractorCombine Library/Bee/artifacts/200b0aE.dag/Unity.VisualScripting.State.dll.mvfrm
[535/917    0s] Csc Library/Bee/artifacts/200b0aE.dag/Unity.VisualScripting.State.dll (+2 others) [CacheHit 3968153c28ef7943cce607be391d314400000000000000000000000000000003]
[565/917   1788693602s] Csc Library/Bee/artifacts/200b0aE.dag/Unity.VisualScripting.State.dll (+2 others)
[567/917    0s] MovedFromExtractorCombine Library/Bee/artifacts/200b0aE.dag/Unity.VisualScripting.Flow.Editor.dll.mvfrm
[568/917    0s] MovedFromExtractorCombine Library/Bee/artifacts/200b0aE.dag/Unity.2D.Common.Path.Editor.dll.mvfrm
[569/917    0s] MovedFromExtractor Library/Bee/artifacts/mvdfrm/Unity.InternalAPIEditorBridge.001.ref.dll_D33AAA747FCEED0A.mvfrm
[570/917    0s] MovedFromExtractor Library/Bee/artifacts/mvdfrm/Unity.2D.Common.Editor.ref.dll_8237F4420D536756.mvfrm
[540/917    0s] Csc Library/Bee/artifacts/200b0aE.dag/Unity.VisualScripting.Flow.Editor.dll (+2 others) [CacheHit d8d1ede3cbce9a93bfb7a5354208f7b300000000000000000000000000000003]
[571/917   1788693602s] Csc Library/Bee/artifacts/200b0aE.dag/Unity.VisualScripting.Flow.Editor.dll (+2 others)
[573/917    0s] MovedFromExtractorCombine Library/Bee/artifacts/200b0aE.dag/Unity.ShaderGraph.Editor.dll.mvfrm
[574/917    0s] MovedFromExtractor Library/Bee/artifacts/mvdfrm/Unity.Mathematics.Editor.ref.dll_4A3A50F3774BA9F7.mvfrm
[575/917    0s] MovedFromExtractor Library/Bee/artifacts/mvdfrm/Unity.RenderPipelines.Universal.Runtime.ref.dll_C4A720C3D568CE76.mvfrm
[576/917    0s] MovedFromExtractor Library/Bee/artifacts/mvdfrm/Unity.Burst.Editor.ref.dll_EA1A6D1CB62C8BFD.mvfrm
[577/917    0s] MovedFromExtractor Library/Bee/artifacts/mvdfrm/Unity.2D.Animation.Runtime.ref.dll_DEAB70CB54ED1324.mvfrm
[578/917    0s] MovedFromExtractorCombine Library/Bee/artifacts/200b0aE.dag/Unity.2D.Tilemap.Editor.dll.mvfrm
[579/917    0s] MovedFromExtractorCombine Library/Bee/artifacts/200b0aE.dag/Unity.2D.Tilemap.Extras.dll.mvfrm
[580/917    0s] MovedFromExtractor Library/Bee/artifacts/mvdfrm/Unity.VisualScripting.State.ref.dll_697AC546F729FDEE.mvfrm
[581/917    0s] MovedFromExtractorCombine Library/Bee/artifacts/200b0aE.dag/Unity.2D.Aseprite.Common.dll.mvfrm
[550/917    0s] Csc Library/Bee/artifacts/200b0aE.dag/Unity.2D.Tilemap.Extras.dll (+2 others) [CacheHit 25006c45c89e4c5c1245df51d1ba566e00000000000000000000000000000003]
[582/917   1788693602s] Csc Library/Bee/artifacts/200b0aE.dag/Unity.2D.Tilemap.Extras.dll (+2 others)
[551/917    0s] Csc Library/Bee/artifacts/200b0aE.dag/Unity.2D.Aseprite.Common.dll (+2 others) [CacheHit 03bd966c553e3c07dd8320e42db7b37500000000000000000000000000000003]
[584/917   1788693602s] Csc Library/Bee/artifacts/200b0aE.dag/Unity.2D.Aseprite.Common.dll (+2 others)
[586/917    0s] MovedFromExtractorCombine Library/Bee/artifacts/200b0aE.dag/Unity.Timeline.dll.mvfrm
[553/917    0s] Csc Library/Bee/artifacts/200b0aE.dag/Unity.ShaderGraph.Editor.dll (+2 others) [CacheHit 77cd52078847e4a4b306b161d6b5b57700000000000000000000000000000003]
[587/917   1788693602s] Csc Library/Bee/artifacts/200b0aE.dag/Unity.ShaderGraph.Editor.dll (+2 others)
[554/917    0s] Csc Library/Bee/artifacts/200b0aE.dag/Unity.Timeline.dll (+2 others) [CacheHit 585754b9b128e75944cfba5d9316384100000000000000000000000000000003]
[589/917   1788693602s] Csc Library/Bee/artifacts/200b0aE.dag/Unity.Timeline.dll (+2 others)
[591/917    0s] MovedFromExtractorCombine Library/Bee/artifacts/200b0aE.dag/Unity.2D.IK.Runtime.dll.mvfrm
[556/917    0s] Csc Library/Bee/artifacts/200b0aE.dag/Unity.2D.Common.Path.Editor.dll (+2 others) [CacheHit 581aeaec3ebc41fc4b680bd65806eadd00000000000000000000000000000003]
[592/917   1788693602s] Csc Library/Bee/artifacts/200b0aE.dag/Unity.2D.Common.Path.Editor.dll (+2 others)
[594/917    0s] MovedFromExtractorCombine Library/Bee/artifacts/200b0aE.dag/Unity.TextMeshPro.dll.mvfrm
[558/917    0s] Csc Library/Bee/artifacts/200b0aE.dag/Unity.2D.Tilemap.Editor.dll (+2 others) [CacheHit 7d6a334af387db2556e95dab23e59e0200000000000000000000000000000003]
[595/917   1788693602s] Csc Library/Bee/artifacts/200b0aE.dag/Unity.2D.Tilemap.Editor.dll (+2 others)
[559/917    0s] Csc Library/Bee/artifacts/200b0aE.dag/Unity.2D.IK.Runtime.dll (+2 others) [CacheHit 5d9141d6080513a4e0bf84cc956852ae00000000000000000000000000000003]
[597/917   1788693602s] Csc Library/Bee/artifacts/200b0aE.dag/Unity.2D.IK.Runtime.dll (+2 others)
[599/917    0s] MovedFromExtractorCombine Library/Bee/artifacts/200b0aE.dag/Unity.2D.Animation.Editor.dll.mvfrm
[561/917    0s] Csc Library/Bee/artifacts/200b0aE.dag/Unity.TextMeshPro.dll (+2 others) [CacheHit 59de1a516b23bf2aeb442fa45b54f0ff00000000000000000000000000000003]
[600/917   1788693602s] Csc Library/Bee/artifacts/200b0aE.dag/Unity.TextMeshPro.dll (+2 others)
[602/917    0s] MovedFromExtractorCombine Library/Bee/artifacts/200b0aE.dag/Unity.2D.SpriteShape.Runtime.dll.mvfrm
[603/917    0s] MovedFromExtractorCombine Library/Bee/artifacts/200b0aE.dag/Unity.2D.PixelPerfect.dll.mvfrm
[604/917    0s] MovedFromExtractor Library/Bee/artifacts/mvdfrm/Unity.VisualScripting.Flow.Editor.ref.dll_7BBE081BF0E8AF4A.mvfrm
[565/917    0s] Csc Library/Bee/artifacts/200b0aE.dag/Unity.2D.SpriteShape.Runtime.dll (+2 others) [CacheHit 33613e5d14a34fd938f566104efcf62a00000000000000000000000000000003]
[605/917   1788693602s] Csc Library/Bee/artifacts/200b0aE.dag/Unity.2D.SpriteShape.Runtime.dll (+2 others)
[566/917    0s] Csc Library/Bee/artifacts/200b0aE.dag/Unity.2D.PixelPerfect.dll (+2 others) [CacheHit 5c1dc2088b7b6d2f6ef4d968174887e400000000000000000000000000000003]
[607/917   1788693602s] Csc Library/Bee/artifacts/200b0aE.dag/Unity.2D.PixelPerfect.dll (+2 others)
[567/917    0s] Csc Library/Bee/artifacts/200b0aE.dag/Unity.2D.Animation.Editor.dll (+2 others) [CacheHit daee4989a6672d22f6cafe502af232bb00000000000000000000000000000003]
[609/917   1788693602s] Csc Library/Bee/artifacts/200b0aE.dag/Unity.2D.Animation.Editor.dll (+2 others)
[611/917    0s] MovedFromExtractorCombine Library/Bee/artifacts/200b0aE.dag/HybridCLR.Editor.dll.mvfrm
[612/917    0s] MovedFromExtractorCombine Library/Bee/artifacts/200b0aE.dag/AssemblyA.Implementation.Extensibility.dll.mvfrm
[613/917    0s] MovedFromExtractorCombine Library/Bee/artifacts/200b0aE.dag/PsdPlugin.dll.mvfrm
[614/917    0s] MovedFromExtractorCombine Library/Bee/artifacts/200b0aE.dag/AssemblyShadowBaseline.Aot.dll.mvfrm
[572/917    0s] Csc Library/Bee/artifacts/200b0aE.dag/PsdPlugin.dll (+2 others) [CacheHit c61a04f0ca07d3d739f5d001feb22c1b00000000000000000000000000000003]
[615/917   1788693602s] Csc Library/Bee/artifacts/200b0aE.dag/PsdPlugin.dll (+2 others)
[573/917    0s] Csc Library/Bee/artifacts/200b0aE.dag/HybridCLR.Editor.dll (+2 others) [CacheHit 71386789a3eba13b02366892a167cc0300000000000000000000000000000003]
[617/917   1788693602s] Csc Library/Bee/artifacts/200b0aE.dag/HybridCLR.Editor.dll (+2 others)
[619/917    0s] MovedFromExtractorCombine Library/Bee/artifacts/200b0aE.dag/Unity.VisualScripting.State.Editor.dll.mvfrm
[620/917    0s] MovedFromExtractor Library/Bee/artifacts/mvdfrm/Unity.ShaderGraph.Editor.ref.dll_BF69964832659484.mvfrm
[621/917    0s] MovedFromExtractor Library/Bee/artifacts/mvdfrm/Unity.TextMeshPro.ref.dll_EA61D4CF7C90DCE7.mvfrm
[577/917    0s] Csc Library/Bee/artifacts/200b0aE.dag/Unity.VisualScripting.State.Editor.dll (+2 others) [CacheHit e7ebedf00024334a83c76b4a5e4ae7b800000000000000000000000000000003]
[622/917   1788693602s] Csc Library/Bee/artifacts/200b0aE.dag/Unity.VisualScripting.State.Editor.dll (+2 others)
[624/917    0s] MovedFromExtractor Library/Bee/artifacts/mvdfrm/Unity.2D.PixelPerfect.ref.dll_8E9298DC6B12ED57.mvfrm
[625/917    0s] MovedFromExtractor Library/Bee/artifacts/mvdfrm/Unity.2D.SpriteShape.Runtime.ref.dll_23B941DDE597517C.mvfrm
[626/917    0s] MovedFromExtractor Library/Bee/artifacts/mvdfrm/Unity.2D.Animation.Editor.ref.dll_5A2087A6EAF2CE17.mvfrm
[627/917    0s] MovedFromExtractorCombine Library/Bee/artifacts/200b0aE.dag/Unity.RenderPipelines.Universal.Editor.dll.mvfrm
[628/917    0s] MovedFromExtractor Library/Bee/artifacts/mvdfrm/Unity.2D.IK.Runtime.ref.dll_3971D385965D884C.mvfrm
[629/917    0s] MovedFromExtractor Library/Bee/artifacts/mvdfrm/Unity.2D.Tilemap.Editor.ref.dll_E9EA3AB45900FF1D.mvfrm
[584/917    0s] Csc Library/Bee/artifacts/200b0aE.dag/Unity.RenderPipelines.Universal.Editor.dll (+2 others) [CacheHit e39f8e51ca4d864c74bb5a39af8c4c6500000000000000000000000000000003]
[630/917   1788693603s] Csc Library/Bee/artifacts/200b0aE.dag/Unity.RenderPipelines.Universal.Editor.dll (+2 others)
[632/917    0s] MovedFromExtractor Library/Bee/artifacts/mvdfrm/Unity.VisualScripting.State.Editor.ref.dll_BC6ADFF987BC82A3.mvfrm
[633/917    0s] MovedFromExtractor Library/Bee/artifacts/mvdfrm/Unity.2D.Common.Path.Editor.ref.dll_91802D938EA41213.mvfrm
[634/917    0s] MovedFromExtractor Library/Bee/artifacts/mvdfrm/Unity.2D.Aseprite.Common.ref.dll_3F93312DF16ABE8A.mvfrm
[635/917    0s] MovedFromExtractor Library/Bee/artifacts/mvdfrm/Unity.Timeline.ref.dll_D292A1F7EB1601C3.mvfrm
[636/917    0s] MovedFromExtractorCombine Library/Bee/artifacts/200b0aE.dag/MCPForUnity.Runtime.dll.mvfrm
[637/917    0s] MovedFromExtractorCombine Library/Bee/artifacts/200b0aE.dag/Unity.PlasticSCM.Editor.dll.mvfrm
[638/917    0s] Csc Library/Bee/artifacts/200b0aE.dag/AssemblyShadowBaseline.Aot.dll (+2 others)
[639/917    0s] MovedFromExtractor Library/Bee/artifacts/mvdfrm/Unity.2D.Tilemap.Extras.ref.dll_DD9C61FBB7D63C03.mvfrm
[593/917    0s] Csc Library/Bee/artifacts/200b0aE.dag/MCPForUnity.Runtime.dll (+2 others) [CacheHit 5db1f34f220043e2d6ae73ece1330ea900000000000000000000000000000003]
[640/917   1788693603s] Csc Library/Bee/artifacts/200b0aE.dag/MCPForUnity.Runtime.dll (+2 others)
[642/917    0s] MovedFromExtractorCombine Library/Bee/artifacts/200b0aE.dag/Unity.VisualStudio.Editor.dll.mvfrm
[643/917    0s] MovedFromExtractorCombine Library/Bee/artifacts/200b0aE.dag/Unity.Rider.Editor.dll.mvfrm
[644/917    0s] Csc Library/Bee/artifacts/200b0aE.dag/AssemblyA.Implementation.Extensibility.dll (+2 others)
[645/917    0s] MovedFromExtractorCombine Library/Bee/artifacts/200b0aE.dag/Unity.2D.Aseprite.Editor.dll.mvfrm
[646/917    0s] MovedFromExtractorCombine Library/Bee/artifacts/200b0aE.dag/Unity.Timeline.Editor.dll.mvfrm
[599/917    0s] Csc Library/Bee/artifacts/200b0aE.dag/Unity.PlasticSCM.Editor.dll (+2 others) [CacheHit 20db1f856155fba992b8fb2068b9ccb200000000000000000000000000000003]
[647/917   1788693603s] Csc Library/Bee/artifacts/200b0aE.dag/Unity.PlasticSCM.Editor.dll (+2 others)
[649/917    0s] MovedFromExtractor Library/Bee/artifacts/mvdfrm/Unity.RenderPipelines.Universal.Editor.ref.dll_7BE565C70AE586E5.mvfrm
[650/917    0s] MovedFromExtractorCombine Library/Bee/artifacts/200b0aE.dag/Unity.2D.SpriteShape.Editor.dll.mvfrm
[651/917    0s] MovedFromExtractorCombine Library/Bee/artifacts/200b0aE.dag/Unity.2D.Tilemap.Extras.Editor.dll.mvfrm
[652/917    0s] MovedFromExtractorCombine Library/Bee/artifacts/200b0aE.dag/Unity.VisualScripting.Shared.Editor.dll.mvfrm
[604/917    0s] Csc Library/Bee/artifacts/200b0aE.dag/Unity.Rider.Editor.dll (+2 others) [CacheHit dafcd6a21adfd67be224d1ed40d4fbfe00000000000000000000000000000003]
[653/917   1788693603s] Csc Library/Bee/artifacts/200b0aE.dag/Unity.Rider.Editor.dll (+2 others)
[605/917    0s] Csc Library/Bee/artifacts/200b0aE.dag/Unity.VisualStudio.Editor.dll (+2 others) [CacheHit c4e7a9a683293832b0c59b0edeb80b0700000000000000000000000000000003]
[655/917   1788693603s] Csc Library/Bee/artifacts/200b0aE.dag/Unity.VisualStudio.Editor.dll (+2 others)
[657/917    0s] MovedFromExtractorCombine Library/Bee/artifacts/200b0aE.dag/Unity.2D.IK.Editor.dll.mvfrm
[658/917    0s] MovedFromExtractorCombine Library/Bee/artifacts/200b0aE.dag/Unity.2D.Psdimporter.Editor.dll.mvfrm
[608/917    0s] Csc Library/Bee/artifacts/200b0aE.dag/Unity.2D.IK.Editor.dll (+2 others) [CacheHit 7297e945d15a58d2c4c6f62e422716cb00000000000000000000000000000003]
[659/917   1788693603s] Csc Library/Bee/artifacts/200b0aE.dag/Unity.2D.IK.Editor.dll (+2 others)
[609/917    0s] Csc Library/Bee/artifacts/200b0aE.dag/Unity.2D.Psdimporter.Editor.dll (+2 others) [CacheHit 1745ab0893f93401d9d95535f430292800000000000000000000000000000003]
[661/917   1788693603s] Csc Library/Bee/artifacts/200b0aE.dag/Unity.2D.Psdimporter.Editor.dll (+2 others)
[610/917    0s] Csc Library/Bee/artifacts/200b0aE.dag/Unity.VisualScripting.Shared.Editor.dll (+2 others) [CacheHit d8d4249fffb3d3132773fedf94d5596100000000000000000000000000000003]
[663/917   1788693603s] Csc Library/Bee/artifacts/200b0aE.dag/Unity.VisualScripting.Shared.Editor.dll (+2 others)
[665/917    0s] MovedFromExtractorCombine Library/Bee/artifacts/200b0aE.dag/Unity.TextMeshPro.Editor.dll.mvfrm
[666/917    0s] MovedFromExtractorCombine Library/Bee/artifacts/200b0aE.dag/Unity.VisualScripting.SettingsProvider.Editor.dll.mvfrm
[667/917    0s] MovedFromExtractorCombine Library/Bee/artifacts/200b0aE.dag/Unity.RenderPipelines.Core.ShaderLibrary.dll.mvfrm
[614/917    0s] Csc Library/Bee/artifacts/200b0aE.dag/Unity.2D.Tilemap.Extras.Editor.dll (+2 others) [CacheHit 92cd5572b7efbb673abd652a171ba8c000000000000000000000000000000003]
[668/917   1788693603s] Csc Library/Bee/artifacts/200b0aE.dag/Unity.2D.Tilemap.Extras.Editor.dll (+2 others)
[615/917    0s] Csc Library/Bee/artifacts/200b0aE.dag/Unity.2D.SpriteShape.Editor.dll (+2 others) [CacheHit ec4be67dbf7953e376b5d2e0bd6e4aa500000000000000000000000000000003]
[670/917   1788693603s] Csc Library/Bee/artifacts/200b0aE.dag/Unity.2D.SpriteShape.Editor.dll (+2 others)
[672/917    0s] MovedFromExtractorCombine Library/Bee/artifacts/200b0aE.dag/Unity.RenderPipelines.ShaderGraph.ShaderGraphLibrary.dll.mvfrm
[617/917    0s] Csc Library/Bee/artifacts/200b0aE.dag/Unity.VisualScripting.SettingsProvider.Editor.dll (+2 others) [CacheHit e3015902eb24e763d9ea8b6442fee41a00000000000000000000000000000003]
[673/917   1788693603s] Csc Library/Bee/artifacts/200b0aE.dag/Unity.VisualScripting.SettingsProvider.Editor.dll (+2 others)
[618/917    0s] Csc Library/Bee/artifacts/200b0aE.dag/Unity.RenderPipelines.Core.ShaderLibrary.dll (+2 others) [CacheHit ca54c2661a477f5f879ecf83efbd84f400000000000000000000000000000003]
[675/917   1788693603s] Csc Library/Bee/artifacts/200b0aE.dag/Unity.RenderPipelines.Core.ShaderLibrary.dll (+2 others)
[677/917    0s] MovedFromExtractorCombine Library/Bee/artifacts/200b0aE.dag/Unity.2D.PixelPerfect.Editor.dll.mvfrm
[620/917    0s] Csc Library/Bee/artifacts/200b0aE.dag/Unity.RenderPipelines.ShaderGraph.ShaderGraphLibrary.dll (+2 others) [CacheHit de1e7fb53ee7df4d11ef118d5fb0468300000000000000000000000000000003]
[620/917    0s] Csc Library/Bee/artifacts/200b0aE.dag/Unity.TextMeshPro.Editor.dll (+2 others) [CacheHit 03b4e575177ce09b6807f846a7ec400200000000000000000000000000000003]
[678/917   1788693603s] Csc Library/Bee/artifacts/200b0aE.dag/Unity.RenderPipelines.ShaderGraph.ShaderGraphLibrary.dll (+2 others)
[680/917   1788693603s] Csc Library/Bee/artifacts/200b0aE.dag/Unity.TextMeshPro.Editor.dll (+2 others)
[622/917    0s] Csc Library/Bee/artifacts/200b0aE.dag/Unity.2D.PixelPerfect.Editor.dll (+2 others) [CacheHit ae4edd11d9bd843c3e7216a3699b9c7100000000000000000000000000000003]
[682/917   1788693603s] Csc Library/Bee/artifacts/200b0aE.dag/Unity.2D.PixelPerfect.Editor.dll (+2 others)
[623/917    0s] Csc Library/Bee/artifacts/200b0aE.dag/Unity.2D.Aseprite.Editor.dll (+2 others) [CacheHit 478d826ec92cb05828c6d6a97755ef8c00000000000000000000000000000003]
[684/917   1788693603s] Csc Library/Bee/artifacts/200b0aE.dag/Unity.2D.Aseprite.Editor.dll (+2 others)
[686/917    0s] MovedFromExtractorCombine Library/Bee/artifacts/200b0aE.dag/Unity.RenderPipelines.Universal.Shaders.dll.mvfrm
[625/917    0s] Csc Library/Bee/artifacts/200b0aE.dag/Unity.RenderPipelines.Universal.Shaders.dll (+2 others) [CacheHit 92d88ef40785498933d9a4bcfec4303300000000000000000000000000000003]
[687/917   1788693603s] Csc Library/Bee/artifacts/200b0aE.dag/Unity.RenderPipelines.Universal.Shaders.dll (+2 others)
[689/917    0s] MovedFromExtractorCombine Library/Bee/artifacts/200b0aE.dag/AssemblyA.Implementation.Internal.dll.mvfrm
[690/917    0s] MovedFromExtractorCombine Library/Bee/artifacts/200b0aE.dag/AssemblyShadowDemo.ExtensibilityConsumer.dll.mvfrm
[628/917    0s] Csc Library/Bee/artifacts/200b0aE.dag/Unity.Timeline.Editor.dll (+2 others) [CacheHit 4d5ec65d498b718b43dfd61c9dc55d1d00000000000000000000000000000003]
[691/917   1788693603s] Csc Library/Bee/artifacts/200b0aE.dag/Unity.Timeline.Editor.dll (+2 others)
[693/917    0s] MovedFromExtractorCombine Library/Bee/artifacts/200b0aE.dag/AssemblyShadowBaseline.Editor.dll.mvfrm
[694/917    0s] MovedFromExtractorCombine Library/Bee/artifacts/200b0aE.dag/MCPForUnity.Editor.dll.mvfrm
[695/917    0s] MovedFromExtractorCombine Library/Bee/artifacts/200b0aE.dag/PPv2URPConverters.dll.mvfrm
[632/917    0s] Csc Library/Bee/artifacts/200b0aE.dag/MCPForUnity.Editor.dll (+2 others) [CacheHit 6c1c4a96128fbaebbcf7e9750047130700000000000000000000000000000003]
[696/917   1788693603s] Csc Library/Bee/artifacts/200b0aE.dag/MCPForUnity.Editor.dll (+2 others)
[698/917    0s] MovedFromExtractor Library/Bee/artifacts/mvdfrm/Unity.2D.Aseprite.Editor.ref.dll_3C7C2928F291E90C.mvfrm
[699/917    0s] MovedFromExtractor Library/Bee/artifacts/mvdfrm/Unity.PlasticSCM.Editor.ref.dll_CBF917C274624EE2.mvfrm
[700/917    0s] MovedFromExtractor Library/Bee/artifacts/mvdfrm/Unity.RenderPipelines.Universal.Shaders.ref.dll_050F300D13D769AC.mvfrm
[701/917    0s] Csc Library/Bee/artifacts/200b0aE.dag/AssemblyShadowDemo.ContractsConsumer.dll (+2 others)
[702/917    0s] MovedFromExtractor Library/Bee/artifacts/mvdfrm/Unity.Timeline.Editor.ref.dll_1305DD42619CF31E.mvfrm
[703/917    0s] MovedFromExtractor Library/Bee/artifacts/mvdfrm/Unity.2D.PixelPerfect.Editor.ref.dll_B6E543B7064A5CCA.mvfrm
[704/917    0s] Csc Library/Bee/artifacts/200b0aE.dag/AssemblyA.Implementation.Internal.dll (+2 others)
[705/917    0s] Csc Library/Bee/artifacts/200b0aE.dag/AssemblyShadowDemo.ExtensibilityConsumer.dll (+2 others)
[706/917    0s] MovedFromExtractor Library/Bee/artifacts/mvdfrm/Unity.RenderPipelines.ShaderGraph.ShaderGraphLibrary.ref.dll_4AD9CE269414E4CC.mvfrm
[707/917    0s] Csc Library/Bee/artifacts/200b0aE.dag/AssemblyShadowBaseline.Editor.dll (+2 others)
[708/917    0s] MovedFromExtractor Library/Bee/artifacts/mvdfrm/Unity.RenderPipelines.Core.ShaderLibrary.ref.dll_8EDD8A7C38E993CC.mvfrm
[709/917    0s] MovedFromExtractor Library/Bee/artifacts/mvdfrm/Unity.TextMeshPro.Editor.ref.dll_C5B7873C632B963A.mvfrm
[710/917    0s] MovedFromExtractor Library/Bee/artifacts/mvdfrm/Unity.VisualScripting.SettingsProvider.Editor.ref.dll_AD2FFB7646FD92B4.mvfrm
[711/917    0s] MovedFromExtractor Library/Bee/artifacts/mvdfrm/Unity.2D.SpriteShape.Editor.ref.dll_AB52260E0554293F.mvfrm
[712/917    0s] MovedFromExtractor Library/Bee/artifacts/mvdfrm/Unity.2D.Tilemap.Extras.Editor.ref.dll_258B0455F8F51CDE.mvfrm
[648/917    0s] Csc Library/Bee/artifacts/200b0aE.dag/PPv2URPConverters.dll (+2 others) [CacheHit b6798820dd891b1969928761080b531200000000000000000000000000000003]
[713/917   1788693603s] Csc Library/Bee/artifacts/200b0aE.dag/PPv2URPConverters.dll (+2 others)
[715/917    0s] MovedFromExtractor Library/Bee/artifacts/mvdfrm/Unity.VisualScripting.Shared.Editor.ref.dll_CBD4E358CB8CDF43.mvfrm
[716/917    0s] MovedFromExtractorCombine Library/Bee/artifacts/200b0aE.dag/AssemblyShadowDemo.Editor.dll.mvfrm
[717/917    0s] MovedFromExtractorCombine Library/Bee/artifacts/200b0aE.dag/AssemblyShadowDemo.Bootstrap.dll.mvfrm
[718/917    0s] MovedFromExtractor Library/Bee/artifacts/mvdfrm/Unity.2D.IK.Editor.ref.dll_FD249531A54E376F.mvfrm
[719/917    0s] MovedFromExtractor Library/Bee/artifacts/mvdfrm/Unity.2D.Psdimporter.Editor.ref.dll_47CE2970C8879D28.mvfrm
[720/917    0s] MovedFromExtractor Library/Bee/artifacts/mvdfrm/Unity.Rider.Editor.ref.dll_A276D0F1D4D046E3.mvfrm
[721/917    0s] MovedFromExtractor Library/Bee/artifacts/mvdfrm/Unity.VisualStudio.Editor.ref.dll_F37C0F1BA2EC04B9.mvfrm
[722/917    0s] MovedFromExtractorCombine Library/Bee/artifacts/200b0aE.dag/MCPForUnityTests.EditMode.dll.mvfrm
[723/917    0s] MovedFromExtractorCombine Library/Bee/artifacts/200b0aE.dag/AssemblyShadowDemo.M06RuntimeTests.dll.mvfrm
[724/917    0s] MovedFromExtractorCombine Library/Bee/artifacts/200b0aE.dag/Unity.CollabProxy.Editor.dll.mvfrm
[725/917    0s] MovedFromExtractorCombine Library/Bee/artifacts/200b0aE.dag/AssemblyShadowDemo.EditorTests.dll.mvfrm
[660/917    0s] Csc Library/Bee/artifacts/200b0aE.dag/Unity.CollabProxy.Editor.dll (+2 others) [CacheHit a9d6e4bfff296e64c179b06494a6e17200000000000000000000000000000003]
[726/917   1788693603s] Csc Library/Bee/artifacts/200b0aE.dag/Unity.CollabProxy.Editor.dll (+2 others)
[661/917    0s] Csc Library/Bee/artifacts/200b0aE.dag/MCPForUnityTests.EditMode.dll (+2 others) [CacheHit e4022dc2cba34d507d6f00c84b96d03200000000000000000000000000000003]
[728/917   1788693603s] Csc Library/Bee/artifacts/200b0aE.dag/MCPForUnityTests.EditMode.dll (+2 others)
[730/917    0s] MovedFromExtractorCombine Library/Bee/artifacts/200b0aE.dag/Unity.HybridCLR.AssemblyShadow.CodeGen.Tests.dll.mvfrm
[663/917    0s] Csc Library/Bee/artifacts/200b0aE.dag/Unity.HybridCLR.AssemblyShadow.CodeGen.Tests.dll (+2 others) [CacheHit cc37e8a8632bf9c3a6143a4bfd04091000000000000000000000000000000003]
[731/917   1788693603s] Csc Library/Bee/artifacts/200b0aE.dag/Unity.HybridCLR.AssemblyShadow.CodeGen.Tests.dll (+2 others)
[733/917    0s] MovedFromExtractorCombine Library/Bee/artifacts/200b0aE.dag/HybridCLR.AssemblyShadow.Editor.Tests.dll.mvfrm
[734/917    0s] MovedFromExtractorCombine Library/Bee/artifacts/200b0aE.dag/Assembly-CSharp.dll.mvfrm
[735/917    0s] MovedFromExtractorCombine Library/Bee/artifacts/200b0aE.dag/Unity.Collections.DocCodeSamples.dll.mvfrm
[667/917    0s] Csc Library/Bee/artifacts/200b0aE.dag/Unity.Collections.DocCodeSamples.dll (+2 others) [CacheHit af79beaf268c2ec20c44d8ceb1cec62a00000000000000000000000000000003]
[736/917   1788693603s] Csc Library/Bee/artifacts/200b0aE.dag/Unity.Collections.DocCodeSamples.dll (+2 others)
[738/917    0s] Csc Library/Bee/artifacts/200b0aE.dag/AssemblyShadowDemo.M06RuntimeTests.dll (+2 others)
[739/917    0s] ILPostProcess Library/Bee/artifacts/200b0aE.dag/post-processed/Unity.2D.Tilemap.Extras.dll (+pdb)
Processing assembly Library/Bee/artifacts/200b0aE.dag/Unity.2D.Tilemap.Extras.dll, with 117 defines and 229 references
processors: HybridCLR.AssemblyShadow.CodeGen.ReflectionBindingsILPostProcessor, zzzUnity.Burst.CodeGen.BurstILPostProcessor
running HybridCLR.AssemblyShadow.CodeGen.ReflectionBindingsILPostProcessor
running zzzUnity.Burst.CodeGen.BurstILPostProcessor
[740/917    0s] ILPostProcess Library/Bee/artifacts/200b0aE.dag/post-processed/Unity.VisualScripting.State.dll (+pdb)
Processing assembly Library/Bee/artifacts/200b0aE.dag/Unity.VisualScripting.State.dll, with 117 defines and 231 references
processors: HybridCLR.AssemblyShadow.CodeGen.ReflectionBindingsILPostProcessor, zzzUnity.Burst.CodeGen.BurstILPostProcessor
running HybridCLR.AssemblyShadow.CodeGen.ReflectionBindingsILPostProcessor
running zzzUnity.Burst.CodeGen.BurstILPostProcessor
[741/917    0s] ILPostProcess Library/Bee/artifacts/200b0aE.dag/post-processed/AssemblyShadowDemo.ExtensibilityConsumer.dll (+pdb)
Processing assembly Library/Bee/artifacts/200b0aE.dag/AssemblyShadowDemo.ExtensibilityConsumer.dll, with 117 defines and 231 references
processors: HybridCLR.AssemblyShadow.CodeGen.ReflectionBindingsILPostProcessor, zzzUnity.Burst.CodeGen.BurstILPostProcessor
running HybridCLR.AssemblyShadow.CodeGen.ReflectionBindingsILPostProcessor
running zzzUnity.Burst.CodeGen.BurstILPostProcessor
[742/917    0s] Csc Library/Bee/artifacts/200b0aE.dag/Assembly-CSharp.dll (+2 others)
[670/917    0s] Csc Library/Bee/artifacts/200b0aE.dag/HybridCLR.AssemblyShadow.Editor.Tests.dll (+2 others) [CacheHit 841bf38c7c1ee1ba48896be8c183434600000000000000000000000000000003]
[743/917   1788693604s] Csc Library/Bee/artifacts/200b0aE.dag/HybridCLR.AssemblyShadow.Editor.Tests.dll (+2 others)
[745/917    0s] ILPostProcess Library/Bee/artifacts/200b0aE.dag/post-processed/AssemblyA.Implementation.Internal.dll (+pdb)
Processing assembly Library/Bee/artifacts/200b0aE.dag/AssemblyA.Implementation.Internal.dll, with 117 defines and 231 references
processors: HybridCLR.AssemblyShadow.CodeGen.ReflectionBindingsILPostProcessor, zzzUnity.Burst.CodeGen.BurstILPostProcessor
running HybridCLR.AssemblyShadow.CodeGen.ReflectionBindingsILPostProcessor
running zzzUnity.Burst.CodeGen.BurstILPostProcessor
[746/917    0s] ILPostProcess Library/Bee/artifacts/200b0aE.dag/post-processed/AssemblyShadowDemo.M06RuntimeTests.dll (+pdb)
Processing assembly Library/Bee/artifacts/200b0aE.dag/AssemblyShadowDemo.M06RuntimeTests.dll, with 117 defines and 219 references
processors: HybridCLR.AssemblyShadow.CodeGen.ReflectionBindingsILPostProcessor, zzzUnity.Burst.CodeGen.BurstILPostProcessor
running HybridCLR.AssemblyShadow.CodeGen.ReflectionBindingsILPostProcessor
running zzzUnity.Burst.CodeGen.BurstILPostProcessor
[747/917    0s] ILPostProcess Library/Bee/artifacts/200b0aE.dag/post-processed/UnityEngine.UI.dll (+pdb)
Processing assembly Library/Bee/artifacts/200b0aE.dag/UnityEngine.UI.dll, with 122 defines and 227 references
processors: HybridCLR.AssemblyShadow.CodeGen.ReflectionBindingsILPostProcessor, zzzUnity.Burst.CodeGen.BurstILPostProcessor
running HybridCLR.AssemblyShadow.CodeGen.ReflectionBindingsILPostProcessor
running zzzUnity.Burst.CodeGen.BurstILPostProcessor
[748/917    0s] ILPostProcess Library/Bee/artifacts/200b0aE.dag/post-processed/HybridCLR.Runtime.dll (+pdb)
Processing assembly Library/Bee/artifacts/200b0aE.dag/HybridCLR.Runtime.dll, with 117 defines and 229 references
processors: HybridCLR.AssemblyShadow.CodeGen.ReflectionBindingsILPostProcessor, zzzUnity.Burst.CodeGen.BurstILPostProcessor
running HybridCLR.AssemblyShadow.CodeGen.ReflectionBindingsILPostProcessor
running zzzUnity.Burst.CodeGen.BurstILPostProcessor
[749/917    0s] ILPostProcess Library/Bee/artifacts/200b0aE.dag/post-processed/Unity.RenderPipelines.Core.Runtime.dll (+pdb)
Processing assembly Library/Bee/artifacts/200b0aE.dag/Unity.RenderPipelines.Core.Runtime.dll, with 119 defines and 229 references
processors: HybridCLR.AssemblyShadow.CodeGen.ReflectionBindingsILPostProcessor, zzzUnity.Burst.CodeGen.BurstILPostProcessor
running HybridCLR.AssemblyShadow.CodeGen.ReflectionBindingsILPostProcessor
running zzzUnity.Burst.CodeGen.BurstILPostProcessor
[750/917    0s] ILPostProcess Library/Bee/artifacts/200b0aE.dag/post-processed/AssemblyShadowBaseline.Aot.dll (+pdb)
Processing assembly Library/Bee/artifacts/200b0aE.dag/AssemblyShadowBaseline.Aot.dll, with 117 defines and 230 references
processors: HybridCLR.AssemblyShadow.CodeGen.ReflectionBindingsILPostProcessor, zzzUnity.Burst.CodeGen.BurstILPostProcessor
running HybridCLR.AssemblyShadow.CodeGen.ReflectionBindingsILPostProcessor
running zzzUnity.Burst.CodeGen.BurstILPostProcessor
[751/917    0s] ILPostProcess Library/Bee/artifacts/200b0aE.dag/post-processed/Unity.2D.IK.Runtime.dll (+pdb)
Processing assembly Library/Bee/artifacts/200b0aE.dag/Unity.2D.IK.Runtime.dll, with 117 defines and 230 references
processors: HybridCLR.AssemblyShadow.CodeGen.ReflectionBindingsILPostProcessor, zzzUnity.Burst.CodeGen.BurstILPostProcessor
running HybridCLR.AssemblyShadow.CodeGen.ReflectionBindingsILPostProcessor
running zzzUnity.Burst.CodeGen.BurstILPostProcessor
[752/917    0s] ILPostProcess Library/Bee/artifacts/200b0aE.dag/post-processed/AssemblyA.Implementation.Extensibility.dll (+pdb)
Processing assembly Library/Bee/artifacts/200b0aE.dag/AssemblyA.Implementation.Extensibility.dll, with 117 defines and 230 references
processors: HybridCLR.AssemblyShadow.CodeGen.ReflectionBindingsILPostProcessor, zzzUnity.Burst.CodeGen.BurstILPostProcessor
running HybridCLR.AssemblyShadow.CodeGen.ReflectionBindingsILPostProcessor
running zzzUnity.Burst.CodeGen.BurstILPostProcessor
[753/917    0s] ILPostProcess Library/Bee/artifacts/200b0aE.dag/post-processed/Unity.RenderPipelines.Universal.Config.Runtime.dll (+pdb)
Processing assembly Library/Bee/artifacts/200b0aE.dag/Unity.RenderPipelines.Universal.Config.Runtime.dll, with 117 defines and 230 references
processors: HybridCLR.AssemblyShadow.CodeGen.ReflectionBindingsILPostProcessor, zzzUnity.Burst.CodeGen.BurstILPostProcessor
running HybridCLR.AssemblyShadow.CodeGen.ReflectionBindingsILPostProcessor
running zzzUnity.Burst.CodeGen.BurstILPostProcessor
[754/917    0s] ILPostProcess Library/Bee/artifacts/200b0aE.dag/post-processed/Unity.TextMeshPro.dll (+pdb)
Processing assembly Library/Bee/artifacts/200b0aE.dag/Unity.TextMeshPro.dll, with 118 defines and 229 references
processors: HybridCLR.AssemblyShadow.CodeGen.ReflectionBindingsILPostProcessor, zzzUnity.Burst.CodeGen.BurstILPostProcessor
running HybridCLR.AssemblyShadow.CodeGen.ReflectionBindingsILPostProcessor
running zzzUnity.Burst.CodeGen.BurstILPostProcessor
[755/917    0s] ILPostProcess Library/Bee/artifacts/200b0aE.dag/post-processed/AssemblyShadowBaseline.HotUpdate.dll (+pdb)
Processing assembly Library/Bee/artifacts/200b0aE.dag/AssemblyShadowBaseline.HotUpdate.dll, with 117 defines and 140 references
processors: HybridCLR.AssemblyShadow.CodeGen.ReflectionBindingsILPostProcessor, zzzUnity.Burst.CodeGen.BurstILPostProcessor
running HybridCLR.AssemblyShadow.CodeGen.ReflectionBindingsILPostProcessor
running zzzUnity.Burst.CodeGen.BurstILPostProcessor
[756/917    0s] ILPostProcess Library/Bee/artifacts/200b0aE.dag/post-processed/Assembly-CSharp.dll (+pdb)
Processing assembly Library/Bee/artifacts/200b0aE.dag/Assembly-CSharp.dll, with 117 defines and 275 references
processors: HybridCLR.AssemblyShadow.CodeGen.ReflectionBindingsILPostProcessor, zzzUnity.Burst.CodeGen.BurstILPostProcessor
running HybridCLR.AssemblyShadow.CodeGen.ReflectionBindingsILPostProcessor
running zzzUnity.Burst.CodeGen.BurstILPostProcessor
[757/917    0s] ILPostProcess Library/Bee/artifacts/200b0aE.dag/post-processed/Unity.InternalAPIEngineBridge.001.dll (+pdb)
Processing assembly Library/Bee/artifacts/200b0aE.dag/Unity.InternalAPIEngineBridge.001.dll, with 117 defines and 229 references
processors: HybridCLR.AssemblyShadow.CodeGen.ReflectionBindingsILPostProcessor, zzzUnity.Burst.CodeGen.BurstILPostProcessor
running HybridCLR.AssemblyShadow.CodeGen.ReflectionBindingsILPostProcessor
running zzzUnity.Burst.CodeGen.BurstILPostProcessor
[758/917    0s] MovedFromExtractorCombine Library/Bee/artifacts/200b0aE.dag/Unity.Collections.BurstCompatibilityGen.dll.mvfrm
[759/917    0s] Csc Library/Bee/artifacts/200b0aE.dag/AssemblyShadowDemo.Editor.dll (+2 others)
[760/917    0s] Csc Library/Bee/artifacts/200b0aE.dag/AssemblyShadowDemo.Bootstrap.dll (+2 others)
Assets/AssemblyShadowDemo/Bootstrap/ShadowBootstrap.cs(59,31): warning CS0618: 'RuntimeApi.GetAssemblyShadowPrototypeDiagnostics()' is obsolete: 'Assembly Shadow Prototype was retired; use GetDiagnosticsJson.'
Assets/AssemblyShadowDemo/Bootstrap/ShadowBootstrap.cs(92,61): warning CS0618: 'RuntimeApi.GetAssemblyShadowPrototypeDiagnostics()' is obsolete: 'Assembly Shadow Prototype was retired; use GetDiagnosticsJson.'
Assets/AssemblyShadowDemo/Bootstrap/ShadowBootstrap.cs(133,35): warning CS0618: 'RuntimeApi.LoadAssemblyShadowPrototype(byte[], byte[])' is obsolete: 'Assembly Shadow Prototype was retired; use ConfigureCandidates/BeginTransaction/StageAssembly.'
Assets/AssemblyShadowDemo/Bootstrap/ShadowBootstrap.cs(137,25): warning CS0618: 'RuntimeApi.ActivateAssemblyShadowPrototype(string)' is obsolete: 'Assembly Shadow Prototype was retired; use CommitTransaction.'
Assets/AssemblyShadowDemo/Bootstrap/ShadowBootstrap.cs(290,51): warning CS0618: 'RuntimeApi.SetAssemblyShadowPrototypePhase(string)' is obsolete: 'Assembly Shadow Prototype was retired; use generalized diagnostics.'
Assets/AssemblyShadowDemo/Bootstrap/ShadowBootstrap.cs(291,108): warning CS0618: 'RuntimeApi.InspectAssemblyShadowPrototypeObject(object)' is obsolete: 'Assembly Shadow Prototype was retired; use generalized diagnostics.'
Assets/AssemblyShadowDemo/Bootstrap/ShadowBootstrap.cs(292,114): warning CS0618: 'RuntimeApi.InspectAssemblyShadowPrototypeAssembly(Assembly)' is obsolete: 'Assembly Shadow Prototype was retired; use generalized diagnostics.'
[761/917    0s] ILPostProcess Library/Bee/artifacts/200b0aE.dag/post-processed/Unity.RenderPipelines.Core.ShaderLibrary.dll (+pdb)
Processing assembly Library/Bee/artifacts/200b0aE.dag/Unity.RenderPipelines.Core.ShaderLibrary.dll, with 117 defines and 229 references
processors: HybridCLR.AssemblyShadow.CodeGen.ReflectionBindingsILPostProcessor, zzzUnity.Burst.CodeGen.BurstILPostProcessor
running HybridCLR.AssemblyShadow.CodeGen.ReflectionBindingsILPostProcessor
running zzzUnity.Burst.CodeGen.BurstILPostProcessor
[691/917    0s] Csc Library/Bee/artifacts/200b0aE.dag/Unity.Collections.BurstCompatibilityGen.dll (+2 others) [CacheHit 80575c75f75f7ea851a20d854d9d3a2600000000000000000000000000000003]
[762/917   1788693604s] Csc Library/Bee/artifacts/200b0aE.dag/Unity.Collections.BurstCompatibilityGen.dll (+2 others)
[764/917    0s] ILPostProcess Library/Bee/artifacts/200b0aE.dag/post-processed/AssemblyA.Contracts.dll (+pdb)
Processing assembly Library/Bee/artifacts/200b0aE.dag/AssemblyA.Contracts.dll, with 117 defines and 140 references
processors: HybridCLR.AssemblyShadow.CodeGen.ReflectionBindingsILPostProcessor, zzzUnity.Burst.CodeGen.BurstILPostProcessor
running HybridCLR.AssemblyShadow.CodeGen.ReflectionBindingsILPostProcessor
running zzzUnity.Burst.CodeGen.BurstILPostProcessor
[765/917    0s] ILPostProcess Library/Bee/artifacts/200b0aE.dag/post-processed/Unity.RenderPipelines.Universal.2D.Internal.dll (+pdb)
Processing assembly Library/Bee/artifacts/200b0aE.dag/Unity.RenderPipelines.Universal.2D.Internal.dll, with 117 defines and 229 references
processors: HybridCLR.AssemblyShadow.CodeGen.ReflectionBindingsILPostProcessor, zzzUnity.Burst.CodeGen.BurstILPostProcessor
running HybridCLR.AssemblyShadow.CodeGen.ReflectionBindingsILPostProcessor
running zzzUnity.Burst.CodeGen.BurstILPostProcessor
[766/917    0s] ILPostProcess Library/Bee/artifacts/200b0aE.dag/post-processed/Unity.Timeline.dll (+pdb)
Processing assembly Library/Bee/artifacts/200b0aE.dag/Unity.Timeline.dll, with 118 defines and 229 references
processors: HybridCLR.AssemblyShadow.CodeGen.ReflectionBindingsILPostProcessor, zzzUnity.Burst.CodeGen.BurstILPostProcessor
running HybridCLR.AssemblyShadow.CodeGen.ReflectionBindingsILPostProcessor
running zzzUnity.Burst.CodeGen.BurstILPostProcessor
[767/917    0s] ILPostProcess Library/Bee/artifacts/200b0aE.dag/post-processed/AssemblyShadowDemo.ContractsConsumer.dll (+pdb)
Processing assembly Library/Bee/artifacts/200b0aE.dag/AssemblyShadowDemo.ContractsConsumer.dll, with 117 defines and 141 references
processors: HybridCLR.AssemblyShadow.CodeGen.ReflectionBindingsILPostProcessor, zzzUnity.Burst.CodeGen.BurstILPostProcessor
running HybridCLR.AssemblyShadow.CodeGen.ReflectionBindingsILPostProcessor
running zzzUnity.Burst.CodeGen.BurstILPostProcessor
[768/917    0s] ILPostProcess Library/Bee/artifacts/200b0aE.dag/post-processed/Unity.2D.Common.Runtime.dll (+pdb)
Processing assembly Library/Bee/artifacts/200b0aE.dag/Unity.2D.Common.Runtime.dll, with 117 defines and 230 references
processors: HybridCLR.AssemblyShadow.CodeGen.ReflectionBindingsILPostProcessor, zzzUnity.Burst.CodeGen.BurstILPostProcessor
running HybridCLR.AssemblyShadow.CodeGen.ReflectionBindingsILPostProcessor
running zzzUnity.Burst.CodeGen.BurstILPostProcessor
[769/917    0s] ILPostProcess Library/Bee/artifacts/200b0aE.dag/post-processed/Unity.Burst.dll (+pdb)
Processing assembly Library/Bee/artifacts/200b0aE.dag/Unity.Burst.dll, with 117 defines and 218 references
processors: HybridCLR.AssemblyShadow.CodeGen.ReflectionBindingsILPostProcessor, zzzUnity.Burst.CodeGen.BurstILPostProcessor
running HybridCLR.AssemblyShadow.CodeGen.ReflectionBindingsILPostProcessor
running zzzUnity.Burst.CodeGen.BurstILPostProcessor
[770/917    0s] ILPostProcess Library/Bee/artifacts/200b0aE.dag/post-processed/Unity.Mathematics.dll (+pdb)
Processing assembly Library/Bee/artifacts/200b0aE.dag/Unity.Mathematics.dll, with 117 defines and 229 references
processors: HybridCLR.AssemblyShadow.CodeGen.ReflectionBindingsILPostProcessor, zzzUnity.Burst.CodeGen.BurstILPostProcessor
running HybridCLR.AssemblyShadow.CodeGen.ReflectionBindingsILPostProcessor
running zzzUnity.Burst.CodeGen.BurstILPostProcessor
[771/917    0s] ILPostProcess Library/Bee/artifacts/200b0aE.dag/post-processed/MCPForUnity.Runtime.dll (+pdb)
Processing assembly Library/Bee/artifacts/200b0aE.dag/MCPForUnity.Runtime.dll, with 117 defines and 218 references
processors: HybridCLR.AssemblyShadow.CodeGen.ReflectionBindingsILPostProcessor, zzzUnity.Burst.CodeGen.BurstILPostProcessor
running HybridCLR.AssemblyShadow.CodeGen.ReflectionBindingsILPostProcessor
running zzzUnity.Burst.CodeGen.BurstILPostProcessor
[772/917    0s] Csc Library/Bee/artifacts/200b0aE.dag/AssemblyShadowDemo.EditorTests.dll (+2 others)
[773/917    0s] ILPostProcess Library/Bee/artifacts/200b0aE.dag/post-processed/Unity.VisualScripting.Core.dll (+pdb)
Processing assembly Library/Bee/artifacts/200b0aE.dag/Unity.VisualScripting.Core.dll, with 120 defines and 229 references
processors: HybridCLR.AssemblyShadow.CodeGen.ReflectionBindingsILPostProcessor, zzzUnity.Burst.CodeGen.BurstILPostProcessor
running HybridCLR.AssemblyShadow.CodeGen.ReflectionBindingsILPostProcessor
running zzzUnity.Burst.CodeGen.BurstILPostProcessor
[774/917    0s] ILPostProcess Library/Bee/artifacts/200b0aE.dag/post-processed/Unity.2D.Animation.Runtime.dll (+pdb)
Processing assembly Library/Bee/artifacts/200b0aE.dag/Unity.2D.Animation.Runtime.dll, with 117 defines and 234 references
processors: HybridCLR.AssemblyShadow.CodeGen.ReflectionBindingsILPostProcessor, zzzUnity.Burst.CodeGen.BurstILPostProcessor
running HybridCLR.AssemblyShadow.CodeGen.ReflectionBindingsILPostProcessor
running zzzUnity.Burst.CodeGen.BurstILPostProcessor
[775/917    0s] ILPostProcess Library/Bee/artifacts/200b0aE.dag/post-processed/Unity.RenderPipelines.Universal.Shaders.dll (+pdb)
Processing assembly Library/Bee/artifacts/200b0aE.dag/Unity.RenderPipelines.Universal.Shaders.dll, with 117 defines and 229 references
processors: HybridCLR.AssemblyShadow.CodeGen.ReflectionBindingsILPostProcessor, zzzUnity.Burst.CodeGen.BurstILPostProcessor
running HybridCLR.AssemblyShadow.CodeGen.ReflectionBindingsILPostProcessor
running zzzUnity.Burst.CodeGen.BurstILPostProcessor
[776/917    0s] ILPostProcess Library/Bee/artifacts/200b0aE.dag/post-processed/Unity.2D.PixelPerfect.dll (+pdb)
Processing assembly Library/Bee/artifacts/200b0aE.dag/Unity.2D.PixelPerfect.dll, with 118 defines and 229 references
processors: HybridCLR.AssemblyShadow.CodeGen.ReflectionBindingsILPostProcessor, zzzUnity.Burst.CodeGen.BurstILPostProcessor
running HybridCLR.AssemblyShadow.CodeGen.ReflectionBindingsILPostProcessor
running zzzUnity.Burst.CodeGen.BurstILPostProcessor
[777/917    0s] ILPostProcess Library/Bee/artifacts/200b0aE.dag/post-processed/Unity.RenderPipelines.ShaderGraph.ShaderGraphLibrary.dll (+pdb)
Processing assembly Library/Bee/artifacts/200b0aE.dag/Unity.RenderPipelines.ShaderGraph.ShaderGraphLibrary.dll, with 117 defines and 229 references
processors: HybridCLR.AssemblyShadow.CodeGen.ReflectionBindingsILPostProcessor, zzzUnity.Burst.CodeGen.BurstILPostProcessor
running HybridCLR.AssemblyShadow.CodeGen.ReflectionBindingsILPostProcessor
running zzzUnity.Burst.CodeGen.BurstILPostProcessor
[778/917    0s] ILPostProcess Library/Bee/artifacts/200b0aE.dag/post-processed/Unity.RenderPipelines.Universal.Runtime.dll (+pdb)
Processing assembly Library/Bee/artifacts/200b0aE.dag/Unity.RenderPipelines.Universal.Runtime.dll, with 122 defines and 235 references
processors: HybridCLR.AssemblyShadow.CodeGen.ReflectionBindingsILPostProcessor, zzzUnity.Burst.CodeGen.BurstILPostProcessor
running HybridCLR.AssemblyShadow.CodeGen.ReflectionBindingsILPostProcessor
running zzzUnity.Burst.CodeGen.BurstILPostProcessor
[779/917    0s] ILPostProcess Library/Bee/artifacts/200b0aE.dag/post-processed/AssemblyShadowDemo.Bootstrap.dll (+pdb)
Processing assembly Library/Bee/artifacts/200b0aE.dag/AssemblyShadowDemo.Bootstrap.dll, with 117 defines and 232 references
processors: HybridCLR.AssemblyShadow.CodeGen.ReflectionBindingsILPostProcessor, zzzUnity.Burst.CodeGen.BurstILPostProcessor
running HybridCLR.AssemblyShadow.CodeGen.ReflectionBindingsILPostProcessor
running zzzUnity.Burst.CodeGen.BurstILPostProcessor
[780/917    0s] ILPostProcess Library/Bee/artifacts/200b0aE.dag/post-processed/Unity.RenderPipeline.Universal.ShaderLibrary.dll (+pdb)
Processing assembly Library/Bee/artifacts/200b0aE.dag/Unity.RenderPipeline.Universal.ShaderLibrary.dll, with 117 defines and 230 references
processors: HybridCLR.AssemblyShadow.CodeGen.ReflectionBindingsILPostProcessor, zzzUnity.Burst.CodeGen.BurstILPostProcessor
running HybridCLR.AssemblyShadow.CodeGen.ReflectionBindingsILPostProcessor
running zzzUnity.Burst.CodeGen.BurstILPostProcessor
[781/917    0s] ILPostProcess Library/Bee/artifacts/200b0aE.dag/post-processed/Unity.VisualScripting.Flow.dll (+pdb)
Processing assembly Library/Bee/artifacts/200b0aE.dag/Unity.VisualScripting.Flow.dll, with 122 defines and 230 references
processors: HybridCLR.AssemblyShadow.CodeGen.ReflectionBindingsILPostProcessor, zzzUnity.Burst.CodeGen.BurstILPostProcessor
running HybridCLR.AssemblyShadow.CodeGen.ReflectionBindingsILPostProcessor
running zzzUnity.Burst.CodeGen.BurstILPostProcessor
[782/917    0s] ILPostProcess Library/Bee/artifacts/200b0aE.dag/post-processed/Unity.2D.SpriteShape.Runtime.dll (+pdb)
Processing assembly Library/Bee/artifacts/200b0aE.dag/Unity.2D.SpriteShape.Runtime.dll, with 118 defines and 232 references
processors: HybridCLR.AssemblyShadow.CodeGen.ReflectionBindingsILPostProcessor, zzzUnity.Burst.CodeGen.BurstILPostProcessor
running HybridCLR.AssemblyShadow.CodeGen.ReflectionBindingsILPostProcessor
running zzzUnity.Burst.CodeGen.BurstILPostProcessor
[783/917    0s] ILPostProcess Library/Bee/artifacts/200b0aE.dag/post-processed/Unity.Collections.dll (+pdb)
Processing assembly Library/Bee/artifacts/200b0aE.dag/Unity.Collections.dll, with 117 defines and 231 references
processors: HybridCLR.AssemblyShadow.CodeGen.ReflectionBindingsILPostProcessor, zzzUnity.Burst.CodeGen.BurstILPostProcessor
running HybridCLR.AssemblyShadow.CodeGen.ReflectionBindingsILPostProcessor
running zzzUnity.Burst.CodeGen.BurstILPostProcessor
[784/917    0s] ILPostProcess Library/Bee/artifacts/200b0aE.dag/post-processed/Unity.2D.Psdimporter.Editor.dll (+pdb)
Processing assembly Library/Bee/artifacts/200b0aE.dag/Unity.2D.Psdimporter.Editor.dll, with 115 defines and 245 references
processors: HybridCLR.AssemblyShadow.CodeGen.ReflectionBindingsILPostProcessor, zzzUnity.Burst.CodeGen.BurstILPostProcessor
running HybridCLR.AssemblyShadow.CodeGen.ReflectionBindingsILPostProcessor
running zzzUnity.Burst.CodeGen.BurstILPostProcessor
[785/917    0s] ILPostProcess Library/Bee/artifacts/200b0aE.dag/post-processed/Unity.VisualScripting.Shared.Editor.dll (+pdb)
Processing assembly Library/Bee/artifacts/200b0aE.dag/Unity.VisualScripting.Shared.Editor.dll, with 115 defines and 242 references
processors: HybridCLR.AssemblyShadow.CodeGen.ReflectionBindingsILPostProcessor, zzzUnity.Burst.CodeGen.BurstILPostProcessor
running HybridCLR.AssemblyShadow.CodeGen.ReflectionBindingsILPostProcessor
running zzzUnity.Burst.CodeGen.BurstILPostProcessor
[786/917    0s] ILPostProcess Library/Bee/artifacts/200b0aE.dag/post-processed/MCPForUnity.Editor.dll (+pdb)
Processing assembly Library/Bee/artifacts/200b0aE.dag/MCPForUnity.Editor.dll, with 115 defines and 226 references
processors: HybridCLR.AssemblyShadow.CodeGen.ReflectionBindingsILPostProcessor, zzzUnity.Burst.CodeGen.BurstILPostProcessor
running HybridCLR.AssemblyShadow.CodeGen.ReflectionBindingsILPostProcessor
running zzzUnity.Burst.CodeGen.BurstILPostProcessor
[787/917    0s] ILPostProcess Library/Bee/artifacts/200b0aE.dag/post-processed/Unity.VisualScripting.SettingsProvider.Editor.dll (+pdb)
Processing assembly Library/Bee/artifacts/200b0aE.dag/Unity.VisualScripting.SettingsProvider.Editor.dll, with 115 defines and 241 references
processors: HybridCLR.AssemblyShadow.CodeGen.ReflectionBindingsILPostProcessor, zzzUnity.Burst.CodeGen.BurstILPostProcessor
running HybridCLR.AssemblyShadow.CodeGen.ReflectionBindingsILPostProcessor
running zzzUnity.Burst.CodeGen.BurstILPostProcessor
[788/917    0s] ILPostProcess Library/Bee/artifacts/200b0aE.dag/post-processed/Unity.2D.Aseprite.Common.dll (+pdb)
Processing assembly Library/Bee/artifacts/200b0aE.dag/Unity.2D.Aseprite.Common.dll, with 115 defines and 239 references
processors: HybridCLR.AssemblyShadow.CodeGen.ReflectionBindingsILPostProcessor, zzzUnity.Burst.CodeGen.BurstILPostProcessor
running HybridCLR.AssemblyShadow.CodeGen.ReflectionBindingsILPostProcessor
running zzzUnity.Burst.CodeGen.BurstILPostProcessor
[789/917    0s] ILPostProcess Library/Bee/artifacts/200b0aE.dag/post-processed/Unity.2D.PixelPerfect.Editor.dll (+pdb)
Processing assembly Library/Bee/artifacts/200b0aE.dag/Unity.2D.PixelPerfect.Editor.dll, with 117 defines and 239 references
processors: HybridCLR.AssemblyShadow.CodeGen.ReflectionBindingsILPostProcessor, zzzUnity.Burst.CodeGen.BurstILPostProcessor
running HybridCLR.AssemblyShadow.CodeGen.ReflectionBindingsILPostProcessor
running zzzUnity.Burst.CodeGen.BurstILPostProcessor
[790/917    0s] ILPostProcess Library/Bee/artifacts/200b0aE.dag/post-processed/Unity.Timeline.Editor.dll (+pdb)
Processing assembly Library/Bee/artifacts/200b0aE.dag/Unity.Timeline.Editor.dll, with 116 defines and 237 references
processors: HybridCLR.AssemblyShadow.CodeGen.ReflectionBindingsILPostProcessor, zzzUnity.Burst.CodeGen.BurstILPostProcessor
running HybridCLR.AssemblyShadow.CodeGen.ReflectionBindingsILPostProcessor
running zzzUnity.Burst.CodeGen.BurstILPostProcessor
[791/917    0s] ILPostProcess Library/Bee/artifacts/200b0aE.dag/post-processed/Unity.TextMeshPro.Editor.dll (+pdb)
Processing assembly Library/Bee/artifacts/200b0aE.dag/Unity.TextMeshPro.Editor.dll, with 115 defines and 237 references
processors: HybridCLR.AssemblyShadow.CodeGen.ReflectionBindingsILPostProcessor, zzzUnity.Burst.CodeGen.BurstILPostProcessor
running HybridCLR.AssemblyShadow.CodeGen.ReflectionBindingsILPostProcessor
running zzzUnity.Burst.CodeGen.BurstILPostProcessor
[792/917    0s] ILPostProcess Library/Bee/artifacts/200b0aE.dag/post-processed/HybridCLR.AssemblyShadow.Editor.Tests.dll (+pdb)
Processing assembly Library/Bee/artifacts/200b0aE.dag/HybridCLR.AssemblyShadow.Editor.Tests.dll, with 115 defines and 229 references
processors: HybridCLR.AssemblyShadow.CodeGen.ReflectionBindingsILPostProcessor, zzzUnity.Burst.CodeGen.BurstILPostProcessor
running HybridCLR.AssemblyShadow.CodeGen.ReflectionBindingsILPostProcessor
running zzzUnity.Burst.CodeGen.BurstILPostProcessor
[793/917    0s] ILPostProcess Library/Bee/artifacts/200b0aE.dag/post-processed/Unity.2D.IK.Editor.dll (+pdb)
Processing assembly Library/Bee/artifacts/200b0aE.dag/Unity.2D.IK.Editor.dll, with 115 defines and 242 references
processors: HybridCLR.AssemblyShadow.CodeGen.ReflectionBindingsILPostProcessor, zzzUnity.Burst.CodeGen.BurstILPostProcessor
running HybridCLR.AssemblyShadow.CodeGen.ReflectionBindingsILPostProcessor
running zzzUnity.Burst.CodeGen.BurstILPostProcessor
[794/917    0s] ILPostProcess Library/Bee/artifacts/200b0aE.dag/post-processed/Unity.2D.Common.Path.Editor.dll (+pdb)
Processing assembly Library/Bee/artifacts/200b0aE.dag/Unity.2D.Common.Path.Editor.dll, with 115 defines and 236 references
processors: HybridCLR.AssemblyShadow.CodeGen.ReflectionBindingsILPostProcessor, zzzUnity.Burst.CodeGen.BurstILPostProcessor
running HybridCLR.AssemblyShadow.CodeGen.ReflectionBindingsILPostProcessor
running zzzUnity.Burst.CodeGen.BurstILPostProcessor
[795/917    0s] ILPostProcess Library/Bee/artifacts/200b0aE.dag/post-processed/Unity.Collections.BurstCompatibilityGen.dll (+pdb)
Processing assembly Library/Bee/artifacts/200b0aE.dag/Unity.Collections.BurstCompatibilityGen.dll, with 115 defines and 238 references
processors: HybridCLR.AssemblyShadow.CodeGen.ReflectionBindingsILPostProcessor, zzzUnity.Burst.CodeGen.BurstILPostProcessor
running HybridCLR.AssemblyShadow.CodeGen.ReflectionBindingsILPostProcessor
running zzzUnity.Burst.CodeGen.BurstILPostProcessor
[796/917    0s] ILPostProcess Library/Bee/artifacts/200b0aE.dag/post-processed/HybridCLR.Editor.dll (+pdb)
Processing assembly Library/Bee/artifacts/200b0aE.dag/HybridCLR.Editor.dll, with 115 defines and 238 references
processors: HybridCLR.AssemblyShadow.CodeGen.ReflectionBindingsILPostProcessor, zzzUnity.Burst.CodeGen.BurstILPostProcessor
running HybridCLR.AssemblyShadow.CodeGen.ReflectionBindingsILPostProcessor
running zzzUnity.Burst.CodeGen.BurstILPostProcessor
[797/917    0s] ILPostProcess Library/Bee/artifacts/200b0aE.dag/post-processed/Unity.RenderPipelines.Core.Editor.dll (+pdb)
Processing assembly Library/Bee/artifacts/200b0aE.dag/Unity.RenderPipelines.Core.Editor.dll, with 116 defines and 238 references
processors: HybridCLR.AssemblyShadow.CodeGen.ReflectionBindingsILPostProcessor, zzzUnity.Burst.CodeGen.BurstILPostProcessor
running HybridCLR.AssemblyShadow.CodeGen.ReflectionBindingsILPostProcessor
running zzzUnity.Burst.CodeGen.BurstILPostProcessor
[798/917    0s] ILPostProcess Library/Bee/artifacts/200b0aE.dag/post-processed/Unity.2D.Aseprite.Editor.dll (+pdb)
Processing assembly Library/Bee/artifacts/200b0aE.dag/Unity.2D.Aseprite.Editor.dll, with 116 defines and 242 references
processors: HybridCLR.AssemblyShadow.CodeGen.ReflectionBindingsILPostProcessor, zzzUnity.Burst.CodeGen.BurstILPostProcessor
running HybridCLR.AssemblyShadow.CodeGen.ReflectionBindingsILPostProcessor
running zzzUnity.Burst.CodeGen.BurstILPostProcessor
[799/917    0s] ILPostProcess Library/Bee/artifacts/200b0aE.dag/post-processed/Unity.2D.Animation.Editor.dll (+pdb)
Processing assembly Library/Bee/artifacts/200b0aE.dag/Unity.2D.Animation.Editor.dll, with 115 defines and 245 references
processors: HybridCLR.AssemblyShadow.CodeGen.ReflectionBindingsILPostProcessor, zzzUnity.Burst.CodeGen.BurstILPostProcessor
running HybridCLR.AssemblyShadow.CodeGen.ReflectionBindingsILPostProcessor
running zzzUnity.Burst.CodeGen.BurstILPostProcessor
[800/917    0s] ILPostProcess Library/Bee/artifacts/200b0aE.dag/post-processed/Unity.2D.Sprite.Editor.dll (+pdb)
Processing assembly Library/Bee/artifacts/200b0aE.dag/Unity.2D.Sprite.Editor.dll, with 115 defines and 236 references
processors: HybridCLR.AssemblyShadow.CodeGen.ReflectionBindingsILPostProcessor, zzzUnity.Burst.CodeGen.BurstILPostProcessor
running HybridCLR.AssemblyShadow.CodeGen.ReflectionBindingsILPostProcessor
running zzzUnity.Burst.CodeGen.BurstILPostProcessor
[801/917    0s] ILPostProcess Library/Bee/artifacts/200b0aE.dag/post-processed/Unity.Searcher.Editor.dll (+pdb)
Processing assembly Library/Bee/artifacts/200b0aE.dag/Unity.Searcher.Editor.dll, with 115 defines and 236 references
processors: HybridCLR.AssemblyShadow.CodeGen.ReflectionBindingsILPostProcessor, zzzUnity.Burst.CodeGen.BurstILPostProcessor
running HybridCLR.AssemblyShadow.CodeGen.ReflectionBindingsILPostProcessor
running zzzUnity.Burst.CodeGen.BurstILPostProcessor
[802/917    0s] ILPostProcess Library/Bee/artifacts/200b0aE.dag/post-processed/Unity.Mathematics.Editor.dll (+pdb)
Processing assembly Library/Bee/artifacts/200b0aE.dag/Unity.Mathematics.Editor.dll, with 115 defines and 237 references
processors: HybridCLR.AssemblyShadow.CodeGen.ReflectionBindingsILPostProcessor, zzzUnity.Burst.CodeGen.BurstILPostProcessor
running HybridCLR.AssemblyShadow.CodeGen.ReflectionBindingsILPostProcessor
running zzzUnity.Burst.CodeGen.BurstILPostProcessor
[803/917    0s] ILPostProcess Library/Bee/artifacts/200b0aE.dag/post-processed/UnityEditor.UI.dll (+pdb)
Processing assembly Library/Bee/artifacts/200b0aE.dag/UnityEditor.UI.dll, with 118 defines and 235 references
processors: HybridCLR.AssemblyShadow.CodeGen.ReflectionBindingsILPostProcessor, zzzUnity.Burst.CodeGen.BurstILPostProcessor
running HybridCLR.AssemblyShadow.CodeGen.ReflectionBindingsILPostProcessor
running zzzUnity.Burst.CodeGen.BurstILPostProcessor
[804/917    0s] ILPostProcess Library/Bee/artifacts/200b0aE.dag/post-processed/Unity.Collections.DocCodeSamples.dll (+pdb)
Processing assembly Library/Bee/artifacts/200b0aE.dag/Unity.Collections.DocCodeSamples.dll, with 115 defines and 237 references
processors: HybridCLR.AssemblyShadow.CodeGen.ReflectionBindingsILPostProcessor, zzzUnity.Burst.CodeGen.BurstILPostProcessor
running HybridCLR.AssemblyShadow.CodeGen.ReflectionBindingsILPostProcessor
running zzzUnity.Burst.CodeGen.BurstILPostProcessor
[805/917    0s] ILPostProcess Library/Bee/artifacts/200b0aE.dag/post-processed/Unity.ShaderGraph.Editor.dll (+pdb)
Processing assembly Library/Bee/artifacts/200b0aE.dag/Unity.ShaderGraph.Editor.dll, with 115 defines and 240 references
processors: HybridCLR.AssemblyShadow.CodeGen.ReflectionBindingsILPostProcessor, zzzUnity.Burst.CodeGen.BurstILPostProcessor
running HybridCLR.AssemblyShadow.CodeGen.ReflectionBindingsILPostProcessor
running zzzUnity.Burst.CodeGen.BurstILPostProcessor
[806/917    0s] ILPostProcess Library/Bee/artifacts/200b0aE.dag/post-processed/PsdPlugin.dll (+pdb)
Processing assembly Library/Bee/artifacts/200b0aE.dag/PsdPlugin.dll, with 115 defines and 237 references
processors: HybridCLR.AssemblyShadow.CodeGen.ReflectionBindingsILPostProcessor, zzzUnity.Burst.CodeGen.BurstILPostProcessor
running HybridCLR.AssemblyShadow.CodeGen.ReflectionBindingsILPostProcessor
running zzzUnity.Burst.CodeGen.BurstILPostProcessor
[807/917    0s] ILPostProcess Library/Bee/artifacts/200b0aE.dag/post-processed/AssemblyShadowBaseline.Editor.dll (+pdb)
Processing assembly Library/Bee/artifacts/200b0aE.dag/AssemblyShadowBaseline.Editor.dll, with 115 defines and 239 references
processors: HybridCLR.AssemblyShadow.CodeGen.ReflectionBindingsILPostProcessor, zzzUnity.Burst.CodeGen.BurstILPostProcessor
running HybridCLR.AssemblyShadow.CodeGen.ReflectionBindingsILPostProcessor
running zzzUnity.Burst.CodeGen.BurstILPostProcessor
[808/917    0s] ILPostProcess Library/Bee/artifacts/200b0aE.dag/post-processed/Unity.CollabProxy.Editor.dll (+pdb)
Processing assembly Library/Bee/artifacts/200b0aE.dag/Unity.CollabProxy.Editor.dll, with 115 defines and 237 references
processors: HybridCLR.AssemblyShadow.CodeGen.ReflectionBindingsILPostProcessor, zzzUnity.Burst.CodeGen.BurstILPostProcessor
running HybridCLR.AssemblyShadow.CodeGen.ReflectionBindingsILPostProcessor
running zzzUnity.Burst.CodeGen.BurstILPostProcessor
[809/917    0s] ILPostProcess Library/Bee/artifacts/200b0aE.dag/post-processed/Unity.2D.Tilemap.Extras.Editor.dll (+pdb)
Processing assembly Library/Bee/artifacts/200b0aE.dag/Unity.2D.Tilemap.Extras.Editor.dll, with 115 defines and 238 references
processors: HybridCLR.AssemblyShadow.CodeGen.ReflectionBindingsILPostProcessor, zzzUnity.Burst.CodeGen.BurstILPostProcessor
running HybridCLR.AssemblyShadow.CodeGen.ReflectionBindingsILPostProcessor
running zzzUnity.Burst.CodeGen.BurstILPostProcessor
[810/917    0s] ILPostProcess Library/Bee/artifacts/200b0aE.dag/post-processed/Unity.2D.Common.Editor.dll (+pdb)
Processing assembly Library/Bee/artifacts/200b0aE.dag/Unity.2D.Common.Editor.dll, with 115 defines and 240 references
processors: HybridCLR.AssemblyShadow.CodeGen.ReflectionBindingsILPostProcessor, zzzUnity.Burst.CodeGen.BurstILPostProcessor
running HybridCLR.AssemblyShadow.CodeGen.ReflectionBindingsILPostProcessor
running zzzUnity.Burst.CodeGen.BurstILPostProcessor
[811/917    0s] ILPostProcess Library/Bee/artifacts/200b0aE.dag/post-processed/Unity.ShaderGraph.Utilities.dll (+pdb)
Processing assembly Library/Bee/artifacts/200b0aE.dag/Unity.ShaderGraph.Utilities.dll, with 115 defines and 236 references
processors: HybridCLR.AssemblyShadow.CodeGen.ReflectionBindingsILPostProcessor, zzzUnity.Burst.CodeGen.BurstILPostProcessor
running HybridCLR.AssemblyShadow.CodeGen.ReflectionBindingsILPostProcessor
running zzzUnity.Burst.CodeGen.BurstILPostProcessor
[812/917    0s] ILPostProcess Library/Bee/artifacts/200b0aE.dag/post-processed/Unity.InternalAPIEditorBridge.001.dll (+pdb)
Processing assembly Library/Bee/artifacts/200b0aE.dag/Unity.InternalAPIEditorBridge.001.dll, with 115 defines and 237 references
processors: HybridCLR.AssemblyShadow.CodeGen.ReflectionBindingsILPostProcessor, zzzUnity.Burst.CodeGen.BurstILPostProcessor
running HybridCLR.AssemblyShadow.CodeGen.ReflectionBindingsILPostProcessor
running zzzUnity.Burst.CodeGen.BurstILPostProcessor
[813/917    0s] ILPostProcess Library/Bee/artifacts/200b0aE.dag/post-processed/Unity.HybridCLR.AssemblyShadow.CodeGen.Tests.dll (+pdb)
Processing assembly Library/Bee/artifacts/200b0aE.dag/Unity.HybridCLR.AssemblyShadow.CodeGen.Tests.dll, with 115 defines and 227 references
processors: HybridCLR.AssemblyShadow.CodeGen.ReflectionBindingsILPostProcessor, zzzUnity.Burst.CodeGen.BurstILPostProcessor
running HybridCLR.AssemblyShadow.CodeGen.ReflectionBindingsILPostProcessor
running zzzUnity.Burst.CodeGen.BurstILPostProcessor
[814/917    0s] ILPostProcess Library/Bee/artifacts/200b0aE.dag/post-processed/Unity.PlasticSCM.Editor.dll (+pdb)
Processing assembly Library/Bee/artifacts/200b0aE.dag/Unity.PlasticSCM.Editor.dll, with 115 defines and 226 references
processors: HybridCLR.AssemblyShadow.CodeGen.ReflectionBindingsILPostProcessor, zzzUnity.Burst.CodeGen.BurstILPostProcessor
running HybridCLR.AssemblyShadow.CodeGen.ReflectionBindingsILPostProcessor
running zzzUnity.Burst.CodeGen.BurstILPostProcessor
[815/917    0s] ILPostProcess Library/Bee/artifacts/200b0aE.dag/post-processed/Unity.VisualScripting.Flow.Editor.dll (+pdb)
Processing assembly Library/Bee/artifacts/200b0aE.dag/Unity.VisualScripting.Flow.Editor.dll, with 115 defines and 239 references
processors: HybridCLR.AssemblyShadow.CodeGen.ReflectionBindingsILPostProcessor, zzzUnity.Burst.CodeGen.BurstILPostProcessor
running HybridCLR.AssemblyShadow.CodeGen.ReflectionBindingsILPostProcessor
running zzzUnity.Burst.CodeGen.BurstILPostProcessor
[816/917    0s] ILPostProcess Library/Bee/artifacts/200b0aE.dag/post-processed/Unity.VisualScripting.State.Editor.dll (+pdb)
Processing assembly Library/Bee/artifacts/200b0aE.dag/Unity.VisualScripting.State.Editor.dll, with 115 defines and 241 references
processors: HybridCLR.AssemblyShadow.CodeGen.ReflectionBindingsILPostProcessor, zzzUnity.Burst.CodeGen.BurstILPostProcessor
running HybridCLR.AssemblyShadow.CodeGen.ReflectionBindingsILPostProcessor
running zzzUnity.Burst.CodeGen.BurstILPostProcessor
[961/917    0s] ILPostProcess Library/Bee/artifacts/200b0aE.dag/post-processed/PPv2URPConverters.dll (+pdb)
Processing assembly Library/Bee/artifacts/200b0aE.dag/PPv2URPConverters.dll, with 115 defines and 240 references
processors: HybridCLR.AssemblyShadow.CodeGen.ReflectionBindingsILPostProcessor, zzzUnity.Burst.CodeGen.BurstILPostProcessor
running HybridCLR.AssemblyShadow.CodeGen.ReflectionBindingsILPostProcessor
running zzzUnity.Burst.CodeGen.BurstILPostProcessor
[964/917    0s] ILPostProcess Library/Bee/artifacts/200b0aE.dag/post-processed/MCPForUnityTests.EditMode.dll (+pdb)
Processing assembly Library/Bee/artifacts/200b0aE.dag/MCPForUnityTests.EditMode.dll, with 115 defines and 227 references
processors: HybridCLR.AssemblyShadow.CodeGen.ReflectionBindingsILPostProcessor, zzzUnity.Burst.CodeGen.BurstILPostProcessor
running HybridCLR.AssemblyShadow.CodeGen.ReflectionBindingsILPostProcessor
running zzzUnity.Burst.CodeGen.BurstILPostProcessor
[967/917    0s] ILPostProcess Library/Bee/artifacts/200b0aE.dag/post-processed/Unity.Burst.Editor.dll (+pdb)
Processing assembly Library/Bee/artifacts/200b0aE.dag/Unity.Burst.Editor.dll, with 115 defines and 237 references
processors: HybridCLR.AssemblyShadow.CodeGen.ReflectionBindingsILPostProcessor, zzzUnity.Burst.CodeGen.BurstILPostProcessor
running HybridCLR.AssemblyShadow.CodeGen.ReflectionBindingsILPostProcessor
running zzzUnity.Burst.CodeGen.BurstILPostProcessor
[968/917    0s] ILPostProcess Library/Bee/artifacts/200b0aE.dag/post-processed/Unity.VisualScripting.Core.Editor.dll (+pdb)
Processing assembly Library/Bee/artifacts/200b0aE.dag/Unity.VisualScripting.Core.Editor.dll, with 115 defines and 237 references
processors: HybridCLR.AssemblyShadow.CodeGen.ReflectionBindingsILPostProcessor, zzzUnity.Burst.CodeGen.BurstILPostProcessor
running HybridCLR.AssemblyShadow.CodeGen.ReflectionBindingsILPostProcessor
running zzzUnity.Burst.CodeGen.BurstILPostProcessor
[969/917    0s] ILPostProcess Library/Bee/artifacts/200b0aE.dag/post-processed/AssemblyShadowDemo.EditorTests.dll (+pdb)
Processing assembly Library/Bee/artifacts/200b0aE.dag/AssemblyShadowDemo.EditorTests.dll, with 115 defines and 234 references
processors: HybridCLR.AssemblyShadow.CodeGen.ReflectionBindingsILPostProcessor, zzzUnity.Burst.CodeGen.BurstILPostProcessor
running HybridCLR.AssemblyShadow.CodeGen.ReflectionBindingsILPostProcessor
running zzzUnity.Burst.CodeGen.BurstILPostProcessor
[970/917    0s] ILPostProcess Library/Bee/artifacts/200b0aE.dag/post-processed/Unity.2D.SpriteShape.Editor.dll (+pdb)
Processing assembly Library/Bee/artifacts/200b0aE.dag/Unity.2D.SpriteShape.Editor.dll, with 115 defines and 241 references
processors: HybridCLR.AssemblyShadow.CodeGen.ReflectionBindingsILPostProcessor, zzzUnity.Burst.CodeGen.BurstILPostProcessor
running HybridCLR.AssemblyShadow.CodeGen.ReflectionBindingsILPostProcessor
running zzzUnity.Burst.CodeGen.BurstILPostProcessor
[971/917    0s] ILPostProcess Library/Bee/artifacts/200b0aE.dag/post-processed/Unity.2D.Tilemap.Editor.dll (+pdb)
Processing assembly Library/Bee/artifacts/200b0aE.dag/Unity.2D.Tilemap.Editor.dll, with 115 defines and 236 references
processors: HybridCLR.AssemblyShadow.CodeGen.ReflectionBindingsILPostProcessor, zzzUnity.Burst.CodeGen.BurstILPostProcessor
running HybridCLR.AssemblyShadow.CodeGen.ReflectionBindingsILPostProcessor
running zzzUnity.Burst.CodeGen.BurstILPostProcessor
[972/917    0s] ILPostProcess Library/Bee/artifacts/200b0aE.dag/post-processed/Unity.RenderPipelines.Universal.Editor.dll (+pdb)
Processing assembly Library/Bee/artifacts/200b0aE.dag/Unity.RenderPipelines.Universal.Editor.dll, with 116 defines and 242 references
processors: HybridCLR.AssemblyShadow.CodeGen.ReflectionBindingsILPostProcessor, zzzUnity.Burst.CodeGen.BurstILPostProcessor
running HybridCLR.AssemblyShadow.CodeGen.ReflectionBindingsILPostProcessor
running zzzUnity.Burst.CodeGen.BurstILPostProcessor
[973/917    0s] ILPostProcess Library/Bee/artifacts/200b0aE.dag/post-processed/AssemblyShadowDemo.Editor.dll (+pdb)
Processing assembly Library/Bee/artifacts/200b0aE.dag/AssemblyShadowDemo.Editor.dll, with 115 defines and 245 references
processors: HybridCLR.AssemblyShadow.CodeGen.ReflectionBindingsILPostProcessor, zzzUnity.Burst.CodeGen.BurstILPostProcessor
running HybridCLR.AssemblyShadow.CodeGen.ReflectionBindingsILPostProcessor
running zzzUnity.Burst.CodeGen.BurstILPostProcessor
*** Tundra build success (5.45 seconds), 570 items updated, 917 evaluated
Assets/AssemblyShadowDemo/Bootstrap/ShadowBootstrap.cs(59,31): warning CS0618: 'RuntimeApi.GetAssemblyShadowPrototypeDiagnostics()' is obsolete: 'Assembly Shadow Prototype was retired; use GetDiagnosticsJson.'
Assets/AssemblyShadowDemo/Bootstrap/ShadowBootstrap.cs(92,61): warning CS0618: 'RuntimeApi.GetAssemblyShadowPrototypeDiagnostics()' is obsolete: 'Assembly Shadow Prototype was retired; use GetDiagnosticsJson.'
Assets/AssemblyShadowDemo/Bootstrap/ShadowBootstrap.cs(133,35): warning CS0618: 'RuntimeApi.LoadAssemblyShadowPrototype(byte[], byte[])' is obsolete: 'Assembly Shadow Prototype was retired; use ConfigureCandidates/BeginTransaction/StageAssembly.'
Assets/AssemblyShadowDemo/Bootstrap/ShadowBootstrap.cs(137,25): warning CS0618: 'RuntimeApi.ActivateAssemblyShadowPrototype(string)' is obsolete: 'Assembly Shadow Prototype was retired; use CommitTransaction.'
Assets/AssemblyShadowDemo/Bootstrap/ShadowBootstrap.cs(290,51): warning CS0618: 'RuntimeApi.SetAssemblyShadowPrototypePhase(string)' is obsolete: 'Assembly Shadow Prototype was retired; use generalized diagnostics.'
Assets/AssemblyShadowDemo/Bootstrap/ShadowBootstrap.cs(291,108): warning CS0618: 'RuntimeApi.InspectAssemblyShadowPrototypeObject(object)' is obsolete: 'Assembly Shadow Prototype was retired; use generalized diagnostics.'
Assets/AssemblyShadowDemo/Bootstrap/ShadowBootstrap.cs(292,114): warning CS0618: 'RuntimeApi.InspectAssemblyShadowPrototypeAssembly(Assembly)' is obsolete: 'Assembly Shadow Prototype was retired; use generalized diagnostics.'
Assets/AssemblyShadowDemo/Bootstrap/ShadowBootstrap.cs(133,35): warning CS0618: 'RuntimeApi.LoadAssemblyShadowPrototype(byte[], byte[])' is obsolete: 'Assembly Shadow Prototype was retired; use ConfigureCandidates/BeginTransaction/StageAssembly.'
Assets/AssemblyShadowDemo/Bootstrap/ShadowBootstrap.cs(137,25): warning CS0618: 'RuntimeApi.ActivateAssemblyShadowPrototype(string)' is obsolete: 'Assembly Shadow Prototype was retired; use CommitTransaction.'
Assets/AssemblyShadowDemo/Bootstrap/ShadowBootstrap.cs(290,51): warning CS0618: 'RuntimeApi.SetAssemblyShadowPrototypePhase(string)' is obsolete: 'Assembly Shadow Prototype was retired; use generalized diagnostics.'
Assets/AssemblyShadowDemo/Bootstrap/ShadowBootstrap.cs(291,108): warning CS0618: 'RuntimeApi.InspectAssemblyShadowPrototypeObject(object)' is obsolete: 'Assembly Shadow Prototype was retired; use generalized diagnostics.'
Assets/AssemblyShadowDemo/Bootstrap/ShadowBootstrap.cs(292,114): warning CS0618: 'RuntimeApi.InspectAssemblyShadowPrototypeAssembly(Assembly)' is obsolete: 'Assembly Shadow Prototype was retired; use generalized diagnostics.'
Assets/AssemblyShadowDemo/Bootstrap/ShadowBootstrap.cs(133,35): warning CS0618: 'RuntimeApi.LoadAssemblyShadowPrototype(byte[], byte[])' is obsolete: 'Assembly Shadow Prototype was retired; use ConfigureCandidates/BeginTransaction/StageAssembly.'
Assets/AssemblyShadowDemo/Bootstrap/ShadowBootstrap.cs(137,25): warning CS0618: 'RuntimeApi.ActivateAssemblyShadowPrototype(string)' is obsolete: 'Assembly Shadow Prototype was retired; use CommitTransaction.'
Assets/AssemblyShadowDemo/Bootstrap/ShadowBootstrap.cs(290,51): warning CS0618: 'RuntimeApi.SetAssemblyShadowPrototypePhase(string)' is obsolete: 'Assembly Shadow Prototype was retired; use generalized diagnostics.'
Assets/AssemblyShadowDemo/Bootstrap/ShadowBootstrap.cs(291,108): warning CS0618: 'RuntimeApi.InspectAssemblyShadowPrototypeObject(object)' is obsolete: 'Assembly Shadow Prototype was retired; use generalized diagnostics.'
Assets/AssemblyShadowDemo/Bootstrap/ShadowBootstrap.cs(292,114): warning CS0618: 'RuntimeApi.InspectAssemblyShadowPrototypeAssembly(Assembly)' is obsolete: 'Assembly Shadow Prototype was retired; use generalized diagnostics.'
Assets/AssemblyShadowDemo/Bootstrap/ShadowBootstrap.cs(133,35): warning CS0618: 'RuntimeApi.LoadAssemblyShadowPrototype(byte[], byte[])' is obsolete: 'Assembly Shadow Prototype was retired; use ConfigureCandidates/BeginTransaction/StageAssembly.'
Assets/AssemblyShadowDemo/Bootstrap/ShadowBootstrap.cs(137,25): warning CS0618: 'RuntimeApi.ActivateAssemblyShadowPrototype(string)' is obsolete: 'Assembly Shadow Prototype was retired; use CommitTransaction.'
Assets/AssemblyShadowDemo/Bootstrap/ShadowBootstrap.cs(290,51): warning CS0618: 'RuntimeApi.SetAssemblyShadowPrototypePhase(string)' is obsolete: 'Assembly Shadow Prototype was retired; use generalized diagnostics.'
Assets/AssemblyShadowDemo/Bootstrap/ShadowBootstrap.cs(291,108): warning CS0618: 'RuntimeApi.InspectAssemblyShadowPrototypeObject(object)' is obsolete: 'Assembly Shadow Prototype was retired; use generalized diagnostics.'
Assets/AssemblyShadowDemo/Bootstrap/ShadowBootstrap.cs(292,114): warning CS0618: 'RuntimeApi.InspectAssemblyShadowPrototypeAssembly(Assembly)' is obsolete: 'Assembly Shadow Prototype was retired; use generalized diagnostics.'
Assets/AssemblyShadowDemo/Bootstrap/ShadowBootstrap.cs(133,35): warning CS0618: 'RuntimeApi.LoadAssemblyShadowPrototype(byte[], byte[])' is obsolete: 'Assembly Shadow Prototype was retired; use ConfigureCandidates/BeginTransaction/StageAssembly.'
Assets/AssemblyShadowDemo/Bootstrap/ShadowBootstrap.cs(137,25): warning CS0618: 'RuntimeApi.ActivateAssemblyShadowPrototype(string)' is obsolete: 'Assembly Shadow Prototype was retired; use CommitTransaction.'
Assets/AssemblyShadowDemo/Bootstrap/ShadowBootstrap.cs(290,51): warning CS0618: 'RuntimeApi.SetAssemblyShadowPrototypePhase(string)' is obsolete: 'Assembly Shadow Prototype was retired; use generalized diagnostics.'
Assets/AssemblyShadowDemo/Bootstrap/ShadowBootstrap.cs(291,108): warning CS0618: 'RuntimeApi.InspectAssemblyShadowPrototypeObject(object)' is obsolete: 'Assembly Shadow Prototype was retired; use generalized diagnostics.'
Assets/AssemblyShadowDemo/Bootstrap/ShadowBootstrap.cs(292,114): warning CS0618: 'RuntimeApi.InspectAssemblyShadowPrototypeAssembly(Assembly)' is obsolete: 'Assembly Shadow Prototype was retired; use generalized diagnostics.'
AssetDatabase: script compilation time: 7.243666s
Total cache size 268234544
Total cache size after purge 268234544
Begin MonoManager ReloadAssembly
Symbol file LoadedFromMemory is not a mono symbol file
- Loaded All Assemblies, in  0.555 seconds
Refreshing native plugins compatible for Editor in 2.37 ms, found 7 plugins.
Preloading 0 native plugins for Editor in 0.00 ms.
Refreshing native plugins compatible for Editor in 2.42 ms, found 7 plugins.
Native extension for iOS target not found
Native extension for Android target not found
Native extension for OSXStandalone target not found
Fallback handler could not load library /Applications/Unity/Hub/Editor/2022.3.62f2/Unity.app/Contents/Frameworks/MonoBleedingEdge/lib/pthread
Mono: successfully reloaded assembly
- Finished resetting the current domain, in  1.534 seconds
Domain Reload Profiling: 2088ms
	BeginReloadAssembly (80ms)
		ExecutionOrderSort (0ms)
		DisableScriptedObjects (4ms)
		BackupInstance (0ms)
		ReleaseScriptingObjects (0ms)
		CreateAndSetChildDomain (16ms)
	RebuildCommonClasses (25ms)
	RebuildNativeTypeToScriptingClass (9ms)
	initialDomainReloadingComplete (18ms)
	LoadAllAssembliesAndSetupDomain (421ms)
		LoadAssemblies (253ms)
		RebuildTransferFunctionScriptingTraits (0ms)
		AnalyzeDomain (205ms)
			TypeCache.Refresh (177ms)
				TypeCache.ScanAssembly (161ms)
			ScanForSourceGeneratedMonoScriptInfo (19ms)
			ResolveRequiredComponents (9ms)
	FinalizeReload (1534ms)
		ReleaseScriptCaches (0ms)
		RebuildScriptCaches (0ms)
		SetupLoadedEditorAssemblies (1370ms)
			LogAssemblyErrors (0ms)
			InitializePlatformSupportModulesInManaged (19ms)
			SetLoadedEditorAssemblies (4ms)
			RefreshPlugins (0ms)
			BeforeProcessingInitializeOnLoad (63ms)
			ProcessInitializeOnLoadAttributes (1220ms)
			ProcessInitializeOnLoadMethodAttributes (62ms)
			AfterProcessingInitializeOnLoad (1ms)
			EditorAssembliesLoaded (0ms)
		ExecutionOrderSort2 (0ms)
		AwakeInstancesAfterBackupRestoration (3ms)
Asset Pipeline Refresh (id=a13f78fbde8524463a0f187db229b621): Total: 11.490 seconds - Initiated by InitialRefreshV2(ForceSynchronousImport)
	Summary:
		Imports: total=0 (actual=0, local cache=0, cache server=0)
		Asset DB Process Time: managed=0 ms, native=2050 ms
		Asset DB Callback time: managed=10 ms, native=0 ms
		Scripting: domain reloads=1, domain reload time=2143 ms, compile time=7245 ms, other=40 ms
		Project Asset Count: scripts=7449, non-scripts=2328
		Asset File Changes: new=0, changed=0, moved=0, deleted=0
		Scan Filter Count: 1
	InvokeBeforeRefreshCallbacks: 0.282ms
	ApplyChangesToAssetFolders: 0.057ms
	Scan: 458.240ms
	OnSourceAssetsModified: 0.001ms
	GetAllGuidsForCategorization: 0.610ms
	CategorizeAssets: 184.947ms
	ImportOutOfDateAssets: 1569.109ms (-5696.071ms without children)
		CompileScripts: 7245.179ms
		ReloadNativeAssets: 0.019ms
		UnloadImportedAssets: 15.936ms
		EnsureUptoDateAssetsAreRegisteredWithGuidPM: 2.713ms
		InitializingProgressBar: 0.000ms
		PostProcessAllAssetNotificationsAddChangedAssets: 0.000ms
		OnDemandSchedulerStart: 1.333ms
	PostProcessAllAssets: 10.305ms
	GatherAllCurrentPrimaryArtifactRevisions: 0.002ms
	UnloadStreamsBegin: 1.086ms
	PersistCurrentRevisions: 0.401ms
	UnloadStreamsEnd: 0.024ms
	GenerateScriptTypeHashes: 1.183ms
	Untracked: 9265.406ms
Application.AssetDatabase Initial Refresh End
Launching external process: /Applications/Unity/Hub/Editor/2022.3.62f2/Unity.app/Contents/Tools/UnityShaderCompiler
Launched and connected shader compiler UnityShaderCompiler after 0.06 seconds
Scanning for USB devices : 0.439ms
Initializing Unity extensions:
[Licensing::Client] Successfully resolved entitlement details
[MODES] ModeService[none].Initialize
[MODES] ModeService[none].LoadModes
[MODES] Loading mode Default (0) for mode-current-id-AssemblyShadowBaseline
2026-09-06 04:20:17.935 Unity[97122:11424691] NSEventModifierFlagFunction specified to -setKeyEquivalentModifierMask: for item <NSMenuItem: 0x9c312a9e0 Font Asset, ke='Command-F12'>, but is only supported for system-provided menu items; will not be used
[PhysX] Initialized MultithreadedTaskDispatcher with 10 workers.
ProgressiveSceneManager::Cancel()
-- Listing OpenCL platforms(s) --
 * OpenCL platform 0
	PROFILE = FULL_PROFILE
	VERSION = OpenCL 1.2 (Apr 18 2026 19:20:04)
	NAME = Apple
	VENDOR = Apple
-- Listing OpenCL device(s) --
 * OpenCL platform 0, device 0 
	DEVICE_TYPE = 4
	DEVICE_NAME = Apple M4
	DEVICE_VENDOR = Apple
	DEVICE_VERSION = OpenCL 1.2 
	DRIVER_VERSION = 1.2 1.0
	DEVICE_MAX_COMPUTE_UNITS = 10
	DEVICE_MAX_CLOCK_FREQUENCY = 1000
	CL_DEVICE_MAX_CONSTANT_BUFFER_SIZE = 1073741824
	CL_DEVICE_HOST_UNIFIED_MEMORY = true
	CL_DEVICE_MAX_MEM_ALLOC_SIZE = 2383708160
	DEVICE_GLOBAL_MEM_SIZE = 12713115648
-- GPU Progressive lightmapper will use OpenCL device 'Apple M4' from 'Apple'--
   use -OpenCL-PlatformAndDeviceIndices <platformIdx> <deviceIdx> as command line arguments if you want to select a specific adapter for OpenCL.
Unloading 7 Unused Serialized files (Serialized files now loaded: 0)
Unloading 115 unused Assets / (0.7 MB). Loaded Objects now: 6787.
Memory consumption went from 173.3 MB to 172.6 MB.
Total: 6.934834 ms (FindLiveObjects: 0.360708 ms CreateObjectMapping: 0.119584 ms MarkObjects: 5.985291 ms  DeleteObjects: 0.468417 ms)

Asset Pipeline Refresh (id=e337c1efeb88648e985c2434ae03ddfc): Total: 0.226 seconds - Initiated by RefreshV2(NoUpdateAssetOptions)
Start importing ProjectSettings/ProjectSettings.asset using Guid(00000000000000004000000000000000) Importer(-1,00000000000000000000000000000000) [PhysX] Initialized MultithreadedTaskDispatcher with 10 workers.
 -> (artifact id: '0b4cdbcd060b643385bd10c37d6425b6') in 0.007165 seconds
Start importing ProjectSettings/EditorBuildSettings.asset using Guid(0000000000000000b000000000000000) Importer(-1,00000000000000000000000000000000) [PhysX] Initialized MultithreadedTaskDispatcher with 10 workers.
 -> (artifact id: '4a7fcefcf746526b14e12c09bd494184') in 0.000664 seconds
Refreshing native plugins compatible for Editor in 2.55 ms, found 7 plugins.
Preloading 0 native plugins for Editor in 0.00 ms.
Asset Pipeline Refresh (id=74f2f4b1c8e774121993660af8ddfd47): Total: 0.201 seconds - Initiated by StopAssetImportingV2(NoUpdateAssetOptions)
[AssemblyShadow M00] Configured ordinary HybridCLR baseline, Shadow OFF.
UnityEngine.StackTraceUtility:ExtractStackTrace () (at /Users/bokken/build/output/unity/unity/Runtime/Export/Scripting/StackTrace.cs:37)
UnityEngine.DebugLogHandler:LogFormat (UnityEngine.LogType,UnityEngine.Object,string,object[])
UnityEngine.Logger:Log (UnityEngine.LogType,object)
UnityEngine.Debug:Log (object)
AssemblyShadowBaseline.Editor.BaselineBuild:Configure () (at Assets/AssemblyShadowBaseline/Editor/BaselineBuild.cs:60)
AssemblyShadowDemo.Editor.M02Build:Configure () (at Assets/AssemblyShadowDemo/Editor/M02Build.cs:21)
AssemblyShadowDemo.Editor.M06Build:ConfigureMode (bool) (at Assets/AssemblyShadowDemo/Editor/M06Build.cs:52)
AssemblyShadowDemo.Editor.M06Build:BuildFixtures () (at Assets/AssemblyShadowDemo/Editor/M06Build.cs:290)

(Filename: Assets/AssemblyShadowBaseline/Editor/BaselineBuild.cs Line: 60)

Start importing ProjectSettings/ProjectSettings.asset using Guid(00000000000000004000000000000000) Importer(-1,00000000000000000000000000000000) [PhysX] Initialized MultithreadedTaskDispatcher with 10 workers.
 -> (artifact id: 'bde3ce9eb26cd371a08c1b8ff63d2372') in 0.002151 seconds
Start importing ProjectSettings/EditorBuildSettings.asset using Guid(0000000000000000b000000000000000) Importer(-1,00000000000000000000000000000000) [PhysX] Initialized MultithreadedTaskDispatcher with 10 workers.
 -> (artifact id: '4c06573b8e781e2383f9b8fd67da89fa') in 0.000697 seconds
Refreshing native plugins compatible for Editor in 2.49 ms, found 7 plugins.
Preloading 0 native plugins for Editor in 0.00 ms.
Asset Pipeline Refresh (id=1f2f58696f64d494985faa92abb6e31e): Total: 0.045 seconds - Initiated by StopAssetImportingV2(NoUpdateAssetOptions)
[AssemblyShadow M02] Configured independent candidates; ordinary hot-update filtering is unchanged.
UnityEngine.StackTraceUtility:ExtractStackTrace () (at /Users/bokken/build/output/unity/unity/Runtime/Export/Scripting/StackTrace.cs:37)
UnityEngine.DebugLogHandler:LogFormat (UnityEngine.LogType,UnityEngine.Object,string,object[])
UnityEngine.Logger:Log (UnityEngine.LogType,object)
UnityEngine.Debug:Log (object)
AssemblyShadowDemo.Editor.M02Build:Configure () (at Assets/AssemblyShadowDemo/Editor/M02Build.cs:48)
AssemblyShadowDemo.Editor.M06Build:ConfigureMode (bool) (at Assets/AssemblyShadowDemo/Editor/M06Build.cs:52)
AssemblyShadowDemo.Editor.M06Build:BuildFixtures () (at Assets/AssemblyShadowDemo/Editor/M06Build.cs:290)

(Filename: Assets/AssemblyShadowDemo/Editor/M02Build.cs Line: 48)

Opening scene 'Assets/AssemblyShadowDemo/Scenes/M06Bootstrap.unity'
[PhysX] Initialized MultithreadedTaskDispatcher with 10 workers.
Unloading 0 Unused Serialized files (Serialized files now loaded: 0)
Loaded scene 'Assets/AssemblyShadowDemo/Scenes/M06Bootstrap.unity'
	Deserialize:            0.691 ms
	Integration:            8.286 ms
	Integration of assets:  0.002 ms
	Thread Wait Time:       0.015 ms
	Total Operation Time:   8.993 ms
Unloading 37 unused Assets / (20.2 KB). Loaded Objects now: 6793.
Memory consumption went from 168.4 MB to 168.3 MB.
Total: 6.066875 ms (FindLiveObjects: 0.264667 ms CreateObjectMapping: 0.109958 ms MarkObjects: 5.625708 ms  DeleteObjects: 0.066125 ms)

Start importing ProjectSettings/ProjectSettings.asset using Guid(00000000000000004000000000000000) Importer(-1,00000000000000000000000000000000) [PhysX] Initialized MultithreadedTaskDispatcher with 10 workers.
 -> (artifact id: '63e9b8dd4c0834ca76bd8fee1a2db83d') in 0.002107 seconds
Start importing ProjectSettings/EditorBuildSettings.asset using Guid(0000000000000000b000000000000000) Importer(-1,00000000000000000000000000000000) [PhysX] Initialized MultithreadedTaskDispatcher with 10 workers.
 -> (artifact id: '6f076cee65d145acf542a335432baca2') in 0.000758 seconds
Refreshing native plugins compatible for Editor in 2.50 ms, found 7 plugins.
Preloading 0 native plugins for Editor in 0.00 ms.
Asset Pipeline Refresh (id=094c75fe346ad4e53895eb89020b5733): Total: 0.165 seconds - Initiated by StopAssetImportingV2(NoUpdateAssetOptions)
Fallback handler could not load library /Applications/Unity/Hub/Editor/2022.3.62f2/Unity.app/Contents/Frameworks/MonoBleedingEdge/lib/kernel32
Fallback handler could not load library /Applications/Unity/Hub/Editor/2022.3.62f2/Unity.app/Contents/Frameworks/MonoBleedingEdge/lib/libkernel32.dylib
Fallback handler could not load library /Applications/Unity/Hub/Editor/2022.3.62f2/Unity.app/Contents/Frameworks/MonoBleedingEdge/lib/libkernel32.dylib
Fallback handler could not load library /Applications/Unity/Hub/Editor/2022.3.62f2/Unity.app/Contents/Frameworks/MonoBleedingEdge/lib/libkernel32.so
Fallback handler could not load library /Applications/Unity/Hub/Editor/2022.3.62f2/Unity.app/Contents/Frameworks/MonoBleedingEdge/lib/libkernel32.bundle
Fallback handler could not load library /Applications/Unity/Hub/Editor/2022.3.62f2/Unity.app/Contents/Frameworks/MonoBleedingEdge/lib/kernel32
Fallback handler could not load library /Applications/Unity/Hub/Editor/2022.3.62f2/Unity.app/Contents/Frameworks/MonoBleedingEdge/lib/libkernel32
Fallback handler could not load library /Applications/Unity/Hub/Editor/2022.3.62f2/Unity.app/Contents/Frameworks/MonoBleedingEdge/lib/libkernel32.dylib
Fallback handler could not load library /Applications/Unity/Hub/Editor/2022.3.62f2/Unity.app/Contents/Frameworks/MonoBleedingEdge/lib/libkernel32.dylib
Fallback handler could not load library /Applications/Unity/Hub/Editor/2022.3.62f2/Unity.app/Contents/Frameworks/MonoBleedingEdge/lib/libkernel32.so
Fallback handler could not load library /Applications/Unity/Hub/Editor/2022.3.62f2/Unity.app/Contents/Frameworks/MonoBleedingEdge/lib/libkernel32.bundle
Fallback handler could not load library /Applications/Unity/Hub/Editor/2022.3.62f2/Unity.app/Contents/Frameworks/MonoBleedingEdge/lib/libkernel32
Fallback handler could not load library /Applications/Unity/Hub/Editor/2022.3.62f2/Unity.app/Contents/Frameworks/MonoBleedingEdge/lib/kernel32
Fallback handler could not load library /Applications/Unity/Hub/Editor/2022.3.62f2/Unity.app/Contents/Frameworks/MonoBleedingEdge/lib/libkernel32.dylib
Fallback handler could not load library /Applications/Unity/Hub/Editor/2022.3.62f2/Unity.app/Contents/Frameworks/MonoBleedingEdge/lib/libkernel32.dylib
Fallback handler could not load library /Applications/Unity/Hub/Editor/2022.3.62f2/Unity.app/Contents/Frameworks/MonoBleedingEdge/lib/libkernel32.so
Fallback handler could not load library /Applications/Unity/Hub/Editor/2022.3.62f2/Unity.app/Contents/Frameworks/MonoBleedingEdge/lib/libkernel32.bundle
Fallback handler could not load library /Applications/Unity/Hub/Editor/2022.3.62f2/Unity.app/Contents/Frameworks/MonoBleedingEdge/lib/kernel32
Fallback handler could not load library /Applications/Unity/Hub/Editor/2022.3.62f2/Unity.app/Contents/Frameworks/MonoBleedingEdge/lib/libkernel32
Fallback handler could not load library /Applications/Unity/Hub/Editor/2022.3.62f2/Unity.app/Contents/Frameworks/MonoBleedingEdge/lib/libkernel32.dylib
Fallback handler could not load library /Applications/Unity/Hub/Editor/2022.3.62f2/Unity.app/Contents/Frameworks/MonoBleedingEdge/lib/libkernel32.dylib
Fallback handler could not load library /Applications/Unity/Hub/Editor/2022.3.62f2/Unity.app/Contents/Frameworks/MonoBleedingEdge/lib/libkernel32.so
Fallback handler could not load library /Applications/Unity/Hub/Editor/2022.3.62f2/Unity.app/Contents/Frameworks/MonoBleedingEdge/lib/libkernel32.bundle
Fallback handler could not load library /Applications/Unity/Hub/Editor/2022.3.62f2/Unity.app/Contents/Frameworks/MonoBleedingEdge/lib/libkernel32
[Licensing::Client] Successfully resolved entitlement details
[Licensing::Client] Successfully resolved entitlement details
[Licensing::Client] Successfully resolved entitlement details
[Licensing::Client] Successfully resolved entitlement details
[Licensing::Client] Successfully resolved entitlement details
[Licensing::Client] Successfully resolved entitlement details
[Licensing::Client] Successfully resolved entitlement details
[Licensing::Client] Successfully resolved entitlement details
[Licensing::Client] Successfully resolved entitlement details
[Licensing::Client] Successfully resolved entitlement details
[Licensing::Client] Successfully resolved entitlement details
[Licensing::Client] Successfully resolved entitlement details
[Licensing::Client] Successfully resolved entitlement details
[Licensing::Client] Successfully resolved entitlement details
[Licensing::Client] Successfully resolved entitlement details
[Licensing::Client] Successfully resolved entitlement details
[Licensing::Client] Successfully resolved entitlement details
[Licensing::Client] Successfully resolved entitlement details
[Licensing::Client] Successfully resolved entitlement details
[Licensing::Client] Successfully resolved entitlement details
[Licensing::Client] Successfully resolved entitlement details
[Licensing::Client] Successfully resolved entitlement details
[Licensing::Client] Successfully resolved entitlement details
[Licensing::Client] Successfully resolved entitlement details
[Licensing::Client] Successfully resolved entitlement details
[Licensing::Client] Successfully resolved entitlement details
[Licensing::Client] Successfully resolved entitlement details
[Licensing::Client] Successfully resolved entitlement details
[Licensing::Client] Successfully resolved entitlement details
[Licensing::Client] Successfully resolved entitlement details
[AssemblyShadow M06] Fixture warmup preflight begin: P01
UnityEngine.StackTraceUtility:ExtractStackTrace () (at /Users/bokken/build/output/unity/unity/Runtime/Export/Scripting/StackTrace.cs:37)
UnityEngine.DebugLogHandler:LogFormat (UnityEngine.LogType,UnityEngine.Object,string,object[])
UnityEngine.Logger:Log (UnityEngine.LogType,object)
UnityEngine.Debug:Log (object)
AssemblyShadowDemo.Editor.M06Build:PreflightFixtureWarmups (AssemblyShadowDemo.Editor.M06GenerationProof,HybridCLR.Editor.AssemblyShadow.ShadowPolicyConfiguration) (at Assets/AssemblyShadowDemo/Editor/M06Build.cs:344)
AssemblyShadowDemo.Editor.M06Build:BuildFixtures () (at Assets/AssemblyShadowDemo/Editor/M06Build.cs:301)

(Filename: Assets/AssemblyShadowDemo/Editor/M06Build.cs Line: 344)

[Licensing::Client] Successfully resolved entitlement details
[AssemblyShadow M06] Fixture warmup preflight passed: P01
UnityEngine.StackTraceUtility:ExtractStackTrace () (at /Users/bokken/build/output/unity/unity/Runtime/Export/Scripting/StackTrace.cs:37)
UnityEngine.DebugLogHandler:LogFormat (UnityEngine.LogType,UnityEngine.Object,string,object[])
UnityEngine.Logger:Log (UnityEngine.LogType,object)
UnityEngine.Debug:Log (object)
AssemblyShadowDemo.Editor.M06Build:PreflightFixtureWarmups (AssemblyShadowDemo.Editor.M06GenerationProof,HybridCLR.Editor.AssemblyShadow.ShadowPolicyConfiguration) (at Assets/AssemblyShadowDemo/Editor/M06Build.cs:349)
AssemblyShadowDemo.Editor.M06Build:BuildFixtures () (at Assets/AssemblyShadowDemo/Editor/M06Build.cs:301)

(Filename: Assets/AssemblyShadowDemo/Editor/M06Build.cs Line: 349)

[AssemblyShadow M06] Fixture warmup preflight begin: P02
UnityEngine.StackTraceUtility:ExtractStackTrace () (at /Users/bokken/build/output/unity/unity/Runtime/Export/Scripting/StackTrace.cs:37)
UnityEngine.DebugLogHandler:LogFormat (UnityEngine.LogType,UnityEngine.Object,string,object[])
UnityEngine.Logger:Log (UnityEngine.LogType,object)
UnityEngine.Debug:Log (object)
AssemblyShadowDemo.Editor.M06Build:PreflightFixtureWarmups (AssemblyShadowDemo.Editor.M06GenerationProof,HybridCLR.Editor.AssemblyShadow.ShadowPolicyConfiguration) (at Assets/AssemblyShadowDemo/Editor/M06Build.cs:344)
AssemblyShadowDemo.Editor.M06Build:BuildFixtures () (at Assets/AssemblyShadowDemo/Editor/M06Build.cs:301)

(Filename: Assets/AssemblyShadowDemo/Editor/M06Build.cs Line: 344)

[Licensing::Client] Successfully resolved entitlement details
[AssemblyShadow M06] Fixture warmup preflight passed: P02
UnityEngine.StackTraceUtility:ExtractStackTrace () (at /Users/bokken/build/output/unity/unity/Runtime/Export/Scripting/StackTrace.cs:37)
UnityEngine.DebugLogHandler:LogFormat (UnityEngine.LogType,UnityEngine.Object,string,object[])
UnityEngine.Logger:Log (UnityEngine.LogType,object)
UnityEngine.Debug:Log (object)
AssemblyShadowDemo.Editor.M06Build:PreflightFixtureWarmups (AssemblyShadowDemo.Editor.M06GenerationProof,HybridCLR.Editor.AssemblyShadow.ShadowPolicyConfiguration) (at Assets/AssemblyShadowDemo/Editor/M06Build.cs:349)
AssemblyShadowDemo.Editor.M06Build:BuildFixtures () (at Assets/AssemblyShadowDemo/Editor/M06Build.cs:301)

(Filename: Assets/AssemblyShadowDemo/Editor/M06Build.cs Line: 349)

[AssemblyShadow M06] Fixture warmup preflight begin: P03
UnityEngine.StackTraceUtility:ExtractStackTrace () (at /Users/bokken/build/output/unity/unity/Runtime/Export/Scripting/StackTrace.cs:37)
UnityEngine.DebugLogHandler:LogFormat (UnityEngine.LogType,UnityEngine.Object,string,object[])
UnityEngine.Logger:Log (UnityEngine.LogType,object)
UnityEngine.Debug:Log (object)
AssemblyShadowDemo.Editor.M06Build:PreflightFixtureWarmups (AssemblyShadowDemo.Editor.M06GenerationProof,HybridCLR.Editor.AssemblyShadow.ShadowPolicyConfiguration) (at Assets/AssemblyShadowDemo/Editor/M06Build.cs:344)
AssemblyShadowDemo.Editor.M06Build:BuildFixtures () (at Assets/AssemblyShadowDemo/Editor/M06Build.cs:301)

(Filename: Assets/AssemblyShadowDemo/Editor/M06Build.cs Line: 344)

[AssemblyShadow M06] Fixture warmup preflight passed: P03
UnityEngine.StackTraceUtility:ExtractStackTrace () (at /Users/bokken/build/output/unity/unity/Runtime/Export/Scripting/StackTrace.cs:37)
UnityEngine.DebugLogHandler:LogFormat (UnityEngine.LogType,UnityEngine.Object,string,object[])
UnityEngine.Logger:Log (UnityEngine.LogType,object)
UnityEngine.Debug:Log (object)
AssemblyShadowDemo.Editor.M06Build:PreflightFixtureWarmups (AssemblyShadowDemo.Editor.M06GenerationProof,HybridCLR.Editor.AssemblyShadow.ShadowPolicyConfiguration) (at Assets/AssemblyShadowDemo/Editor/M06Build.cs:349)
AssemblyShadowDemo.Editor.M06Build:BuildFixtures () (at Assets/AssemblyShadowDemo/Editor/M06Build.cs:301)

(Filename: Assets/AssemblyShadowDemo/Editor/M06Build.cs Line: 349)

[AssemblyShadow M06] Fixture warmup preflight begin: InitializerFailure
UnityEngine.StackTraceUtility:ExtractStackTrace () (at /Users/bokken/build/output/unity/unity/Runtime/Export/Scripting/StackTrace.cs:37)
UnityEngine.DebugLogHandler:LogFormat (UnityEngine.LogType,UnityEngine.Object,string,object[])
UnityEngine.Logger:Log (UnityEngine.LogType,object)
UnityEngine.Debug:Log (object)
AssemblyShadowDemo.Editor.M06Build:PreflightFixtureWarmups (AssemblyShadowDemo.Editor.M06GenerationProof,HybridCLR.Editor.AssemblyShadow.ShadowPolicyConfiguration) (at Assets/AssemblyShadowDemo/Editor/M06Build.cs:344)
AssemblyShadowDemo.Editor.M06Build:BuildFixtures () (at Assets/AssemblyShadowDemo/Editor/M06Build.cs:301)

(Filename: Assets/AssemblyShadowDemo/Editor/M06Build.cs Line: 344)

[Licensing::Client] Successfully resolved entitlement details
[AssemblyShadow M06] Fixture warmup preflight passed: InitializerFailure
UnityEngine.StackTraceUtility:ExtractStackTrace () (at /Users/bokken/build/output/unity/unity/Runtime/Export/Scripting/StackTrace.cs:37)
UnityEngine.DebugLogHandler:LogFormat (UnityEngine.LogType,UnityEngine.Object,string,object[])
UnityEngine.Logger:Log (UnityEngine.LogType,object)
UnityEngine.Debug:Log (object)
AssemblyShadowDemo.Editor.M06Build:PreflightFixtureWarmups (AssemblyShadowDemo.Editor.M06GenerationProof,HybridCLR.Editor.AssemblyShadow.ShadowPolicyConfiguration) (at Assets/AssemblyShadowDemo/Editor/M06Build.cs:349)
AssemblyShadowDemo.Editor.M06Build:BuildFixtures () (at Assets/AssemblyShadowDemo/Editor/M06Build.cs:301)

(Filename: Assets/AssemblyShadowDemo/Editor/M06Build.cs Line: 349)

[Licensing::Client] Successfully resolved entitlement details
[Licensing::Client] Successfully resolved entitlement details
[Licensing::Client] Successfully resolved entitlement details
[Licensing::Client] Successfully resolved entitlement details
[Licensing::Client] Successfully resolved entitlement details
[Licensing::Client] Successfully resolved entitlement details
[Licensing::Client] Successfully resolved entitlement details
[Licensing::Client] Successfully resolved entitlement details
[Licensing::Client] Successfully resolved entitlement details
[Licensing::Client] Successfully resolved entitlement details
[Licensing::Client] Successfully resolved entitlement details
[Licensing::Client] Successfully resolved entitlement details
[Licensing::Client] Successfully resolved entitlement details
[Licensing::Client] Successfully resolved entitlement details
[Licensing::Client] Successfully resolved entitlement details
[Licensing::Client] Successfully resolved entitlement details
[Licensing::Client] Successfully resolved entitlement details
[Licensing::Client] Successfully resolved entitlement details
[Licensing::Client] Successfully resolved entitlement details
[Licensing::Client] Successfully resolved entitlement details
[Licensing::Client] Successfully resolved entitlement details
[Licensing::Client] Successfully resolved entitlement details
[Licensing::Client] Successfully resolved entitlement details
[Licensing::Client] Successfully resolved entitlement details
[Licensing::Client] Successfully resolved entitlement details
[Licensing::Client] Successfully resolved entitlement details
[Licensing::Client] Successfully resolved entitlement details
[Licensing::Client] Successfully resolved entitlement details
[Licensing::Client] Successfully resolved entitlement details
[Licensing::Client] Successfully resolved entitlement details
[Licensing::Client] Successfully resolved entitlement details
[Licensing::Client] Successfully resolved entitlement details
[Licensing::Client] Successfully resolved entitlement details
[Licensing::Client] Successfully resolved entitlement details
[Licensing::Client] Successfully resolved entitlement details
[Licensing::Client] Successfully resolved entitlement details
[Licensing::Client] Successfully resolved entitlement details
[Licensing::Client] Successfully resolved entitlement details
[Licensing::Client] Successfully resolved entitlement details
[Licensing::Client] Successfully resolved entitlement details
[Licensing::Client] Successfully resolved entitlement details
[Licensing::Client] Successfully resolved entitlement details
[Licensing::Client] Successfully resolved entitlement details
[Licensing::Client] Successfully resolved entitlement details
[Licensing::Client] Successfully resolved entitlement details
[Licensing::Client] Successfully resolved entitlement details
[Licensing::Client] Successfully resolved entitlement details
[Licensing::Client] Successfully resolved entitlement details
[Licensing::Client] Successfully resolved entitlement details
[Licensing::Client] Successfully resolved entitlement details
[Licensing::Client] Successfully resolved entitlement details
[Licensing::Client] Successfully resolved entitlement details
[Licensing::Client] Successfully resolved entitlement details
[Licensing::Client] Successfully resolved entitlement details
[Licensing::Client] Successfully resolved entitlement details
[Licensing::Client] Successfully resolved entitlement details
[Licensing::Client] Successfully resolved entitlement details
[Licensing::Client] Successfully resolved entitlement details
[Licensing::Client] Successfully resolved entitlement details
[Licensing::Client] Successfully resolved entitlement details
[Licensing::Client] Successfully resolved entitlement details
[Licensing::Client] Successfully resolved entitlement details
[Licensing::Client] Successfully resolved entitlement details
[Licensing::Client] Successfully resolved entitlement details
[Licensing::Client] Successfully resolved entitlement details
[Licensing::Client] Successfully resolved entitlement details
[Licensing::Client] Successfully resolved entitlement details
[Licensing::Client] Successfully resolved entitlement details
[Licensing::Client] Successfully resolved entitlement details
[Licensing::Client] Successfully resolved entitlement details
[Licensing::Client] Successfully resolved entitlement details
[Licensing::Client] Successfully resolved entitlement details
[Licensing::Client] Successfully resolved entitlement details
[Licensing::Client] Successfully resolved entitlement details
[Licensing::Client] Successfully resolved entitlement details
[Licensing::Client] Successfully resolved entitlement details
[Licensing::Client] Successfully resolved entitlement details
[Licensing::Client] Successfully resolved entitlement details
[Licensing::Client] Successfully resolved entitlement details
[Licensing::Client] Successfully resolved entitlement details
[Licensing::Client] Successfully resolved entitlement details
[Licensing::Client] Successfully resolved entitlement details
[Licensing::Client] Successfully resolved entitlement details
[Licensing::Client] Successfully resolved entitlement details
[Licensing::Client] Successfully resolved entitlement details
[Licensing::Client] Successfully resolved entitlement details
[Licensing::Client] Successfully resolved entitlement details
[Licensing::Client] Successfully resolved entitlement details
[Licensing::Client] Successfully resolved entitlement details
[Licensing::Client] Successfully resolved entitlement details
[Licensing::Client] Successfully resolved entitlement details
[Licensing::Client] Successfully resolved entitlement details
[Licensing::Client] Successfully resolved entitlement details
[Licensing::Client] Successfully resolved entitlement details
[Licensing::Client] Successfully resolved entitlement details
[Licensing::Client] Successfully resolved entitlement details
[Licensing::Client] Successfully resolved entitlement details
[Licensing::Client] Successfully resolved entitlement details
[Licensing::Client] Successfully resolved entitlement details
[Licensing::Client] Successfully resolved entitlement details
[Licensing::Client] Successfully resolved entitlement details
[Licensing::Client] Successfully resolved entitlement details
[Licensing::Client] Successfully resolved entitlement details
[Licensing::Client] Successfully resolved entitlement details
[Licensing::Client] Successfully resolved entitlement details
[Licensing::Client] Successfully resolved entitlement details
[Licensing::Client] Successfully resolved entitlement details
[Licensing::Client] Successfully resolved entitlement details
[Licensing::Client] Successfully resolved entitlement details
[Licensing::Client] Successfully resolved entitlement details
[Licensing::Client] Successfully resolved entitlement details
[Licensing::Client] Successfully resolved entitlement details
[Licensing::Client] Successfully resolved entitlement details
[Licensing::Client] Successfully resolved entitlement details
[Licensing::Client] Successfully resolved entitlement details
[Licensing::Client] Successfully resolved entitlement details
[Licensing::Client] Successfully resolved entitlement details
[Licensing::Client] Successfully resolved entitlement details
[Licensing::Client] Successfully resolved entitlement details
[Licensing::Client] Successfully resolved entitlement details
[Licensing::Client] Successfully resolved entitlement details
[Licensing::Client] Successfully resolved entitlement details
[Licensing::Client] Successfully resolved entitlement details
[Licensing::Client] Successfully resolved entitlement details
[Licensing::Client] Successfully resolved entitlement details
[Licensing::Client] Successfully resolved entitlement details
[Licensing::Client] Successfully resolved entitlement details
[Licensing::Client] Successfully resolved entitlement details
[Licensing::Client] Successfully resolved entitlement details
[Licensing::Client] Successfully resolved entitlement details
[Licensing::Client] Successfully resolved entitlement details
[Licensing::Client] Successfully resolved entitlement details
[Licensing::Client] Successfully resolved entitlement details
[Licensing::Client] Successfully resolved entitlement details
[Licensing::Client] Successfully resolved entitlement details
[Licensing::Client] Successfully resolved entitlement details
[Licensing::Client] Successfully resolved entitlement details
[Licensing::Client] Successfully resolved entitlement details
[Licensing::Client] Successfully resolved entitlement details
[Licensing::Client] Successfully resolved entitlement details
[Licensing::Client] Successfully resolved entitlement details
[Licensing::Client] Successfully resolved entitlement details
[Licensing::Client] Successfully resolved entitlement details
[Licensing::Client] Successfully resolved entitlement details
[Licensing::Client] Successfully resolved entitlement details
[Licensing::Client] Successfully resolved entitlement details
[Licensing::Client] Successfully resolved entitlement details
[Licensing::Client] Successfully resolved entitlement details
[Licensing::Client] Successfully resolved entitlement details
[Licensing::Client] Successfully resolved entitlement details
[Licensing::Client] Successfully resolved entitlement details
[Licensing::Client] Successfully resolved entitlement details
[Licensing::Client] Successfully resolved entitlement details
[Licensing::Client] Successfully resolved entitlement details
[Licensing::Client] Successfully resolved entitlement details
[Licensing::Client] Successfully resolved entitlement details
[Licensing::Client] Successfully resolved entitlement details
[Licensing::Client] Successfully resolved entitlement details
[Licensing::Client] Successfully resolved entitlement details
[Licensing::Client] Successfully resolved entitlement details
[Licensing::Client] Successfully resolved entitlement details
[Licensing::Client] Successfully resolved entitlement details
[Licensing::Client] Successfully resolved entitlement details
[Licensing::Client] Successfully resolved entitlement details
[Licensing::Client] Successfully resolved entitlement details
[Licensing::Client] Successfully resolved entitlement details
[Licensing::Client] Successfully resolved entitlement details
[Licensing::Client] Successfully resolved entitlement details
[Licensing::Client] Successfully resolved entitlement details
[Licensing::Client] Successfully resolved entitlement details
[Licensing::Client] Successfully resolved entitlement details
[Licensing::Client] Successfully resolved entitlement details
[Licensing::Client] Successfully resolved entitlement details
[Licensing::Client] Successfully resolved entitlement details
[Licensing::Client] Successfully resolved entitlement details
[Licensing::Client] Successfully resolved entitlement details
[Licensing::Client] Successfully resolved entitlement details
[Licensing::Client] Successfully resolved entitlement details
[Licensing::Client] Successfully resolved entitlement details
[Licensing::Client] Successfully resolved entitlement details
[Licensing::Client] Successfully resolved entitlement details
[Licensing::Client] Successfully resolved entitlement details
[Licensing::Client] Successfully resolved entitlement details
[Licensing::Client] Successfully resolved entitlement details
[Licensing::Client] Successfully resolved entitlement details
[Licensing::Client] Successfully resolved entitlement details
[Licensing::Client] Successfully resolved entitlement details
[Licensing::Client] Successfully resolved entitlement details
[Licensing::Client] Successfully resolved entitlement details
[Licensing::Client] Successfully resolved entitlement details
[Licensing::Client] Successfully resolved entitlement details
[Licensing::Client] Successfully resolved entitlement details
[Licensing::Client] Successfully resolved entitlement details
[Licensing::Client] Successfully resolved entitlement details
[Licensing::Client] Successfully resolved entitlement details
[Licensing::Client] Successfully resolved entitlement details
[Licensing::Client] Successfully resolved entitlement details
[Licensing::Client] Successfully resolved entitlement details
[Licensing::Client] Successfully resolved entitlement details
[Licensing::Client] Successfully resolved entitlement details
[Licensing::Client] Successfully resolved entitlement details
[Licensing::Client] Successfully resolved entitlement details
[Licensing::Client] Successfully resolved entitlement details
[Licensing::Client] Successfully resolved entitlement details
[Licensing::Client] Successfully resolved entitlement details
[Licensing::Client] Successfully resolved entitlement details
[Licensing::Client] Successfully resolved entitlement details
[Licensing::Client] Successfully resolved entitlement details
[Licensing::Client] Successfully resolved entitlement details
[Licensing::Client] Successfully resolved entitlement details
[Licensing::Client] Successfully resolved entitlement details
[Licensing::Client] Successfully resolved entitlement details
[Licensing::Client] Successfully resolved entitlement details
[Licensing::Client] Successfully resolved entitlement details
[Licensing::Client] Successfully resolved entitlement details
[Licensing::Client] Successfully resolved entitlement details
[Licensing::Client] Successfully resolved entitlement details
[Licensing::Client] Successfully resolved entitlement details
[Licensing::Client] Successfully resolved entitlement details
[Licensing::Client] Successfully resolved entitlement details
[Licensing::Client] Successfully resolved entitlement details
[Licensing::Client] Successfully resolved entitlement details
[Licensing::Client] Successfully resolved entitlement details
[Licensing::Client] Successfully resolved entitlement details
[Licensing::Client] Successfully resolved entitlement details
[Licensing::Client] Successfully resolved entitlement details
[Licensing::Client] Successfully resolved entitlement details
[Licensing::Client] Successfully resolved entitlement details
[Licensing::Client] Successfully resolved entitlement details
[Licensing::Client] Successfully resolved entitlement details
[Licensing::Client] Successfully resolved entitlement details
[AssemblyShadow M06] Fixtures: /Users/ah/GitHub/hybridclr/hybridclr_demo_shadow/_temp/AssemblyShadow/M06Fixtures-0a71fdad264946c7a4d65a7f07ee2a0f/m06-fixtures.json; replay: /Users/ah/GitHub/hybridclr/hybridclr_demo_shadow/_temp/AssemblyShadow/M06Fixtures-0a71fdad264946c7a4d65a7f07ee2a0f/m06-editor-replay.json
UnityEngine.StackTraceUtility:ExtractStackTrace () (at /Users/bokken/build/output/unity/unity/Runtime/Export/Scripting/StackTrace.cs:37)
UnityEngine.DebugLogHandler:LogFormat (UnityEngine.LogType,UnityEngine.Object,string,object[])
UnityEngine.Logger:Log (UnityEngine.LogType,object)
UnityEngine.Debug:Log (object)
AssemblyShadowDemo.Editor.M06Build:BuildFixtures () (at Assets/AssemblyShadowDemo/Editor/M06Build.cs:321)

(Filename: Assets/AssemblyShadowDemo/Editor/M06Build.cs Line: 321)

Batchmode quit successfully invoked - shutting down!
Killing ADB server in 0.51541 seconds.
Thread 0x1771c7000 may have been prematurely finalized
[PhysX] Initialized MultithreadedTaskDispatcher with 10 workers.
Input System module state changed to: ShutdownInProgress.
Input System polling thread exited.
Input System module state changed to: Shutdown.
[Licensing::IpcConnector] LicenseClient-ah-notifications channel disconnected successfully.
[Licensing::IpcConnector] LicenseClient-ah channel disconnected successfully.
Thread 0x16c167000 may have been prematurely finalized
Cleanup mono
[40m[32minfo[39m[22m[49m: Microsoft.Hosting.Lifetime[0]
      Application is shutting down...
09:49:37.556 |V| RiderPlugin                    | :1                             | AppDomain.CurrentDomain.DomainUnload lifetimeDefinition.Terminate
[40m[32minfo[39m[22m[49m: Unity.ILPP.Runner.PostProcessingAssemblyLoadContext[0]
      ALC ILPP context 1 is unloading
debugger-agent: Unable to listen on 48
[usbmuxd] Stop listen thread
[usbmuxd] Error: 
[usbmuxd] Listen thread exiting
[Performance] Application.InitializeProject                                                                                        :        1 samples, Peak.  19.5 s (1.0x), Avg.  19.5 s, Total. 19.53 s (0.1%)
[Performance] Application.PackageManager.StartServer                                                                               :        1 samples, Peak.  3.82 ms (1.0x), Avg.  3.82 ms, Total. 3.818 ms (0.0%)
[Performance] Application.AcquireProjectLock                                                                                       :        1 samples, Peak.  7.14 ms (1.0x), Avg.  7.14 ms, Total. 7.144 ms (0.0%)
[Performance] Application.InitializeEngineNoGraphics                                                                               :        1 samples, Peak.  48.2 ms (1.0x), Avg.  48.2 ms, Total. 48.19 ms (0.0%)
[Performance] Application.PackageManager.Initialize                                                                                :        1 samples, Peak.   600 ms (1.0x), Avg.   600 ms, Total. 600.1 ms (0.0%)
[Performance] Connecting to Package Manager                                                                                        :       61 samples, Peak.  26.3 us (50.9x), Avg.   517 ns, Total. 31.54 us (0.0%)
[Performance] Application.EngineGraphics.Initialize                                                                                :        1 samples, Peak.  85.8 ms (1.0x), Avg.  85.8 ms, Total. 85.76 ms (0.0%)
[Performance] Application.GI.Initialize                                                                                            :        1 samples, Peak.   573 us (1.0x), Avg.   573 us, Total. 573.2 us (0.0%)
[Performance] Application.LoadAllDefaultResourcesFromEditor                                                                        :        1 samples, Peak.  1.51 ms (1.0x), Avg.  1.51 ms, Total. 1.507 ms (0.0%)
[Performance] Application.LoadMonoAssemblies                                                                                       :        1 samples, Peak.   798 ms (1.0x), Avg.   798 ms, Total. 798.0 ms (0.0%)
[Performance] RestoreManagedReferences                                                                                             :        2 samples, Peak.  75.8 ms (2.0x), Avg.  37.9 ms, Total. 75.76 ms (0.0%)
[Performance] InitializeOnLoad DrivenRectTransformUndo                                                                             :        2 samples, Peak.   360 us (1.1x), Avg.   338 us, Total. 676.5 us (0.0%)
[Performance] InitializeOnLoad SceneSearch                                                                                         :        2 samples, Peak.  93.6 us (1.1x), Avg.  86.3 us, Total. 172.5 us (0.0%)
[Performance] InitializeOnLoad CloudBuild                                                                                          :        2 samples, Peak.  3.75 us (1.0x), Avg.  3.75 us, Total. 7.500 us (0.0%)
[Performance] InitializeOnLoad NativeFormatImporterUtility                                                                         :        2 samples, Peak.  1.73 ms (1.2x), Avg.  1.47 ms, Total. 2.933 ms (0.0%)
[Performance] InitializeOnLoad SearchService                                                                                       :        2 samples, Peak.  85.1 us (1.0x), Avg.  84.5 us, Total. 169.0 us (0.0%)
[Performance] InitializeOnLoad SettingsService                                                                                     :        2 samples, Peak.  8.62 us (1.1x), Avg.  7.94 us, Total. 15.87 us (0.0%)
[Performance] InitializeOnLoad WindowLayout                                                                                        :        2 samples, Peak.   177 us (1.0x), Avg.   171 us, Total. 342.6 us (0.0%)
[Performance] InitializeOnLoad AssetStoreContext                                                                                   :        2 samples, Peak.  16.7 ms (1.7x), Avg.  9.61 ms, Total. 19.22 ms (0.0%)
[Performance] InitializeOnLoad PoolManager                                                                                         :        2 samples, Peak.   463 us (1.1x), Avg.   441 us, Total. 881.9 us (0.0%)
[Performance] InitializeOnLoad MixerEffectDefinitionReloader                                                                       :        2 samples, Peak.  1.87 ms (1.2x), Avg.  1.54 ms, Total. 3.090 ms (0.0%)
[Performance] InitializeOnLoad ProjectSearch                                                                                       :        2 samples, Peak.  43.4 us (1.2x), Avg.  35.8 us, Total. 71.67 us (0.0%)
[Performance] InitializeOnLoad UISystemProfilerRenderService                                                                       :        2 samples, Peak.  7.50 us (1.0x), Avg.  7.27 us, Total. 14.54 us (0.0%)
[Performance] InitializeOnLoad EditMode                                                                                            :        2 samples, Peak.   312 us (1.1x), Avg.   273 us, Total. 546.6 us (0.0%)
[Performance] InitializeOnLoad UnityConnect                                                                                        :        2 samples, Peak.  38.0 us (1.1x), Avg.  34.0 us, Total. 68.00 us (0.0%)
[Performance] InitializeOnLoad ManagedDebugger                                                                                     :        2 samples, Peak.   452 us (1.7x), Avg.   264 us, Total. 528.0 us (0.0%)
[Performance] InitializeOnLoad ShortcutIntegration                                                                                 :        2 samples, Peak.  44.5 us (1.1x), Avg.  40.6 us, Total. 81.29 us (0.0%)
[Performance] InitializeOnLoad AddComponentWindow                                                                                  :        2 samples, Peak.  81.1 us (1.0x), Avg.  79.7 us, Total. 159.3 us (0.0%)
[Performance] InitializeOnLoad ManagedDebuggerWindow                                                                               :        2 samples, Peak.  88.9 us (1.1x), Avg.  83.5 us, Total. 167.1 us (0.0%)
[Performance] InitializeOnLoad CacheServerWindow                                                                                   :        2 samples, Peak.  8.17 us (1.1x), Avg.  7.52 us, Total. 15.04 us (0.0%)
[Performance] InitializeOnLoad PlayModeDownload                                                                                    :        2 samples, Peak.  3.89 ms (2.0x), Avg.  1.99 ms, Total. 3.973 ms (0.0%)
[Performance] InitializeOnLoad MenuItems                                                                                           :        2 samples, Peak.  74.8 us (1.1x), Avg.  66.0 us, Total. 131.9 us (0.0%)
[Performance] InitializeOnLoad PrefabInstanceChangedListener                                                                       :        2 samples, Peak.   101 us (1.1x), Avg.  96.2 us, Total. 192.3 us (0.0%)
[Performance] InitializeOnLoad ObjectSelectorSearch                                                                                :        2 samples, Peak.  62.7 us (1.4x), Avg.  43.4 us, Total. 86.79 us (0.0%)
[Performance] InitializeOnLoad EditorMonitor                                                                                       :        2 samples, Peak.   563 us (1.2x), Avg.   464 us, Total. 928.3 us (0.0%)
[Performance] InitializeOnLoad RetainedMode                                                                                        :        2 samples, Peak.  1.73 ms (1.0x), Avg.  1.68 ms, Total. 3.365 ms (0.0%)
[Performance] InitializeOnLoad EditorShaderLoader                                                                                  :        2 samples, Peak.   541 us (1.2x), Avg.   461 us, Total. 923.0 us (0.0%)
[Performance] InitializeOnLoad EditorDelegateRegistration                                                                          :        2 samples, Peak.   418 us (1.0x), Avg.   398 us, Total. 796.9 us (0.0%)
[Performance] InitializeOnLoad UIDocumentHierarchyWatcher                                                                          :        2 samples, Peak.  49.3 us (1.0x), Avg.  47.0 us, Total. 94.08 us (0.0%)
[Performance] InitializeOnLoad LiveReloadTrackerCreator                                                                            :        2 samples, Peak.   146 us (1.1x), Avg.   130 us, Total. 260.6 us (0.0%)
[Performance] InitializeOnLoad UxmlObjectEditorFactories                                                                           :        2 samples, Peak.   416 us (1.1x), Avg.   374 us, Total. 747.1 us (0.0%)
[Performance] InitializeOnLoad UXMLEditorFactories                                                                                 :        2 samples, Peak.  46.0 ms (1.1x), Avg.  42.5 ms, Total. 85.04 ms (0.0%)
[Performance] InitializeOnLoad PurchasingService                                                                                   :        2 samples, Peak.  5.56 ms (1.1x), Avg.  5.26 ms, Total. 10.52 ms (0.0%)
[Performance] InitializeOnLoad CloudBuildPoller                                                                                    :        2 samples, Peak.  80.0 us (1.0x), Avg.  78.7 us, Total. 157.5 us (0.0%)
[Performance] InitializeOnLoad EditorGameServicesAnalytics                                                                         :        2 samples, Peak.  1.30 ms (1.6x), Avg.   793 us, Total. 1.585 ms (0.0%)
[Performance] InitializeOnLoad AnalyticsService                                                                                    :        2 samples, Peak.   135 us (1.0x), Avg.   132 us, Total. 264.0 us (0.0%)
[Performance] InitializeOnLoad BuildService                                                                                        :        2 samples, Peak.   123 us (1.0x), Avg.   120 us, Total. 240.8 us (0.0%)
[Performance] InitializeOnLoad AdsService                                                                                          :        2 samples, Peak.   283 us (1.0x), Avg.   280 us, Total. 560.0 us (0.0%)
[Performance] InitializeOnLoad UDPService                                                                                          :        2 samples, Peak.   112 us (1.0x), Avg.   111 us, Total. 221.4 us (0.0%)
[Performance] InitializeOnLoad CrashService                                                                                        :        2 samples, Peak.   114 us (1.0x), Avg.   109 us, Total. 218.5 us (0.0%)
[Performance] InitializeOnLoad ServicesRepository                                                                                  :        2 samples, Peak.  4.33 us (1.9x), Avg.  2.29 us, Total. 4.584 us (0.0%)
[Performance] InitializeOnLoad SearchWindow                                                                                        :        2 samples, Peak.   104 us (1.2x), Avg.  89.5 us, Total. 179.0 us (0.0%)
[Performance] InitializeOnLoad CustomIndexers                                                                                      :        2 samples, Peak.  12.9 ms (1.1x), Avg.  11.5 ms, Total. 22.93 ms (0.0%)
[Performance] InitializeOnLoad SearchMonitor                                                                                       :        2 samples, Peak.   739 us (1.1x), Avg.   659 us, Total. 1.318 ms (0.0%)
[Performance] InitializeOnLoad ParameterControllerEditor                                                                           :        2 samples, Peak.  21.4 us (1.3x), Avg.  16.1 us, Total. 32.25 us (0.0%)
[Performance] InitializeOnLoad LayerSettingsWindow                                                                                 :        2 samples, Peak.  15.0 us (1.6x), Avg.  9.17 us, Total. 18.33 us (0.0%)
[Performance] InitializeOnLoad PackageManagerHookGUIDConverter.RegisterPackagesEventHandler                                        :        2 samples, Peak.   596 us (1.7x), Avg.   345 us, Total. 689.7 us (0.0%)
[Performance] InitializeOnLoad EditorDragAndDrop.RegisterEditorClient                                                              :        2 samples, Peak.   202 us (1.2x), Avg.   171 us, Total. 341.8 us (0.0%)
[Performance] InitializeOnLoad EditorEventCallbacks.InitializeFontAssetResourceChangeCallBacks                                     :        2 samples, Peak.   903 us (1.1x), Avg.   860 us, Total. 1.719 ms (0.0%)
[Performance] InitializeOnLoad SceneTemplateService.Init                                                                           :        2 samples, Peak.  1.04 ms (1.0x), Avg.   987 us, Total. 1.974 ms (0.0%)
[Performance] InitializeOnLoad DiagnosticSwitchesConsoleMessage.Init                                                               :        2 samples, Peak.  2.55 ms (1.8x), Avg.  1.42 ms, Total. 2.849 ms (0.0%)
[Performance] InitializeOnLoad PackageManagerWindow.EditorInitializedInSafeMode                                                    :        2 samples, Peak.  20.6 ms (2.0x), Avg.  10.3 ms, Total. 20.68 ms (0.0%)
[Performance] InitializeOnLoad ToolShortcutContext.Init                                                                            :        2 samples, Peak.  90.2 us (1.0x), Avg.  88.1 us, Total. 176.3 us (0.0%)
[Performance] InitializeOnLoad MemoryProfilerCompilationGuard.InjectCompileGuard                                                   :        2 samples, Peak.   129 us (1.4x), Avg.  89.4 us, Total. 178.7 us (0.0%)
[Performance] InitializeOnLoad AssetPostprocessingInternal.RefreshCustomDependencies                                               :        2 samples, Peak.  2.50 ms (1.4x), Avg.  1.85 ms, Total. 3.701 ms (0.0%)
[Performance] InitializeOnLoad SysrootManager.Initialize                                                                           :        2 samples, Peak.   356 us (1.0x), Avg.   351 us, Total. 702.6 us (0.0%)
[Performance] InitializeOnLoad ScopedRegistryAddedPopup.SubscribeToRegistriesAdded                                                 :        2 samples, Peak.  5.91 ms (2.0x), Avg.  2.99 ms, Total. 5.973 ms (0.0%)
[Performance] InitializeOnLoad SceneVisibilityManager.Initialize                                                                   :        2 samples, Peak.  2.26 ms (1.6x), Avg.  1.44 ms, Total. 2.874 ms (0.0%)
[Performance] InitializeOnLoad EditorWindow.Initialize                                                                             :        2 samples, Peak.   159 us (1.0x), Avg.   158 us, Total. 315.8 us (0.0%)
[Performance] AssemblyReloadEvents.afterAssemblyReload: UnityEditor.SceneTemplate.SceneTemplateService.AfterAssemblyReload         :        2 samples, Peak.   760 us (1.6x), Avg.   490 us, Total. 980.8 us (0.0%)
[Performance] ProcessService.EditorAfterLoadAllAssemblies                                                                          :        2 samples, Peak.   251 us (1.1x), Avg.   232 us, Total. 464.8 us (0.0%)
[Performance] Application.ReadLicenseInfo                                                                                          :        1 samples, Peak.  12.0 ms (1.0x), Avg.  12.0 ms, Total. 12.00 ms (0.0%)
[Performance] Application.InitialRefresh                                                                                           :        1 samples, Peak.  11.5 s (1.0x), Avg.  11.5 s, Total. 11.49 s (0.1%)
[Performance] Compiling Scripts                                                                                                    :        1 samples, Peak.  7.24 s (1.0x), Avg.  7.24 s, Total. 7.244 s (0.0%)
[Performance] AssemblyReloadEvents.beforeAssemblyReload: UnityEditor.SceneTemplate.SceneTemplateService.BeforeAssemblyReload       :        1 samples, Peak.   339 us (1.0x), Avg.   339 us, Total. 339.0 us (0.0%)
[Performance] InitializeOnLoad BurstLoader                                                                                         :        1 samples, Peak.   250 ms (1.0x), Avg.   250 ms, Total. 249.9 ms (0.0%)
[Performance] InitializeOnLoad EditorToolManager                                                                                   :        2 samples, Peak.  1.93 ms (1.9x), Avg.  1.03 ms, Total. 2.051 ms (0.0%)
[Performance] InitializeOnLoad GetIl2CppFolderHook                                                                                 :        1 samples, Peak.  11.9 ms (1.0x), Avg.  11.9 ms, Total. 11.94 ms (0.0%)
[Performance] InitializeOnLoad CopyStrippedAOTAssembliesHook                                                                       :        1 samples, Peak.  1.36 ms (1.0x), Avg.  1.36 ms, Total. 1.363 ms (0.0%)
[Performance] InitializeOnLoad ShadowCasterGroup2DManager                                                                          :        1 samples, Peak.  66.8 us (1.0x), Avg.  66.8 us, Total. 66.75 us (0.0%)
[Performance] InitializeOnLoad ProbeGIBaking                                                                                       :        1 samples, Peak.  1.69 ms (1.0x), Avg.  1.69 ms, Total. 1.694 ms (0.0%)
[Performance] InitializeOnLoad FilterWindow                                                                                        :        1 samples, Peak.  24.8 us (1.0x), Avg.  24.8 us, Total. 24.83 us (0.0%)
[Performance] InitializeOnLoad RealtimeProbeSubdivisionDebug                                                                       :        1 samples, Peak.   124 us (1.0x), Avg.   124 us, Total. 124.3 us (0.0%)
[Performance] InitializeOnLoad NodeClassCache                                                                                      :        1 samples, Peak.  6.37 us (1.0x), Avg.  6.37 us, Total. 6.375 us (0.0%)
[Performance] InitializeOnLoad ShaderGraphMaterialsUpdater                                                                         :        2 samples, Peak.   244 us (1.7x), Avg.   144 us, Total. 287.7 us (0.0%)
[Performance] InitializeOnLoad Renderer2DAnalytics                                                                                 :        1 samples, Peak.  58.2 us (1.0x), Avg.  58.2 us, Total. 58.21 us (0.0%)
[Performance] InitializeOnLoad BackgroundWatcher                                                                                   :        1 samples, Peak.  79.8 us (1.0x), Avg.  79.8 us, Total. 79.79 us (0.0%)
[Performance] InitializeOnLoad UnityTestProtocolStarter                                                                            :        1 samples, Peak.   153 us (1.0x), Avg.   153 us, Total. 152.7 us (0.0%)
[Performance] InitializeOnLoad TestStarter                                                                                         :        1 samples, Peak.   440 us (1.0x), Avg.   440 us, Total. 440.2 us (0.0%)
[Performance] InitializeOnLoad RerunCallbackInitializer                                                                            :        1 samples, Peak.  1.72 ms (1.0x), Avg.  1.72 ms, Total. 1.718 ms (0.0%)
[Performance] InitializeOnLoad RiderScriptEditor                                                                                   :        1 samples, Peak.  51.4 ms (1.0x), Avg.  51.4 ms, Total. 51.42 ms (0.0%)
[Performance] InitializeOnLoad CallbackInitializer                                                                                 :        1 samples, Peak.   883 us (1.0x), Avg.   883 us, Total. 883.3 us (0.0%)
[Performance] InitializeOnLoad SpriteEditorWindow                                                                                  :        1 samples, Peak.   329 us (1.0x), Avg.   329 us, Total. 328.8 us (0.0%)
[Performance] InitializeOnLoad PlasticPlugin                                                                                       :        1 samples, Peak.  48.6 ms (1.0x), Avg.  48.6 ms, Total. 48.62 ms (0.0%)
[Performance] InitializeOnLoad ToolbarBootstrap                                                                                    :        1 samples, Peak.  42.4 ms (1.0x), Avg.  42.4 ms, Total. 42.44 ms (0.0%)
[Performance] InitializeOnLoad BackgroundImport                                                                                    :        1 samples, Peak.   125 us (1.0x), Avg.   125 us, Total. 125.3 us (0.0%)
[Performance] InitializeOnLoad McpEditorShutdownCleanup                                                                            :        1 samples, Peak.   589 us (1.0x), Avg.   589 us, Total. 589.5 us (0.0%)
[Performance] InitializeOnLoad ProjectAutoConnectMonitor                                                                           :        1 samples, Peak.  3.71 ms (1.0x), Avg.  3.71 ms, Total. 3.706 ms (0.0%)
[Performance] InitializeOnLoad EditorStateCache                                                                                    :        1 samples, Peak.  83.3 ms (1.0x), Avg.  83.3 ms, Total. 83.31 ms (0.0%)
[Performance] InitializeOnLoad StdioBridgeHost                                                                                     :        1 samples, Peak.   495 us (1.0x), Avg.   495 us, Total. 495.4 us (0.0%)
[Performance] InitializeOnLoad StdioBridgeReloadHandler                                                                            :        1 samples, Peak.   166 us (1.0x), Avg.   166 us, Total. 166.0 us (0.0%)
[Performance] InitializeOnLoad AssetGenJobManager                                                                                  :        1 samples, Peak.   542 us (1.0x), Avg.   542 us, Total. 541.7 us (0.0%)
[Performance] InitializeOnLoad LegacyServerSrcMigration                                                                            :        1 samples, Peak.  45.2 us (1.0x), Avg.  45.2 us, Total. 45.25 us (0.0%)
[Performance] InitializeOnLoad HttpAutoStartHandler                                                                                :        1 samples, Peak.  83.4 us (1.0x), Avg.  83.4 us, Total. 83.42 us (0.0%)
[Performance] InitializeOnLoad TransportCommandDispatcher                                                                          :        1 samples, Peak.   597 ms (1.0x), Avg.   597 ms, Total. 597.2 ms (0.0%)
[Performance] InitializeOnLoad PlayModeOptionsGuard                                                                                :        1 samples, Peak.   405 us (1.0x), Avg.   405 us, Total. 404.7 us (0.0%)
[Performance] InitializeOnLoad HttpBridgeReloadHandler                                                                             :        1 samples, Peak.   231 us (1.0x), Avg.   231 us, Total. 231.3 us (0.0%)
[Performance] InitializeOnLoad TestRunnerNoThrottle                                                                                :        1 samples, Peak.   489 us (1.0x), Avg.   489 us, Total. 488.9 us (0.0%)
[Performance] InitializeOnLoad StdIoVersionMigration                                                                               :        1 samples, Peak.  62.9 us (1.0x), Avg.  62.9 us, Total. 62.92 us (0.0%)
[Performance] InitializeOnLoad ProjectIdentityUtility                                                                              :        1 samples, Peak.   542 ns (1.0x), Avg.   542 ns, Total. 542.0 ns (0.0%)
[Performance] InitializeOnLoad SetupWindowService                                                                                  :        1 samples, Peak.  38.5 us (1.0x), Avg.  38.5 us, Total. 38.54 us (0.0%)
[Performance] InitializeOnLoad StartupConfigRewrite                                                                                :        1 samples, Peak.  61.2 us (1.0x), Avg.  61.2 us, Total. 61.17 us (0.0%)
[Performance] InitializeOnLoad VSUsageUtility                                                                                      :        1 samples, Peak.  9.30 ms (1.0x), Avg.  9.30 ms, Total. 9.297 ms (0.0%)
[Performance] InitializeOnLoad VisualStudioEditor                                                                                  :        1 samples, Peak.  4.50 ms (1.0x), Avg.  4.50 ms, Total. 4.505 ms (0.0%)
[Performance] InitializeOnLoad TestRunnerApiListener                                                                               :        1 samples, Peak.   304 us (1.0x), Avg.   304 us, Total. 303.9 us (0.0%)
[Performance] InitializeOnLoad VisualStudioIntegration                                                                             :        1 samples, Peak.   402 us (1.0x), Avg.   402 us, Total. 402.4 us (0.0%)
[Performance] InitializeOnLoad PrefabLayoutRebuilder                                                                               :        1 samples, Peak.   194 us (1.0x), Avg.   194 us, Total. 194.4 us (0.0%)
[Performance] InitializeOnLoad SpriteSkinCompositeStartup                                                                          :        1 samples, Peak.  9.17 ms (1.0x), Avg.  9.17 ms, Total. 9.166 ms (0.0%)
[Performance] InitializeOnLoad UnityAnalyticsStorage                                                                               :        1 samples, Peak.   271 us (1.0x), Avg.   271 us, Total. 271.2 us (0.0%)
[Performance] InitializeOnLoad BoneGizmoInitializer                                                                                :        1 samples, Peak.  1.95 ms (1.0x), Avg.  1.95 ms, Total. 1.947 ms (0.0%)
[Performance] InitializeOnLoad Analytics                                                                                           :        1 samples, Peak.   143 us (1.0x), Avg.   143 us, Total. 142.5 us (0.0%)
[Performance] InitializeOnLoad SceneDragAndDrop                                                                                    :        1 samples, Peak.   111 us (1.0x), Avg.   111 us, Total. 111.5 us (0.0%)
[Performance] InitializeOnLoad SpriteShapeUpdateCache                                                                              :        1 samples, Peak.   421 us (1.0x), Avg.   421 us, Total. 421.4 us (0.0%)
[Performance] InitializeOnLoad SpriteShapeUnityAnalyticsStorage                                                                    :        1 samples, Peak.  8.38 us (1.0x), Avg.  8.38 us, Total. 8.375 us (0.0%)
[Performance] InitializeOnLoad IKEditorManager.CreateInstance                                                                      :        1 samples, Peak.   939 us (1.0x), Avg.   939 us, Total. 938.5 us (0.0%)
[Performance] InitializeOnLoad $BurstDirectCallInitializer.Initialize                                                              :        7 samples, Peak.  15.8 ms (4.4x), Avg.  3.63 ms, Total. 25.42 ms (0.0%)
[Performance] InitializeOnLoad SceneViewGridManager.Initialize                                                                     :        1 samples, Peak.  2.64 ms (1.0x), Avg.  2.64 ms, Total. 2.637 ms (0.0%)
[Performance] InitializeOnLoad TilemapPrefabStageHelper.Initialize                                                                 :        1 samples, Peak.   729 us (1.0x), Avg.   729 us, Total. 729.0 us (0.0%)
[Performance] InitializeOnLoad SceneViewOpenTilePaletteHelper.Initialize                                                           :        1 samples, Peak.   478 us (1.0x), Avg.   478 us, Total. 478.0 us (0.0%)
[Performance] InitializeOnLoad TileDragAndDropManager.Initialize                                                                   :        1 samples, Peak.   262 us (1.0x), Avg.   262 us, Total. 262.3 us (0.0%)
[Performance] InitializeOnLoad VisualStudioEditor.LegacyVisualStudioCodePackageDisabler                                            :        1 samples, Peak.   658 us (1.0x), Avg.   658 us, Total. 658.4 us (0.0%)
[Performance] InitializeOnLoad MaterialReimporter.RegisterUpgraderReimport                                                         :        2 samples, Peak.   148 us (1.8x), Avg.  84.0 us, Total. 168.0 us (0.0%)
[Performance] InitializeOnLoad UnityReflect.OnLoad                                                                                 :        1 samples, Peak.   378 us (1.0x), Avg.   378 us, Total. 378.3 us (0.0%)
[Performance] InitializeOnLoad GetMenuItems.BuildCache                                                                             :        1 samples, Peak.  5.32 ms (1.0x), Avg.  5.32 ms, Total. 5.315 ms (0.0%)
[Performance] InitializeOnLoad ExecuteCode.OnDomainReload                                                                          :        1 samples, Peak.   333 us (1.0x), Avg.   333 us, Total. 332.8 us (0.0%)
[Performance] InitializeOnLoad McpLogRecord.RefreshFromPrefs                                                                       :        1 samples, Peak.   100 us (1.0x), Avg.   100 us, Total. 100.4 us (0.0%)
[Performance] InitializeOnLoad BackgroundImport.Setup                                                                              :        1 samples, Peak.   717 us (1.0x), Avg.   717 us, Total. 717.3 us (0.0%)
[Performance] InitializeOnLoad TestJobDataHolder.ResumeRunningJobs                                                                 :        1 samples, Peak.   585 us (1.0x), Avg.   585 us, Total. 585.5 us (0.0%)
[Performance] InitializeOnLoad AnalyticsReporter.RegisterCallbacks                                                                 :        1 samples, Peak.   136 us (1.0x), Avg.   136 us, Total. 136.3 us (0.0%)
[Performance] InitializeOnLoad DebugManagerWindowLifetimeAnalytic.SubscribeToDebugManagerOpenCloseWindows                          :        1 samples, Peak.   371 us (1.0x), Avg.   371 us, Total. 371.3 us (0.0%)
[Performance] InitializeOnLoad CoreRenderPipelinePreferences.InitPreferenceProviders                                               :        1 samples, Peak.  10.6 ms (1.0x), Avg.  10.6 ms, Total. 10.62 ms (0.0%)
[Performance] InitializeOnLoad VolumeGizmoDrawer.InitVolumeGizmoCallbacks                                                          :        1 samples, Peak.   273 us (1.0x), Avg.   273 us, Total. 273.2 us (0.0%)
[Performance] DidReloadScriptsTestRunnerWindow.CompilationCallback                                                                 :        1 samples, Peak.   152 us (1.0x), Avg.   152 us, Total. 152.4 us (0.0%)
[Performance] DidReloadScriptsTestListCache.ScriptReloaded                                                                         :        1 samples, Peak.   809 us (1.0x), Avg.   809 us, Total. 809.3 us (0.0%)
[Performance] DidReloadScriptsLookDev.OnEditorReload                                                                               :        1 samples, Peak.   157 us (1.0x), Avg.   157 us, Total. 156.9 us (0.0%)
[Performance] DidReloadScriptsDebugWindow.OnEditorReload                                                                           :        1 samples, Peak.  6.51 ms (1.0x), Avg.  6.51 ms, Total. 6.514 ms (0.0%)
[Performance] DidReloadScriptsVolumeComponentEditor.OnEditorReload                                                                 :        1 samples, Peak.  8.15 ms (1.0x), Avg.  8.15 ms, Total. 8.146 ms (0.0%)
[Performance] DidReloadScriptsAdvancedDropdownWindow.OnScriptReload                                                                :        1 samples, Peak.   166 us (1.0x), Avg.   166 us, Total. 165.8 us (0.0%)
[Performance] AssemblyReloadEvents.afterAssemblyReload: callback in MCPForUnity.Editor.Services.EditorStateCache                   :        1 samples, Peak.   354 us (1.0x), Avg.   354 us, Total. 354.2 us (0.0%)
[Performance] AssemblyReloadEvents.afterAssemblyReload: MCPForUnity.Editor.Services.StdioBridgeReloadHandler.OnAfterAssemblyReload :        1 samples, Peak.   606 us (1.0x), Avg.   606 us, Total. 606.2 us (0.0%)
[Performance] AssemblyReloadEvents.afterAssemblyReload: MCPForUnity.Editor.Services.HttpBridgeReloadHandler.OnAfterAssemblyReload  :        1 samples, Peak.  97.9 us (1.0x), Avg.  97.9 us, Total. 97.92 us (0.0%)
[Performance] AssemblyReloadEvents.afterAssemblyReload: UnityEditor.U2D.Animation.BoneGizmo.OnAfterAssemblyReload                  :        1 samples, Peak.   578 us (1.0x), Avg.   578 us, Total. 578.3 us (0.0%)
[Performance] AssemblyReloadEvents.afterAssemblyReload: MCPForUnity.Editor.Tools.UnityReflect.InvalidateCache                      :        1 samples, Peak.   301 us (1.0x), Avg.   301 us, Total. 301.2 us (0.0%)
[Performance] UniversalRenderPipelineGlobalSettingsPostprocessor.OnPostprocessAllAssets                                            :        8 samples, Peak.  1.19 ms (4.1x), Avg.   289 us, Total. 2.309 ms (0.0%)
[Performance] SyncVS.PostprocessSyncProject                                                                                        :        4 samples, Peak.   119 ms (2.0x), Avg.  59.3 ms, Total. 237.2 ms (0.0%)
[Performance] Application.ImportPackagesAndSetTemplateWhenCreatingProject                                                          :        1 samples, Peak.  21.7 ms (1.0x), Avg.  21.7 ms, Total. 21.70 ms (0.0%)
[Performance] Application.SyncCurrentColorSpace                                                                                    :        1 samples, Peak.  5.77 s (1.0x), Avg.  5.77 s, Total. 5.773 s (0.0%)
[Performance] Application.OnUsbDevicesChanged                                                                                      :        1 samples, Peak.   467 us (1.0x), Avg.   467 us, Total. 466.8 us (0.0%)
[Performance] Application.AssetInstanceCacheUpdate                                                                                 :        1 samples, Peak.   292 ns (1.0x), Avg.   292 ns, Total. 292.0 ns (0.0%)
[Performance] Application.UnityExtensions.Initialize                                                                               :        1 samples, Peak.  8.96 ms (1.0x), Avg.  8.96 ms, Total. 8.963 ms (0.0%)
[Performance] CodeEditorProjectSync.SyncEditorProject                                                                              :        1 samples, Peak.   149 ms (1.0x), Avg.   149 ms, Total. 148.7 ms (0.0%)
[Performance] Application.ExecuteStartups                                                                                          :        1 samples, Peak.  46.7 ms (1.0x), Avg.  46.7 ms, Total. 46.75 ms (0.0%)
[Performance] Menu.RegisterMenuInterface                                                                                           :       26 samples, Peak.  1.42 us (7.2x), Avg.   197 ns, Total. 5.123 us (0.0%)
[Performance] Gizmo.RebuildRenderers                                                                                               :        1 samples, Peak.  44.6 ms (1.0x), Avg.  44.6 ms, Total. 44.64 ms (0.0%)
[Performance] Gizmo.AddGizmoRenderers                                                                                              :      128 samples, Peak.  1.49 ms (71.4x), Avg.  20.9 us, Total. 2.673 ms (0.0%)
[Performance] Application.editorInitializingProject                                                                                :        1 samples, Peak.  13.1 ms (1.0x), Avg.  13.1 ms, Total. 13.10 ms (0.0%)
[Performance] Application.InitializeMenu                                                                                           :        1 samples, Peak.  1.41 s (1.0x), Avg.  1.41 s, Total. 1.407 s (0.0%)
[Performance] Menu.RebuildAll                                                                                                      :        1 samples, Peak.  1.41 s (1.0x), Avg.  1.41 s, Total. 1.407 s (0.0%)
[Performance] Menu.BuildRegisteredMenuInterfaces                                                                                   :        1 samples, Peak.  1.40 s (1.0x), Avg.  1.40 s, Total. 1.400 s (0.0%)
[Performance] Menu.FilterMenuItem                                                                                                  :      748 samples, Peak.  70.2 ms (745.8x), Avg.  94.2 us, Total. 70.46 ms (0.0%)
[Performance] UpdateAllMenus                                                                                                       :        1 samples, Peak.   547 us (1.0x), Avg.   547 us, Total. 546.8 us (0.0%)
[Performance] EditorSceneManager.sceneClosing: UnityEditor.SceneVisibilityManager.EditorSceneManagerOnSceneClosing                 :        2 samples, Peak.   224 us (2.0x), Avg.   114 us, Total. 228.2 us (0.0%)
[Performance] GUIView.RepaintAll.PlayerLoopController                                                                              :        1 samples, Peak.  1.58 us (1.0x), Avg.  1.58 us, Total. 1.583 us (0.0%)
[Performance] EditorSceneManager.newSceneCreated: UnityEditor.SceneTemplate.SceneTemplateService.OnNewSceneCreated                 :        1 samples, Peak.   221 us (1.0x), Avg.   221 us, Total. 221.0 us (0.0%)
[Performance] EditorSceneManager.newSceneCreated: UnityEditor.SceneVisibilityManager.EditorSceneManagerOnNewSceneCreated           :        1 samples, Peak.   143 us (1.0x), Avg.   143 us, Total. 143.0 us (0.0%)
[Performance] EditorSceneManager.newSceneCreated: UnityEditor.SceneManagement.StageNavigationManager.OnNewSceneCreated             :        1 samples, Peak.  47.0 us (1.0x), Avg.  47.0 us, Total. 47.04 us (0.0%)
[Performance] Application.InvokeFinishedLoadingProject                                                                             :        1 samples, Peak.  18.9 ms (1.0x), Avg.  18.9 ms, Total. 18.92 ms (0.0%)
[Performance] ProcessService.OnProjectLoaded                                                                                       :        1 samples, Peak.  63.0 us (1.0x), Avg.  63.0 us, Total. 63.04 us (0.0%)
[Performance] VersionControl.Task.Wait                                                                                             :        1 samples, Peak.  28.5 us (1.0x), Avg.  28.5 us, Total. 28.54 us (0.0%)
[Performance] AssetDatabase.Refresh                                                                                                :        1 samples, Peak.   226 ms (1.0x), Avg.   226 ms, Total. 225.9 ms (0.0%)
[Performance] PaletteAssetModificationProcessor.OnWillSaveAssets                                                                   :        4 samples, Peak.  1.21 ms (3.9x), Avg.   312 us, Total. 1.250 ms (0.0%)
[Performance] StateMacroSavedEvent.OnWillSaveAssets                                                                                :        4 samples, Peak.   171 us (3.3x), Avg.  51.2 us, Total. 204.8 us (0.0%)
[Performance] FlowMacroSavedEvent.OnWillSaveAssets                                                                                 :        4 samples, Peak.  84.0 us (3.5x), Avg.  23.8 us, Total. 95.25 us (0.0%)
[Performance] AssetModificationProcessor.OnWillSaveAssets                                                                          :        4 samples, Peak.   164 us (3.9x), Avg.  42.2 us, Total. 168.7 us (0.0%)
[Performance] UnityCloudProjectLinkMonitor.OnWillSaveAssets                                                                        :        4 samples, Peak.   221 us (3.9x), Avg.  56.1 us, Total. 224.5 us (0.0%)
[Performance] BuilderAssetModificationProcessor.OnWillSaveAssets                                                                   :        4 samples, Peak.   288 us (3.9x), Avg.  74.2 us, Total. 297.0 us (0.0%)
[Performance] TerrainModificationProcessor.OnWillSaveAssets                                                                        :        4 samples, Peak.   430 us (3.9x), Avg.   110 us, Total. 439.8 us (0.0%)
[Performance] AssetDatabase.ImportAssets                                                                                           :       11 samples, Peak.   201 ms (5.4x), Avg.  37.3 ms, Total. 410.7 ms (0.0%)
[Performance] ShaderImporter.SourceAssetModified                                                                                   :        3 samples, Peak.   542 ns (1.4x), Avg.   389 ns, Total. 1.166 us (0.0%)
[Performance] ShaderIncludeImporter.SourceAssetModified                                                                            :        3 samples, Peak.   875 ns (1.1x), Avg.   819 ns, Total. 2.458 us (0.0%)
[Performance] PSDImporterAssetPostProcessor.OnPreprocessAsset                                                                      :        6 samples, Peak.   209 us (5.2x), Avg.  39.9 us, Total. 239.2 us (0.0%)
[Performance] PresetManagerPostProcessor.OnPreprocessAsset                                                                         :        6 samples, Peak.   200 us (4.8x), Avg.  41.8 us, Total. 250.8 us (0.0%)
[Performance] CancelSplashScreenOnAssetChange.OnPreprocessAsset                                                                    :        6 samples, Peak.  91.7 us (5.5x), Avg.  16.6 us, Total. 99.42 us (0.0%)
[Performance] ShaderGraphAssetPostProcessor.OnPreprocessAsset                                                                      :        6 samples, Peak.   118 us (5.6x), Avg.  21.2 us, Total. 127.0 us (0.0%)
[Performance] SpritePostProcess.OnPreprocessAsset                                                                                  :        6 samples, Peak.  1.18 ms (5.8x), Avg.   204 us, Total. 1.225 ms (0.0%)
[Performance] TMPro_TexturePostProcessor.OnPostprocessAllAssets                                                                    :        6 samples, Peak.   318 us (2.8x), Avg.   112 us, Total. 673.5 us (0.0%)
[Performance] AssetPostprocessor.OnPostprocessAllAssets                                                                            :        6 samples, Peak.   539 us (3.0x), Avg.   182 us, Total. 1.089 ms (0.0%)
[Performance] BuilderAssetPostprocessor.OnPostprocessAllAssets                                                                     :        6 samples, Peak.  2.66 ms (2.9x), Avg.   913 us, Total. 5.479 ms (0.0%)
[Performance] ArtifactBrowserPostProcessor.OnPostprocessAllAssets                                                                  :        6 samples, Peak.   338 us (3.0x), Avg.   114 us, Total. 686.8 us (0.0%)
[Performance] AssetEvents.OnPostprocessAllAssets                                                                                   :       12 samples, Peak.   144 us (4.6x), Avg.  31.7 us, Total. 380.3 us (0.0%)
[Performance] AudioMixerPostprocessor.OnPostprocessAllAssets                                                                       :        6 samples, Peak.   218 us (2.9x), Avg.  74.7 us, Total. 448.5 us (0.0%)
[Performance] StyleCatalogPostProcessor.OnPostprocessAllAssets                                                                     :        6 samples, Peak.  18.4 ms (3.0x), Avg.  6.16 ms, Total. 36.96 ms (0.0%)
[Performance] BuildCatalog                                                                                                         :        1 samples, Peak.  17.7 ms (1.0x), Avg.  17.7 ms, Total. 17.72 ms (0.0%)
[Performance] ModelImporterPostProcessor.OnPostprocessAllAssets                                                                    :        6 samples, Peak.   694 us (2.9x), Avg.   243 us, Total. 1.457 ms (0.0%)
[Performance] MaterialPostprocessor.OnPostprocessAllAssets                                                                         :       12 samples, Peak.   558 us (3.2x), Avg.   172 us, Total. 2.066 ms (0.0%)
[Performance] RetainedModeAssetPostprocessor.OnPostprocessAllAssets                                                                :        6 samples, Peak.  2.43 ms (3.0x), Avg.   818 us, Total. 4.911 ms (0.0%)
[Performance] AssetChangedListener.OnPostprocessAllAssets                                                                          :        6 samples, Peak.   929 us (2.4x), Avg.   385 us, Total. 2.312 ms (0.0%)
[Performance] PostProcessor.OnPostprocessAllAssets                                                                                 :        6 samples, Peak.   177 us (2.5x), Avg.  69.4 us, Total. 416.7 us (0.0%)
[Performance] ShaderGraphAssetPostProcessor.OnPostprocessAllAssets                                                                 :        6 samples, Peak.  1.09 ms (2.5x), Avg.   430 us, Total. 2.582 ms (0.0%)
[Performance] SpeedTreePostProcessor.OnPostprocessAllAssets                                                                        :        6 samples, Peak.   109 us (2.5x), Avg.  43.3 us, Total. 260.0 us (0.0%)
[Performance] TextAssetPostProcessor.OnPostprocessAllAssets                                                                        :        6 samples, Peak.   259 us (2.8x), Avg.  91.4 us, Total. 548.6 us (0.0%)
[Performance] AssetProcessor.OnPostprocessAllAssets                                                                                :       18 samples, Peak.   486 us (5.4x), Avg.  90.8 us, Total. 1.634 ms (0.0%)
[Performance] SpriteLibraryAssetPostprocessor.OnPostprocessAllAssets                                                               :        6 samples, Peak.   152 us (2.9x), Avg.  52.1 us, Total. 312.9 us (0.0%)
[Performance] PSDImporterAssetPostProcessor.OnPostprocessAllAssets                                                                 :        6 samples, Peak.  67.7 us (2.9x), Avg.  23.7 us, Total. 142.5 us (0.0%)
[Performance] PSDImportPostProcessor.OnPostprocessAllAssets                                                                        :        6 samples, Peak.  79.7 us (2.9x), Avg.  27.2 us, Total. 163.4 us (0.0%)
[Performance] SpriteEditorTexturePostprocessor.OnPostprocessAllAssets                                                              :        6 samples, Peak.   175 us (2.2x), Avg.  80.0 us, Total. 479.8 us (0.0%)
[Performance] SpriteShapeAssetPostProcessor.OnPostprocessAllAssets                                                                 :        6 samples, Peak.   424 us (1.9x), Avg.   224 us, Total. 1.346 ms (0.0%)
[Performance] EditorSceneManager.sceneOpening: UnityEditor.SceneVisibilityManager.EditorSceneManagerOnSceneOpening                 :        1 samples, Peak.   103 us (1.0x), Avg.   103 us, Total. 103.0 us (0.0%)
[Performance] Inspector.InitOrRebuild                                                                                              :        1 samples, Peak.   496 us (1.0x), Avg.   496 us, Total. 495.6 us (0.0%)
[Performance] EditorSceneManager.sceneOpened: UnityEditor.SceneTemplate.SceneTemplateService.OnSceneOpened                         :        1 samples, Peak.   178 us (1.0x), Avg.   178 us, Total. 177.6 us (0.0%)
[Performance] EditorSceneManager.sceneOpened: UnityEditor.SceneVisibilityManager.EditorSceneManagerOnSceneOpened                   :        1 samples, Peak.  85.0 us (1.0x), Avg.  85.0 us, Total. 85.04 us (0.0%)
[Performance] EditorSceneManager.sceneOpened: UnityEditor.SceneManagement.StageNavigationManager.OnSceneOpened                     :        1 samples, Peak.  42.6 us (1.0x), Avg.  42.6 us, Total. 42.58 us (0.0%)
[Performance] EditorApplication.quitting: Unity.Burst.Editor.BurstLoader.OnEditorApplicationQuitting                               :        1 samples, Peak.  1.97 ms (1.0x), Avg.  1.97 ms, Total. 1.968 ms (0.0%)
[Performance] EditorApplication.quitting: MCPForUnity.Editor.Services.McpEditorShutdownCleanup.OnEditorQuitting                    :        1 samples, Peak.  8.94 ms (1.0x), Avg.  8.94 ms, Total. 8.944 ms (0.0%)
[Performance] EditorApplication.quitting: MCPForUnity.Editor.Services.StdioBridgeReloadHandler.CancelRetries                       :        1 samples, Peak.   241 us (1.0x), Avg.   241 us, Total. 240.9 us (0.0%)
[Performance] EditorApplication.quitting: UnityEditor.Tilemaps.SceneViewGridManager.EditorQuitting                                 :        1 samples, Peak.  3.63 ms (1.0x), Avg.  3.63 ms, Total. 3.629 ms (0.0%)
[Performance] EditorApplication.quitting: callback in UnityEditor.TextCore.Text.EditorEventCallbacks                               :        1 samples, Peak.   230 ms (1.0x), Avg.   230 ms, Total. 229.5 ms (0.0%)
[Performance] Killing ADB server                                                                                                   :        1 samples, Peak.   517 ms (1.0x), Avg.   517 ms, Total. 516.9 ms (0.0%)
[Performance] Application.Shutdown.PauseProfilerSession                                                                            :        1 samples, Peak.  3.94 ms (1.0x), Avg.  3.94 ms, Total. 3.940 ms (0.0%)
[Performance] Application.Shutdown.PauseAssetImportWorkers                                                                         :        1 samples, Peak.  6.27 ms (1.0x), Avg.  6.27 ms, Total. 6.273 ms (0.0%)
[Performance] Application.Shutdown.SaveAssets                                                                                      :        1 samples, Peak.   342 ms (1.0x), Avg.   342 ms, Total. 342.0 ms (0.0%)
[Performance] Application.Shutdown.CleanupRenderPipeline                                                                           :        1 samples, Peak.   497 us (1.0x), Avg.   497 us, Total. 496.7 us (0.0%)
[Performance] Application.Shutdown.StopPreloadManager                                                                              :        1 samples, Peak.  12.5 ms (1.0x), Avg.  12.5 ms, Total. 12.50 ms (0.0%)
[Performance] Application.Shutdown.DestroyWorld                                                                                    :        1 samples, Peak.  24.0 ms (1.0x), Avg.  24.0 ms, Total. 24.02 ms (0.0%)
[Performance] Application.Shutdown.CleanupAfterLoad                                                                                :        1 samples, Peak.   182 ms (1.0x), Avg.   182 ms, Total. 182.4 ms (0.0%)
[Performance] Application.Shutdown.Progress                                                                                        :        1 samples, Peak.  1.41 ms (1.0x), Avg.  1.41 ms, Total. 1.413 ms (0.0%)
[Performance] Application.Shutdown.GICleanupManagers                                                                               :        1 samples, Peak.  10.3 ms (1.0x), Avg.  10.3 ms, Total. 10.31 ms (0.0%)
[Performance] Application.Shutdown.MenuCleanupClass                                                                                :        1 samples, Peak.   717 us (1.0x), Avg.   717 us, Total. 716.5 us (0.0%)
[Performance] Application.Shutdown.ADBSaveStateBeforeShutdown                                                                      :        1 samples, Peak.  58.5 us (1.0x), Avg.  58.5 us, Total. 58.46 us (0.0%)
[Performance] Application.Shutdown.RemoteShutdown                                                                                  :        1 samples, Peak.   243 us (1.0x), Avg.   243 us, Total. 243.5 us (0.0%)
[Performance] Application.Shutdown.CleanupVCProvider                                                                               :        1 samples, Peak.   602 us (1.0x), Avg.   602 us, Total. 601.5 us (0.0%)
[Performance] Application.Shutdown.InputShutdown                                                                                   :        1 samples, Peak.  1.15 ms (1.0x), Avg.  1.15 ms, Total. 1.148 ms (0.0%)
[Performance] Application.Shutdown.GizmoManagerDestroy                                                                             :        1 samples, Peak.  3.34 ms (1.0x), Avg.  3.34 ms, Total. 3.337 ms (0.0%)
[Performance] Application.Shutdown.ProfilerSession                                                                                 :        1 samples, Peak.  1.41 ms (1.0x), Avg.  1.41 ms, Total. 1.406 ms (0.0%)
[Performance] Application.Shutdown.ReleaseGfxWindowOnAllGUIViews                                                                   :        1 samples, Peak.   174 us (1.0x), Avg.   174 us, Total. 174.2 us (0.0%)
[Performance] Application.Shutdown.CleanupEngine                                                                                   :        1 samples, Peak.   351 ms (1.0x), Avg.   351 ms, Total. 351.3 ms (0.0%)
[Performance] Application.Shutdown.CleanupAssetDatabase                                                                            :        1 samples, Peak.  25.5 ms (1.0x), Avg.  25.5 ms, Total. 25.45 ms (0.0%)
[Performance] Application.Shutdown.ScriptCompilationCleanUp                                                                        :        1 samples, Peak.  25.7 us (1.0x), Avg.  25.7 us, Total. 25.71 us (0.0%)
[Performance] Application.Shutdown.DestroyJobSystem                                                                                :        1 samples, Peak.   527 us (1.0x), Avg.   527 us, Total. 527.2 us (0.0%)
[Performance] Application.Shutdown.CleanupPersistentManager                                                                        :        1 samples, Peak.  4.06 ms (1.0x), Avg.  4.06 ms, Total. 4.060 ms (0.0%)
[Performance] Application.Shutdown.CleanupAsyncReadManager                                                                         :        1 samples, Peak.   508 us (1.0x), Avg.   508 us, Total. 508.1 us (0.0%)
[Performance] Application.Shutdown.CleanupMono                                                                                     :        1 samples, Peak.   248 ms (1.0x), Avg.   248 ms, Total. 247.7 ms (0.0%)
[Performance] Application.Shutdown.CleanupStdConverters                                                                            :        1 samples, Peak.   132 us (1.0x), Avg.   132 us, Total. 132.4 us (0.0%)
[Performance] Application.Shutdown.UnloadAllPlatformSupportModuleNativeDlls                                                        :        1 samples, Peak.   154 us (1.0x), Avg.   154 us, Total. 153.7 us (0.0%)
[Performance] Application.Shutdown.UnloadAllPlatformSupportNativeLibraries                                                         :        1 samples, Peak.   389 us (1.0x), Avg.   389 us, Total. 388.6 us (0.0%)
[Performance] Application.Shutdown.CleanupAutoDocumentation                                                                        :        1 samples, Peak.   315 us (1.0x), Avg.   315 us, Total. 315.5 us (0.0%)
[Performance] Application.Shutdown.ShaderNameManagerDestroy                                                                        :        1 samples, Peak.   320 us (1.0x), Avg.   320 us, Total. 320.5 us (0.0%)
[Performance] Application.Shutdown.CleanupCacheServer                                                                              :        1 samples, Peak.   209 ns (1.0x), Avg.   209 ns, Total. 209.0 ns (0.0%)
[Performance] Application.Shutdown.Virtualization_Shutdown                                                                         :        1 samples, Peak.  19.5 us (1.0x), Avg.  19.5 us, Total. 19.54 us (0.0%)
[Performance] Application.Shutdown.DevConnections                                                                                  :        1 samples, Peak.   654 us (1.0x), Avg.   654 us, Total. 653.7 us (0.0%)
Exiting batchmode successfully now!
[Package Manager] Server::Kill -- Server was shutdown
