Unity Editor version:    2022.3.62f2 (7670c08855a9)
Branch:                  2022.3/respin/2022.3.62f2-4af31df585-v2
Build type:              Release
Batch mode:              YES
macOS version:           Version 26.5.2 (Build 25F84)
Darwin version:          25.5.0
Architecture:            arm64
Running under Rosetta:   NO
Available memory:        16384 MB
[Licensing::Module] Trying to connect to existing licensing client channel...
[Licensing::IpcConnector] Channel LicenseClient-ah doesn't exist
Launching external process: /Applications/Unity/Hub/Editor/2022.3.62f2/Unity.app/Contents/Frameworks/UnityLicensingClient.app/Contents/MacOS/Unity.Licensing.Client
[Licensing::Module] Successfully launched the LicensingClient (PId: 10166)
[Licensing::IpcConnector] Successfully connected to: "LicenseClient-ah" at "2026-09-06T22:53:45.360586Z"
[Licensing::Client] Code 10 while verifying Licensing Client signature (process Id: 10166, path: "/Applications/Unity/Hub/Editor/2022.3.62f2/Unity.app/Contents/Frameworks/UnityLicensingClient.app/Contents/MacOS/Unity.Licensing.Client")
[Licensing::Module] LicensingClient has failed validation; ignoring
[Licensing::Client] Handshaking with LicensingClient:
  Version:                 1.16.2+bdef8f5
  Session Id:              81ad87cf0e9749359078652afc430f02
  Correlation Id:          c40bf6b783f6c1860f9ea23bd09a4153
  External correlation Id: 1416916088426611374
  Machine Id:              QTbwZpmVHn8IER/kXaS7sHTplvE=
[Licensing::Module] Successfully connected to LicensingClient on channel: "LicenseClient-ah" (connect: 0.94s, validation: 0.04s, handshake: 0.78s)
[Licensing::IpcConnector] Successfully connected to: "LicenseClient-ah-notifications" at "2026-09-06T22:53:46.188783Z"
[Licensing::Module] Connected to LicensingClient (PId: 10166, launch time: 0.00, total connection time: 1.77s)
[Licensing::Module] Error: Access token is unavailable; failed to update
[Licensing::Client] Error: Code 500 while processing request (status: Unable to update licenses. Errors: No ULF license found.,Token not found in cache)
[Licensing::Client] Error: Code 500 while updating license in client (status: Unable to update licenses. Errors: No ULF license found.,Token not found in cache)
[Licensing::Client] Successfully resolved entitlement details
[Licensing::Module] Serial number assigned to: "1375968193622-UnityPersXXXX"
Pro License: NO
[Licensing::Client] Successfully resolved entitlement details
Launching external process: /Applications/Unity/Hub/Editor/2022.3.62f2/Unity.app/Contents/Resources/PackageManager/Server/UnityPackageManager

COMMAND LINE ARGUMENTS:
/Applications/Unity/Hub/Editor/2022.3.62f2/Unity.app/Contents/MacOS/Unity
-projectPath
/Users/ah/GitHub/hybridclr/hybridclr_demo_shadow
-batchmode
-quit
-logFile
/Users/ah/GitHub/hybridclr/hybridclr_demo_shadow/_temp/UnityExec_20260906_155344.log
-executeMethod
AssemblyShadowBaseline.Editor.BaselineBuild.InstallRepeatability
-buildTarget
StandaloneOSX
Successfully changed project path to: /Users/ah/GitHub/hybridclr/hybridclr_demo_shadow
/Users/ah/GitHub/hybridclr/hybridclr_demo_shadow
[UnityMemory] Configuration Parameters - Can be set up in boot.config
    "memorysetup-bucket-allocator-granularity=16"
    "memorysetup-bucket-allocator-bucket-count=8"
    "memorysetup-bucket-allocator-block-size=33554432"
    "memorysetup-bucket-allocator-block-count=8"
    "memorysetup-main-allocator-block-size=16777216"
    "memorysetup-thread-allocator-block-size=16777216"
    "memorysetup-gfx-main-allocator-block-size=16777216"
    "memorysetup-gfx-thread-allocator-block-size=16777216"
    "memorysetup-cache-allocator-block-size=4194304"
    "memorysetup-typetree-allocator-block-size=2097152"
    "memorysetup-profiler-bucket-allocator-granularity=16"
    "memorysetup-profiler-bucket-allocator-bucket-count=8"
    "memorysetup-profiler-bucket-allocator-block-size=33554432"
    "memorysetup-profiler-bucket-allocator-block-count=8"
    "memorysetup-profiler-allocator-block-size=16777216"
    "memorysetup-profiler-editor-allocator-block-size=1048576"
    "memorysetup-temp-allocator-size-main=16777216"
    "memorysetup-job-temp-allocator-block-size=2097152"
    "memorysetup-job-temp-allocator-block-size-background=1048576"
    "memorysetup-job-temp-allocator-reduction-small-platforms=262144"
    "memorysetup-allocator-temp-initial-block-size-main=262144"
    "memorysetup-allocator-temp-initial-block-size-worker=262144"
    "memorysetup-temp-allocator-size-background-worker=32768"
    "memorysetup-temp-allocator-size-job-worker=262144"
    "memorysetup-temp-allocator-size-preload-manager=33554432"
    "memorysetup-temp-allocator-size-nav-mesh-worker=65536"
    "memorysetup-temp-allocator-size-audio-worker=65536"
    "memorysetup-temp-allocator-size-cloud-worker=32768"
    "memorysetup-temp-allocator-size-gi-baking-worker=262144"
    "memorysetup-temp-allocator-size-gfx=262144"
Player connection [8416632192]  Target information:

Player connection [8416632192]  * "[IP] 192.168.1.54 [Port] 55504 [Flags] 2 [Guid] 1806796010 [EditorId] 1806796010 [Version] 1048832 [Id] OSXEditor(0,Mac) [Debug] 1 [PackageName] OSXEditor [ProjectName] Editor" 

Player connection [8416632192] Host joined multi-casting on [225.0.0.222:54997]...
Player connection [8416632192] Host joined alternative multi-casting on [225.0.0.222:34997]...
Input System module state changed to: Initialized.
[PhysX] Initialized MultithreadedTaskDispatcher with 10 workers.
[Package Manager] UpmClient::Connect -- Connected to IPC stream "Upm-10165" after 0.7 seconds.
[Package Manager] Restoring resolved packages state from cache
[Licensing::Client] Successfully resolved entitlement details
[Package Manager] Registered 62 packages:
  Packages from [https://packages.unity.com]:
    com.unity.collab-proxy@2.7.1 (location: /Users/ah/GitHub/hybridclr/hybridclr_demo_shadow/Library/PackageCache/com.unity.collab-proxy@2.7.1)
    com.unity.ide.rider@3.0.36 (location: /Users/ah/GitHub/hybridclr/hybridclr_demo_shadow/Library/PackageCache/com.unity.ide.rider@3.0.36)
    com.unity.ide.visualstudio@2.0.22 (location: /Users/ah/GitHub/hybridclr/hybridclr_demo_shadow/Library/PackageCache/com.unity.ide.visualstudio@2.0.22)
    com.unity.test-framework@1.1.33 (location: /Users/ah/GitHub/hybridclr/hybridclr_demo_shadow/Library/PackageCache/com.unity.test-framework@1.1.33)
    com.unity.textmeshpro@3.0.7 (location: /Users/ah/GitHub/hybridclr/hybridclr_demo_shadow/Library/PackageCache/com.unity.textmeshpro@3.0.7)
    com.unity.timeline@1.7.7 (location: /Users/ah/GitHub/hybridclr/hybridclr_demo_shadow/Library/PackageCache/com.unity.timeline@1.7.7)
    com.unity.visualscripting@1.9.4 (location: /Users/ah/GitHub/hybridclr/hybridclr_demo_shadow/Library/PackageCache/com.unity.visualscripting@1.9.4)
    com.unity.ext.nunit@1.0.6 (location: /Users/ah/GitHub/hybridclr/hybridclr_demo_shadow/Library/PackageCache/com.unity.ext.nunit@1.0.6)
    com.unity.mathematics@1.2.6 (location: /Users/ah/GitHub/hybridclr/hybridclr_demo_shadow/Library/PackageCache/com.unity.mathematics@1.2.6)
    com.unity.burst@1.8.21 (location: /Users/ah/GitHub/hybridclr/hybridclr_demo_shadow/Library/PackageCache/com.unity.burst@1.8.21)
    com.unity.2d.animation@9.2.0 (location: /Users/ah/GitHub/hybridclr/hybridclr_demo_shadow/Library/PackageCache/com.unity.2d.animation@9.2.0)
    com.unity.2d.pixel-perfect@5.1.0 (location: /Users/ah/GitHub/hybridclr/hybridclr_demo_shadow/Library/PackageCache/com.unity.2d.pixel-perfect@5.1.0)
    com.unity.2d.psdimporter@8.1.0 (location: /Users/ah/GitHub/hybridclr/hybridclr_demo_shadow/Library/PackageCache/com.unity.2d.psdimporter@8.1.0)
    com.unity.2d.spriteshape@9.1.0 (location: /Users/ah/GitHub/hybridclr/hybridclr_demo_shadow/Library/PackageCache/com.unity.2d.spriteshape@9.1.0)
    com.unity.2d.tilemap.extras@3.1.3 (location: /Users/ah/GitHub/hybridclr/hybridclr_demo_shadow/Library/PackageCache/com.unity.2d.tilemap.extras@3.1.3)
    com.unity.2d.aseprite@1.1.9 (location: /Users/ah/GitHub/hybridclr/hybridclr_demo_shadow/Library/PackageCache/com.unity.2d.aseprite@1.1.9)
    com.unity.nuget.newtonsoft-json@3.2.1 (location: /Users/ah/GitHub/hybridclr/hybridclr_demo_shadow/Library/PackageCache/com.unity.nuget.newtonsoft-json@3.2.1)
    com.unity.searcher@4.9.2 (location: /Users/ah/GitHub/hybridclr/hybridclr_demo_shadow/Library/PackageCache/com.unity.searcher@4.9.2)
    com.unity.2d.common@8.1.0 (location: /Users/ah/GitHub/hybridclr/hybridclr_demo_shadow/Library/PackageCache/com.unity.2d.common@8.1.0)
    com.unity.collections@1.2.4 (location: /Users/ah/GitHub/hybridclr/hybridclr_demo_shadow/Library/PackageCache/com.unity.collections@1.2.4)
  Built-in packages:
    com.unity.feature.2d@2.0.1 (location: /Users/ah/GitHub/hybridclr/hybridclr_demo_shadow/Library/PackageCache/com.unity.feature.2d@2.0.1)
    com.unity.render-pipelines.universal@14.0.12 (location: /Users/ah/GitHub/hybridclr/hybridclr_demo_shadow/Library/PackageCache/com.unity.render-pipelines.universal@14.0.12)
    com.unity.ugui@1.0.0 (location: /Users/ah/GitHub/hybridclr/hybridclr_demo_shadow/Library/PackageCache/com.unity.ugui@1.0.0)
    com.unity.modules.ai@1.0.0 (location: /Users/ah/GitHub/hybridclr/hybridclr_demo_shadow/Library/PackageCache/com.unity.modules.ai@1.0.0)
    com.unity.modules.androidjni@1.0.0 (location: /Users/ah/GitHub/hybridclr/hybridclr_demo_shadow/Library/PackageCache/com.unity.modules.androidjni@1.0.0)
    com.unity.modules.animation@1.0.0 (location: /Users/ah/GitHub/hybridclr/hybridclr_demo_shadow/Library/PackageCache/com.unity.modules.animation@1.0.0)
    com.unity.modules.assetbundle@1.0.0 (location: /Users/ah/GitHub/hybridclr/hybridclr_demo_shadow/Library/PackageCache/com.unity.modules.assetbundle@1.0.0)
    com.unity.modules.audio@1.0.0 (location: /Users/ah/GitHub/hybridclr/hybridclr_demo_shadow/Library/PackageCache/com.unity.modules.audio@1.0.0)
    com.unity.modules.cloth@1.0.0 (location: /Users/ah/GitHub/hybridclr/hybridclr_demo_shadow/Library/PackageCache/com.unity.modules.cloth@1.0.0)
    com.unity.modules.director@1.0.0 (location: /Users/ah/GitHub/hybridclr/hybridclr_demo_shadow/Library/PackageCache/com.unity.modules.director@1.0.0)
    com.unity.modules.imageconversion@1.0.0 (location: /Users/ah/GitHub/hybridclr/hybridclr_demo_shadow/Library/PackageCache/com.unity.modules.imageconversion@1.0.0)
    com.unity.modules.imgui@1.0.0 (location: /Users/ah/GitHub/hybridclr/hybridclr_demo_shadow/Library/PackageCache/com.unity.modules.imgui@1.0.0)
    com.unity.modules.jsonserialize@1.0.0 (location: /Users/ah/GitHub/hybridclr/hybridclr_demo_shadow/Library/PackageCache/com.unity.modules.jsonserialize@1.0.0)
    com.unity.modules.particlesystem@1.0.0 (location: /Users/ah/GitHub/hybridclr/hybridclr_demo_shadow/Library/PackageCache/com.unity.modules.particlesystem@1.0.0)
    com.unity.modules.physics@1.0.0 (location: /Users/ah/GitHub/hybridclr/hybridclr_demo_shadow/Library/PackageCache/com.unity.modules.physics@1.0.0)
    com.unity.modules.physics2d@1.0.0 (location: /Users/ah/GitHub/hybridclr/hybridclr_demo_shadow/Library/PackageCache/com.unity.modules.physics2d@1.0.0)
    com.unity.modules.screencapture@1.0.0 (location: /Users/ah/GitHub/hybridclr/hybridclr_demo_shadow/Library/PackageCache/com.unity.modules.screencapture@1.0.0)
    com.unity.modules.terrain@1.0.0 (location: /Users/ah/GitHub/hybridclr/hybridclr_demo_shadow/Library/PackageCache/com.unity.modules.terrain@1.0.0)
    com.unity.modules.terrainphysics@1.0.0 (location: /Users/ah/GitHub/hybridclr/hybridclr_demo_shadow/Library/PackageCache/com.unity.modules.terrainphysics@1.0.0)
    com.unity.modules.tilemap@1.0.0 (location: /Users/ah/GitHub/hybridclr/hybridclr_demo_shadow/Library/PackageCache/com.unity.modules.tilemap@1.0.0)
    com.unity.modules.ui@1.0.0 (location: /Users/ah/GitHub/hybridclr/hybridclr_demo_shadow/Library/PackageCache/com.unity.modules.ui@1.0.0)
    com.unity.modules.uielements@1.0.0 (location: /Users/ah/GitHub/hybridclr/hybridclr_demo_shadow/Library/PackageCache/com.unity.modules.uielements@1.0.0)
    com.unity.modules.umbra@1.0.0 (location: /Users/ah/GitHub/hybridclr/hybridclr_demo_shadow/Library/PackageCache/com.unity.modules.umbra@1.0.0)
    com.unity.modules.unityanalytics@1.0.0 (location: /Users/ah/GitHub/hybridclr/hybridclr_demo_shadow/Library/PackageCache/com.unity.modules.unityanalytics@1.0.0)
    com.unity.modules.unitywebrequest@1.0.0 (location: /Users/ah/GitHub/hybridclr/hybridclr_demo_shadow/Library/PackageCache/com.unity.modules.unitywebrequest@1.0.0)
    com.unity.modules.unitywebrequestassetbundle@1.0.0 (location: /Users/ah/GitHub/hybridclr/hybridclr_demo_shadow/Library/PackageCache/com.unity.modules.unitywebrequestassetbundle@1.0.0)
    com.unity.modules.unitywebrequestaudio@1.0.0 (location: /Users/ah/GitHub/hybridclr/hybridclr_demo_shadow/Library/PackageCache/com.unity.modules.unitywebrequestaudio@1.0.0)
    com.unity.modules.unitywebrequesttexture@1.0.0 (location: /Users/ah/GitHub/hybridclr/hybridclr_demo_shadow/Library/PackageCache/com.unity.modules.unitywebrequesttexture@1.0.0)
    com.unity.modules.unitywebrequestwww@1.0.0 (location: /Users/ah/GitHub/hybridclr/hybridclr_demo_shadow/Library/PackageCache/com.unity.modules.unitywebrequestwww@1.0.0)
    com.unity.modules.vehicles@1.0.0 (location: /Users/ah/GitHub/hybridclr/hybridclr_demo_shadow/Library/PackageCache/com.unity.modules.vehicles@1.0.0)
    com.unity.modules.video@1.0.0 (location: /Users/ah/GitHub/hybridclr/hybridclr_demo_shadow/Library/PackageCache/com.unity.modules.video@1.0.0)
    com.unity.modules.vr@1.0.0 (location: /Users/ah/GitHub/hybridclr/hybridclr_demo_shadow/Library/PackageCache/com.unity.modules.vr@1.0.0)
    com.unity.modules.wind@1.0.0 (location: /Users/ah/GitHub/hybridclr/hybridclr_demo_shadow/Library/PackageCache/com.unity.modules.wind@1.0.0)
    com.unity.modules.xr@1.0.0 (location: /Users/ah/GitHub/hybridclr/hybridclr_demo_shadow/Library/PackageCache/com.unity.modules.xr@1.0.0)
    com.unity.modules.subsystems@1.0.0 (location: /Users/ah/GitHub/hybridclr/hybridclr_demo_shadow/Library/PackageCache/com.unity.modules.subsystems@1.0.0)
    com.unity.render-pipelines.core@14.0.12 (location: /Users/ah/GitHub/hybridclr/hybridclr_demo_shadow/Library/PackageCache/com.unity.render-pipelines.core@14.0.12)
    com.unity.shadergraph@14.0.12 (location: /Users/ah/GitHub/hybridclr/hybridclr_demo_shadow/Library/PackageCache/com.unity.shadergraph@14.0.12)
    com.unity.render-pipelines.universal-config@14.0.10 (location: /Users/ah/GitHub/hybridclr/hybridclr_demo_shadow/Library/PackageCache/com.unity.render-pipelines.universal-config@14.0.10)
    com.unity.2d.sprite@1.0.0 (location: /Users/ah/GitHub/hybridclr/hybridclr_demo_shadow/Library/PackageCache/com.unity.2d.sprite@1.0.0)
    com.unity.2d.tilemap@1.0.0 (location: /Users/ah/GitHub/hybridclr/hybridclr_demo_shadow/Library/PackageCache/com.unity.2d.tilemap@1.0.0)
  Embedded packages:
    com.coplaydev.unity-mcp@file:/Users/ah/GitHub/hybridclr/hybridclr_demo_shadow/Packages/com.coplaydev.unity-mcp (location: /Users/ah/GitHub/hybridclr/hybridclr_demo_shadow/Packages/com.coplaydev.unity-mcp)
  Local packages:
    com.code-philosophy.hybridclr@file:/Users/ah/GitHub/hybridclr/hybridclr_unity (location: /Users/ah/GitHub/hybridclr/hybridclr_unity)
[Subsystems] No new subsystems found in resolved package list.
Package Manager log level set to [2]
[Package Manager] Done registering packages in 0.14 seconds
Targeting platform: StandaloneOSX
Refreshing native plugins compatible for Editor in 23.65 ms, found 7 plugins.
Preloading 0 native plugins for Editor in 0.00 ms.
Initialize engine version: 2022.3.62f2 (7670c08855a9)
[Subsystems] Discovering subsystems at path /Applications/Unity/Hub/Editor/2022.3.62f2/Unity.app/Contents/Resources/UnitySubsystems
[Subsystems] Discovering subsystems at path /Users/ah/GitHub/hybridclr/hybridclr_demo_shadow/Assets
GfxDevice: creating device client; threaded=0; jobified=0
 preferred device: Apple M4 (high power)
Metal devices available: 1
0: Apple M4 (high power)
Using device Apple M4 (high power)
Initializing Metal device caps: Apple M4
[Licensing::Client] Successfully resolved entitlement details
Initialize mono
Mono path[0] = '/Applications/Unity/Hub/Editor/2022.3.62f2/Unity.app/Contents/Managed'
Mono path[1] = '/Applications/Unity/Hub/Editor/2022.3.62f2/Unity.app/Contents/MonoBleedingEdge/lib/mono/unityjit-macos'
Mono config path = '/Applications/Unity/Hub/Editor/2022.3.62f2/Unity.app/Contents/MonoBleedingEdge/etc'
Using monoOptions --debugger-agent=transport=dt_socket,embedding=1,server=y,suspend=n,address=127.0.0.1:56165
Using cacheserver namespaces - metadata:defaultmetadata, artifacts:defaultartifacts
Using cacheserver namespaces - metadata:defaultmetadata, artifacts:defaultartifacts
ImportWorker Server TCP listen port: 0
Begin MonoManager ReloadAssembly
Registering precompiled unity dll's ...
Register platform support module: /Applications/Unity/Hub/Editor/2022.3.62f2/Unity.app/Contents/PlaybackEngines/MacStandaloneSupport/UnityEditor.OSXStandalone.Extensions.dll
[Licensing::Client] Successfully resolved entitlement details
Register platform support module: /Applications/Unity/Hub/Editor/2022.3.62f2/PlaybackEngines/AndroidPlayer/UnityEditor.Android.Extensions.dll
[Licensing::Client] Successfully resolved entitlement details
Register platform support module: /Applications/Unity/Hub/Editor/2022.3.62f2/PlaybackEngines/iOSSupport/UnityEditor.iOS.Extensions.dll
Registered in 0.026475 seconds.
- Loaded All Assemblies, in  0.304 seconds
[usbmuxd] Start listen thread
[usbmuxd] Listen thread started
[usbmuxd] Send listen message
Native extension for iOS target not found
Native extension for Android target not found
Android Extension - Scanning For ADB Devices 183 ms
Native extension for OSXStandalone target not found
Mono: successfully reloaded assembly
- Finished resetting the current domain, in  0.473 seconds
Domain Reload Profiling: 777ms
	BeginReloadAssembly (71ms)
		ExecutionOrderSort (0ms)
		DisableScriptedObjects (0ms)
		BackupInstance (0ms)
		ReleaseScriptingObjects (0ms)
		CreateAndSetChildDomain (1ms)
	RebuildCommonClasses (29ms)
	RebuildNativeTypeToScriptingClass (9ms)
	initialDomainReloadingComplete (64ms)
	LoadAllAssembliesAndSetupDomain (130ms)
		LoadAssemblies (72ms)
		RebuildTransferFunctionScriptingTraits (0ms)
		AnalyzeDomain (127ms)
			TypeCache.Refresh (125ms)
				TypeCache.ScanAssembly (113ms)
			ScanForSourceGeneratedMonoScriptInfo (0ms)
			ResolveRequiredComponents (1ms)
	FinalizeReload (474ms)
		ReleaseScriptCaches (0ms)
		RebuildScriptCaches (0ms)
		SetupLoadedEditorAssemblies (436ms)
			LogAssemblyErrors (0ms)
			InitializePlatformSupportModulesInManaged (315ms)
			SetLoadedEditorAssemblies (4ms)
			RefreshPlugins (0ms)
			BeforeProcessingInitializeOnLoad (2ms)
			ProcessInitializeOnLoadAttributes (83ms)
			ProcessInitializeOnLoadMethodAttributes (33ms)
			AfterProcessingInitializeOnLoad (0ms)
			EditorAssembliesLoaded (0ms)
		ExecutionOrderSort2 (0ms)
		AwakeInstancesAfterBackupRestoration (0ms)
[Licensing::Client] Successfully resolved entitlement details
Application.AssetDatabase Initial Refresh Start
[40m[32minfo[39m[22m[49m: Microsoft.Hosting.Lifetime[14]
      Now listening on: http://unix:/tmp/ilpp.sock-6bfb419590cbbc64989d39d95a4e287a
[40m[32minfo[39m[22m[49m: Microsoft.Hosting.Lifetime[0]
      Application started. Press Ctrl+C to shut down.
[40m[32minfo[39m[22m[49m: Microsoft.Hosting.Lifetime[0]
      Hosting environment: Production
[40m[32minfo[39m[22m[49m: Microsoft.Hosting.Lifetime[0]
      Content root path: /Users/ah/GitHub/hybridclr/hybridclr_demo_shadow/
[40m[32minfo[39m[22m[49m: Microsoft.AspNetCore.Hosting.Diagnostics[1]
      Request starting HTTP/2 POST http://ilpp/UnityILPP.PostProcessing/Ping application/grpc -
[40m[32minfo[39m[22m[49m: Microsoft.AspNetCore.Routing.EndpointMiddleware[0]
      Executing endpoint 'gRPC - /UnityILPP.PostProcessing/Ping'
[40m[32minfo[39m[22m[49m: Microsoft.AspNetCore.Routing.EndpointMiddleware[1]
      Executed endpoint 'gRPC - /UnityILPP.PostProcessing/Ping'
[40m[32minfo[39m[22m[49m: Microsoft.AspNetCore.Hosting.Diagnostics[2]
      Request finished HTTP/2 POST http://ilpp/UnityILPP.PostProcessing/Ping application/grpc - - 200 - application/grpc 42.0870ms
Starting: /Applications/Unity/Hub/Editor/2022.3.62f2/Unity.app/Contents/bee_backend --ipc --defer-dag-verification --dagfile="Library/Bee/200b0aE.dag" --continue-on-failure --profile="Library/Bee/backend1.traceevents" ScriptAssemblies
WorkingDir: /Users/ah/GitHub/hybridclr/hybridclr_demo_shadow
DisplayProgressbar: Compiling Scripts
[40m[32minfo[39m[22m[49m: Microsoft.AspNetCore.Hosting.Diagnostics[1]
      Request starting HTTP/2 POST http://ilpp/UnityILPP.PostProcessing/ConfigurePostProcessors application/grpc -
[40m[32minfo[39m[22m[49m: Microsoft.AspNetCore.Routing.EndpointMiddleware[0]
      Executing endpoint 'gRPC - /UnityILPP.PostProcessing/ConfigurePostProcessors'
[40m[1m[33mwarn[39m[22m[49m: Unity.ILPP.Runner.PostProcessingAssemblyLoadContext[0]
      Assembly unityeditor.ios.extensions.xcode has duplicate hint path. Ignoring "/Applications/Unity/Hub/Editor/2022.3.62f2/Unity.app/Contents/PlaybackEngines/MacStandaloneSupport/UnityEditor.iOS.Extensions.Xcode.dll" in favor of "/Applications/Unity/Hub/Editor/2022.3.62f2/PlaybackEngines/iOSSupport/UnityEditor.iOS.Extensions.Xcode.dll"
[40m[1m[33mwarn[39m[22m[49m: Unity.ILPP.Runner.PostProcessingAssemblyLoadContext[0]
      Assembly system.componentmodel.composition has duplicate hint path. Ignoring "/Applications/Unity/Hub/Editor/2022.3.62f2/Unity.app/Contents/NetStandard/compat/2.1.0/shims/netfx/System.ComponentModel.Composition.dll" in favor of "/Applications/Unity/Hub/Editor/2022.3.62f2/Unity.app/Contents/UnityReferenceAssemblies/unity-4.8-api/System.ComponentModel.Composition.dll"
[40m[1m[33mwarn[39m[22m[49m: Unity.ILPP.Runner.PostProcessingAssemblyLoadContext[0]
      Assembly system.runtime.interopservices.windowsruntime has duplicate hint path. Ignoring "/Applications/Unity/Hub/Editor/2022.3.62f2/Unity.app/Contents/NetStandard/Extensions/2.0.0/System.Runtime.InteropServices.WindowsRuntime.dll" in favor of "/Applications/Unity/Hub/Editor/2022.3.62f2/Unity.app/Contents/UnityReferenceAssemblies/unity-4.8-api/Facades/System.Runtime.InteropServices.WindowsRuntime.dll"
[40m[32minfo[39m[22m[49m: Unity.ILPP.Runner.PostProcessingAssemblyLoadContext[0]
      Resolved Unity.Burst.Cecil, Version=0.11.4.0, Culture=neutral, PublicKeyToken=50cebf1cceb9d05e with Library/PackageCache/com.unity.burst@1.8.21/Unity.Burst.CodeGen/Unity.Burst.Cecil.dll
[40m[32minfo[39m[22m[49m: Microsoft.AspNetCore.Routing.EndpointMiddleware[1]
      Executed endpoint 'gRPC - /UnityILPP.PostProcessing/ConfigurePostProcessors'
[40m[32minfo[39m[22m[49m: Microsoft.AspNetCore.Hosting.Diagnostics[2]
      Request finished HTTP/2 POST http://ilpp/UnityILPP.PostProcessing/ConfigurePostProcessors application/grpc - - 200 - application/grpc 21.7629ms
ExitCode: 0 Duration: 0s502ms
[682/917    0s] ILPP-Configuration Library/ilpp-configuration.nevergeneratedoutput
*** Tundra build success (0.49 seconds), 1 items updated, 917 evaluated
AssetDatabase: script compilation time: 1.196170s
Begin MonoManager ReloadAssembly
Total cache size 268234544
Total cache size after purge 268234544
Symbol file LoadedFromMemory is not a mono symbol file
- Loaded All Assemblies, in  0.594 seconds
Refreshing native plugins compatible for Editor in 2.55 ms, found 7 plugins.
Preloading 0 native plugins for Editor in 0.00 ms.
Refreshing native plugins compatible for Editor in 2.45 ms, found 7 plugins.
Native extension for iOS target not found
Native extension for Android target not found
Native extension for OSXStandalone target not found
Fallback handler could not load library /Applications/Unity/Hub/Editor/2022.3.62f2/Unity.app/Contents/Frameworks/MonoBleedingEdge/lib/pthread
Mono: successfully reloaded assembly
- Finished resetting the current domain, in  1.544 seconds
Domain Reload Profiling: 2139ms
	BeginReloadAssembly (82ms)
		ExecutionOrderSort (0ms)
		DisableScriptedObjects (4ms)
		BackupInstance (0ms)
		ReleaseScriptingObjects (0ms)
		CreateAndSetChildDomain (17ms)
	RebuildCommonClasses (26ms)
	RebuildNativeTypeToScriptingClass (9ms)
	initialDomainReloadingComplete (19ms)
	LoadAllAssembliesAndSetupDomain (458ms)
		LoadAssemblies (278ms)
		RebuildTransferFunctionScriptingTraits (0ms)
		AnalyzeDomain (218ms)
			TypeCache.Refresh (186ms)
				TypeCache.ScanAssembly (168ms)
			ScanForSourceGeneratedMonoScriptInfo (22ms)
			ResolveRequiredComponents (9ms)
	FinalizeReload (1545ms)
		ReleaseScriptCaches (0ms)
		RebuildScriptCaches (0ms)
		SetupLoadedEditorAssemblies (1377ms)
			LogAssemblyErrors (0ms)
			InitializePlatformSupportModulesInManaged (22ms)
			SetLoadedEditorAssemblies (4ms)
			RefreshPlugins (0ms)
			BeforeProcessingInitializeOnLoad (64ms)
			ProcessInitializeOnLoadAttributes (1220ms)
			ProcessInitializeOnLoadMethodAttributes (66ms)
			AfterProcessingInitializeOnLoad (1ms)
			EditorAssembliesLoaded (0ms)
		ExecutionOrderSort2 (0ms)
		AwakeInstancesAfterBackupRestoration (3ms)
Asset Pipeline Refresh (id=1406cd24b5ffe4b3eb446e179a73356a): Total: 5.573 seconds - Initiated by InitialRefreshV2(ForceSynchronousImport)
	Summary:
		Imports: total=0 (actual=0, local cache=0, cache server=0)
		Asset DB Process Time: managed=0 ms, native=2127 ms
		Asset DB Callback time: managed=13 ms, native=0 ms
		Scripting: domain reloads=1, domain reload time=2194 ms, compile time=1198 ms, other=39 ms
		Project Asset Count: scripts=7449, non-scripts=2328
		Asset File Changes: new=0, changed=0, moved=0, deleted=0
		Scan Filter Count: 1
	InvokeBeforeRefreshCallbacks: 0.312ms
	ApplyChangesToAssetFolders: 0.057ms
	Scan: 491.224ms
	OnSourceAssetsModified: 0.001ms
	GetAllGuidsForCategorization: 0.592ms
	CategorizeAssets: 187.485ms
	ImportOutOfDateAssets: 1579.148ms (362.227ms without children)
		CompileScripts: 1197.943ms
		ReloadNativeAssets: 0.018ms
		UnloadImportedAssets: 14.995ms
		EnsureUptoDateAssetsAreRegisteredWithGuidPM: 2.729ms
		InitializingProgressBar: 0.000ms
		PostProcessAllAssetNotificationsAddChangedAssets: 0.000ms
		OnDemandSchedulerStart: 1.236ms
	PostProcessAllAssets: 13.041ms
	GatherAllCurrentPrimaryArtifactRevisions: 0.002ms
	UnloadStreamsBegin: 1.101ms
	PersistCurrentRevisions: 0.375ms
	UnloadStreamsEnd: 0.024ms
	GenerateScriptTypeHashes: 1.157ms
	Untracked: 3299.856ms
Application.AssetDatabase Initial Refresh End
Launching external process: /Applications/Unity/Hub/Editor/2022.3.62f2/Unity.app/Contents/Tools/UnityShaderCompiler
Launched and connected shader compiler UnityShaderCompiler after 0.06 seconds
Scanning for USB devices : 0.342ms
Initializing Unity extensions:
[Licensing::Client] Successfully resolved entitlement details
[MODES] ModeService[none].Initialize
[MODES] ModeService[none].LoadModes
[MODES] Loading mode Default (0) for mode-current-id-AssemblyShadowBaseline
2026-09-06 15:53:55.810 Unity[10165:11883262] NSEventModifierFlagFunction specified to -setKeyEquivalentModifierMask: for item <NSMenuItem: 0x8ffb4de00 Font Asset, ke='Command-F12'>, but is only supported for system-provided menu items; will not be used
[PhysX] Initialized MultithreadedTaskDispatcher with 10 workers.
ProgressiveSceneManager::Cancel()
-- Listing OpenCL platforms(s) --
 * OpenCL platform 0
	PROFILE = FULL_PROFILE
	VERSION = OpenCL 1.2 (Apr 18 2026 19:20:04)
	NAME = Apple
	VENDOR = Apple
-- Listing OpenCL device(s) --
 * OpenCL platform 0, device 0 
	DEVICE_TYPE = 4
	DEVICE_NAME = Apple M4
	DEVICE_VENDOR = Apple
	DEVICE_VERSION = OpenCL 1.2 
	DRIVER_VERSION = 1.2 1.0
	DEVICE_MAX_COMPUTE_UNITS = 10
	DEVICE_MAX_CLOCK_FREQUENCY = 1000
	CL_DEVICE_MAX_CONSTANT_BUFFER_SIZE = 1073741824
	CL_DEVICE_HOST_UNIFIED_MEMORY = true
	CL_DEVICE_MAX_MEM_ALLOC_SIZE = 2383708160
	DEVICE_GLOBAL_MEM_SIZE = 12713115648
-- GPU Progressive lightmapper will use OpenCL device 'Apple M4' from 'Apple'--
   use -OpenCL-PlatformAndDeviceIndices <platformIdx> <deviceIdx> as command line arguments if you want to select a specific adapter for OpenCL.
Unloading 7 Unused Serialized files (Serialized files now loaded: 0)
Unloading 115 unused Assets / (0.7 MB). Loaded Objects now: 6787.
Memory consumption went from 172.8 MB to 172.1 MB.
Total: 5.137750 ms (FindLiveObjects: 0.238792 ms CreateObjectMapping: 0.099875 ms MarkObjects: 4.522708 ms  DeleteObjects: 0.275750 ms)

application path:/Applications/Unity/Hub/Editor/2022.3.62f2/Unity.app /Applications/Unity/Hub/Editor/2022.3.62f2/Unity.app/Contents
UnityEngine.StackTraceUtility:ExtractStackTrace () (at /Users/bokken/build/output/unity/unity/Runtime/Export/Scripting/StackTrace.cs:37)
UnityEngine.DebugLogHandler:LogFormat (UnityEngine.LogType,UnityEngine.Object,string,object[])
UnityEngine.Logger:Log (UnityEngine.LogType,object)
UnityEngine.Debug:Log (object)
HybridCLR.Editor.Installer.InstallerController:get_ApplicationIl2cppPath () (at /Users/ah/GitHub/hybridclr/hybridclr_unity/Editor/Installer/InstallerController.cs:191)
HybridCLR.Editor.Installer.InstallerController:InstallFromLocal (string) (at /Users/ah/GitHub/hybridclr/hybridclr_unity/Editor/Installer/InstallerController.cs:293)
HybridCLR.Editor.Installer.PinnedSourceInstaller:Install () (at /Users/ah/GitHub/hybridclr/hybridclr_unity/Editor/Installer/PinnedSourceInstaller.cs:146)
AssemblyShadowBaseline.Editor.BaselineBuild:Install () (at Assets/AssemblyShadowBaseline/Editor/BaselineBuild.cs:65)
AssemblyShadowBaseline.Editor.BaselineBuild:InstallRepeatability () (at Assets/AssemblyShadowBaseline/Editor/BaselineBuild.cs:72)

(Filename: /Users/ah/GitHub/hybridclr/hybridclr_unity/Editor/Installer/InstallerController.cs Line: 191)

[BashUtil] RemoveDir dir:/Users/ah/GitHub/hybridclr/hybridclr_demo_shadow/HybridCLRData/LocalIl2CppData-OSXEditor
UnityEngine.StackTraceUtility:ExtractStackTrace () (at /Users/bokken/build/output/unity/unity/Runtime/Export/Scripting/StackTrace.cs:37)
UnityEngine.DebugLogHandler:LogFormat (UnityEngine.LogType,UnityEngine.Object,string,object[])
UnityEngine.Logger:Log (UnityEngine.LogType,object)
UnityEngine.Debug:Log (object)
HybridCLR.Editor.Installer.BashUtil:RemoveDir (string,bool) (at /Users/ah/GitHub/hybridclr/hybridclr_unity/Editor/Installer/BashUtil.cs:93)
HybridCLR.Editor.Installer.BashUtil:RecreateDir (string) (at /Users/ah/GitHub/hybridclr/hybridclr_unity/Editor/Installer/BashUtil.cs:129)
HybridCLR.Editor.Installer.InstallerController:RunInitLocalIl2CppData (string,string,HybridCLR.Editor.Installer.InstallerController/UnityVersion) (at /Users/ah/GitHub/hybridclr/hybridclr_unity/Editor/Installer/InstallerController.cs:308)
HybridCLR.Editor.Installer.InstallerController:InstallFromLocal (string) (at /Users/ah/GitHub/hybridclr/hybridclr_unity/Editor/Installer/InstallerController.cs:293)
HybridCLR.Editor.Installer.PinnedSourceInstaller:Install () (at /Users/ah/GitHub/hybridclr/hybridclr_unity/Editor/Installer/PinnedSourceInstaller.cs:146)
AssemblyShadowBaseline.Editor.BaselineBuild:Install () (at Assets/AssemblyShadowBaseline/Editor/BaselineBuild.cs:65)
AssemblyShadowBaseline.Editor.BaselineBuild:InstallRepeatability () (at Assets/AssemblyShadowBaseline/Editor/BaselineBuild.cs:72)

(Filename: /Users/ah/GitHub/hybridclr/hybridclr_unity/Editor/Installer/BashUtil.cs Line: 93)

[BashUtil] CopyDir /Applications/Unity/Hub/Editor/2022.3.62f2/Unity.app/Contents/MonoBleedingEdge => /Users/ah/GitHub/hybridclr/hybridclr_demo_shadow/HybridCLRData/LocalIl2CppData-OSXEditor/MonoBleedingEdge
UnityEngine.StackTraceUtility:ExtractStackTrace () (at /Users/bokken/build/output/unity/unity/Runtime/Export/Scripting/StackTrace.cs:37)
UnityEngine.DebugLogHandler:LogFormat (UnityEngine.LogType,UnityEngine.Object,string,object[])
UnityEngine.Logger:Log (UnityEngine.LogType,object)
UnityEngine.Debug:Log (object)
HybridCLR.Editor.Installer.BashUtil:CopyDir (string,string,bool) (at /Users/ah/GitHub/hybridclr/hybridclr_unity/Editor/Installer/BashUtil.cs:137)
HybridCLR.Editor.Installer.InstallerController:RunInitLocalIl2CppData (string,string,HybridCLR.Editor.Installer.InstallerController/UnityVersion) (at /Users/ah/GitHub/hybridclr/hybridclr_unity/Editor/Installer/InstallerController.cs:311)
HybridCLR.Editor.Installer.InstallerController:InstallFromLocal (string) (at /Users/ah/GitHub/hybridclr/hybridclr_unity/Editor/Installer/InstallerController.cs:293)
HybridCLR.Editor.Installer.PinnedSourceInstaller:Install () (at /Users/ah/GitHub/hybridclr/hybridclr_unity/Editor/Installer/PinnedSourceInstaller.cs:146)
AssemblyShadowBaseline.Editor.BaselineBuild:Install () (at Assets/AssemblyShadowBaseline/Editor/BaselineBuild.cs:65)
AssemblyShadowBaseline.Editor.BaselineBuild:InstallRepeatability () (at Assets/AssemblyShadowBaseline/Editor/BaselineBuild.cs:72)

(Filename: /Users/ah/GitHub/hybridclr/hybridclr_unity/Editor/Installer/BashUtil.cs Line: 137)

[BashUtil] CopyDir /Applications/Unity/Hub/Editor/2022.3.62f2/Unity.app/Contents/il2cpp => /Users/ah/GitHub/hybridclr/hybridclr_demo_shadow/HybridCLRData/LocalIl2CppData-OSXEditor/il2cpp
UnityEngine.StackTraceUtility:ExtractStackTrace () (at /Users/bokken/build/output/unity/unity/Runtime/Export/Scripting/StackTrace.cs:37)
UnityEngine.DebugLogHandler:LogFormat (UnityEngine.LogType,UnityEngine.Object,string,object[])
UnityEngine.Logger:Log (UnityEngine.LogType,object)
UnityEngine.Debug:Log (object)
HybridCLR.Editor.Installer.BashUtil:CopyDir (string,string,bool) (at /Users/ah/GitHub/hybridclr/hybridclr_unity/Editor/Installer/BashUtil.cs:137)
HybridCLR.Editor.Installer.InstallerController:RunInitLocalIl2CppData (string,string,HybridCLR.Editor.Installer.InstallerController/UnityVersion) (at /Users/ah/GitHub/hybridclr/hybridclr_unity/Editor/Installer/InstallerController.cs:314)
HybridCLR.Editor.Installer.InstallerController:InstallFromLocal (string) (at /Users/ah/GitHub/hybridclr/hybridclr_unity/Editor/Installer/InstallerController.cs:293)
HybridCLR.Editor.Installer.PinnedSourceInstaller:Install () (at /Users/ah/GitHub/hybridclr/hybridclr_unity/Editor/Installer/PinnedSourceInstaller.cs:146)
AssemblyShadowBaseline.Editor.BaselineBuild:Install () (at Assets/AssemblyShadowBaseline/Editor/BaselineBuild.cs:65)
AssemblyShadowBaseline.Editor.BaselineBuild:InstallRepeatability () (at Assets/AssemblyShadowBaseline/Editor/BaselineBuild.cs:72)

(Filename: /Users/ah/GitHub/hybridclr/hybridclr_unity/Editor/Installer/BashUtil.cs Line: 137)

[BashUtil] CopyDir /Users/ah/GitHub/hybridclr/hybridclr_demo_shadow/HybridCLRData/PinnedSourceInstaller/libil2cpp => /Users/ah/GitHub/hybridclr/hybridclr_demo_shadow/HybridCLRData/LocalIl2CppData-OSXEditor/il2cpp/libil2cpp
UnityEngine.StackTraceUtility:ExtractStackTrace () (at /Users/bokken/build/output/unity/unity/Runtime/Export/Scripting/StackTrace.cs:37)
UnityEngine.DebugLogHandler:LogFormat (UnityEngine.LogType,UnityEngine.Object,string,object[])
UnityEngine.Logger:Log (UnityEngine.LogType,object)
UnityEngine.Debug:Log (object)
HybridCLR.Editor.Installer.BashUtil:CopyDir (string,string,bool) (at /Users/ah/GitHub/hybridclr/hybridclr_unity/Editor/Installer/BashUtil.cs:137)
HybridCLR.Editor.Installer.InstallerController:RunInitLocalIl2CppData (string,string,HybridCLR.Editor.Installer.InstallerController/UnityVersion) (at /Users/ah/GitHub/hybridclr/hybridclr_unity/Editor/Installer/InstallerController.cs:329)
HybridCLR.Editor.Installer.InstallerController:InstallFromLocal (string) (at /Users/ah/GitHub/hybridclr/hybridclr_unity/Editor/Installer/InstallerController.cs:293)
HybridCLR.Editor.Installer.PinnedSourceInstaller:Install () (at /Users/ah/GitHub/hybridclr/hybridclr_unity/Editor/Installer/PinnedSourceInstaller.cs:146)
AssemblyShadowBaseline.Editor.BaselineBuild:Install () (at Assets/AssemblyShadowBaseline/Editor/BaselineBuild.cs:65)
AssemblyShadowBaseline.Editor.BaselineBuild:InstallRepeatability () (at Assets/AssemblyShadowBaseline/Editor/BaselineBuild.cs:72)

(Filename: /Users/ah/GitHub/hybridclr/hybridclr_unity/Editor/Installer/BashUtil.cs Line: 137)

[BashUtil] RemoveDir dir:/Users/ah/GitHub/hybridclr/hybridclr_demo_shadow/Library/Il2cppBuildCache
UnityEngine.StackTraceUtility:ExtractStackTrace () (at /Users/bokken/build/output/unity/unity/Runtime/Export/Scripting/StackTrace.cs:37)
UnityEngine.DebugLogHandler:LogFormat (UnityEngine.LogType,UnityEngine.Object,string,object[])
UnityEngine.Logger:Log (UnityEngine.LogType,object)
UnityEngine.Debug:Log (object)
HybridCLR.Editor.Installer.BashUtil:RemoveDir (string,bool) (at /Users/ah/GitHub/hybridclr/hybridclr_unity/Editor/Installer/BashUtil.cs:93)
HybridCLR.Editor.Installer.InstallerController:RunInitLocalIl2CppData (string,string,HybridCLR.Editor.Installer.InstallerController/UnityVersion) (at /Users/ah/GitHub/hybridclr/hybridclr_unity/Editor/Installer/InstallerController.cs:332)
HybridCLR.Editor.Installer.InstallerController:InstallFromLocal (string) (at /Users/ah/GitHub/hybridclr/hybridclr_unity/Editor/Installer/InstallerController.cs:293)
HybridCLR.Editor.Installer.PinnedSourceInstaller:Install () (at /Users/ah/GitHub/hybridclr/hybridclr_unity/Editor/Installer/PinnedSourceInstaller.cs:146)
AssemblyShadowBaseline.Editor.BaselineBuild:Install () (at Assets/AssemblyShadowBaseline/Editor/BaselineBuild.cs:65)
AssemblyShadowBaseline.Editor.BaselineBuild:InstallRepeatability () (at Assets/AssemblyShadowBaseline/Editor/BaselineBuild.cs:72)

(Filename: /Users/ah/GitHub/hybridclr/hybridclr_unity/Editor/Installer/BashUtil.cs Line: 93)

Write installed version:'8.14.1' to /Users/ah/GitHub/hybridclr/hybridclr_demo_shadow/HybridCLRData/LocalIl2CppData-OSXEditor/il2cpp/libil2cpp/hybridclr/generated/libil2cpp-version.txt
UnityEngine.StackTraceUtility:ExtractStackTrace () (at /Users/bokken/build/output/unity/unity/Runtime/Export/Scripting/StackTrace.cs:37)
UnityEngine.DebugLogHandler:LogFormat (UnityEngine.LogType,UnityEngine.Object,string,object[])
UnityEngine.Logger:Log (UnityEngine.LogType,object)
UnityEngine.Debug:Log (object)
HybridCLR.Editor.Installer.InstallerController:WriteLocalVersion () (at /Users/ah/GitHub/hybridclr/hybridclr_unity/Editor/Installer/InstallerController.cs:224)
HybridCLR.Editor.Installer.InstallerController:RunInitLocalIl2CppData (string,string,HybridCLR.Editor.Installer.InstallerController/UnityVersion) (at /Users/ah/GitHub/hybridclr/hybridclr_unity/Editor/Installer/InstallerController.cs:350)
HybridCLR.Editor.Installer.InstallerController:InstallFromLocal (string) (at /Users/ah/GitHub/hybridclr/hybridclr_unity/Editor/Installer/InstallerController.cs:293)
HybridCLR.Editor.Installer.PinnedSourceInstaller:Install () (at /Users/ah/GitHub/hybridclr/hybridclr_unity/Editor/Installer/PinnedSourceInstaller.cs:146)
AssemblyShadowBaseline.Editor.BaselineBuild:Install () (at Assets/AssemblyShadowBaseline/Editor/BaselineBuild.cs:65)
AssemblyShadowBaseline.Editor.BaselineBuild:InstallRepeatability () (at Assets/AssemblyShadowBaseline/Editor/BaselineBuild.cs:72)

(Filename: /Users/ah/GitHub/hybridclr/hybridclr_unity/Editor/Installer/InstallerController.cs Line: 224)

Install Sucessfully
UnityEngine.StackTraceUtility:ExtractStackTrace () (at /Users/bokken/build/output/unity/unity/Runtime/Export/Scripting/StackTrace.cs:37)
UnityEngine.DebugLogHandler:LogFormat (UnityEngine.LogType,UnityEngine.Object,string,object[])
UnityEngine.Logger:Log (UnityEngine.LogType,object)
UnityEngine.Debug:Log (object)
HybridCLR.Editor.Installer.InstallerController:RunInitLocalIl2CppData (string,string,HybridCLR.Editor.Installer.InstallerController/UnityVersion) (at /Users/ah/GitHub/hybridclr/hybridclr_unity/Editor/Installer/InstallerController.cs:351)
HybridCLR.Editor.Installer.InstallerController:InstallFromLocal (string) (at /Users/ah/GitHub/hybridclr/hybridclr_unity/Editor/Installer/InstallerController.cs:293)
HybridCLR.Editor.Installer.PinnedSourceInstaller:Install () (at /Users/ah/GitHub/hybridclr/hybridclr_unity/Editor/Installer/PinnedSourceInstaller.cs:146)
AssemblyShadowBaseline.Editor.BaselineBuild:Install () (at Assets/AssemblyShadowBaseline/Editor/BaselineBuild.cs:65)
AssemblyShadowBaseline.Editor.BaselineBuild:InstallRepeatability () (at Assets/AssemblyShadowBaseline/Editor/BaselineBuild.cs:72)

(Filename: /Users/ah/GitHub/hybridclr/hybridclr_unity/Editor/Installer/InstallerController.cs Line: 351)

Pinned HybridCLR source installation succeeded at /Users/ah/GitHub/hybridclr/hybridclr_demo_shadow/HybridCLRData/LocalIl2CppData-OSXEditor/il2cpp/libil2cpp
UnityEngine.StackTraceUtility:ExtractStackTrace () (at /Users/bokken/build/output/unity/unity/Runtime/Export/Scripting/StackTrace.cs:37)
UnityEngine.DebugLogHandler:LogFormat (UnityEngine.LogType,UnityEngine.Object,string,object[])
UnityEngine.Logger:Log (UnityEngine.LogType,object)
UnityEngine.Debug:Log (object)
HybridCLR.Editor.Installer.PinnedSourceInstaller:Install () (at /Users/ah/GitHub/hybridclr/hybridclr_unity/Editor/Installer/PinnedSourceInstaller.cs:152)
AssemblyShadowBaseline.Editor.BaselineBuild:Install () (at Assets/AssemblyShadowBaseline/Editor/BaselineBuild.cs:65)
AssemblyShadowBaseline.Editor.BaselineBuild:InstallRepeatability () (at Assets/AssemblyShadowBaseline/Editor/BaselineBuild.cs:72)

(Filename: /Users/ah/GitHub/hybridclr/hybridclr_unity/Editor/Installer/PinnedSourceInstaller.cs Line: 152)

application path:/Applications/Unity/Hub/Editor/2022.3.62f2/Unity.app /Applications/Unity/Hub/Editor/2022.3.62f2/Unity.app/Contents
UnityEngine.StackTraceUtility:ExtractStackTrace () (at /Users/bokken/build/output/unity/unity/Runtime/Export/Scripting/StackTrace.cs:37)
UnityEngine.DebugLogHandler:LogFormat (UnityEngine.LogType,UnityEngine.Object,string,object[])
UnityEngine.Logger:Log (UnityEngine.LogType,object)
UnityEngine.Debug:Log (object)
HybridCLR.Editor.Installer.InstallerController:get_ApplicationIl2cppPath () (at /Users/ah/GitHub/hybridclr/hybridclr_unity/Editor/Installer/InstallerController.cs:191)
HybridCLR.Editor.Installer.InstallerController:InstallFromLocal (string) (at /Users/ah/GitHub/hybridclr/hybridclr_unity/Editor/Installer/InstallerController.cs:293)
HybridCLR.Editor.Installer.PinnedSourceInstaller:Install () (at /Users/ah/GitHub/hybridclr/hybridclr_unity/Editor/Installer/PinnedSourceInstaller.cs:146)
AssemblyShadowBaseline.Editor.BaselineBuild:Install () (at Assets/AssemblyShadowBaseline/Editor/BaselineBuild.cs:65)
AssemblyShadowBaseline.Editor.BaselineBuild:InstallRepeatability () (at Assets/AssemblyShadowBaseline/Editor/BaselineBuild.cs:74)

(Filename: /Users/ah/GitHub/hybridclr/hybridclr_unity/Editor/Installer/InstallerController.cs Line: 191)

[BashUtil] RemoveDir dir:/Users/ah/GitHub/hybridclr/hybridclr_demo_shadow/HybridCLRData/LocalIl2CppData-OSXEditor
UnityEngine.StackTraceUtility:ExtractStackTrace () (at /Users/bokken/build/output/unity/unity/Runtime/Export/Scripting/StackTrace.cs:37)
UnityEngine.DebugLogHandler:LogFormat (UnityEngine.LogType,UnityEngine.Object,string,object[])
UnityEngine.Logger:Log (UnityEngine.LogType,object)
UnityEngine.Debug:Log (object)
HybridCLR.Editor.Installer.BashUtil:RemoveDir (string,bool) (at /Users/ah/GitHub/hybridclr/hybridclr_unity/Editor/Installer/BashUtil.cs:93)
HybridCLR.Editor.Installer.BashUtil:RecreateDir (string) (at /Users/ah/GitHub/hybridclr/hybridclr_unity/Editor/Installer/BashUtil.cs:129)
HybridCLR.Editor.Installer.InstallerController:RunInitLocalIl2CppData (string,string,HybridCLR.Editor.Installer.InstallerController/UnityVersion) (at /Users/ah/GitHub/hybridclr/hybridclr_unity/Editor/Installer/InstallerController.cs:308)
HybridCLR.Editor.Installer.InstallerController:InstallFromLocal (string) (at /Users/ah/GitHub/hybridclr/hybridclr_unity/Editor/Installer/InstallerController.cs:293)
HybridCLR.Editor.Installer.PinnedSourceInstaller:Install () (at /Users/ah/GitHub/hybridclr/hybridclr_unity/Editor/Installer/PinnedSourceInstaller.cs:146)
AssemblyShadowBaseline.Editor.BaselineBuild:Install () (at Assets/AssemblyShadowBaseline/Editor/BaselineBuild.cs:65)
AssemblyShadowBaseline.Editor.BaselineBuild:InstallRepeatability () (at Assets/AssemblyShadowBaseline/Editor/BaselineBuild.cs:74)

(Filename: /Users/ah/GitHub/hybridclr/hybridclr_unity/Editor/Installer/BashUtil.cs Line: 93)

[BashUtil] CopyDir /Applications/Unity/Hub/Editor/2022.3.62f2/Unity.app/Contents/MonoBleedingEdge => /Users/ah/GitHub/hybridclr/hybridclr_demo_shadow/HybridCLRData/LocalIl2CppData-OSXEditor/MonoBleedingEdge
UnityEngine.StackTraceUtility:ExtractStackTrace () (at /Users/bokken/build/output/unity/unity/Runtime/Export/Scripting/StackTrace.cs:37)
UnityEngine.DebugLogHandler:LogFormat (UnityEngine.LogType,UnityEngine.Object,string,object[])
UnityEngine.Logger:Log (UnityEngine.LogType,object)
UnityEngine.Debug:Log (object)
HybridCLR.Editor.Installer.BashUtil:CopyDir (string,string,bool) (at /Users/ah/GitHub/hybridclr/hybridclr_unity/Editor/Installer/BashUtil.cs:137)
HybridCLR.Editor.Installer.InstallerController:RunInitLocalIl2CppData (string,string,HybridCLR.Editor.Installer.InstallerController/UnityVersion) (at /Users/ah/GitHub/hybridclr/hybridclr_unity/Editor/Installer/InstallerController.cs:311)
HybridCLR.Editor.Installer.InstallerController:InstallFromLocal (string) (at /Users/ah/GitHub/hybridclr/hybridclr_unity/Editor/Installer/InstallerController.cs:293)
HybridCLR.Editor.Installer.PinnedSourceInstaller:Install () (at /Users/ah/GitHub/hybridclr/hybridclr_unity/Editor/Installer/PinnedSourceInstaller.cs:146)
AssemblyShadowBaseline.Editor.BaselineBuild:Install () (at Assets/AssemblyShadowBaseline/Editor/BaselineBuild.cs:65)
AssemblyShadowBaseline.Editor.BaselineBuild:InstallRepeatability () (at Assets/AssemblyShadowBaseline/Editor/BaselineBuild.cs:74)

(Filename: /Users/ah/GitHub/hybridclr/hybridclr_unity/Editor/Installer/BashUtil.cs Line: 137)

[BashUtil] CopyDir /Applications/Unity/Hub/Editor/2022.3.62f2/Unity.app/Contents/il2cpp => /Users/ah/GitHub/hybridclr/hybridclr_demo_shadow/HybridCLRData/LocalIl2CppData-OSXEditor/il2cpp
UnityEngine.StackTraceUtility:ExtractStackTrace () (at /Users/bokken/build/output/unity/unity/Runtime/Export/Scripting/StackTrace.cs:37)
UnityEngine.DebugLogHandler:LogFormat (UnityEngine.LogType,UnityEngine.Object,string,object[])
UnityEngine.Logger:Log (UnityEngine.LogType,object)
UnityEngine.Debug:Log (object)
HybridCLR.Editor.Installer.BashUtil:CopyDir (string,string,bool) (at /Users/ah/GitHub/hybridclr/hybridclr_unity/Editor/Installer/BashUtil.cs:137)
HybridCLR.Editor.Installer.InstallerController:RunInitLocalIl2CppData (string,string,HybridCLR.Editor.Installer.InstallerController/UnityVersion) (at /Users/ah/GitHub/hybridclr/hybridclr_unity/Editor/Installer/InstallerController.cs:314)
HybridCLR.Editor.Installer.InstallerController:InstallFromLocal (string) (at /Users/ah/GitHub/hybridclr/hybridclr_unity/Editor/Installer/InstallerController.cs:293)
HybridCLR.Editor.Installer.PinnedSourceInstaller:Install () (at /Users/ah/GitHub/hybridclr/hybridclr_unity/Editor/Installer/PinnedSourceInstaller.cs:146)
AssemblyShadowBaseline.Editor.BaselineBuild:Install () (at Assets/AssemblyShadowBaseline/Editor/BaselineBuild.cs:65)
AssemblyShadowBaseline.Editor.BaselineBuild:InstallRepeatability () (at Assets/AssemblyShadowBaseline/Editor/BaselineBuild.cs:74)

(Filename: /Users/ah/GitHub/hybridclr/hybridclr_unity/Editor/Installer/BashUtil.cs Line: 137)

[BashUtil] CopyDir /Users/ah/GitHub/hybridclr/hybridclr_demo_shadow/HybridCLRData/PinnedSourceInstaller/libil2cpp => /Users/ah/GitHub/hybridclr/hybridclr_demo_shadow/HybridCLRData/LocalIl2CppData-OSXEditor/il2cpp/libil2cpp
UnityEngine.StackTraceUtility:ExtractStackTrace () (at /Users/bokken/build/output/unity/unity/Runtime/Export/Scripting/StackTrace.cs:37)
UnityEngine.DebugLogHandler:LogFormat (UnityEngine.LogType,UnityEngine.Object,string,object[])
UnityEngine.Logger:Log (UnityEngine.LogType,object)
UnityEngine.Debug:Log (object)
HybridCLR.Editor.Installer.BashUtil:CopyDir (string,string,bool) (at /Users/ah/GitHub/hybridclr/hybridclr_unity/Editor/Installer/BashUtil.cs:137)
HybridCLR.Editor.Installer.InstallerController:RunInitLocalIl2CppData (string,string,HybridCLR.Editor.Installer.InstallerController/UnityVersion) (at /Users/ah/GitHub/hybridclr/hybridclr_unity/Editor/Installer/InstallerController.cs:329)
HybridCLR.Editor.Installer.InstallerController:InstallFromLocal (string) (at /Users/ah/GitHub/hybridclr/hybridclr_unity/Editor/Installer/InstallerController.cs:293)
HybridCLR.Editor.Installer.PinnedSourceInstaller:Install () (at /Users/ah/GitHub/hybridclr/hybridclr_unity/Editor/Installer/PinnedSourceInstaller.cs:146)
AssemblyShadowBaseline.Editor.BaselineBuild:Install () (at Assets/AssemblyShadowBaseline/Editor/BaselineBuild.cs:65)
AssemblyShadowBaseline.Editor.BaselineBuild:InstallRepeatability () (at Assets/AssemblyShadowBaseline/Editor/BaselineBuild.cs:74)

(Filename: /Users/ah/GitHub/hybridclr/hybridclr_unity/Editor/Installer/BashUtil.cs Line: 137)

[BashUtil] RemoveDir dir:/Users/ah/GitHub/hybridclr/hybridclr_demo_shadow/Library/Il2cppBuildCache
UnityEngine.StackTraceUtility:ExtractStackTrace () (at /Users/bokken/build/output/unity/unity/Runtime/Export/Scripting/StackTrace.cs:37)
UnityEngine.DebugLogHandler:LogFormat (UnityEngine.LogType,UnityEngine.Object,string,object[])
UnityEngine.Logger:Log (UnityEngine.LogType,object)
UnityEngine.Debug:Log (object)
HybridCLR.Editor.Installer.BashUtil:RemoveDir (string,bool) (at /Users/ah/GitHub/hybridclr/hybridclr_unity/Editor/Installer/BashUtil.cs:93)
HybridCLR.Editor.Installer.InstallerController:RunInitLocalIl2CppData (string,string,HybridCLR.Editor.Installer.InstallerController/UnityVersion) (at /Users/ah/GitHub/hybridclr/hybridclr_unity/Editor/Installer/InstallerController.cs:332)
HybridCLR.Editor.Installer.InstallerController:InstallFromLocal (string) (at /Users/ah/GitHub/hybridclr/hybridclr_unity/Editor/Installer/InstallerController.cs:293)
HybridCLR.Editor.Installer.PinnedSourceInstaller:Install () (at /Users/ah/GitHub/hybridclr/hybridclr_unity/Editor/Installer/PinnedSourceInstaller.cs:146)
AssemblyShadowBaseline.Editor.BaselineBuild:Install () (at Assets/AssemblyShadowBaseline/Editor/BaselineBuild.cs:65)
AssemblyShadowBaseline.Editor.BaselineBuild:InstallRepeatability () (at Assets/AssemblyShadowBaseline/Editor/BaselineBuild.cs:74)

(Filename: /Users/ah/GitHub/hybridclr/hybridclr_unity/Editor/Installer/BashUtil.cs Line: 93)

Write installed version:'8.14.1' to /Users/ah/GitHub/hybridclr/hybridclr_demo_shadow/HybridCLRData/LocalIl2CppData-OSXEditor/il2cpp/libil2cpp/hybridclr/generated/libil2cpp-version.txt
UnityEngine.StackTraceUtility:ExtractStackTrace () (at /Users/bokken/build/output/unity/unity/Runtime/Export/Scripting/StackTrace.cs:37)
UnityEngine.DebugLogHandler:LogFormat (UnityEngine.LogType,UnityEngine.Object,string,object[])
UnityEngine.Logger:Log (UnityEngine.LogType,object)
UnityEngine.Debug:Log (object)
HybridCLR.Editor.Installer.InstallerController:WriteLocalVersion () (at /Users/ah/GitHub/hybridclr/hybridclr_unity/Editor/Installer/InstallerController.cs:224)
HybridCLR.Editor.Installer.InstallerController:RunInitLocalIl2CppData (string,string,HybridCLR.Editor.Installer.InstallerController/UnityVersion) (at /Users/ah/GitHub/hybridclr/hybridclr_unity/Editor/Installer/InstallerController.cs:350)
HybridCLR.Editor.Installer.InstallerController:InstallFromLocal (string) (at /Users/ah/GitHub/hybridclr/hybridclr_unity/Editor/Installer/InstallerController.cs:293)
HybridCLR.Editor.Installer.PinnedSourceInstaller:Install () (at /Users/ah/GitHub/hybridclr/hybridclr_unity/Editor/Installer/PinnedSourceInstaller.cs:146)
AssemblyShadowBaseline.Editor.BaselineBuild:Install () (at Assets/AssemblyShadowBaseline/Editor/BaselineBuild.cs:65)
AssemblyShadowBaseline.Editor.BaselineBuild:InstallRepeatability () (at Assets/AssemblyShadowBaseline/Editor/BaselineBuild.cs:74)

(Filename: /Users/ah/GitHub/hybridclr/hybridclr_unity/Editor/Installer/InstallerController.cs Line: 224)

Install Sucessfully
UnityEngine.StackTraceUtility:ExtractStackTrace () (at /Users/bokken/build/output/unity/unity/Runtime/Export/Scripting/StackTrace.cs:37)
UnityEngine.DebugLogHandler:LogFormat (UnityEngine.LogType,UnityEngine.Object,string,object[])
UnityEngine.Logger:Log (UnityEngine.LogType,object)
UnityEngine.Debug:Log (object)
HybridCLR.Editor.Installer.InstallerController:RunInitLocalIl2CppData (string,string,HybridCLR.Editor.Installer.InstallerController/UnityVersion) (at /Users/ah/GitHub/hybridclr/hybridclr_unity/Editor/Installer/InstallerController.cs:351)
HybridCLR.Editor.Installer.InstallerController:InstallFromLocal (string) (at /Users/ah/GitHub/hybridclr/hybridclr_unity/Editor/Installer/InstallerController.cs:293)
HybridCLR.Editor.Installer.PinnedSourceInstaller:Install () (at /Users/ah/GitHub/hybridclr/hybridclr_unity/Editor/Installer/PinnedSourceInstaller.cs:146)
AssemblyShadowBaseline.Editor.BaselineBuild:Install () (at Assets/AssemblyShadowBaseline/Editor/BaselineBuild.cs:65)
AssemblyShadowBaseline.Editor.BaselineBuild:InstallRepeatability () (at Assets/AssemblyShadowBaseline/Editor/BaselineBuild.cs:74)

(Filename: /Users/ah/GitHub/hybridclr/hybridclr_unity/Editor/Installer/InstallerController.cs Line: 351)

Pinned HybridCLR source installation succeeded at /Users/ah/GitHub/hybridclr/hybridclr_demo_shadow/HybridCLRData/LocalIl2CppData-OSXEditor/il2cpp/libil2cpp
UnityEngine.StackTraceUtility:ExtractStackTrace () (at /Users/bokken/build/output/unity/unity/Runtime/Export/Scripting/StackTrace.cs:37)
UnityEngine.DebugLogHandler:LogFormat (UnityEngine.LogType,UnityEngine.Object,string,object[])
UnityEngine.Logger:Log (UnityEngine.LogType,object)
UnityEngine.Debug:Log (object)
HybridCLR.Editor.Installer.PinnedSourceInstaller:Install () (at /Users/ah/GitHub/hybridclr/hybridclr_unity/Editor/Installer/PinnedSourceInstaller.cs:152)
AssemblyShadowBaseline.Editor.BaselineBuild:Install () (at Assets/AssemblyShadowBaseline/Editor/BaselineBuild.cs:65)
AssemblyShadowBaseline.Editor.BaselineBuild:InstallRepeatability () (at Assets/AssemblyShadowBaseline/Editor/BaselineBuild.cs:74)

(Filename: /Users/ah/GitHub/hybridclr/hybridclr_unity/Editor/Installer/PinnedSourceInstaller.cs Line: 152)

[AssemblyShadow M00] Repeated install receipts identical: f1b96d9bf841102cc97a91b263389a680e14551ddf712d4eda85a8318639d874
UnityEngine.StackTraceUtility:ExtractStackTrace () (at /Users/bokken/build/output/unity/unity/Runtime/Export/Scripting/StackTrace.cs:37)
UnityEngine.DebugLogHandler:LogFormat (UnityEngine.LogType,UnityEngine.Object,string,object[])
UnityEngine.Logger:Log (UnityEngine.LogType,object)
UnityEngine.Debug:Log (object)
AssemblyShadowBaseline.Editor.BaselineBuild:InstallRepeatability () (at Assets/AssemblyShadowBaseline/Editor/BaselineBuild.cs:86)

(Filename: Assets/AssemblyShadowBaseline/Editor/BaselineBuild.cs Line: 86)

Batchmode quit successfully invoked - shutting down!
Killing ADB server in 0.039286 seconds.
Thread 0x174003000 may have been prematurely finalized
[PhysX] Initialized MultithreadedTaskDispatcher with 10 workers.
Input System module state changed to: ShutdownInProgress.
Input System polling thread exited.
Input System module state changed to: Shutdown.
[Licensing::IpcConnector] LicenseClient-ah-notifications channel disconnected successfully.
[Licensing::IpcConnector] LicenseClient-ah channel disconnected successfully.
Thread 0x16ddaf000 may have been prematurely finalized
[40m[32minfo[39m[22m[49m: Microsoft.Hosting.Lifetime[0]
      Application is shutting down...
Cleanup mono
[40m[32minfo[39m[22m[49m: Unity.ILPP.Runner.PostProcessingAssemblyLoadContext[0]
      ALC ILPP context 1 is unloading
15:54:04.836 |V| RiderPlugin                    | :1                             | AppDomain.CurrentDomain.DomainUnload lifetimeDefinition.Terminate
debugger-agent: Unable to listen on 48
[usbmuxd] Stop listen thread
[usbmuxd] Error: 
[usbmuxd] Listen thread exiting
[Performance] Application.InitializeProject                                                                                        :        1 samples, Peak.  8.09 s (1.0x), Avg.  8.09 s, Total. 8.086 s (39.4%)
[Performance] Application.PackageManager.StartServer                                                                               :        1 samples, Peak.  13.3 ms (1.0x), Avg.  13.3 ms, Total. 13.32 ms (0.1%)
[Performance] Application.AcquireProjectLock                                                                                       :        1 samples, Peak.  7.02 ms (1.0x), Avg.  7.02 ms, Total. 7.020 ms (0.0%)
[Performance] Application.InitializeEngineNoGraphics                                                                               :        1 samples, Peak.  51.0 ms (1.0x), Avg.  51.0 ms, Total. 50.98 ms (0.2%)
[Performance] Application.PackageManager.Initialize                                                                                :        1 samples, Peak.   680 ms (1.0x), Avg.   680 ms, Total. 680.1 ms (3.3%)
[Performance] Connecting to Package Manager                                                                                        :       69 samples, Peak.  32.5 us (56.6x), Avg.   574 ns, Total. 39.62 us (0.0%)
[Performance] Application.EngineGraphics.Initialize                                                                                :        1 samples, Peak.  86.9 ms (1.0x), Avg.  86.9 ms, Total. 86.88 ms (0.4%)
[Performance] Application.GI.Initialize                                                                                            :        1 samples, Peak.   735 us (1.0x), Avg.   735 us, Total. 735.4 us (0.0%)
[Performance] Application.LoadAllDefaultResourcesFromEditor                                                                        :        1 samples, Peak.  1.68 ms (1.0x), Avg.  1.68 ms, Total. 1.676 ms (0.0%)
[Performance] Application.LoadMonoAssemblies                                                                                       :        1 samples, Peak.   788 ms (1.0x), Avg.   788 ms, Total. 787.5 ms (3.8%)
[Performance] RestoreManagedReferences                                                                                             :        2 samples, Peak.  77.5 ms (2.0x), Avg.  38.8 ms, Total. 77.54 ms (0.4%)
[Performance] InitializeOnLoad DrivenRectTransformUndo                                                                             :        2 samples, Peak.   366 us (1.0x), Avg.   355 us, Total. 709.0 us (0.0%)
[Performance] InitializeOnLoad SceneSearch                                                                                         :        2 samples, Peak.   107 us (1.2x), Avg.  91.0 us, Total. 182.0 us (0.0%)
[Performance] InitializeOnLoad CloudBuild                                                                                          :        2 samples, Peak.  4.17 us (1.3x), Avg.  3.15 us, Total. 6.291 us (0.0%)
[Performance] InitializeOnLoad NativeFormatImporterUtility                                                                         :        2 samples, Peak.  1.71 ms (1.1x), Avg.  1.52 ms, Total. 3.037 ms (0.0%)
[Performance] InitializeOnLoad SearchService                                                                                       :        2 samples, Peak.  91.0 us (1.1x), Avg.  85.1 us, Total. 170.2 us (0.0%)
[Performance] InitializeOnLoad SettingsService                                                                                     :        2 samples, Peak.  9.46 us (1.1x), Avg.  8.48 us, Total. 16.96 us (0.0%)
[Performance] InitializeOnLoad WindowLayout                                                                                        :        2 samples, Peak.   180 us (1.0x), Avg.   180 us, Total. 359.2 us (0.0%)
[Performance] InitializeOnLoad AssetStoreContext                                                                                   :        2 samples, Peak.  17.3 ms (1.7x), Avg.  9.99 ms, Total. 19.98 ms (0.1%)
[Performance] InitializeOnLoad PoolManager                                                                                         :        2 samples, Peak.   494 us (1.1x), Avg.   462 us, Total. 925.0 us (0.0%)
[Performance] InitializeOnLoad MixerEffectDefinitionReloader                                                                       :        2 samples, Peak.  2.40 ms (1.3x), Avg.  1.84 ms, Total. 3.678 ms (0.0%)
[Performance] InitializeOnLoad ProjectSearch                                                                                       :        2 samples, Peak.  47.0 us (1.1x), Avg.  41.5 us, Total. 83.08 us (0.0%)
[Performance] InitializeOnLoad UISystemProfilerRenderService                                                                       :        2 samples, Peak.  8.67 us (1.1x), Avg.  8.04 us, Total. 16.08 us (0.0%)
[Performance] InitializeOnLoad EditMode                                                                                            :        2 samples, Peak.   352 us (1.2x), Avg.   300 us, Total. 599.5 us (0.0%)
[Performance] InitializeOnLoad UnityConnect                                                                                        :        2 samples, Peak.  49.8 us (1.3x), Avg.  39.7 us, Total. 79.37 us (0.0%)
[Performance] InitializeOnLoad ManagedDebugger                                                                                     :        2 samples, Peak.   508 us (1.7x), Avg.   292 us, Total. 585.0 us (0.0%)
[Performance] InitializeOnLoad ShortcutIntegration                                                                                 :        2 samples, Peak.  45.6 us (1.1x), Avg.  40.5 us, Total. 81.04 us (0.0%)
[Performance] InitializeOnLoad AddComponentWindow                                                                                  :        2 samples, Peak.  94.7 us (1.1x), Avg.  84.5 us, Total. 168.9 us (0.0%)
[Performance] InitializeOnLoad ManagedDebuggerWindow                                                                               :        2 samples, Peak.  95.5 us (1.1x), Avg.  85.3 us, Total. 170.5 us (0.0%)
[Performance] InitializeOnLoad CacheServerWindow                                                                                   :        2 samples, Peak.  8.42 us (1.0x), Avg.  8.21 us, Total. 16.42 us (0.0%)
[Performance] InitializeOnLoad PlayModeDownload                                                                                    :        2 samples, Peak.  4.44 ms (2.0x), Avg.  2.26 ms, Total. 4.525 ms (0.0%)
[Performance] InitializeOnLoad MenuItems                                                                                           :        2 samples, Peak.  83.1 us (1.2x), Avg.  71.5 us, Total. 142.9 us (0.0%)
[Performance] InitializeOnLoad PrefabInstanceChangedListener                                                                       :        2 samples, Peak.   118 us (1.1x), Avg.   106 us, Total. 212.8 us (0.0%)
[Performance] InitializeOnLoad ObjectSelectorSearch                                                                                :        2 samples, Peak.  65.6 us (1.4x), Avg.  46.1 us, Total. 92.12 us (0.0%)
[Performance] InitializeOnLoad EditorMonitor                                                                                       :        2 samples, Peak.   596 us (1.2x), Avg.   493 us, Total. 985.5 us (0.0%)
[Performance] InitializeOnLoad RetainedMode                                                                                        :        2 samples, Peak.  1.88 ms (1.0x), Avg.  1.83 ms, Total. 3.651 ms (0.0%)
[Performance] InitializeOnLoad EditorShaderLoader                                                                                  :        2 samples, Peak.   572 us (1.2x), Avg.   483 us, Total. 966.2 us (0.0%)
[Performance] InitializeOnLoad EditorDelegateRegistration                                                                          :        2 samples, Peak.   472 us (1.1x), Avg.   425 us, Total. 849.5 us (0.0%)
[Performance] InitializeOnLoad UIDocumentHierarchyWatcher                                                                          :        2 samples, Peak.  49.1 us (1.0x), Avg.  47.5 us, Total. 94.96 us (0.0%)
[Performance] InitializeOnLoad LiveReloadTrackerCreator                                                                            :        2 samples, Peak.   162 us (1.2x), Avg.   137 us, Total. 274.8 us (0.0%)
[Performance] InitializeOnLoad UxmlObjectEditorFactories                                                                           :        2 samples, Peak.   430 us (1.1x), Avg.   389 us, Total. 778.4 us (0.0%)
[Performance] InitializeOnLoad UXMLEditorFactories                                                                                 :        2 samples, Peak.  47.2 ms (1.1x), Avg.  43.3 ms, Total. 86.53 ms (0.4%)
[Performance] InitializeOnLoad PurchasingService                                                                                   :        2 samples, Peak.  5.91 ms (1.1x), Avg.  5.55 ms, Total. 11.11 ms (0.1%)
[Performance] InitializeOnLoad CloudBuildPoller                                                                                    :        2 samples, Peak.  78.5 us (1.0x), Avg.  78.1 us, Total. 156.3 us (0.0%)
[Performance] InitializeOnLoad EditorGameServicesAnalytics                                                                         :        2 samples, Peak.  1.28 ms (1.6x), Avg.   806 us, Total. 1.612 ms (0.0%)
[Performance] InitializeOnLoad AnalyticsService                                                                                    :        2 samples, Peak.   137 us (1.0x), Avg.   133 us, Total. 265.1 us (0.0%)
[Performance] InitializeOnLoad BuildService                                                                                        :        2 samples, Peak.   120 us (1.0x), Avg.   119 us, Total. 237.5 us (0.0%)
[Performance] InitializeOnLoad AdsService                                                                                          :        2 samples, Peak.   287 us (1.0x), Avg.   287 us, Total. 574.6 us (0.0%)
[Performance] InitializeOnLoad UDPService                                                                                          :        2 samples, Peak.   112 us (1.0x), Avg.   110 us, Total. 219.3 us (0.0%)
[Performance] InitializeOnLoad CrashService                                                                                        :        2 samples, Peak.   111 us (1.0x), Avg.   111 us, Total. 222.5 us (0.0%)
[Performance] InitializeOnLoad ServicesRepository                                                                                  :        2 samples, Peak.  1.21 us (1.6x), Avg.   771 ns, Total. 1.542 us (0.0%)
[Performance] InitializeOnLoad SearchWindow                                                                                        :        2 samples, Peak.   105 us (1.2x), Avg.  91.4 us, Total. 182.8 us (0.0%)
[Performance] InitializeOnLoad CustomIndexers                                                                                      :        2 samples, Peak.  12.6 ms (1.1x), Avg.  11.0 ms, Total. 22.08 ms (0.1%)
[Performance] InitializeOnLoad SearchMonitor                                                                                       :        2 samples, Peak.  1.05 ms (1.3x), Avg.   829 us, Total. 1.658 ms (0.0%)
[Performance] InitializeOnLoad ParameterControllerEditor                                                                           :        2 samples, Peak.  22.5 us (1.2x), Avg.  18.5 us, Total. 37.00 us (0.0%)
[Performance] InitializeOnLoad LayerSettingsWindow                                                                                 :        2 samples, Peak.  20.3 us (1.7x), Avg.  11.8 us, Total. 23.67 us (0.0%)
[Performance] InitializeOnLoad PackageManagerHookGUIDConverter.RegisterPackagesEventHandler                                        :        2 samples, Peak.   601 us (1.7x), Avg.   349 us, Total. 697.1 us (0.0%)
[Performance] InitializeOnLoad EditorDragAndDrop.RegisterEditorClient                                                              :        2 samples, Peak.   218 us (1.2x), Avg.   185 us, Total. 369.1 us (0.0%)
[Performance] InitializeOnLoad EditorEventCallbacks.InitializeFontAssetResourceChangeCallBacks                                     :        2 samples, Peak.   901 us (1.0x), Avg.   876 us, Total. 1.752 ms (0.0%)
[Performance] InitializeOnLoad SceneTemplateService.Init                                                                           :        2 samples, Peak.  1.10 ms (1.1x), Avg.  1.02 ms, Total. 2.036 ms (0.0%)
[Performance] InitializeOnLoad DiagnosticSwitchesConsoleMessage.Init                                                               :        2 samples, Peak.  2.64 ms (1.8x), Avg.  1.48 ms, Total. 2.966 ms (0.0%)
[Performance] InitializeOnLoad PackageManagerWindow.EditorInitializedInSafeMode                                                    :        2 samples, Peak.  20.9 ms (2.0x), Avg.  10.5 ms, Total. 20.98 ms (0.1%)
[Performance] InitializeOnLoad ToolShortcutContext.Init                                                                            :        2 samples, Peak.  93.8 us (1.0x), Avg.  91.2 us, Total. 182.4 us (0.0%)
[Performance] InitializeOnLoad MemoryProfilerCompilationGuard.InjectCompileGuard                                                   :        2 samples, Peak.   128 us (1.5x), Avg.  82.9 us, Total. 165.8 us (0.0%)
[Performance] InitializeOnLoad AssetPostprocessingInternal.RefreshCustomDependencies                                               :        2 samples, Peak.  2.79 ms (1.4x), Avg.  2.02 ms, Total. 4.035 ms (0.0%)
[Performance] InitializeOnLoad SysrootManager.Initialize                                                                           :        2 samples, Peak.   362 us (1.0x), Avg.   353 us, Total. 706.6 us (0.0%)
[Performance] InitializeOnLoad ScopedRegistryAddedPopup.SubscribeToRegistriesAdded                                                 :        2 samples, Peak.  6.09 ms (2.0x), Avg.  3.08 ms, Total. 6.157 ms (0.0%)
[Performance] InitializeOnLoad SceneVisibilityManager.Initialize                                                                   :        2 samples, Peak.  2.30 ms (1.6x), Avg.  1.47 ms, Total. 2.930 ms (0.0%)
[Performance] InitializeOnLoad EditorWindow.Initialize                                                                             :        2 samples, Peak.   159 us (1.0x), Avg.   154 us, Total. 307.8 us (0.0%)
[Performance] AssemblyReloadEvents.afterAssemblyReload: UnityEditor.SceneTemplate.SceneTemplateService.AfterAssemblyReload         :        2 samples, Peak.   817 us (1.6x), Avg.   514 us, Total. 1.027 ms (0.0%)
[Performance] ProcessService.EditorAfterLoadAllAssemblies                                                                          :        2 samples, Peak.   252 us (1.1x), Avg.   221 us, Total. 441.0 us (0.0%)
[Performance] Application.ReadLicenseInfo                                                                                          :        1 samples, Peak.  12.0 ms (1.0x), Avg.  12.0 ms, Total. 11.99 ms (0.1%)
[Performance] Application.InitialRefresh                                                                                           :        1 samples, Peak.  5.58 s (1.0x), Avg.  5.58 s, Total. 5.575 s (27.2%)
[Performance] Compiling Scripts                                                                                                    :        1 samples, Peak.  1.20 s (1.0x), Avg.  1.20 s, Total. 1.196 s (5.8%)
[Performance] AssemblyReloadEvents.beforeAssemblyReload: UnityEditor.SceneTemplate.SceneTemplateService.BeforeAssemblyReload       :        1 samples, Peak.   359 us (1.0x), Avg.   359 us, Total. 359.4 us (0.0%)
[Performance] InitializeOnLoad BurstLoader                                                                                         :        1 samples, Peak.   248 ms (1.0x), Avg.   248 ms, Total. 248.4 ms (1.2%)
[Performance] InitializeOnLoad EditorToolManager                                                                                   :        2 samples, Peak.  2.00 ms (1.9x), Avg.  1.06 ms, Total. 2.130 ms (0.0%)
[Performance] InitializeOnLoad GetIl2CppFolderHook                                                                                 :        1 samples, Peak.  12.2 ms (1.0x), Avg.  12.2 ms, Total. 12.22 ms (0.1%)
[Performance] InitializeOnLoad CopyStrippedAOTAssembliesHook                                                                       :        1 samples, Peak.  1.44 ms (1.0x), Avg.  1.44 ms, Total. 1.444 ms (0.0%)
[Performance] InitializeOnLoad ShadowCasterGroup2DManager                                                                          :        1 samples, Peak.  55.4 us (1.0x), Avg.  55.4 us, Total. 55.38 us (0.0%)
[Performance] InitializeOnLoad ProbeGIBaking                                                                                       :        1 samples, Peak.  1.80 ms (1.0x), Avg.  1.80 ms, Total. 1.804 ms (0.0%)
[Performance] InitializeOnLoad FilterWindow                                                                                        :        1 samples, Peak.  34.8 us (1.0x), Avg.  34.8 us, Total. 34.83 us (0.0%)
[Performance] InitializeOnLoad RealtimeProbeSubdivisionDebug                                                                       :        1 samples, Peak.   124 us (1.0x), Avg.   124 us, Total. 123.9 us (0.0%)
[Performance] InitializeOnLoad NodeClassCache                                                                                      :        1 samples, Peak.  5.38 us (1.0x), Avg.  5.38 us, Total. 5.375 us (0.0%)
[Performance] InitializeOnLoad ShaderGraphMaterialsUpdater                                                                         :        2 samples, Peak.   258 us (1.7x), Avg.   152 us, Total. 303.0 us (0.0%)
[Performance] InitializeOnLoad Renderer2DAnalytics                                                                                 :        1 samples, Peak.  63.0 us (1.0x), Avg.  63.0 us, Total. 62.96 us (0.0%)
[Performance] InitializeOnLoad BackgroundWatcher                                                                                   :        1 samples, Peak.  83.0 us (1.0x), Avg.  83.0 us, Total. 83.00 us (0.0%)
[Performance] InitializeOnLoad UnityTestProtocolStarter                                                                            :        1 samples, Peak.   154 us (1.0x), Avg.   154 us, Total. 153.8 us (0.0%)
[Performance] InitializeOnLoad TestStarter                                                                                         :        1 samples, Peak.   486 us (1.0x), Avg.   486 us, Total. 485.8 us (0.0%)
[Performance] InitializeOnLoad RerunCallbackInitializer                                                                            :        1 samples, Peak.  1.82 ms (1.0x), Avg.  1.82 ms, Total. 1.825 ms (0.0%)
[Performance] InitializeOnLoad RiderScriptEditor                                                                                   :        1 samples, Peak.  51.3 ms (1.0x), Avg.  51.3 ms, Total. 51.32 ms (0.3%)
[Performance] InitializeOnLoad CallbackInitializer                                                                                 :        1 samples, Peak.   811 us (1.0x), Avg.   811 us, Total. 810.9 us (0.0%)
[Performance] InitializeOnLoad SpriteEditorWindow                                                                                  :        1 samples, Peak.   313 us (1.0x), Avg.   313 us, Total. 312.7 us (0.0%)
[Performance] InitializeOnLoad PlasticPlugin                                                                                       :        1 samples, Peak.  47.8 ms (1.0x), Avg.  47.8 ms, Total. 47.84 ms (0.2%)
[Performance] InitializeOnLoad ToolbarBootstrap                                                                                    :        1 samples, Peak.  39.8 ms (1.0x), Avg.  39.8 ms, Total. 39.80 ms (0.2%)
[Performance] InitializeOnLoad BackgroundImport                                                                                    :        1 samples, Peak.   127 us (1.0x), Avg.   127 us, Total. 126.9 us (0.0%)
[Performance] InitializeOnLoad McpEditorShutdownCleanup                                                                            :        1 samples, Peak.   557 us (1.0x), Avg.   557 us, Total. 557.5 us (0.0%)
[Performance] InitializeOnLoad ProjectAutoConnectMonitor                                                                           :        1 samples, Peak.  3.68 ms (1.0x), Avg.  3.68 ms, Total. 3.685 ms (0.0%)
[Performance] InitializeOnLoad EditorStateCache                                                                                    :        1 samples, Peak.  82.1 ms (1.0x), Avg.  82.1 ms, Total. 82.06 ms (0.4%)
[Performance] InitializeOnLoad StdioBridgeHost                                                                                     :        1 samples, Peak.   483 us (1.0x), Avg.   483 us, Total. 482.5 us (0.0%)
[Performance] InitializeOnLoad StdioBridgeReloadHandler                                                                            :        1 samples, Peak.   167 us (1.0x), Avg.   167 us, Total. 166.5 us (0.0%)
[Performance] InitializeOnLoad AssetGenJobManager                                                                                  :        1 samples, Peak.   564 us (1.0x), Avg.   564 us, Total. 564.2 us (0.0%)
[Performance] InitializeOnLoad LegacyServerSrcMigration                                                                            :        1 samples, Peak.  45.7 us (1.0x), Avg.  45.7 us, Total. 45.67 us (0.0%)
[Performance] InitializeOnLoad HttpAutoStartHandler                                                                                :        1 samples, Peak.  79.5 us (1.0x), Avg.  79.5 us, Total. 79.46 us (0.0%)
[Performance] InitializeOnLoad TransportCommandDispatcher                                                                          :        1 samples, Peak.   598 ms (1.0x), Avg.   598 ms, Total. 598.0 ms (2.9%)
[Performance] InitializeOnLoad PlayModeOptionsGuard                                                                                :        1 samples, Peak.   411 us (1.0x), Avg.   411 us, Total. 410.6 us (0.0%)
[Performance] InitializeOnLoad HttpBridgeReloadHandler                                                                             :        1 samples, Peak.   245 us (1.0x), Avg.   245 us, Total. 244.8 us (0.0%)
[Performance] InitializeOnLoad TestRunnerNoThrottle                                                                                :        1 samples, Peak.   497 us (1.0x), Avg.   497 us, Total. 497.5 us (0.0%)
[Performance] InitializeOnLoad StdIoVersionMigration                                                                               :        1 samples, Peak.  63.6 us (1.0x), Avg.  63.6 us, Total. 63.62 us (0.0%)
[Performance] InitializeOnLoad ProjectIdentityUtility                                                                              :        1 samples, Peak.   542 ns (1.0x), Avg.   542 ns, Total. 542.0 ns (0.0%)
[Performance] InitializeOnLoad SetupWindowService                                                                                  :        1 samples, Peak.  38.6 us (1.0x), Avg.  38.6 us, Total. 38.63 us (0.0%)
[Performance] InitializeOnLoad StartupConfigRewrite                                                                                :        1 samples, Peak.  72.3 us (1.0x), Avg.  72.3 us, Total. 72.33 us (0.0%)
[Performance] InitializeOnLoad VSUsageUtility                                                                                      :        1 samples, Peak.  9.20 ms (1.0x), Avg.  9.20 ms, Total. 9.205 ms (0.0%)
[Performance] InitializeOnLoad VisualStudioEditor                                                                                  :        1 samples, Peak.  4.61 ms (1.0x), Avg.  4.61 ms, Total. 4.607 ms (0.0%)
[Performance] InitializeOnLoad TestRunnerApiListener                                                                               :        1 samples, Peak.   317 us (1.0x), Avg.   317 us, Total. 317.3 us (0.0%)
[Performance] InitializeOnLoad VisualStudioIntegration                                                                             :        1 samples, Peak.   423 us (1.0x), Avg.   423 us, Total. 422.7 us (0.0%)
[Performance] InitializeOnLoad PrefabLayoutRebuilder                                                                               :        1 samples, Peak.   195 us (1.0x), Avg.   195 us, Total. 195.4 us (0.0%)
[Performance] InitializeOnLoad SpriteSkinCompositeStartup                                                                          :        1 samples, Peak.  9.67 ms (1.0x), Avg.  9.67 ms, Total. 9.674 ms (0.0%)
[Performance] InitializeOnLoad UnityAnalyticsStorage                                                                               :        1 samples, Peak.   302 us (1.0x), Avg.   302 us, Total. 302.3 us (0.0%)
[Performance] InitializeOnLoad BoneGizmoInitializer                                                                                :        1 samples, Peak.  2.20 ms (1.0x), Avg.  2.20 ms, Total. 2.205 ms (0.0%)
[Performance] InitializeOnLoad Analytics                                                                                           :        1 samples, Peak.   156 us (1.0x), Avg.   156 us, Total. 155.6 us (0.0%)
[Performance] InitializeOnLoad SceneDragAndDrop                                                                                    :        1 samples, Peak.   126 us (1.0x), Avg.   126 us, Total. 126.1 us (0.0%)
[Performance] InitializeOnLoad SpriteShapeUpdateCache                                                                              :        1 samples, Peak.   446 us (1.0x), Avg.   446 us, Total. 446.1 us (0.0%)
[Performance] InitializeOnLoad SpriteShapeUnityAnalyticsStorage                                                                    :        1 samples, Peak.  9.67 us (1.0x), Avg.  9.67 us, Total. 9.666 us (0.0%)
[Performance] InitializeOnLoad IKEditorManager.CreateInstance                                                                      :        1 samples, Peak.  1.05 ms (1.0x), Avg.  1.05 ms, Total. 1.054 ms (0.0%)
[Performance] InitializeOnLoad $BurstDirectCallInitializer.Initialize                                                              :        7 samples, Peak.  13.6 ms (4.0x), Avg.  3.42 ms, Total. 23.91 ms (0.1%)
[Performance] InitializeOnLoad SceneViewGridManager.Initialize                                                                     :        1 samples, Peak.  2.96 ms (1.0x), Avg.  2.96 ms, Total. 2.957 ms (0.0%)
[Performance] InitializeOnLoad TilemapPrefabStageHelper.Initialize                                                                 :        1 samples, Peak.   835 us (1.0x), Avg.   835 us, Total. 835.0 us (0.0%)
[Performance] InitializeOnLoad SceneViewOpenTilePaletteHelper.Initialize                                                           :        1 samples, Peak.   567 us (1.0x), Avg.   567 us, Total. 567.5 us (0.0%)
[Performance] InitializeOnLoad TileDragAndDropManager.Initialize                                                                   :        1 samples, Peak.   312 us (1.0x), Avg.   312 us, Total. 312.3 us (0.0%)
[Performance] InitializeOnLoad VisualStudioEditor.LegacyVisualStudioCodePackageDisabler                                            :        1 samples, Peak.   755 us (1.0x), Avg.   755 us, Total. 754.8 us (0.0%)
[Performance] InitializeOnLoad MaterialReimporter.RegisterUpgraderReimport                                                         :        2 samples, Peak.   189 us (1.8x), Avg.   106 us, Total. 212.5 us (0.0%)
[Performance] InitializeOnLoad UnityReflect.OnLoad                                                                                 :        1 samples, Peak.   433 us (1.0x), Avg.   433 us, Total. 432.6 us (0.0%)
[Performance] InitializeOnLoad GetMenuItems.BuildCache                                                                             :        1 samples, Peak.  8.65 ms (1.0x), Avg.  8.65 ms, Total. 8.652 ms (0.0%)
[Performance] InitializeOnLoad ExecuteCode.OnDomainReload                                                                          :        1 samples, Peak.   338 us (1.0x), Avg.   338 us, Total. 338.1 us (0.0%)
[Performance] InitializeOnLoad McpLogRecord.RefreshFromPrefs                                                                       :        1 samples, Peak.   114 us (1.0x), Avg.   114 us, Total. 114.3 us (0.0%)
[Performance] InitializeOnLoad BackgroundImport.Setup                                                                              :        1 samples, Peak.   734 us (1.0x), Avg.   734 us, Total. 733.6 us (0.0%)
[Performance] InitializeOnLoad TestJobDataHolder.ResumeRunningJobs                                                                 :        1 samples, Peak.   820 us (1.0x), Avg.   820 us, Total. 820.4 us (0.0%)
[Performance] InitializeOnLoad AnalyticsReporter.RegisterCallbacks                                                                 :        1 samples, Peak.   167 us (1.0x), Avg.   167 us, Total. 167.0 us (0.0%)
[Performance] InitializeOnLoad DebugManagerWindowLifetimeAnalytic.SubscribeToDebugManagerOpenCloseWindows                          :        1 samples, Peak.   433 us (1.0x), Avg.   433 us, Total. 433.4 us (0.0%)
[Performance] InitializeOnLoad CoreRenderPipelinePreferences.InitPreferenceProviders                                               :        1 samples, Peak.  11.0 ms (1.0x), Avg.  11.0 ms, Total. 11.02 ms (0.1%)
[Performance] InitializeOnLoad VolumeGizmoDrawer.InitVolumeGizmoCallbacks                                                          :        1 samples, Peak.   276 us (1.0x), Avg.   276 us, Total. 276.3 us (0.0%)
[Performance] DidReloadScriptsTestRunnerWindow.CompilationCallback                                                                 :        1 samples, Peak.   145 us (1.0x), Avg.   145 us, Total. 144.7 us (0.0%)
[Performance] DidReloadScriptsTestListCache.ScriptReloaded                                                                         :        1 samples, Peak.   886 us (1.0x), Avg.   886 us, Total. 885.5 us (0.0%)
[Performance] DidReloadScriptsLookDev.OnEditorReload                                                                               :        1 samples, Peak.   144 us (1.0x), Avg.   144 us, Total. 144.2 us (0.0%)
[Performance] DidReloadScriptsDebugWindow.OnEditorReload                                                                           :        1 samples, Peak.  6.77 ms (1.0x), Avg.  6.77 ms, Total. 6.772 ms (0.0%)
[Performance] DidReloadScriptsVolumeComponentEditor.OnEditorReload                                                                 :        1 samples, Peak.  8.44 ms (1.0x), Avg.  8.44 ms, Total. 8.442 ms (0.0%)
[Performance] DidReloadScriptsAdvancedDropdownWindow.OnScriptReload                                                                :        1 samples, Peak.   160 us (1.0x), Avg.   160 us, Total. 160.0 us (0.0%)
[Performance] AssemblyReloadEvents.afterAssemblyReload: callback in MCPForUnity.Editor.Services.EditorStateCache                   :        1 samples, Peak.   371 us (1.0x), Avg.   371 us, Total. 371.5 us (0.0%)
[Performance] AssemblyReloadEvents.afterAssemblyReload: MCPForUnity.Editor.Services.StdioBridgeReloadHandler.OnAfterAssemblyReload :        1 samples, Peak.   609 us (1.0x), Avg.   609 us, Total. 609.0 us (0.0%)
[Performance] AssemblyReloadEvents.afterAssemblyReload: MCPForUnity.Editor.Services.HttpBridgeReloadHandler.OnAfterAssemblyReload  :        1 samples, Peak.   103 us (1.0x), Avg.   103 us, Total. 102.8 us (0.0%)
[Performance] AssemblyReloadEvents.afterAssemblyReload: UnityEditor.U2D.Animation.BoneGizmo.OnAfterAssemblyReload                  :        1 samples, Peak.   633 us (1.0x), Avg.   633 us, Total. 633.3 us (0.0%)
[Performance] AssemblyReloadEvents.afterAssemblyReload: MCPForUnity.Editor.Tools.UnityReflect.InvalidateCache                      :        1 samples, Peak.   327 us (1.0x), Avg.   327 us, Total. 326.6 us (0.0%)
[Performance] UniversalRenderPipelineGlobalSettingsPostprocessor.OnPostprocessAllAssets                                            :        2 samples, Peak.  1.17 ms (1.0x), Avg.  1.12 ms, Total. 2.235 ms (0.0%)
[Performance] SyncVS.PostprocessSyncProject                                                                                        :        1 samples, Peak.  1.44 ms (1.0x), Avg.  1.44 ms, Total. 1.440 ms (0.0%)
[Performance] Application.ImportPackagesAndSetTemplateWhenCreatingProject                                                          :        1 samples, Peak.  24.7 ms (1.0x), Avg.  24.7 ms, Total. 24.66 ms (0.1%)
[Performance] Application.SyncCurrentColorSpace                                                                                    :        1 samples, Peak.   162 ms (1.0x), Avg.   162 ms, Total. 161.9 ms (0.8%)
[Performance] Application.OnUsbDevicesChanged                                                                                      :        1 samples, Peak.   368 us (1.0x), Avg.   368 us, Total. 368.4 us (0.0%)
[Performance] Application.AssetInstanceCacheUpdate                                                                                 :        1 samples, Peak.   250 ns (1.0x), Avg.   250 ns, Total. 250.0 ns (0.0%)
[Performance] Application.UnityExtensions.Initialize                                                                               :        1 samples, Peak.  7.59 ms (1.0x), Avg.  7.59 ms, Total. 7.591 ms (0.0%)
[Performance] CodeEditorProjectSync.SyncEditorProject                                                                              :        1 samples, Peak.   140 ms (1.0x), Avg.   140 ms, Total. 139.6 ms (0.7%)
[Performance] Application.ExecuteStartups                                                                                          :        1 samples, Peak.  48.0 ms (1.0x), Avg.  48.0 ms, Total. 48.00 ms (0.2%)
[Performance] Menu.RegisterMenuInterface                                                                                           :       26 samples, Peak.  1.21 us (5.8x), Avg.   208 ns, Total. 5.413 us (0.0%)
[Performance] Gizmo.RebuildRenderers                                                                                               :        1 samples, Peak.  45.6 ms (1.0x), Avg.  45.6 ms, Total. 45.61 ms (0.2%)
[Performance] Gizmo.AddGizmoRenderers                                                                                              :      128 samples, Peak.  1.54 ms (71.9x), Avg.  21.4 us, Total. 2.736 ms (0.0%)
[Performance] Application.editorInitializingProject                                                                                :        1 samples, Peak.  12.7 ms (1.0x), Avg.  12.7 ms, Total. 12.69 ms (0.1%)
[Performance] Application.InitializeMenu                                                                                           :        1 samples, Peak.  1.41 s (1.0x), Avg.  1.41 s, Total. 1.408 s (6.9%)
[Performance] Menu.RebuildAll                                                                                                      :        1 samples, Peak.  1.41 s (1.0x), Avg.  1.41 s, Total. 1.408 s (6.9%)
[Performance] Menu.BuildRegisteredMenuInterfaces                                                                                   :        1 samples, Peak.  1.40 s (1.0x), Avg.  1.40 s, Total. 1.402 s (6.8%)
[Performance] Menu.FilterMenuItem                                                                                                  :      748 samples, Peak.  68.8 ms (746.0x), Avg.  92.2 us, Total. 69.00 ms (0.3%)
[Performance] UpdateAllMenus                                                                                                       :        1 samples, Peak.   409 us (1.0x), Avg.   409 us, Total. 409.4 us (0.0%)
[Performance] EditorSceneManager.sceneClosing: UnityEditor.SceneVisibilityManager.EditorSceneManagerOnSceneClosing                 :        1 samples, Peak.   218 us (1.0x), Avg.   218 us, Total. 217.9 us (0.0%)
[Performance] GUIView.RepaintAll.PlayerLoopController                                                                              :        1 samples, Peak.   625 ns (1.0x), Avg.   625 ns, Total. 625.0 ns (0.0%)
[Performance] EditorSceneManager.newSceneCreated: UnityEditor.SceneTemplate.SceneTemplateService.OnNewSceneCreated                 :        1 samples, Peak.   183 us (1.0x), Avg.   183 us, Total. 182.8 us (0.0%)
[Performance] EditorSceneManager.newSceneCreated: UnityEditor.SceneVisibilityManager.EditorSceneManagerOnNewSceneCreated           :        1 samples, Peak.   121 us (1.0x), Avg.   121 us, Total. 120.8 us (0.0%)
[Performance] EditorSceneManager.newSceneCreated: UnityEditor.SceneManagement.StageNavigationManager.OnNewSceneCreated             :        1 samples, Peak.  37.9 us (1.0x), Avg.  37.9 us, Total. 37.87 us (0.0%)
[Performance] Application.InvokeFinishedLoadingProject                                                                             :        1 samples, Peak.  14.4 ms (1.0x), Avg.  14.4 ms, Total. 14.36 ms (0.1%)
[Performance] ProcessService.OnProjectLoaded                                                                                       :        1 samples, Peak.  40.3 us (1.0x), Avg.  40.3 us, Total. 40.33 us (0.0%)
[Performance] VersionControl.Task.Wait                                                                                             :        1 samples, Peak.  21.1 us (1.0x), Avg.  21.1 us, Total. 21.12 us (0.0%)
[Performance] EditorApplication.quitting: Unity.Burst.Editor.BurstLoader.OnEditorApplicationQuitting                               :        1 samples, Peak.  41.7 us (1.0x), Avg.  41.7 us, Total. 41.67 us (0.0%)
[Performance] EditorApplication.quitting: MCPForUnity.Editor.Services.McpEditorShutdownCleanup.OnEditorQuitting                    :        1 samples, Peak.   340 us (1.0x), Avg.   340 us, Total. 340.3 us (0.0%)
[Performance] EditorApplication.quitting: MCPForUnity.Editor.Services.StdioBridgeReloadHandler.CancelRetries                       :        1 samples, Peak.  55.1 us (1.0x), Avg.  55.1 us, Total. 55.12 us (0.0%)
[Performance] EditorApplication.quitting: UnityEditor.Tilemaps.SceneViewGridManager.EditorQuitting                                 :        1 samples, Peak.  79.5 us (1.0x), Avg.  79.5 us, Total. 79.46 us (0.0%)
[Performance] EditorApplication.quitting: callback in UnityEditor.TextCore.Text.EditorEventCallbacks                               :        1 samples, Peak.  10.9 ms (1.0x), Avg.  10.9 ms, Total. 10.85 ms (0.1%)
[Performance] Killing ADB server                                                                                                   :        1 samples, Peak.  39.9 ms (1.0x), Avg.  39.9 ms, Total. 39.92 ms (0.2%)
[Performance] Application.Shutdown.PauseProfilerSession                                                                            :        1 samples, Peak.  71.8 us (1.0x), Avg.  71.8 us, Total. 71.79 us (0.0%)
[Performance] Application.Shutdown.PauseAssetImportWorkers                                                                         :        1 samples, Peak.   426 us (1.0x), Avg.   426 us, Total. 425.8 us (0.0%)
[Performance] Application.Shutdown.SaveAssets                                                                                      :        1 samples, Peak.  10.8 ms (1.0x), Avg.  10.8 ms, Total. 10.78 ms (0.1%)
[Performance] PaletteAssetModificationProcessor.OnWillSaveAssets                                                                   :        1 samples, Peak.  1.80 ms (1.0x), Avg.  1.80 ms, Total. 1.803 ms (0.0%)
[Performance] StateMacroSavedEvent.OnWillSaveAssets                                                                                :        1 samples, Peak.   151 us (1.0x), Avg.   151 us, Total. 150.7 us (0.0%)
[Performance] FlowMacroSavedEvent.OnWillSaveAssets                                                                                 :        1 samples, Peak.  98.4 us (1.0x), Avg.  98.4 us, Total. 98.38 us (0.0%)
[Performance] AssetModificationProcessor.OnWillSaveAssets                                                                          :        1 samples, Peak.   231 us (1.0x), Avg.   231 us, Total. 231.1 us (0.0%)
[Performance] UnityCloudProjectLinkMonitor.OnWillSaveAssets                                                                        :        1 samples, Peak.   312 us (1.0x), Avg.   312 us, Total. 311.8 us (0.0%)
[Performance] BuilderAssetModificationProcessor.OnWillSaveAssets                                                                   :        1 samples, Peak.   370 us (1.0x), Avg.   370 us, Total. 369.9 us (0.0%)
[Performance] TerrainModificationProcessor.OnWillSaveAssets                                                                        :        1 samples, Peak.   497 us (1.0x), Avg.   497 us, Total. 497.3 us (0.0%)
[Performance] AssetDatabase.ImportAssets                                                                                           :        2 samples, Peak.   750 ns (1.9x), Avg.   396 ns, Total. 791.0 ns (0.0%)
[Performance] Application.Shutdown.CleanupRenderPipeline                                                                           :        1 samples, Peak.  4.00 us (1.0x), Avg.  4.00 us, Total. 4.000 us (0.0%)
[Performance] Application.Shutdown.StopPreloadManager                                                                              :        1 samples, Peak.  12.1 ms (1.0x), Avg.  12.1 ms, Total. 12.07 ms (0.1%)
[Performance] Application.Shutdown.DestroyWorld                                                                                    :        1 samples, Peak.  1.06 ms (1.0x), Avg.  1.06 ms, Total. 1.062 ms (0.0%)
[Performance] Application.Shutdown.CleanupAfterLoad                                                                                :        1 samples, Peak.  6.06 ms (1.0x), Avg.  6.06 ms, Total. 6.056 ms (0.0%)
[Performance] Application.Shutdown.Progress                                                                                        :        1 samples, Peak.  21.8 us (1.0x), Avg.  21.8 us, Total. 21.83 us (0.0%)
[Performance] Application.Shutdown.GICleanupManagers                                                                               :        1 samples, Peak.   776 us (1.0x), Avg.   776 us, Total. 776.3 us (0.0%)
[Performance] Application.Shutdown.MenuCleanupClass                                                                                :        1 samples, Peak.   202 us (1.0x), Avg.   202 us, Total. 202.3 us (0.0%)
[Performance] Application.Shutdown.ADBSaveStateBeforeShutdown                                                                      :        1 samples, Peak.  15.7 us (1.0x), Avg.  15.7 us, Total. 15.71 us (0.0%)
[Performance] Application.Shutdown.RemoteShutdown                                                                                  :        1 samples, Peak.  1.33 us (1.0x), Avg.  1.33 us, Total. 1.333 us (0.0%)
[Performance] Application.Shutdown.CleanupVCProvider                                                                               :        1 samples, Peak.  20.2 us (1.0x), Avg.  20.2 us, Total. 20.21 us (0.0%)
[Performance] Application.Shutdown.InputShutdown                                                                                   :        1 samples, Peak.   252 us (1.0x), Avg.   252 us, Total. 252.3 us (0.0%)
[Performance] Application.Shutdown.GizmoManagerDestroy                                                                             :        1 samples, Peak.   394 us (1.0x), Avg.   394 us, Total. 393.7 us (0.0%)
[Performance] Application.Shutdown.ProfilerSession                                                                                 :        1 samples, Peak.   148 us (1.0x), Avg.   148 us, Total. 148.4 us (0.0%)
[Performance] Application.Shutdown.ReleaseGfxWindowOnAllGUIViews                                                                   :        1 samples, Peak.  3.12 us (1.0x), Avg.  3.12 us, Total. 3.125 us (0.0%)
[Performance] Application.Shutdown.CleanupEngine                                                                                   :        1 samples, Peak.   137 ms (1.0x), Avg.   137 ms, Total. 137.2 ms (0.7%)
[Performance] Application.Shutdown.CleanupAssetDatabase                                                                            :        1 samples, Peak.  6.93 ms (1.0x), Avg.  6.93 ms, Total. 6.931 ms (0.0%)
[Performance] Application.Shutdown.ScriptCompilationCleanUp                                                                        :        1 samples, Peak.  16.9 us (1.0x), Avg.  16.9 us, Total. 16.92 us (0.0%)
[Performance] Application.Shutdown.DestroyJobSystem                                                                                :        1 samples, Peak.   244 us (1.0x), Avg.   244 us, Total. 244.0 us (0.0%)
[Performance] Application.Shutdown.CleanupPersistentManager                                                                        :        1 samples, Peak.  2.10 ms (1.0x), Avg.  2.10 ms, Total. 2.095 ms (0.0%)
[Performance] Application.Shutdown.CleanupAsyncReadManager                                                                         :        1 samples, Peak.   403 us (1.0x), Avg.   403 us, Total. 403.2 us (0.0%)
[Performance] Application.Shutdown.CleanupMono                                                                                     :        1 samples, Peak.  85.5 ms (1.0x), Avg.  85.5 ms, Total. 85.49 ms (0.4%)
[Performance] Application.Shutdown.CleanupStdConverters                                                                            :        1 samples, Peak.  12.2 us (1.0x), Avg.  12.2 us, Total. 12.17 us (0.0%)
[Performance] Application.Shutdown.UnloadAllPlatformSupportModuleNativeDlls                                                        :        1 samples, Peak.   541 ns (1.0x), Avg.   541 ns, Total. 541.0 ns (0.0%)
[Performance] Application.Shutdown.UnloadAllPlatformSupportNativeLibraries                                                         :        1 samples, Peak.  86.4 us (1.0x), Avg.  86.4 us, Total. 86.37 us (0.0%)
[Performance] Application.Shutdown.CleanupAutoDocumentation                                                                        :        1 samples, Peak.   127 us (1.0x), Avg.   127 us, Total. 126.5 us (0.0%)
[Performance] Application.Shutdown.ShaderNameManagerDestroy                                                                        :        1 samples, Peak.  34.8 us (1.0x), Avg.  34.8 us, Total. 34.79 us (0.0%)
[Performance] Application.Shutdown.CleanupCacheServer                                                                              :        1 samples, Peak.   125 ns (1.0x), Avg.   125 ns, Total. 125.0 ns (0.0%)
[Performance] Application.Shutdown.Virtualization_Shutdown                                                                         :        1 samples, Peak.   167 ns (1.0x), Avg.   167 ns, Total. 167.0 ns (0.0%)
[Performance] Application.Shutdown.DevConnections                                                                                  :        1 samples, Peak.  77.7 us (1.0x), Avg.  77.7 us, Total. 77.67 us (0.0%)
Exiting batchmode successfully now!
[Package Manager] Server::Kill -- Server was shutdown
